LINE_CODE,ON_STATION,OFF_STATION,UP_TIME,direction,on_name,off_name
57,1,25,2019-06-06 07:07:01,1,靛厂新村,安化楼
57,1,1,2019-06-06 07:07:01,1,靛厂新村,靛厂新村
57,1,1,2019-06-06 07:07:01,1,靛厂新村,靛厂新村
57,1,6,2019-06-06 07:07:01,1,靛厂新村,小井路口东
57,1,7,2019-06-06 07:07:01,1,靛厂新村,六里桥西
57,1,4,2019-06-06 07:07:01,1,靛厂新村,水衙沟路东口
57,1,6,2019-06-06 07:07:01,1,靛厂新村,小井路口东
57,1,9,2019-06-06 07:07:01,1,靛厂新村,莲花池
57,1,8,2019-06-06 07:07:01,1,靛厂新村,六里桥东
57,1,8,2019-06-06 07:07:01,1,靛厂新村,六里桥东
57,1,8,2019-06-06 07:07:01,1,靛厂新村,六里桥东
57,1,12,2019-06-06 07:08:01,1,靛厂新村,广安门内
57,1,6,2019-06-06 07:08:01,1,靛厂新村,小井路口东
57,2,9,2019-06-06 07:09:01,1,岳各庄东路北口,莲花池
57,2,6,2019-06-06 07:09:01,1,岳各庄东路北口,小井路口东
57,2,2,2019-06-06 07:09:01,1,岳各庄东路北口,岳各庄东路北口
57,2,7,2019-06-06 07:09:01,1,岳各庄东路北口,六里桥西
57,2,7,2019-06-06 07:09:01,1,岳各庄东路北口,六里桥西
57,2,6,2019-06-06 07:09:01,1,岳各庄东路北口,小井路口东
57,2,9,2019-06-06 07:09:01,1,岳各庄东路北口,莲花池
57,3,13,2019-06-06 07:11:01,1,靛厂村南站,牛街路口东
57,3,24,2019-06-06 07:11:01,1,靛厂村南站,培新街
57,3,12,2019-06-06 07:11:01,1,靛厂村南站,广安门内
57,3,12,2019-06-06 07:11:01,1,靛厂村南站,广安门内
57,3,16,2019-06-06 07:11:01,1,靛厂村南站,虎坊桥路口东
57,3,12,2019-06-06 07:11:01,1,靛厂村南站,广安门内
57,3,7,2019-06-06 07:11:01,1,靛厂村南站,六里桥西
57,3,6,2019-06-06 07:11:01,1,靛厂村南站,小井路口东
57,3,7,2019-06-06 07:11:01,1,靛厂村南站,六里桥西
57,3,12,2019-06-06 07:11:01,1,靛厂村南站,广安门内
57,4,28,2019-06-06 07:12:01,1,水衙沟路东口,垂杨柳
57,4,12,2019-06-06 07:12:01,1,水衙沟路东口,广安门内
57,4,23,2019-06-06 07:12:01,1,水衙沟路东口,榄杆市
57,4,12,2019-06-06 07:12:01,1,水衙沟路东口,广安门内
57,4,12,2019-06-06 07:12:01,1,水衙沟路东口,广安门内
57,4,12,2019-06-06 07:12:01,1,水衙沟路东口,广安门内
57,4,9,2019-06-06 07:12:01,1,水衙沟路东口,莲花池
57,4,7,2019-06-06 07:12:01,1,水衙沟路东口,六里桥西
57,4,6,2019-06-06 07:12:01,1,水衙沟路东口,小井路口东
57,4,4,2019-06-06 07:12:01,1,水衙沟路东口,水衙沟路东口
57,4,6,2019-06-06 07:12:01,1,水衙沟路东口,小井路口东
57,4,7,2019-06-06 07:12:01,1,水衙沟路东口,六里桥西
57,4,6,2019-06-06 07:12:01,1,水衙沟路东口,小井路口东
57,4,9,2019-06-06 07:12:01,1,水衙沟路东口,莲花池
57,4,7,2019-06-06 07:12:01,1,水衙沟路东口,六里桥西
57,4,8,2019-06-06 07:12:01,1,水衙沟路东口,六里桥东
57,5,12,2019-06-06 07:13:01,1,白塔村,广安门内
57,5,12,2019-06-06 07:13:01,1,白塔村,广安门内
57,6,20,2019-06-06 07:16:01,1,小井路口东,桥湾
57,6,19,2019-06-06 07:16:01,1,小井路口东,东城三里河
57,6,19,2019-06-06 07:16:01,1,小井路口东,东城三里河
57,6,18,2019-06-06 07:16:01,1,小井路口东,过街楼
57,6,24,2019-06-06 07:16:01,1,小井路口东,培新街
57,6,19,2019-06-06 07:16:01,1,小井路口东,东城三里河
57,6,12,2019-06-06 07:16:01,1,小井路口东,广安门内
57,6,6,2019-06-06 07:16:01,1,小井路口东,小井路口东
57,6,11,2019-06-06 07:16:01,1,小井路口东,达官营
57,7,24,2019-06-06 07:19:01,1,六里桥西,培新街
57,7,9,2019-06-06 07:19:01,1,六里桥西,莲花池
57,7,12,2019-06-06 07:19:01,1,六里桥西,广安门内
57,7,26,2019-06-06 07:19:01,1,六里桥西,广渠门内
57,7,7,2019-06-06 07:19:01,1,六里桥西,六里桥西
57,7,8,2019-06-06 07:19:01,1,六里桥西,六里桥东
57,7,8,2019-06-06 07:19:01,1,六里桥西,六里桥东
57,8,28,2019-06-06 07:28:01,1,六里桥东,垂杨柳
57,8,20,2019-06-06 07:28:01,1,六里桥东,桥湾
57,8,22,2019-06-06 07:28:01,1,六里桥东,磁器口西
57,8,17,2019-06-06 07:28:01,1,六里桥东,板章路
57,8,22,2019-06-06 07:28:01,1,六里桥东,磁器口西
57,8,12,2019-06-06 07:28:01,1,六里桥东,广安门内
57,8,19,2019-06-06 07:28:01,1,六里桥东,东城三里河
57,8,17,2019-06-06 07:28:01,1,六里桥东,板章路
57,8,20,2019-06-06 07:28:01,1,六里桥东,桥湾
57,8,18,2019-06-06 07:28:01,1,六里桥东,过街楼
57,8,14,2019-06-06 07:28:01,1,六里桥东,菜市口西
57,8,11,2019-06-06 07:28:01,1,六里桥东,达官营
57,8,11,2019-06-06 07:28:01,1,六里桥东,达官营
57,8,12,2019-06-06 07:28:01,1,六里桥东,广安门内
57,8,8,2019-06-06 07:28:01,1,六里桥东,六里桥东
57,8,27,2019-06-06 07:29:01,1,六里桥东,马圈
57,8,12,2019-06-06 07:29:01,1,六里桥东,广安门内
57,8,19,2019-06-06 07:29:01,1,六里桥东,东城三里河
57,8,20,2019-06-06 07:29:01,1,六里桥东,桥湾
57,8,12,2019-06-06 07:29:01,1,六里桥东,广安门内
57,8,15,2019-06-06 07:29:01,1,六里桥东,虎坊桥路口西
57,8,24,2019-06-06 07:29:01,1,六里桥东,培新街
57,8,17,2019-06-06 07:29:01,1,六里桥东,板章路
57,8,22,2019-06-06 07:29:01,1,六里桥东,磁器口西
57,8,19,2019-06-06 07:29:01,1,六里桥东,东城三里河
57,8,19,2019-06-06 07:29:01,1,六里桥东,东城三里河
57,8,12,2019-06-06 07:29:01,1,六里桥东,广安门内
57,8,16,2019-06-06 07:29:01,1,六里桥东,虎坊桥路口东
57,8,12,2019-06-06 07:29:01,1,六里桥东,广安门内
57,8,17,2019-06-06 07:29:01,1,六里桥东,板章路
57,8,12,2019-06-06 07:29:01,1,六里桥东,广安门内
57,8,14,2019-06-06 07:29:01,1,六里桥东,菜市口西
57,8,16,2019-06-06 07:29:01,1,六里桥东,虎坊桥路口东
57,8,11,2019-06-06 07:29:01,1,六里桥东,达官营
57,8,9,2019-06-06 07:29:01,1,六里桥东,莲花池
57,8,10,2019-06-06 07:29:01,1,六里桥东,湾子
57,8,12,2019-06-06 07:29:01,1,六里桥东,广安门内
57,8,9,2019-06-06 07:29:01,1,六里桥东,莲花池
57,8,8,2019-06-06 07:29:01,1,六里桥东,六里桥东
57,9,28,2019-06-06 07:39:01,1,莲花池,垂杨柳
57,9,12,2019-06-06 07:39:01,1,莲花池,广安门内
57,9,22,2019-06-06 07:39:01,1,莲花池,磁器口西
57,9,14,2019-06-06 07:39:01,1,莲花池,菜市口西
57,9,9,2019-06-06 07:39:01,1,莲花池,莲花池
57,9,12,2019-06-06 07:39:01,1,莲花池,广安门内
57,9,11,2019-06-06 07:39:01,1,莲花池,达官营
57,9,22,2019-06-06 07:41:01,1,莲花池,磁器口西
57,9,20,2019-06-06 07:41:01,1,莲花池,桥湾
57,9,12,2019-06-06 07:41:01,1,莲花池,广安门内
57,9,19,2019-06-06 07:41:01,1,莲花池,东城三里河
57,9,19,2019-06-06 07:41:01,1,莲花池,东城三里河
57,9,23,2019-06-06 07:41:01,1,莲花池,榄杆市
57,9,18,2019-06-06 07:41:01,1,莲花池,过街楼
57,9,22,2019-06-06 07:41:01,1,莲花池,磁器口西
57,9,19,2019-06-06 07:41:01,1,莲花池,东城三里河
57,9,19,2019-06-06 07:41:01,1,莲花池,东城三里河
57,9,12,2019-06-06 07:41:01,1,莲花池,广安门内
57,9,11,2019-06-06 07:41:01,1,莲花池,达官营
57,9,12,2019-06-06 07:41:01,1,莲花池,广安门内
57,9,15,2019-06-06 07:41:01,1,莲花池,虎坊桥路口西
57,9,24,2019-06-06 07:41:01,1,莲花池,培新街
57,9,12,2019-06-06 07:41:01,1,莲花池,广安门内
57,9,12,2019-06-06 07:41:01,1,莲花池,广安门内
57,9,12,2019-06-06 07:41:01,1,莲花池,广安门内
57,11,12,2019-06-06 07:43:01,1,达官营,广安门内
57,11,11,2019-06-06 07:43:01,1,达官营,达官营
57,11,28,2019-06-06 07:44:01,1,达官营,垂杨柳
57,12,12,2019-06-06 07:44:01,1,广安门内,广安门内
57,11,20,2019-06-06 07:44:01,1,达官营,桥湾
57,11,19,2019-06-06 07:44:01,1,达官营,东城三里河
57,11,15,2019-06-06 07:44:01,1,达官营,虎坊桥路口西
57,11,19,2019-06-06 07:44:01,1,达官营,东城三里河
57,11,13,2019-06-06 07:44:01,1,达官营,牛街路口东
57,12,22,2019-06-06 07:44:01,1,广安门内,磁器口西
57,11,19,2019-06-06 07:44:01,1,达官营,东城三里河
57,11,14,2019-06-06 07:44:01,1,达官营,菜市口西
57,11,15,2019-06-06 07:44:01,1,达官营,虎坊桥路口西
57,11,16,2019-06-06 07:44:01,1,达官营,虎坊桥路口东
57,11,12,2019-06-06 07:44:01,1,达官营,广安门内
57,11,16,2019-06-06 07:44:01,1,达官营,虎坊桥路口东
57,11,12,2019-06-06 07:44:01,1,达官营,广安门内
57,11,12,2019-06-06 07:44:01,1,达官营,广安门内
57,11,12,2019-06-06 07:44:01,1,达官营,广安门内
57,11,16,2019-06-06 07:44:01,1,达官营,虎坊桥路口东
57,11,12,2019-06-06 07:44:01,1,达官营,广安门内
57,11,16,2019-06-06 07:44:01,1,达官营,虎坊桥路口东
57,12,27,2019-06-06 07:47:01,1,广安门内,马圈
57,12,28,2019-06-06 07:47:01,1,广安门内,垂杨柳
57,12,19,2019-06-06 07:47:01,1,广安门内,东城三里河
57,12,26,2019-06-06 07:47:01,1,广安门内,广渠门内
57,12,25,2019-06-06 07:47:01,1,广安门内,安化楼
57,12,19,2019-06-06 07:48:01,1,广安门内,东城三里河
57,12,26,2019-06-06 07:48:01,1,广安门内,广渠门内
57,12,28,2019-06-06 07:51:01,1,广安门内,垂杨柳
57,12,23,2019-06-06 07:51:01,1,广安门内,榄杆市
57,12,16,2019-06-06 07:51:01,1,广安门内,虎坊桥路口东
57,12,18,2019-06-06 07:51:01,1,广安门内,过街楼
57,12,22,2019-06-06 07:51:01,1,广安门内,磁器口西
57,12,20,2019-06-06 07:51:01,1,广安门内,桥湾
57,12,12,2019-06-06 07:51:01,1,广安门内,广安门内
57,12,26,2019-06-06 07:51:01,1,广安门内,广渠门内
57,14,27,2019-06-06 07:53:01,1,菜市口西,马圈
57,14,27,2019-06-06 07:53:01,1,菜市口西,马圈
57,14,28,2019-06-06 07:53:01,1,菜市口西,垂杨柳
57,14,20,2019-06-06 07:53:01,1,菜市口西,桥湾
57,14,19,2019-06-06 07:53:01,1,菜市口西,东城三里河
57,14,20,2019-06-06 07:53:01,1,菜市口西,桥湾
57,14,22,2019-06-06 07:53:01,1,菜市口西,磁器口西
57,14,27,2019-06-06 07:53:01,1,菜市口西,马圈
57,14,26,2019-06-06 07:53:01,1,菜市口西,广渠门内
57,14,28,2019-06-06 07:54:01,1,菜市口西,垂杨柳
57,15,34,2019-06-06 07:55:01,1,虎坊桥路口西,四惠枢纽站
57,15,34,2019-06-06 07:55:01,1,虎坊桥路口西,四惠枢纽站
57,15,15,2019-06-06 07:55:01,1,虎坊桥路口西,虎坊桥路口西
57,15,26,2019-06-06 07:55:01,1,虎坊桥路口西,广渠门内
57,16,27,2019-06-06 07:56:01,1,虎坊桥路口东,马圈
57,16,27,2019-06-06 07:56:01,1,虎坊桥路口东,马圈
57,16,16,2019-06-06 07:56:01,1,虎坊桥路口东,虎坊桥路口东
57,16,26,2019-06-06 07:56:01,1,虎坊桥路口东,广渠门内
57,17,27,2019-06-06 07:57:01,1,板章路,马圈
57,17,23,2019-06-06 07:57:01,1,板章路,榄杆市
57,18,19,2019-06-06 08:01:01,1,过街楼,东城三里河
57,18,20,2019-06-06 08:01:01,1,过街楼,桥湾
57,18,34,2019-06-06 08:02:01,1,过街楼,四惠枢纽站
57,19,34,2019-06-06 08:05:01,1,东城三里河,四惠枢纽站
57,20,27,2019-06-06 08:06:01,1,桥湾,马圈
57,20,28,2019-06-06 08:06:01,1,桥湾,垂杨柳
57,20,28,2019-06-06 08:06:01,1,桥湾,垂杨柳
57,20,22,2019-06-06 08:06:01,1,桥湾,磁器口西
57,20,22,2019-06-06 08:06:01,1,桥湾,磁器口西
57,20,20,2019-06-06 08:06:01,1,桥湾,桥湾
57,20,20,2019-06-06 08:06:01,1,桥湾,桥湾
57,20,25,2019-06-06 08:06:01,1,桥湾,安化楼
57,20,24,2019-06-06 08:06:01,1,桥湾,培新街
57,20,24,2019-06-06 08:06:01,1,桥湾,培新街
57,20,24,2019-06-06 08:06:01,1,桥湾,培新街
57,20,26,2019-06-06 08:06:01,1,桥湾,广渠门内
57,22,28,2019-06-06 08:08:01,1,磁器口西,垂杨柳
57,22,22,2019-06-06 08:08:01,1,磁器口西,磁器口西
57,22,22,2019-06-06 08:08:01,1,磁器口西,磁器口西
57,22,22,2019-06-06 08:08:01,1,磁器口西,磁器口西
57,22,22,2019-06-06 08:08:01,1,磁器口西,磁器口西
57,22,25,2019-06-06 08:08:01,1,磁器口西,安化楼
57,22,34,2019-06-06 08:11:01,1,磁器口西,四惠枢纽站
57,22,34,2019-06-06 08:11:01,1,磁器口西,四惠枢纽站
57,22,27,2019-06-06 08:11:01,1,磁器口西,马圈
57,22,27,2019-06-06 08:11:01,1,磁器口西,马圈
57,22,27,2019-06-06 08:11:01,1,磁器口西,马圈
57,22,28,2019-06-06 08:11:01,1,磁器口西,垂杨柳
57,22,27,2019-06-06 08:11:01,1,磁器口西,马圈
57,22,27,2019-06-06 08:11:01,1,磁器口西,马圈
57,22,26,2019-06-06 08:11:01,1,磁器口西,广渠门内
57,22,27,2019-06-06 08:11:01,1,磁器口西,马圈
57,22,25,2019-06-06 08:11:01,1,磁器口西,安化楼
57,22,25,2019-06-06 08:11:01,1,磁器口西,安化楼
57,22,26,2019-06-06 08:11:01,1,磁器口西,广渠门内
57,22,34,2019-06-06 08:12:01,1,磁器口西,四惠枢纽站
57,22,26,2019-06-06 08:12:01,1,磁器口西,广渠门内
57,22,26,2019-06-06 08:12:01,1,磁器口西,广渠门内
57,22,26,2019-06-06 08:12:01,1,磁器口西,广渠门内
57,23,27,2019-06-06 08:13:01,1,榄杆市,马圈
57,23,27,2019-06-06 08:13:01,1,榄杆市,马圈
57,23,27,2019-06-06 08:13:01,1,榄杆市,马圈
57,23,27,2019-06-06 08:13:01,1,榄杆市,马圈
57,23,28,2019-06-06 08:13:01,1,榄杆市,垂杨柳
57,23,25,2019-06-06 08:13:01,1,榄杆市,安化楼
57,23,26,2019-06-06 08:13:01,1,榄杆市,广渠门内
57,24,28,2019-06-06 08:16:01,1,培新街,垂杨柳
57,24,27,2019-06-06 08:16:01,1,培新街,马圈
57,24,27,2019-06-06 08:16:01,1,培新街,马圈
57,24,27,2019-06-06 08:16:01,1,培新街,马圈
57,24,28,2019-06-06 08:16:01,1,培新街,垂杨柳
57,24,27,2019-06-06 08:16:01,1,培新街,马圈
57,24,27,2019-06-06 08:16:01,1,培新街,马圈
57,24,27,2019-06-06 08:16:01,1,培新街,马圈
57,24,28,2019-06-06 08:16:01,1,培新街,垂杨柳
57,24,27,2019-06-06 08:16:01,1,培新街,马圈
57,24,28,2019-06-06 08:16:01,1,培新街,垂杨柳
57,24,24,2019-06-06 08:16:01,1,培新街,培新街
57,24,27,2019-06-06 08:16:01,1,培新街,马圈
57,24,25,2019-06-06 08:16:01,1,培新街,安化楼
57,24,27,2019-06-06 08:18:01,1,培新街,马圈
57,24,34,2019-06-06 08:19:01,1,培新街,四惠枢纽站
57,25,28,2019-06-06 08:22:01,1,安化楼,垂杨柳
57,25,27,2019-06-06 08:22:01,1,安化楼,马圈
57,25,27,2019-06-06 08:22:01,1,安化楼,马圈
57,25,27,2019-06-06 08:22:01,1,安化楼,马圈
57,25,27,2019-06-06 08:22:01,1,安化楼,马圈
57,25,27,2019-06-06 08:22:01,1,安化楼,马圈
57,25,27,2019-06-06 08:22:01,1,安化楼,马圈
57,25,27,2019-06-06 08:22:01,1,安化楼,马圈
57,25,25,2019-06-06 08:22:01,1,安化楼,安化楼
57,25,26,2019-06-06 08:22:01,1,安化楼,广渠门内
57,25,26,2019-06-06 08:22:01,1,安化楼,广渠门内
57,25,26,2019-06-06 08:22:01,1,安化楼,广渠门内
57,25,26,2019-06-06 08:22:01,1,安化楼,广渠门内
57,25,34,2019-06-06 08:24:01,1,安化楼,四惠枢纽站
57,25,34,2019-06-06 08:24:01,1,安化楼,四惠枢纽站
57,25,27,2019-06-06 08:24:01,1,安化楼,马圈
57,25,27,2019-06-06 08:24:01,1,安化楼,马圈
57,25,27,2019-06-06 08:24:01,1,安化楼,马圈
57,25,28,2019-06-06 08:24:01,1,安化楼,垂杨柳
57,25,28,2019-06-06 08:24:01,1,安化楼,垂杨柳
57,25,26,2019-06-06 08:24:01,1,安化楼,广渠门内
57,25,25,2019-06-06 08:24:01,1,安化楼,安化楼
57,25,26,2019-06-06 08:24:01,1,安化楼,广渠门内
57,28,34,2019-06-06 08:40:01,1,垂杨柳,四惠枢纽站
57,28,34,2019-06-06 08:42:01,1,垂杨柳,四惠枢纽站
57,1,25,2019-06-06 07:52:01,1,靛厂新村,安化楼
57,1,22,2019-06-06 07:52:01,1,靛厂新村,磁器口西
57,1,26,2019-06-06 07:52:01,1,靛厂新村,广渠门内
57,1,12,2019-06-06 07:52:01,1,靛厂新村,广安门内
57,1,12,2019-06-06 07:52:01,1,靛厂新村,广安门内
57,1,15,2019-06-06 07:52:01,1,靛厂新村,虎坊桥路口西
57,1,15,2019-06-06 07:52:01,1,靛厂新村,虎坊桥路口西
57,1,7,2019-06-06 07:52:01,1,靛厂新村,六里桥西
57,1,8,2019-06-06 07:52:01,1,靛厂新村,六里桥东
57,1,28,2019-06-06 07:52:01,1,靛厂新村,垂杨柳
57,1,6,2019-06-06 07:52:01,1,靛厂新村,小井路口东
57,1,6,2019-06-06 07:52:01,1,靛厂新村,小井路口东
57,1,5,2019-06-06 07:52:01,1,靛厂新村,白塔村
57,1,1,2019-06-06 07:52:01,1,靛厂新村,靛厂新村
57,1,7,2019-06-06 07:52:01,1,靛厂新村,六里桥西
57,1,11,2019-06-06 07:52:01,1,靛厂新村,达官营
57,1,10,2019-06-06 07:52:01,1,靛厂新村,湾子
57,1,11,2019-06-06 07:52:01,1,靛厂新村,达官营
57,2,8,2019-06-06 07:54:01,1,岳各庄东路北口,六里桥东
57,2,8,2019-06-06 07:54:01,1,岳各庄东路北口,六里桥东
57,2,7,2019-06-06 07:54:01,1,岳各庄东路北口,六里桥西
57,2,8,2019-06-06 07:54:01,1,岳各庄东路北口,六里桥东
57,2,9,2019-06-06 07:54:01,1,岳各庄东路北口,莲花池
57,2,7,2019-06-06 07:54:01,1,岳各庄东路北口,六里桥西
57,2,7,2019-06-06 07:54:01,1,岳各庄东路北口,六里桥西
57,2,4,2019-06-06 07:54:01,1,岳各庄东路北口,水衙沟路东口
57,2,7,2019-06-06 07:54:01,1,岳各庄东路北口,六里桥西
57,2,7,2019-06-06 07:54:01,1,岳各庄东路北口,六里桥西
57,2,7,2019-06-06 07:54:01,1,岳各庄东路北口,六里桥西
57,2,5,2019-06-06 07:54:01,1,岳各庄东路北口,白塔村
57,3,12,2019-06-06 07:56:01,1,靛厂村南站,广安门内
57,4,13,2019-06-06 07:57:01,1,水衙沟路东口,牛街路口东
57,4,17,2019-06-06 07:57:01,1,水衙沟路东口,板章路
57,4,7,2019-06-06 07:57:01,1,水衙沟路东口,六里桥西
57,4,7,2019-06-06 07:57:01,1,水衙沟路东口,六里桥西
57,4,4,2019-06-06 07:57:01,1,水衙沟路东口,水衙沟路东口
57,4,11,2019-06-06 07:57:01,1,水衙沟路东口,达官营
57,5,8,2019-06-06 07:58:01,1,白塔村,六里桥东
57,5,8,2019-06-06 07:58:01,1,白塔村,六里桥东
57,5,6,2019-06-06 07:58:01,1,白塔村,小井路口东
57,7,7,2019-06-06 08:04:01,1,六里桥西,六里桥西
57,7,13,2019-06-06 08:06:01,1,六里桥西,牛街路口东
57,7,13,2019-06-06 08:06:01,1,六里桥西,牛街路口东
57,7,13,2019-06-06 08:06:01,1,六里桥西,牛街路口东
57,7,9,2019-06-06 08:06:01,1,六里桥西,莲花池
57,7,12,2019-06-06 08:06:01,1,六里桥西,广安门内
57,8,26,2019-06-06 08:13:01,1,六里桥东,广渠门内
57,8,25,2019-06-06 08:13:01,1,六里桥东,安化楼
57,8,12,2019-06-06 08:13:01,1,六里桥东,广安门内
57,10,20,2019-06-06 08:26:01,1,湾子,桥湾
57,10,15,2019-06-06 08:26:01,1,湾子,虎坊桥路口西
57,10,28,2019-06-06 08:26:01,1,湾子,垂杨柳
57,10,12,2019-06-06 08:26:01,1,湾子,广安门内
57,11,12,2019-06-06 08:28:01,1,达官营,广安门内
57,11,15,2019-06-06 08:28:01,1,达官营,虎坊桥路口西
57,12,16,2019-06-06 08:34:01,1,广安门内,虎坊桥路口东
57,12,29,2019-06-06 08:37:01,1,广安门内,双井桥北
57,16,29,2019-06-06 08:46:01,1,虎坊桥路口东,双井桥北
57,17,22,2019-06-06 08:47:01,1,板章路,磁器口西
57,23,30,2019-06-06 08:56:01,1,榄杆市,双花园
57,24,29,2019-06-06 08:59:01,1,培新街,双井桥北
57,24,29,2019-06-06 08:59:01,1,培新街,双井桥北
57,24,24,2019-06-06 08:59:01,1,培新街,培新街
57,25,29,2019-06-06 09:00:01,1,安化楼,双井桥北
57,25,27,2019-06-06 09:00:01,1,安化楼,马圈
57,27,29,2019-06-06 09:03:01,1,马圈,双井桥北
57,27,29,2019-06-06 09:03:01,1,马圈,双井桥北
57,28,30,2019-06-06 09:05:01,1,垂杨柳,双花园
57,29,30,2019-06-06 09:10:01,1,双井桥北,双花园
57,29,29,2019-06-06 09:17:01,1,双井桥北,双井桥北
57,1,15,2019-06-06 07:19:01,1,靛厂新村,虎坊桥路口西
57,1,11,2019-06-06 07:19:01,1,靛厂新村,达官营
57,1,12,2019-06-06 07:19:01,1,靛厂新村,广安门内
57,1,11,2019-06-06 07:19:01,1,靛厂新村,达官营
57,1,11,2019-06-06 07:19:01,1,靛厂新村,达官营
57,1,26,2019-06-06 07:19:01,1,靛厂新村,广渠门内
57,1,7,2019-06-06 07:19:01,1,靛厂新村,六里桥西
57,1,7,2019-06-06 07:19:01,1,靛厂新村,六里桥西
57,1,9,2019-06-06 07:19:01,1,靛厂新村,莲花池
57,1,10,2019-06-06 07:19:01,1,靛厂新村,湾子
57,1,6,2019-06-06 07:19:01,1,靛厂新村,小井路口东
57,1,7,2019-06-06 07:19:01,1,靛厂新村,六里桥西
57,1,14,2019-06-06 07:20:01,1,靛厂新村,菜市口西
57,2,13,2019-06-06 07:21:01,1,岳各庄东路北口,牛街路口东
57,2,13,2019-06-06 07:21:01,1,岳各庄东路北口,牛街路口东
57,2,8,2019-06-06 07:21:01,1,岳各庄东路北口,六里桥东
57,2,9,2019-06-06 07:21:01,1,岳各庄东路北口,莲花池
57,2,7,2019-06-06 07:21:01,1,岳各庄东路北口,六里桥西
57,2,8,2019-06-06 07:21:01,1,岳各庄东路北口,六里桥东
57,2,7,2019-06-06 07:21:01,1,岳各庄东路北口,六里桥西
57,2,7,2019-06-06 07:21:01,1,岳各庄东路北口,六里桥西
57,2,8,2019-06-06 07:21:01,1,岳各庄东路北口,六里桥东
57,2,8,2019-06-06 07:21:01,1,岳各庄东路北口,六里桥东
57,2,7,2019-06-06 07:21:01,1,岳各庄东路北口,六里桥西
57,2,7,2019-06-06 07:21:01,1,岳各庄东路北口,六里桥西
57,2,7,2019-06-06 07:21:01,1,岳各庄东路北口,六里桥西
57,2,7,2019-06-06 07:21:01,1,岳各庄东路北口,六里桥西
57,3,24,2019-06-06 07:23:01,1,靛厂村南站,培新街
57,3,3,2019-06-06 07:23:01,1,靛厂村南站,靛厂村南站
57,3,7,2019-06-06 07:23:01,1,靛厂村南站,六里桥西
57,4,16,2019-06-06 07:24:01,1,水衙沟路东口,虎坊桥路口东
57,4,14,2019-06-06 07:24:01,1,水衙沟路东口,菜市口西
57,4,14,2019-06-06 07:24:01,1,水衙沟路东口,菜市口西
57,4,32,2019-06-06 07:24:01,1,水衙沟路东口,大北窑东
57,4,12,2019-06-06 07:24:01,1,水衙沟路东口,广安门内
57,4,10,2019-06-06 07:24:01,1,水衙沟路东口,湾子
57,4,12,2019-06-06 07:24:01,1,水衙沟路东口,广安门内
57,4,13,2019-06-06 07:24:01,1,水衙沟路东口,牛街路口东
57,4,12,2019-06-06 07:24:01,1,水衙沟路东口,广安门内
57,4,9,2019-06-06 07:24:01,1,水衙沟路东口,莲花池
57,4,12,2019-06-06 07:24:01,1,水衙沟路东口,广安门内
57,4,6,2019-06-06 07:24:01,1,水衙沟路东口,小井路口东
57,4,4,2019-06-06 07:24:01,1,水衙沟路东口,水衙沟路东口
57,4,7,2019-06-06 07:24:01,1,水衙沟路东口,六里桥西
57,4,7,2019-06-06 07:24:01,1,水衙沟路东口,六里桥西
57,4,10,2019-06-06 07:24:01,1,水衙沟路东口,湾子
57,4,7,2019-06-06 07:24:01,1,水衙沟路东口,六里桥西
57,4,7,2019-06-06 07:24:01,1,水衙沟路东口,六里桥西
57,6,14,2019-06-06 07:29:01,1,小井路口东,菜市口西
57,6,23,2019-06-06 07:29:01,1,小井路口东,榄杆市
57,6,14,2019-06-06 07:29:01,1,小井路口东,菜市口西
57,6,32,2019-06-06 07:29:01,1,小井路口东,大北窑东
57,6,10,2019-06-06 07:29:01,1,小井路口东,湾子
57,6,10,2019-06-06 07:29:01,1,小井路口东,湾子
57,7,27,2019-06-06 07:32:01,1,六里桥西,马圈
57,7,15,2019-06-06 07:33:01,1,六里桥西,虎坊桥路口西
57,7,17,2019-06-06 07:33:01,1,六里桥西,板章路
57,7,9,2019-06-06 07:33:01,1,六里桥西,莲花池
57,7,8,2019-06-06 07:33:01,1,六里桥西,六里桥东
57,8,17,2019-06-06 07:37:01,1,六里桥东,板章路
57,8,21,2019-06-06 07:37:01,1,六里桥东,水道子
57,8,22,2019-06-06 07:37:01,1,六里桥东,磁器口西
57,8,24,2019-06-06 07:37:01,1,六里桥东,培新街
57,8,21,2019-06-06 07:37:01,1,六里桥东,水道子
57,8,13,2019-06-06 07:37:01,1,六里桥东,牛街路口东
57,8,22,2019-06-06 07:37:01,1,六里桥东,磁器口西
57,8,14,2019-06-06 07:37:01,1,六里桥东,菜市口西
57,8,14,2019-06-06 07:37:01,1,六里桥东,菜市口西
57,8,22,2019-06-06 07:37:01,1,六里桥东,磁器口西
57,8,32,2019-06-06 07:37:01,1,六里桥东,大北窑东
57,8,12,2019-06-06 07:37:01,1,六里桥东,广安门内
57,8,13,2019-06-06 07:37:01,1,六里桥东,牛街路口东
57,8,11,2019-06-06 07:37:01,1,六里桥东,达官营
57,8,14,2019-06-06 07:37:01,1,六里桥东,菜市口西
57,8,12,2019-06-06 07:37:01,1,六里桥东,广安门内
57,8,13,2019-06-06 07:37:01,1,六里桥东,牛街路口东
57,8,12,2019-06-06 07:37:01,1,六里桥东,广安门内
57,8,13,2019-06-06 07:37:01,1,六里桥东,牛街路口东
57,8,27,2019-06-06 07:37:01,1,六里桥东,马圈
57,8,27,2019-06-06 07:37:01,1,六里桥东,马圈
57,8,9,2019-06-06 07:37:01,1,六里桥东,莲花池
57,8,16,2019-06-06 07:38:01,1,六里桥东,虎坊桥路口东
57,9,21,2019-06-06 07:38:01,1,莲花池,水道子
57,8,9,2019-06-06 07:38:01,1,六里桥东,莲花池
57,8,14,2019-06-06 07:38:01,1,六里桥东,菜市口西
57,8,14,2019-06-06 07:38:01,1,六里桥东,菜市口西
57,8,13,2019-06-06 07:38:01,1,六里桥东,牛街路口东
57,8,11,2019-06-06 07:38:01,1,六里桥东,达官营
57,8,11,2019-06-06 07:38:01,1,六里桥东,达官营
57,8,13,2019-06-06 07:38:01,1,六里桥东,牛街路口东
57,8,13,2019-06-06 07:38:01,1,六里桥东,牛街路口东
57,8,11,2019-06-06 07:38:01,1,六里桥东,达官营
57,8,27,2019-06-06 07:38:01,1,六里桥东,马圈
57,9,11,2019-06-06 07:44:01,1,莲花池,达官营
57,9,11,2019-06-06 07:44:01,1,莲花池,达官营
57,10,11,2019-06-06 07:47:01,1,湾子,达官营
57,11,12,2019-06-06 07:49:01,1,达官营,广安门内
57,12,21,2019-06-06 07:55:01,1,广安门内,水道子
57,13,24,2019-06-06 08:00:01,1,牛街路口东,培新街
57,13,14,2019-06-06 08:00:01,1,牛街路口东,菜市口西
57,14,25,2019-06-06 08:02:01,1,菜市口西,安化楼
57,14,17,2019-06-06 08:02:01,1,菜市口西,板章路
57,14,20,2019-06-06 08:02:01,1,菜市口西,桥湾
57,14,24,2019-06-06 08:02:01,1,菜市口西,培新街
57,14,26,2019-06-06 08:02:01,1,菜市口西,广渠门内
57,14,32,2019-06-06 08:02:01,1,菜市口西,大北窑东
57,14,29,2019-06-06 08:02:01,1,菜市口西,双井桥北
57,15,29,2019-06-06 08:05:01,1,虎坊桥路口西,双井桥北
57,15,26,2019-06-06 08:05:01,1,虎坊桥路口西,广渠门内
57,16,29,2019-06-06 08:08:01,1,虎坊桥路口东,双井桥北
57,16,29,2019-06-06 08:08:01,1,虎坊桥路口东,双井桥北
57,16,26,2019-06-06 08:08:01,1,虎坊桥路口东,广渠门内
57,17,25,2019-06-06 08:09:01,1,板章路,安化楼
57,17,20,2019-06-06 08:10:01,1,板章路,桥湾
57,17,24,2019-06-06 08:10:01,1,板章路,培新街
57,17,26,2019-06-06 08:10:01,1,板章路,广渠门内
57,17,28,2019-06-06 08:10:01,1,板章路,垂杨柳
57,18,27,2019-06-06 08:11:01,1,过街楼,马圈
57,18,26,2019-06-06 08:11:01,1,过街楼,广渠门内
57,18,27,2019-06-06 08:11:01,1,过街楼,马圈
57,18,24,2019-06-06 08:12:01,1,过街楼,培新街
57,20,25,2019-06-06 08:13:01,1,桥湾,安化楼
57,22,24,2019-06-06 08:16:01,1,磁器口西,培新街
57,21,23,2019-06-06 08:16:01,1,水道子,榄杆市
57,21,25,2019-06-06 08:16:01,1,水道子,安化楼
57,22,32,2019-06-06 08:16:01,1,磁器口西,大北窑东
57,21,29,2019-06-06 08:16:01,1,水道子,双井桥北
57,22,27,2019-06-06 08:16:01,1,磁器口西,马圈
57,21,27,2019-06-06 08:16:01,1,水道子,马圈
57,23,33,2019-06-06 08:17:01,1,榄杆市,郎家园
57,23,25,2019-06-06 08:17:01,1,榄杆市,安化楼
57,23,26,2019-06-06 08:17:01,1,榄杆市,广渠门内
57,23,26,2019-06-06 08:17:01,1,榄杆市,广渠门内
57,23,25,2019-06-06 08:17:01,1,榄杆市,安化楼
57,24,29,2019-06-06 08:19:01,1,培新街,双井桥北
57,25,31,2019-06-06 08:20:01,1,安化楼,大北窑南
57,25,26,2019-06-06 08:20:01,1,安化楼,广渠门内
57,27,27,2019-06-06 08:22:01,1,马圈,马圈
57,27,27,2019-06-06 08:25:01,1,马圈,马圈
57,29,32,2019-06-06 08:31:01,1,双井桥北,大北窑东
57,29,32,2019-06-06 08:31:01,1,双井桥北,大北窑东
57,29,31,2019-06-06 08:31:01,1,双井桥北,大北窑南
57,30,33,2019-06-06 08:32:01,1,双花园,郎家园
57,31,33,2019-06-06 08:37:01,1,大北窑南,郎家园
57,31,33,2019-06-06 08:37:01,1,大北窑南,郎家园
57,31,32,2019-06-06 08:37:01,1,大北窑南,大北窑东
57,31,32,2019-06-06 08:37:01,1,大北窑南,大北窑东
57,31,32,2019-06-06 08:37:01,1,大北窑南,大北窑东
57,1,5,2019-06-06 07:31:01,1,靛厂新村,白塔村
57,1,7,2019-06-06 07:31:01,1,靛厂新村,六里桥西
57,1,5,2019-06-06 07:31:01,1,靛厂新村,白塔村
57,1,3,2019-06-06 07:31:01,1,靛厂新村,靛厂村南站
57,1,3,2019-06-06 07:31:01,1,靛厂新村,靛厂村南站
57,1,3,2019-06-06 07:32:01,1,靛厂新村,靛厂村南站
57,1,3,2019-06-06 07:32:01,1,靛厂新村,靛厂村南站
57,1,3,2019-06-06 07:32:01,1,靛厂新村,靛厂村南站
57,1,2,2019-06-06 07:32:01,1,靛厂新村,岳各庄东路北口
57,1,3,2019-06-06 07:32:01,1,靛厂新村,靛厂村南站
57,2,5,2019-06-06 07:35:01,1,岳各庄东路北口,白塔村
57,2,4,2019-06-06 07:35:01,1,岳各庄东路北口,水衙沟路东口
57,2,3,2019-06-06 07:35:01,1,岳各庄东路北口,靛厂村南站
57,2,5,2019-06-06 07:37:01,1,岳各庄东路北口,白塔村
57,2,5,2019-06-06 07:39:01,1,岳各庄东路北口,白塔村
57,2,10,2019-06-06 07:39:01,1,岳各庄东路北口,湾子
57,2,6,2019-06-06 07:39:01,1,岳各庄东路北口,小井路口东
57,2,6,2019-06-06 07:39:01,1,岳各庄东路北口,小井路口东
57,2,4,2019-06-06 07:40:01,1,岳各庄东路北口,水衙沟路东口
57,3,5,2019-06-06 07:43:01,1,靛厂村南站,白塔村
57,3,5,2019-06-06 07:43:01,1,靛厂村南站,白塔村
57,3,5,2019-06-06 07:43:01,1,靛厂村南站,白塔村
57,3,5,2019-06-06 07:43:01,1,靛厂村南站,白塔村
57,3,3,2019-06-06 07:43:01,1,靛厂村南站,靛厂村南站
57,4,5,2019-06-06 07:56:01,1,水衙沟路东口,白塔村
57,4,5,2019-06-06 07:56:01,1,水衙沟路东口,白塔村
57,4,5,2019-06-06 07:56:01,1,水衙沟路东口,白塔村
57,4,4,2019-06-06 07:56:01,1,水衙沟路东口,水衙沟路东口
57,4,9,2019-06-06 07:56:01,1,水衙沟路东口,莲花池
57,4,9,2019-06-06 07:56:01,1,水衙沟路东口,莲花池
57,4,8,2019-06-06 07:56:01,1,水衙沟路东口,六里桥东
57,4,7,2019-06-06 07:56:01,1,水衙沟路东口,六里桥西
57,4,7,2019-06-06 07:56:01,1,水衙沟路东口,六里桥西
57,4,7,2019-06-06 07:56:01,1,水衙沟路东口,六里桥西
57,4,8,2019-06-06 07:56:01,1,水衙沟路东口,六里桥东
57,4,8,2019-06-06 07:56:01,1,水衙沟路东口,六里桥东
57,4,8,2019-06-06 07:56:01,1,水衙沟路东口,六里桥东
57,4,6,2019-06-06 07:56:01,1,水衙沟路东口,小井路口东
57,4,8,2019-06-06 07:56:01,1,水衙沟路东口,六里桥东
57,4,10,2019-06-06 07:56:01,1,水衙沟路东口,湾子
57,4,11,2019-06-06 07:56:01,1,水衙沟路东口,达官营
57,4,12,2019-06-06 07:56:01,1,水衙沟路东口,广安门内
57,4,6,2019-06-06 07:56:01,1,水衙沟路东口,小井路口东
57,4,6,2019-06-06 07:56:01,1,水衙沟路东口,小井路口东
57,4,5,2019-06-06 07:56:01,1,水衙沟路东口,白塔村
57,4,6,2019-06-06 07:56:01,1,水衙沟路东口,小井路口东
57,4,6,2019-06-06 07:56:01,1,水衙沟路东口,小井路口东
57,4,6,2019-06-06 07:56:01,1,水衙沟路东口,小井路口东
57,4,12,2019-06-06 07:57:01,1,水衙沟路东口,广安门内
57,4,5,2019-06-06 07:57:01,1,水衙沟路东口,白塔村
57,4,5,2019-06-06 07:57:01,1,水衙沟路东口,白塔村
57,4,10,2019-06-06 07:57:01,1,水衙沟路东口,湾子
57,4,7,2019-06-06 07:57:01,1,水衙沟路东口,六里桥西
57,4,7,2019-06-06 07:57:01,1,水衙沟路东口,六里桥西
57,4,7,2019-06-06 07:57:01,1,水衙沟路东口,六里桥西
57,4,10,2019-06-06 07:57:01,1,水衙沟路东口,湾子
57,4,11,2019-06-06 07:57:01,1,水衙沟路东口,达官营
57,4,10,2019-06-06 07:57:01,1,水衙沟路东口,湾子
57,5,5,2019-06-06 08:06:01,1,白塔村,白塔村
57,5,5,2019-06-06 08:06:01,1,白塔村,白塔村
57,5,7,2019-06-06 08:06:01,1,白塔村,六里桥西
57,5,11,2019-06-06 08:06:01,1,白塔村,达官营
57,5,5,2019-06-06 08:08:01,1,白塔村,白塔村
57,5,5,2019-06-06 08:08:01,1,白塔村,白塔村
57,5,7,2019-06-06 08:08:01,1,白塔村,六里桥西
57,5,8,2019-06-06 08:08:01,1,白塔村,六里桥东
57,5,5,2019-06-06 08:11:01,1,白塔村,白塔村
57,5,5,2019-06-06 08:11:01,1,白塔村,白塔村
57,5,9,2019-06-06 08:11:01,1,白塔村,莲花池
57,5,9,2019-06-06 08:11:01,1,白塔村,莲花池
57,5,6,2019-06-06 08:11:01,1,白塔村,小井路口东
57,5,8,2019-06-06 08:11:01,1,白塔村,六里桥东
57,5,6,2019-06-06 08:11:01,1,白塔村,小井路口东
57,5,10,2019-06-06 08:11:01,1,白塔村,湾子
57,5,10,2019-06-06 08:11:01,1,白塔村,湾子
57,5,6,2019-06-06 08:11:01,1,白塔村,小井路口东
57,5,6,2019-06-06 08:11:01,1,白塔村,小井路口东
57,5,6,2019-06-06 08:11:01,1,白塔村,小井路口东
57,5,5,2019-06-06 08:11:01,1,白塔村,白塔村
57,5,5,2019-06-06 08:11:01,1,白塔村,白塔村
57,5,7,2019-06-06 08:18:01,1,白塔村,六里桥西
57,5,8,2019-06-06 08:18:01,1,白塔村,六里桥东
57,6,10,2019-06-06 08:20:01,1,小井路口东,湾子
57,6,8,2019-06-06 08:20:01,1,小井路口东,六里桥东
57,6,7,2019-06-06 08:20:01,1,小井路口东,六里桥西
57,6,6,2019-06-06 08:20:01,1,小井路口东,小井路口东
57,6,6,2019-06-06 08:20:01,1,小井路口东,小井路口东
57,6,8,2019-06-06 08:22:01,1,小井路口东,六里桥东
57,6,10,2019-06-06 08:22:01,1,小井路口东,湾子
57,6,11,2019-06-06 08:22:01,1,小井路口东,达官营
57,6,11,2019-06-06 08:22:01,1,小井路口东,达官营
57,6,6,2019-06-06 08:22:01,1,小井路口东,小井路口东
57,6,6,2019-06-06 08:22:01,1,小井路口东,小井路口东
57,6,8,2019-06-06 08:23:01,1,小井路口东,六里桥东
57,6,6,2019-06-06 08:23:01,1,小井路口东,小井路口东
57,6,7,2019-06-06 08:24:01,1,小井路口东,六里桥西
57,6,7,2019-06-06 08:24:01,1,小井路口东,六里桥西
57,14,8,2019-06-06 08:25:01,1,菜市口西,六里桥东
57,6,7,2019-06-06 08:28:01,1,小井路口东,六里桥西
57,7,12,2019-06-06 08:35:01,1,六里桥西,广安门内
57,8,9,2019-06-06 08:39:01,1,六里桥东,莲花池
57,8,9,2019-06-06 08:41:01,1,六里桥东,莲花池
57,8,9,2019-06-06 08:41:01,1,六里桥东,莲花池
57,8,11,2019-06-06 08:42:01,1,六里桥东,达官营
57,8,10,2019-06-06 08:43:01,1,六里桥东,湾子
57,8,8,2019-06-06 08:43:01,1,六里桥东,六里桥东
57,8,9,2019-06-06 08:43:01,1,六里桥东,莲花池
57,8,11,2019-06-06 08:43:01,1,六里桥东,达官营
57,8,9,2019-06-06 08:45:01,1,六里桥东,莲花池
57,8,10,2019-06-06 08:45:01,1,六里桥东,湾子
57,8,10,2019-06-06 08:45:01,1,六里桥东,湾子
57,9,9,2019-06-06 08:47:01,1,莲花池,莲花池
57,9,11,2019-06-06 08:47:01,1,莲花池,达官营
57,9,11,2019-06-06 08:47:01,1,莲花池,达官营
57,9,12,2019-06-06 08:54:01,1,莲花池,广安门内
57,9,9,2019-06-06 08:54:01,1,莲花池,莲花池
57,9,9,2019-06-06 08:54:01,1,莲花池,莲花池
57,10,12,2019-06-06 09:02:01,1,湾子,广安门内
57,10,12,2019-06-06 09:02:01,1,湾子,广安门内
57,10,12,2019-06-06 09:02:01,1,湾子,广安门内
57,10,12,2019-06-06 09:02:01,1,湾子,广安门内
57,10,10,2019-06-06 09:02:01,1,湾子,湾子
57,10,11,2019-06-06 09:02:01,1,湾子,达官营
57,10,11,2019-06-06 09:02:01,1,湾子,达官营
57,10,12,2019-06-06 09:02:01,1,湾子,广安门内
57,10,12,2019-06-06 09:02:01,1,湾子,广安门内
57,10,11,2019-06-06 09:02:01,1,湾子,达官营
57,11,12,2019-06-06 09:05:01,1,达官营,广安门内
57,11,12,2019-06-06 09:05:01,1,达官营,广安门内
57,11,12,2019-06-06 09:05:01,1,达官营,广安门内
57,12,12,2019-06-06 09:06:01,1,广安门内,广安门内
57,12,12,2019-06-06 09:06:01,1,广安门内,广安门内
57,12,12,2019-06-06 09:06:01,1,广安门内,广安门内
57,1,28,2019-06-06 06:52:01,1,靛厂新村,垂杨柳
57,1,12,2019-06-06 06:52:01,1,靛厂新村,广安门内
57,1,12,2019-06-06 06:52:01,1,靛厂新村,广安门内
57,1,12,2019-06-06 06:52:01,1,靛厂新村,广安门内
57,1,6,2019-06-06 06:52:01,1,靛厂新村,小井路口东
57,1,4,2019-06-06 06:52:01,1,靛厂新村,水衙沟路东口
57,2,10,2019-06-06 06:53:01,1,岳各庄东路北口,湾子
57,2,15,2019-06-06 06:53:01,1,岳各庄东路北口,虎坊桥路口西
57,2,6,2019-06-06 06:53:01,1,岳各庄东路北口,小井路口东
57,3,11,2019-06-06 06:54:01,1,靛厂村南站,达官营
57,3,6,2019-06-06 06:54:01,1,靛厂村南站,小井路口东
57,3,7,2019-06-06 06:54:01,1,靛厂村南站,六里桥西
57,4,12,2019-06-06 06:55:01,1,水衙沟路东口,广安门内
57,4,8,2019-06-06 06:55:01,1,水衙沟路东口,六里桥东
57,4,8,2019-06-06 06:55:01,1,水衙沟路东口,六里桥东
57,4,7,2019-06-06 06:55:01,1,水衙沟路东口,六里桥西
57,5,8,2019-06-06 06:56:01,1,白塔村,六里桥东
57,6,8,2019-06-06 06:57:01,1,小井路口东,六里桥东
57,6,8,2019-06-06 06:57:01,1,小井路口东,六里桥东
57,6,9,2019-06-06 06:57:01,1,小井路口东,莲花池
57,7,10,2019-06-06 06:59:01,1,六里桥西,湾子
57,7,8,2019-06-06 06:59:01,1,六里桥西,六里桥东
57,8,22,2019-06-06 07:04:01,1,六里桥东,磁器口西
57,8,21,2019-06-06 07:04:01,1,六里桥东,水道子
57,8,28,2019-06-06 07:05:01,1,六里桥东,垂杨柳
57,8,28,2019-06-06 07:05:01,1,六里桥东,垂杨柳
57,8,24,2019-06-06 07:05:01,1,六里桥东,培新街
57,8,23,2019-06-06 07:05:01,1,六里桥东,榄杆市
57,8,25,2019-06-06 07:05:01,1,六里桥东,安化楼
57,8,16,2019-06-06 07:05:01,1,六里桥东,虎坊桥路口东
57,8,21,2019-06-06 07:05:01,1,六里桥东,水道子
57,8,17,2019-06-06 07:05:01,1,六里桥东,板章路
57,8,16,2019-06-06 07:05:01,1,六里桥东,虎坊桥路口东
57,9,13,2019-06-06 07:05:01,1,莲花池,牛街路口东
57,8,13,2019-06-06 07:05:01,1,六里桥东,牛街路口东
57,8,16,2019-06-06 07:05:01,1,六里桥东,虎坊桥路口东
57,9,32,2019-06-06 07:10:01,1,莲花池,大北窑东
57,9,12,2019-06-06 07:10:01,1,莲花池,广安门内
57,9,22,2019-06-06 07:10:01,1,莲花池,磁器口西
57,9,16,2019-06-06 07:10:01,1,莲花池,虎坊桥路口东
57,10,26,2019-06-06 07:14:01,1,湾子,广渠门内
57,11,29,2019-06-06 07:16:01,1,达官营,双井桥北
57,11,29,2019-06-06 07:16:01,1,达官营,双井桥北
57,11,28,2019-06-06 07:16:01,1,达官营,垂杨柳
57,11,30,2019-06-06 07:16:01,1,达官营,双花园
57,11,29,2019-06-06 07:16:01,1,达官营,双井桥北
57,11,12,2019-06-06 07:16:01,1,达官营,广安门内
57,11,12,2019-06-06 07:16:01,1,达官营,广安门内
57,11,11,2019-06-06 07:16:01,1,达官营,达官营
57,11,12,2019-06-06 07:16:01,1,达官营,广安门内
57,11,12,2019-06-06 07:16:01,1,达官营,广安门内
57,11,12,2019-06-06 07:16:01,1,达官营,广安门内
57,11,17,2019-06-06 07:16:01,1,达官营,板章路
57,11,21,2019-06-06 07:16:01,1,达官营,水道子
57,12,34,2019-06-06 07:20:01,1,广安门内,四惠枢纽站
57,12,34,2019-06-06 07:20:01,1,广安门内,四惠枢纽站
57,13,34,2019-06-06 07:23:01,1,牛街路口东,四惠枢纽站
57,13,16,2019-06-06 07:23:01,1,牛街路口东,虎坊桥路口东
57,13,19,2019-06-06 07:23:01,1,牛街路口东,东城三里河
57,14,32,2019-06-06 07:25:01,1,菜市口西,大北窑东
57,14,33,2019-06-06 07:25:01,1,菜市口西,郎家园
57,14,28,2019-06-06 07:25:01,1,菜市口西,垂杨柳
57,14,22,2019-06-06 07:25:01,1,菜市口西,磁器口西
57,14,22,2019-06-06 07:25:01,1,菜市口西,磁器口西
57,15,22,2019-06-06 07:28:01,1,虎坊桥路口西,磁器口西
57,15,25,2019-06-06 07:28:01,1,虎坊桥路口西,安化楼
57,16,33,2019-06-06 07:29:01,1,虎坊桥路口东,郎家园
57,16,25,2019-06-06 07:29:01,1,虎坊桥路口东,安化楼
57,16,23,2019-06-06 07:29:01,1,虎坊桥路口东,榄杆市
57,17,32,2019-06-06 07:30:01,1,板章路,大北窑东
57,17,34,2019-06-06 07:30:01,1,板章路,四惠枢纽站
57,17,27,2019-06-06 07:30:01,1,板章路,马圈
57,17,27,2019-06-06 07:30:01,1,板章路,马圈
57,17,24,2019-06-06 07:30:01,1,板章路,培新街
57,17,23,2019-06-06 07:30:01,1,板章路,榄杆市
57,20,32,2019-06-06 07:33:01,1,桥湾,大北窑东
57,20,23,2019-06-06 07:33:01,1,桥湾,榄杆市
57,20,32,2019-06-06 07:34:01,1,桥湾,大北窑东
57,22,23,2019-06-06 07:36:01,1,磁器口西,榄杆市
57,23,34,2019-06-06 07:38:01,1,榄杆市,四惠枢纽站
57,23,23,2019-06-06 07:38:01,1,榄杆市,榄杆市
57,23,32,2019-06-06 07:39:01,1,榄杆市,大北窑东
57,24,32,2019-06-06 07:39:01,1,培新街,大北窑东
57,23,29,2019-06-06 07:39:01,1,榄杆市,双井桥北
57,24,25,2019-06-06 07:39:01,1,培新街,安化楼
57,23,24,2019-06-06 07:39:01,1,榄杆市,培新街
57,24,32,2019-06-06 07:42:01,1,培新街,大北窑东
57,24,32,2019-06-06 07:42:01,1,培新街,大北窑东
57,24,32,2019-06-06 07:42:01,1,培新街,大北窑东
57,24,29,2019-06-06 07:42:01,1,培新街,双井桥北
57,24,31,2019-06-06 07:42:01,1,培新街,大北窑南
57,24,26,2019-06-06 07:42:01,1,培新街,广渠门内
57,24,26,2019-06-06 07:42:01,1,培新街,广渠门内
57,26,33,2019-06-06 07:46:01,1,广渠门内,郎家园
57,26,32,2019-06-06 07:46:01,1,广渠门内,大北窑东
57,26,32,2019-06-06 07:46:01,1,广渠门内,大北窑东
57,26,32,2019-06-06 07:46:01,1,广渠门内,大北窑东
57,26,31,2019-06-06 07:46:01,1,广渠门内,大北窑南
57,27,32,2019-06-06 07:52:01,1,马圈,大北窑东
57,27,27,2019-06-06 07:52:01,1,马圈,马圈
57,27,28,2019-06-06 07:52:01,1,马圈,垂杨柳
57,28,30,2019-06-06 07:54:01,1,垂杨柳,双花园
57,29,32,2019-06-06 08:04:01,1,双井桥北,大北窑东
57,29,30,2019-06-06 08:04:01,1,双井桥北,双花园
57,32,33,2019-06-06 08:08:01,1,大北窑东,郎家园
57,32,34,2019-06-06 08:11:01,1,大北窑东,四惠枢纽站
57,33,34,2019-06-06 08:12:01,1,郎家园,四惠枢纽站
57,33,34,2019-06-06 08:12:01,1,郎家园,四惠枢纽站
57,33,34,2019-06-06 08:12:01,1,郎家园,四惠枢纽站
57,33,34,2019-06-06 08:12:01,1,郎家园,四惠枢纽站
57,8,17,2019-06-06 09:26:01,1,六里桥东,板章路
57,8,17,2019-06-06 09:26:01,1,六里桥东,板章路
57,8,13,2019-06-06 09:26:01,1,六里桥东,牛街路口东
57,8,17,2019-06-06 09:26:01,1,六里桥东,板章路
57,8,31,2019-06-06 09:26:01,1,六里桥东,大北窑南
57,1,15,2019-06-06 08:30:01,1,靛厂新村,虎坊桥路口西
57,1,12,2019-06-06 08:30:01,1,靛厂新村,广安门内
57,1,12,2019-06-06 08:30:01,1,靛厂新村,广安门内
57,1,7,2019-06-06 08:30:01,1,靛厂新村,六里桥西
57,1,7,2019-06-06 08:30:01,1,靛厂新村,六里桥西
57,1,7,2019-06-06 08:30:01,1,靛厂新村,六里桥西
57,1,7,2019-06-06 08:30:01,1,靛厂新村,六里桥西
57,1,7,2019-06-06 08:30:01,1,靛厂新村,六里桥西
57,1,6,2019-06-06 08:30:01,1,靛厂新村,小井路口东
57,1,6,2019-06-06 08:30:01,1,靛厂新村,小井路口东
57,1,1,2019-06-06 08:30:01,1,靛厂新村,靛厂新村
57,1,5,2019-06-06 08:30:01,1,靛厂新村,白塔村
57,1,6,2019-06-06 08:30:01,1,靛厂新村,小井路口东
57,1,7,2019-06-06 08:30:01,1,靛厂新村,六里桥西
57,1,16,2019-06-06 08:30:01,1,靛厂新村,虎坊桥路口东
57,1,12,2019-06-06 08:30:01,1,靛厂新村,广安门内
57,1,12,2019-06-06 08:31:01,1,靛厂新村,广安门内
57,1,12,2019-06-06 08:31:01,1,靛厂新村,广安门内
57,2,7,2019-06-06 08:32:01,1,岳各庄东路北口,六里桥西
57,2,6,2019-06-06 08:32:01,1,岳各庄东路北口,小井路口东
57,2,7,2019-06-06 08:32:01,1,岳各庄东路北口,六里桥西
57,2,5,2019-06-06 08:32:01,1,岳各庄东路北口,白塔村
57,2,6,2019-06-06 08:32:01,1,岳各庄东路北口,小井路口东
57,2,2,2019-06-06 08:32:01,1,岳各庄东路北口,岳各庄东路北口
57,2,6,2019-06-06 08:32:01,1,岳各庄东路北口,小井路口东
57,2,15,2019-06-06 08:32:01,1,岳各庄东路北口,虎坊桥路口西
57,2,15,2019-06-06 08:32:01,1,岳各庄东路北口,虎坊桥路口西
57,2,12,2019-06-06 08:32:01,1,岳各庄东路北口,广安门内
57,3,7,2019-06-06 08:34:01,1,靛厂村南站,六里桥西
57,3,7,2019-06-06 08:34:01,1,靛厂村南站,六里桥西
57,3,7,2019-06-06 08:34:01,1,靛厂村南站,六里桥西
57,3,7,2019-06-06 08:34:01,1,靛厂村南站,六里桥西
57,3,7,2019-06-06 08:34:01,1,靛厂村南站,六里桥西
57,3,7,2019-06-06 08:34:01,1,靛厂村南站,六里桥西
57,3,15,2019-06-06 08:34:01,1,靛厂村南站,虎坊桥路口西
57,3,15,2019-06-06 08:34:01,1,靛厂村南站,虎坊桥路口西
57,3,15,2019-06-06 08:34:01,1,靛厂村南站,虎坊桥路口西
57,3,7,2019-06-06 08:35:01,1,靛厂村南站,六里桥西
57,3,11,2019-06-06 08:35:01,1,靛厂村南站,达官营
57,3,7,2019-06-06 08:35:01,1,靛厂村南站,六里桥西
57,3,7,2019-06-06 08:35:01,1,靛厂村南站,六里桥西
57,3,7,2019-06-06 08:35:01,1,靛厂村南站,六里桥西
57,3,7,2019-06-06 08:35:01,1,靛厂村南站,六里桥西
57,3,11,2019-06-06 08:35:01,1,靛厂村南站,达官营
57,3,3,2019-06-06 08:35:01,1,靛厂村南站,靛厂村南站
57,3,5,2019-06-06 08:35:01,1,靛厂村南站,白塔村
57,3,3,2019-06-06 08:35:01,1,靛厂村南站,靛厂村南站
57,3,3,2019-06-06 08:35:01,1,靛厂村南站,靛厂村南站
57,3,15,2019-06-06 08:35:01,1,靛厂村南站,虎坊桥路口西
57,3,12,2019-06-06 08:35:01,1,靛厂村南站,广安门内
57,3,12,2019-06-06 08:35:01,1,靛厂村南站,广安门内
57,3,12,2019-06-06 08:35:01,1,靛厂村南站,广安门内
57,5,15,2019-06-06 08:37:01,1,白塔村,虎坊桥路口西
57,5,15,2019-06-06 08:37:01,1,白塔村,虎坊桥路口西
57,5,15,2019-06-06 08:37:01,1,白塔村,虎坊桥路口西
57,6,15,2019-06-06 08:39:01,1,小井路口东,虎坊桥路口西
57,6,7,2019-06-06 08:39:01,1,小井路口东,六里桥西
57,6,7,2019-06-06 08:39:01,1,小井路口东,六里桥西
57,6,17,2019-06-06 08:39:01,1,小井路口东,板章路
57,6,17,2019-06-06 08:39:01,1,小井路口东,板章路
57,6,15,2019-06-06 08:39:01,1,小井路口东,虎坊桥路口西
57,6,11,2019-06-06 08:39:01,1,小井路口东,达官营
57,7,12,2019-06-06 08:43:01,1,六里桥西,广安门内
57,7,15,2019-06-06 08:43:01,1,六里桥西,虎坊桥路口西
57,7,7,2019-06-06 08:48:01,1,六里桥西,六里桥西
57,7,15,2019-06-06 08:48:01,1,六里桥西,虎坊桥路口西
57,7,17,2019-06-06 08:48:01,1,六里桥西,板章路
57,7,15,2019-06-06 08:49:01,1,六里桥西,虎坊桥路口西
57,7,15,2019-06-06 08:49:01,1,六里桥西,虎坊桥路口西
57,7,7,2019-06-06 08:49:01,1,六里桥西,六里桥西
57,7,15,2019-06-06 08:49:01,1,六里桥西,虎坊桥路口西
57,7,15,2019-06-06 08:49:01,1,六里桥西,虎坊桥路口西
57,7,12,2019-06-06 08:49:01,1,六里桥西,广安门内
57,7,7,2019-06-06 08:49:01,1,六里桥西,六里桥西
57,7,15,2019-06-06 08:49:01,1,六里桥西,虎坊桥路口西
57,7,12,2019-06-06 08:49:01,1,六里桥西,广安门内
57,7,12,2019-06-06 08:49:01,1,六里桥西,广安门内
57,7,7,2019-06-06 08:49:01,1,六里桥西,六里桥西
57,7,7,2019-06-06 08:49:01,1,六里桥西,六里桥西
57,7,7,2019-06-06 08:49:01,1,六里桥西,六里桥西
57,7,7,2019-06-06 08:49:01,1,六里桥西,六里桥西
57,7,7,2019-06-06 08:49:01,1,六里桥西,六里桥西
57,7,17,2019-06-06 08:49:01,1,六里桥西,板章路
57,7,15,2019-06-06 08:49:01,1,六里桥西,虎坊桥路口西
57,7,15,2019-06-06 08:49:01,1,六里桥西,虎坊桥路口西
57,7,15,2019-06-06 08:49:01,1,六里桥西,虎坊桥路口西
57,7,15,2019-06-06 08:49:01,1,六里桥西,虎坊桥路口西
57,7,16,2019-06-06 08:49:01,1,六里桥西,虎坊桥路口东
57,7,15,2019-06-06 08:49:01,1,六里桥西,虎坊桥路口西
57,7,16,2019-06-06 08:49:01,1,六里桥西,虎坊桥路口东
57,7,15,2019-06-06 08:49:01,1,六里桥西,虎坊桥路口西
57,7,12,2019-06-06 08:49:01,1,六里桥西,广安门内
57,7,12,2019-06-06 08:49:01,1,六里桥西,广安门内
57,7,12,2019-06-06 08:49:01,1,六里桥西,广安门内
57,7,7,2019-06-06 08:49:01,1,六里桥西,六里桥西
57,7,12,2019-06-06 08:49:01,1,六里桥西,广安门内
57,7,7,2019-06-06 08:50:01,1,六里桥西,六里桥西
57,7,15,2019-06-06 08:55:01,1,六里桥西,虎坊桥路口西
57,7,15,2019-06-06 08:55:01,1,六里桥西,虎坊桥路口西
57,7,16,2019-06-06 08:55:01,1,六里桥西,虎坊桥路口东
57,7,15,2019-06-06 08:58:01,1,六里桥西,虎坊桥路口西
57,7,15,2019-06-06 08:58:01,1,六里桥西,虎坊桥路口西
57,7,14,2019-06-06 08:58:01,1,六里桥西,菜市口西
57,7,15,2019-06-06 08:58:01,1,六里桥西,虎坊桥路口西
57,7,15,2019-06-06 08:58:01,1,六里桥西,虎坊桥路口西
57,7,15,2019-06-06 08:58:01,1,六里桥西,虎坊桥路口西
57,7,15,2019-06-06 08:58:01,1,六里桥西,虎坊桥路口西
57,7,16,2019-06-06 08:58:01,1,六里桥西,虎坊桥路口东
57,7,16,2019-06-06 08:58:01,1,六里桥西,虎坊桥路口东
57,7,16,2019-06-06 08:58:01,1,六里桥西,虎坊桥路口东
57,7,15,2019-06-06 08:58:01,1,六里桥西,虎坊桥路口西
57,7,15,2019-06-06 08:58:01,1,六里桥西,虎坊桥路口西
57,11,15,2019-06-06 08:59:01,1,达官营,虎坊桥路口西
57,11,12,2019-06-06 08:59:01,1,达官营,广安门内
57,11,12,2019-06-06 09:00:01,1,达官营,广安门内
57,11,12,2019-06-06 09:00:01,1,达官营,广安门内
57,11,15,2019-06-06 09:00:01,1,达官营,虎坊桥路口西
57,11,15,2019-06-06 09:00:01,1,达官营,虎坊桥路口西
57,11,16,2019-06-06 09:00:01,1,达官营,虎坊桥路口东
57,11,15,2019-06-06 09:00:01,1,达官营,虎坊桥路口西
57,11,16,2019-06-06 09:00:01,1,达官营,虎坊桥路口东
57,11,16,2019-06-06 09:00:01,1,达官营,虎坊桥路口东
57,11,16,2019-06-06 09:00:01,1,达官营,虎坊桥路口东
57,11,15,2019-06-06 09:00:01,1,达官营,虎坊桥路口西
57,11,17,2019-06-06 09:00:01,1,达官营,板章路
57,11,12,2019-06-06 09:00:01,1,达官营,广安门内
57,11,12,2019-06-06 09:00:01,1,达官营,广安门内
57,12,15,2019-06-06 09:02:01,1,广安门内,虎坊桥路口西
57,12,15,2019-06-06 09:02:01,1,广安门内,虎坊桥路口西
57,12,15,2019-06-06 09:02:01,1,广安门内,虎坊桥路口西
57,12,15,2019-06-06 09:02:01,1,广安门内,虎坊桥路口西
57,12,15,2019-06-06 09:02:01,1,广安门内,虎坊桥路口西
57,12,15,2019-06-06 09:03:01,1,广安门内,虎坊桥路口西
57,12,15,2019-06-06 09:03:01,1,广安门内,虎坊桥路口西
57,12,15,2019-06-06 09:03:01,1,广安门内,虎坊桥路口西
57,12,15,2019-06-06 09:03:01,1,广安门内,虎坊桥路口西
57,12,15,2019-06-06 09:03:01,1,广安门内,虎坊桥路口西
57,12,16,2019-06-06 09:03:01,1,广安门内,虎坊桥路口东
57,12,15,2019-06-06 09:03:01,1,广安门内,虎坊桥路口西
57,12,15,2019-06-06 09:03:01,1,广安门内,虎坊桥路口西
57,12,16,2019-06-06 09:06:01,1,广安门内,虎坊桥路口东
57,12,17,2019-06-06 09:06:01,1,广安门内,板章路
57,12,17,2019-06-06 09:06:01,1,广安门内,板章路
57,12,16,2019-06-06 09:06:01,1,广安门内,虎坊桥路口东
57,12,15,2019-06-06 09:06:01,1,广安门内,虎坊桥路口西
57,12,16,2019-06-06 09:06:01,1,广安门内,虎坊桥路口东
57,12,16,2019-06-06 09:06:01,1,广安门内,虎坊桥路口东
57,14,16,2019-06-06 09:07:01,1,菜市口西,虎坊桥路口东
57,14,14,2019-06-06 09:08:01,1,菜市口西,菜市口西
57,14,15,2019-06-06 09:08:01,1,菜市口西,虎坊桥路口西
57,14,15,2019-06-06 09:08:01,1,菜市口西,虎坊桥路口西
57,14,14,2019-06-06 09:09:01,1,菜市口西,菜市口西
57,14,15,2019-06-06 09:09:01,1,菜市口西,虎坊桥路口西
57,14,15,2019-06-06 09:09:01,1,菜市口西,虎坊桥路口西
57,15,26,2019-06-06 09:09:01,1,虎坊桥路口西,广渠门内
57,15,15,2019-06-06 09:14:01,1,虎坊桥路口西,虎坊桥路口西
57,15,16,2019-06-06 09:16:01,1,虎坊桥路口西,虎坊桥路口东
57,15,16,2019-06-06 09:18:01,1,虎坊桥路口西,虎坊桥路口东
57,15,15,2019-06-06 09:18:01,1,虎坊桥路口西,虎坊桥路口西
57,15,15,2019-06-06 09:18:01,1,虎坊桥路口西,虎坊桥路口西
57,15,15,2019-06-06 09:18:01,1,虎坊桥路口西,虎坊桥路口西
57,15,15,2019-06-06 09:22:01,1,虎坊桥路口西,虎坊桥路口西
57,15,17,2019-06-06 09:22:01,1,虎坊桥路口西,板章路
57,15,16,2019-06-06 09:22:01,1,虎坊桥路口西,虎坊桥路口东
57,15,16,2019-06-06 09:23:01,1,虎坊桥路口西,虎坊桥路口东
57,15,17,2019-06-06 09:23:01,1,虎坊桥路口西,板章路
57,15,15,2019-06-06 09:25:01,1,虎坊桥路口西,虎坊桥路口西
57,15,16,2019-06-06 09:29:01,1,虎坊桥路口西,虎坊桥路口东
57,15,16,2019-06-06 09:29:01,1,虎坊桥路口西,虎坊桥路口东
57,15,16,2019-06-06 09:29:01,1,虎坊桥路口西,虎坊桥路口东
57,15,15,2019-06-06 09:29:01,1,虎坊桥路口西,虎坊桥路口西
57,15,15,2019-06-06 09:29:01,1,虎坊桥路口西,虎坊桥路口西
57,1,7,2019-06-06 06:55:01,1,靛厂新村,六里桥西
57,1,15,2019-06-06 06:55:01,1,靛厂新村,虎坊桥路口西
57,1,24,2019-06-06 06:55:01,1,靛厂新村,培新街
57,1,21,2019-06-06 06:55:01,1,靛厂新村,水道子
57,1,15,2019-06-06 06:55:01,1,靛厂新村,虎坊桥路口西
57,1,14,2019-06-06 06:55:01,1,靛厂新村,菜市口西
57,1,10,2019-06-06 06:55:01,1,靛厂新村,湾子
57,1,5,2019-06-06 06:55:01,1,靛厂新村,白塔村
57,1,5,2019-06-06 06:55:01,1,靛厂新村,白塔村
57,1,6,2019-06-06 06:55:01,1,靛厂新村,小井路口东
57,1,7,2019-06-06 06:55:01,1,靛厂新村,六里桥西
57,1,5,2019-06-06 06:55:01,1,靛厂新村,白塔村
57,2,18,2019-06-06 06:56:01,1,岳各庄东路北口,过街楼
57,2,12,2019-06-06 06:56:01,1,岳各庄东路北口,广安门内
57,2,6,2019-06-06 06:56:01,1,岳各庄东路北口,小井路口东
57,2,6,2019-06-06 06:56:01,1,岳各庄东路北口,小井路口东
57,2,24,2019-06-06 06:57:01,1,岳各庄东路北口,培新街
57,2,14,2019-06-06 06:57:01,1,岳各庄东路北口,菜市口西
57,3,7,2019-06-06 06:58:01,1,靛厂村南站,六里桥西
57,3,11,2019-06-06 06:58:01,1,靛厂村南站,达官营
57,3,12,2019-06-06 06:58:01,1,靛厂村南站,广安门内
57,3,3,2019-06-06 06:58:01,1,靛厂村南站,靛厂村南站
57,3,7,2019-06-06 06:58:01,1,靛厂村南站,六里桥西
57,4,7,2019-06-06 06:59:01,1,水衙沟路东口,六里桥西
57,4,7,2019-06-06 06:59:01,1,水衙沟路东口,六里桥西
57,4,16,2019-06-06 06:59:01,1,水衙沟路东口,虎坊桥路口东
57,4,11,2019-06-06 06:59:01,1,水衙沟路东口,达官营
57,4,12,2019-06-06 06:59:01,1,水衙沟路东口,广安门内
57,4,11,2019-06-06 06:59:01,1,水衙沟路东口,达官营
57,4,11,2019-06-06 06:59:01,1,水衙沟路东口,达官营
57,6,28,2019-06-06 07:04:01,1,小井路口东,垂杨柳
57,6,24,2019-06-06 07:04:01,1,小井路口东,培新街
57,6,15,2019-06-06 07:04:01,1,小井路口东,虎坊桥路口西
57,6,17,2019-06-06 07:04:01,1,小井路口东,板章路
57,6,6,2019-06-06 07:04:01,1,小井路口东,小井路口东
57,6,6,2019-06-06 07:04:01,1,小井路口东,小井路口东
57,7,27,2019-06-06 07:07:01,1,六里桥西,马圈
57,7,25,2019-06-06 07:07:01,1,六里桥西,安化楼
57,7,27,2019-06-06 07:07:01,1,六里桥西,马圈
57,7,13,2019-06-06 07:07:01,1,六里桥西,牛街路口东
57,7,12,2019-06-06 07:07:01,1,六里桥西,广安门内
57,8,26,2019-06-06 07:14:01,1,六里桥东,广渠门内
57,8,33,2019-06-06 07:14:01,1,六里桥东,郎家园
57,8,21,2019-06-06 07:14:01,1,六里桥东,水道子
57,8,14,2019-06-06 07:14:01,1,六里桥东,菜市口西
57,8,22,2019-06-06 07:14:01,1,六里桥东,磁器口西
57,8,10,2019-06-06 07:14:01,1,六里桥东,湾子
57,8,25,2019-06-06 07:15:01,1,六里桥东,安化楼
57,8,10,2019-06-06 07:15:01,1,六里桥东,湾子
57,8,22,2019-06-06 07:15:01,1,六里桥东,磁器口西
57,8,20,2019-06-06 07:15:01,1,六里桥东,桥湾
57,8,17,2019-06-06 07:15:01,1,六里桥东,板章路
57,8,11,2019-06-06 07:15:01,1,六里桥东,达官营
57,8,10,2019-06-06 07:15:01,1,六里桥东,湾子
57,8,10,2019-06-06 07:15:01,1,六里桥东,湾子
57,9,12,2019-06-06 07:22:01,1,莲花池,广安门内
57,9,12,2019-06-06 07:22:01,1,莲花池,广安门内
57,10,12,2019-06-06 07:22:01,1,湾子,广安门内
57,10,12,2019-06-06 07:22:01,1,湾子,广安门内
57,9,13,2019-06-06 07:22:01,1,莲花池,牛街路口东
57,9,11,2019-06-06 07:22:01,1,莲花池,达官营
57,9,13,2019-06-06 07:22:01,1,莲花池,牛街路口东
57,10,11,2019-06-06 07:25:01,1,湾子,达官营
57,10,12,2019-06-06 07:25:01,1,湾子,广安门内
57,11,11,2019-06-06 07:26:01,1,达官营,达官营
57,11,15,2019-06-06 07:27:01,1,达官营,虎坊桥路口西
57,11,19,2019-06-06 07:27:01,1,达官营,东城三里河
57,11,17,2019-06-06 07:27:01,1,达官营,板章路
57,11,12,2019-06-06 07:27:01,1,达官营,广安门内
57,11,12,2019-06-06 07:27:01,1,达官营,广安门内
57,11,11,2019-06-06 07:27:01,1,达官营,达官营
57,11,11,2019-06-06 07:27:01,1,达官营,达官营
57,12,26,2019-06-06 07:30:01,1,广安门内,广渠门内
57,13,26,2019-06-06 07:33:01,1,牛街路口东,广渠门内
57,13,24,2019-06-06 07:33:01,1,牛街路口东,培新街
57,13,18,2019-06-06 07:33:01,1,牛街路口东,过街楼
57,13,14,2019-06-06 07:33:01,1,牛街路口东,菜市口西
57,13,13,2019-06-06 07:33:01,1,牛街路口东,牛街路口东
57,14,26,2019-06-06 07:35:01,1,菜市口西,广渠门内
57,14,28,2019-06-06 07:35:01,1,菜市口西,垂杨柳
57,16,26,2019-06-06 07:40:01,1,虎坊桥路口东,广渠门内
57,16,21,2019-06-06 07:40:01,1,虎坊桥路口东,水道子
57,16,21,2019-06-06 07:40:01,1,虎坊桥路口东,水道子
57,16,22,2019-06-06 07:40:01,1,虎坊桥路口东,磁器口西
57,16,21,2019-06-06 07:40:01,1,虎坊桥路口东,水道子
57,16,25,2019-06-06 07:40:01,1,虎坊桥路口东,安化楼
57,17,26,2019-06-06 07:41:01,1,板章路,广渠门内
57,17,28,2019-06-06 07:41:01,1,板章路,垂杨柳
57,17,18,2019-06-06 07:41:01,1,板章路,过街楼
57,19,24,2019-06-06 07:43:01,1,东城三里河,培新街
57,20,21,2019-06-06 07:44:01,1,桥湾,水道子
57,20,24,2019-06-06 07:44:01,1,桥湾,培新街
57,21,22,2019-06-06 07:47:01,1,水道子,磁器口西
57,21,22,2019-06-06 07:47:01,1,水道子,磁器口西
57,22,23,2019-06-06 07:48:01,1,磁器口西,榄杆市
57,23,27,2019-06-06 07:49:01,1,榄杆市,马圈
57,23,28,2019-06-06 07:49:01,1,榄杆市,垂杨柳
57,24,28,2019-06-06 07:52:01,1,培新街,垂杨柳
57,26,30,2019-06-06 07:56:01,1,广渠门内,双花园
57,26,30,2019-06-06 07:56:01,1,广渠门内,双花园
57,26,27,2019-06-06 07:57:01,1,广渠门内,马圈
57,26,27,2019-06-06 07:57:01,1,广渠门内,马圈
57,26,27,2019-06-06 07:57:01,1,广渠门内,马圈
57,26,28,2019-06-06 07:57:01,1,广渠门内,垂杨柳
57,26,28,2019-06-06 07:58:01,1,广渠门内,垂杨柳
57,26,28,2019-06-06 07:58:01,1,广渠门内,垂杨柳
57,26,28,2019-06-06 07:59:01,1,广渠门内,垂杨柳
57,26,28,2019-06-06 07:59:01,1,广渠门内,垂杨柳
57,28,33,2019-06-06 08:12:01,1,垂杨柳,郎家园
57,30,32,2019-06-06 08:18:01,1,双花园,大北窑东
57,30,33,2019-06-06 08:18:01,1,双花园,郎家园
57,1,10,2019-06-06 06:35:01,1,靛厂新村,湾子
57,1,11,2019-06-06 06:35:01,1,靛厂新村,达官营
57,1,14,2019-06-06 06:35:01,1,靛厂新村,菜市口西
57,1,19,2019-06-06 06:35:01,1,靛厂新村,东城三里河
57,1,19,2019-06-06 06:35:01,1,靛厂新村,东城三里河
57,1,8,2019-06-06 06:35:01,1,靛厂新村,六里桥东
57,1,6,2019-06-06 06:35:01,1,靛厂新村,小井路口东
57,1,8,2019-06-06 06:35:01,1,靛厂新村,六里桥东
57,1,5,2019-06-06 06:36:01,1,靛厂新村,白塔村
57,1,5,2019-06-06 06:36:01,1,靛厂新村,白塔村
57,1,8,2019-06-06 06:36:01,1,靛厂新村,六里桥东
57,1,8,2019-06-06 06:36:01,1,靛厂新村,六里桥东
57,2,4,2019-06-06 06:37:01,1,岳各庄东路北口,水衙沟路东口
57,2,11,2019-06-06 06:37:01,1,岳各庄东路北口,达官营
57,2,12,2019-06-06 06:37:01,1,岳各庄东路北口,广安门内
57,2,8,2019-06-06 06:37:01,1,岳各庄东路北口,六里桥东
57,2,4,2019-06-06 06:37:01,1,岳各庄东路北口,水衙沟路东口
57,2,7,2019-06-06 06:37:01,1,岳各庄东路北口,六里桥西
57,2,6,2019-06-06 06:37:01,1,岳各庄东路北口,小井路口东
57,2,9,2019-06-06 06:37:01,1,岳各庄东路北口,莲花池
57,2,9,2019-06-06 06:37:01,1,岳各庄东路北口,莲花池
57,2,8,2019-06-06 06:37:01,1,岳各庄东路北口,六里桥东
57,2,7,2019-06-06 06:37:01,1,岳各庄东路北口,六里桥西
57,2,8,2019-06-06 06:37:01,1,岳各庄东路北口,六里桥东
57,3,29,2019-06-06 06:39:01,1,靛厂村南站,双井桥北
57,3,11,2019-06-06 06:39:01,1,靛厂村南站,达官营
57,3,8,2019-06-06 06:39:01,1,靛厂村南站,六里桥东
57,3,3,2019-06-06 06:39:01,1,靛厂村南站,靛厂村南站
57,3,3,2019-06-06 06:39:01,1,靛厂村南站,靛厂村南站
57,3,8,2019-06-06 06:39:01,1,靛厂村南站,六里桥东
57,3,28,2019-06-06 06:40:01,1,靛厂村南站,垂杨柳
57,3,29,2019-06-06 06:40:01,1,靛厂村南站,双井桥北
57,3,8,2019-06-06 06:40:01,1,靛厂村南站,六里桥东
57,3,22,2019-06-06 06:40:01,1,靛厂村南站,磁器口西
57,4,11,2019-06-06 06:40:01,1,水衙沟路东口,达官营
57,4,8,2019-06-06 06:40:01,1,水衙沟路东口,六里桥东
57,3,8,2019-06-06 06:40:01,1,靛厂村南站,六里桥东
57,3,8,2019-06-06 06:40:01,1,靛厂村南站,六里桥东
57,3,7,2019-06-06 06:40:01,1,靛厂村南站,六里桥西
57,3,7,2019-06-06 06:40:01,1,靛厂村南站,六里桥西
57,3,6,2019-06-06 06:40:01,1,靛厂村南站,小井路口东
57,3,6,2019-06-06 06:40:01,1,靛厂村南站,小井路口东
57,4,12,2019-06-06 06:41:01,1,水衙沟路东口,广安门内
57,4,13,2019-06-06 06:41:01,1,水衙沟路东口,牛街路口东
57,4,19,2019-06-06 06:41:01,1,水衙沟路东口,东城三里河
57,4,4,2019-06-06 06:41:01,1,水衙沟路东口,水衙沟路东口
57,4,6,2019-06-06 06:41:01,1,水衙沟路东口,小井路口东
57,4,7,2019-06-06 06:41:01,1,水衙沟路东口,六里桥西
57,6,11,2019-06-06 06:44:01,1,小井路口东,达官营
57,6,18,2019-06-06 06:44:01,1,小井路口东,过街楼
57,6,11,2019-06-06 06:44:01,1,小井路口东,达官营
57,7,10,2019-06-06 06:46:01,1,六里桥西,湾子
57,7,15,2019-06-06 06:46:01,1,六里桥西,虎坊桥路口西
57,7,8,2019-06-06 06:46:01,1,六里桥西,六里桥东
57,7,8,2019-06-06 06:46:01,1,六里桥西,六里桥东
57,8,25,2019-06-06 06:50:01,1,六里桥东,安化楼
57,8,25,2019-06-06 06:50:01,1,六里桥东,安化楼
57,8,27,2019-06-06 06:50:01,1,六里桥东,马圈
57,8,25,2019-06-06 06:50:01,1,六里桥东,安化楼
57,8,10,2019-06-06 06:50:01,1,六里桥东,湾子
57,8,9,2019-06-06 06:50:01,1,六里桥东,莲花池
57,8,21,2019-06-06 06:50:01,1,六里桥东,水道子
57,8,12,2019-06-06 06:50:01,1,六里桥东,广安门内
57,8,12,2019-06-06 06:50:01,1,六里桥东,广安门内
57,8,17,2019-06-06 06:50:01,1,六里桥东,板章路
57,8,8,2019-06-06 06:50:01,1,六里桥东,六里桥东
57,8,8,2019-06-06 06:50:01,1,六里桥东,六里桥东
57,8,29,2019-06-06 06:51:01,1,六里桥东,双井桥北
57,8,28,2019-06-06 06:51:01,1,六里桥东,垂杨柳
57,8,27,2019-06-06 06:51:01,1,六里桥东,马圈
57,8,9,2019-06-06 06:51:01,1,六里桥东,莲花池
57,8,11,2019-06-06 06:51:01,1,六里桥东,达官营
57,8,14,2019-06-06 06:51:01,1,六里桥东,菜市口西
57,8,8,2019-06-06 06:51:01,1,六里桥东,六里桥东
57,8,11,2019-06-06 06:51:01,1,六里桥东,达官营
57,8,10,2019-06-06 06:51:01,1,六里桥东,湾子
57,8,10,2019-06-06 06:51:01,1,六里桥东,湾子
57,8,14,2019-06-06 06:51:01,1,六里桥东,菜市口西
57,8,10,2019-06-06 06:51:01,1,六里桥东,湾子
57,8,10,2019-06-06 06:51:01,1,六里桥东,湾子
57,8,8,2019-06-06 06:51:01,1,六里桥东,六里桥东
57,8,9,2019-06-06 06:51:01,1,六里桥东,莲花池
57,8,10,2019-06-06 06:51:01,1,六里桥东,湾子
57,8,25,2019-06-06 06:51:01,1,六里桥东,安化楼
57,8,24,2019-06-06 06:51:01,1,六里桥东,培新街
57,8,22,2019-06-06 06:51:01,1,六里桥东,磁器口西
57,8,17,2019-06-06 06:51:01,1,六里桥东,板章路
57,8,20,2019-06-06 06:51:01,1,六里桥东,桥湾
57,8,11,2019-06-06 06:51:01,1,六里桥东,达官营
57,8,11,2019-06-06 06:51:01,1,六里桥东,达官营
57,8,13,2019-06-06 06:51:01,1,六里桥东,牛街路口东
57,8,14,2019-06-06 06:51:01,1,六里桥东,菜市口西
57,8,12,2019-06-06 06:58:01,1,六里桥东,广安门内
57,8,13,2019-06-06 06:58:01,1,六里桥东,牛街路口东
57,8,8,2019-06-06 06:58:01,1,六里桥东,六里桥东
57,8,11,2019-06-06 06:58:01,1,六里桥东,达官营
57,8,21,2019-06-06 06:58:01,1,六里桥东,水道子
57,8,8,2019-06-06 06:58:01,1,六里桥东,六里桥东
57,8,9,2019-06-06 07:01:01,1,六里桥东,莲花池
57,8,10,2019-06-06 07:01:01,1,六里桥东,湾子
57,8,11,2019-06-06 07:01:01,1,六里桥东,达官营
57,8,9,2019-06-06 07:01:01,1,六里桥东,莲花池
57,8,11,2019-06-06 07:01:01,1,六里桥东,达官营
57,8,10,2019-06-06 07:01:01,1,六里桥东,湾子
57,8,25,2019-06-06 07:01:01,1,六里桥东,安化楼
57,8,25,2019-06-06 07:01:01,1,六里桥东,安化楼
57,8,19,2019-06-06 07:01:01,1,六里桥东,东城三里河
57,8,14,2019-06-06 07:01:01,1,六里桥东,菜市口西
57,8,19,2019-06-06 07:01:01,1,六里桥东,东城三里河
57,9,25,2019-06-06 07:03:01,1,莲花池,安化楼
57,9,25,2019-06-06 07:03:01,1,莲花池,安化楼
57,9,25,2019-06-06 07:03:01,1,莲花池,安化楼
57,9,10,2019-06-06 07:03:01,1,莲花池,湾子
57,9,18,2019-06-06 07:03:01,1,莲花池,过街楼
57,9,14,2019-06-06 07:03:01,1,莲花池,菜市口西
57,9,19,2019-06-06 07:03:01,1,莲花池,东城三里河
57,9,11,2019-06-06 07:03:01,1,莲花池,达官营
57,10,25,2019-06-06 07:07:01,1,湾子,安化楼
57,10,22,2019-06-06 07:07:01,1,湾子,磁器口西
57,11,13,2019-06-06 07:10:01,1,达官营,牛街路口东
57,12,27,2019-06-06 07:12:01,1,广安门内,马圈
57,12,27,2019-06-06 07:12:01,1,广安门内,马圈
57,12,27,2019-06-06 07:12:01,1,广安门内,马圈
57,12,27,2019-06-06 07:12:01,1,广安门内,马圈
57,12,13,2019-06-06 07:12:01,1,广安门内,牛街路口东
57,12,12,2019-06-06 07:12:01,1,广安门内,广安门内
57,12,25,2019-06-06 07:13:01,1,广安门内,安化楼
57,12,27,2019-06-06 07:13:01,1,广安门内,马圈
57,12,27,2019-06-06 07:13:01,1,广安门内,马圈
57,12,27,2019-06-06 07:13:01,1,广安门内,马圈
57,13,21,2019-06-06 07:15:01,1,牛街路口东,水道子
57,14,23,2019-06-06 07:17:01,1,菜市口西,榄杆市
57,15,25,2019-06-06 07:18:01,1,虎坊桥路口西,安化楼
57,15,25,2019-06-06 07:18:01,1,虎坊桥路口西,安化楼
57,15,27,2019-06-06 07:18:01,1,虎坊桥路口西,马圈
57,15,22,2019-06-06 07:18:01,1,虎坊桥路口西,磁器口西
57,15,21,2019-06-06 07:18:01,1,虎坊桥路口西,水道子
57,15,16,2019-06-06 07:18:01,1,虎坊桥路口西,虎坊桥路口东
57,17,28,2019-06-06 07:22:01,1,板章路,垂杨柳
57,19,25,2019-06-06 07:26:01,1,东城三里河,安化楼
57,20,25,2019-06-06 07:27:01,1,桥湾,安化楼
57,20,28,2019-06-06 07:27:01,1,桥湾,垂杨柳
57,20,23,2019-06-06 07:27:01,1,桥湾,榄杆市
57,20,23,2019-06-06 07:27:01,1,桥湾,榄杆市
57,21,27,2019-06-06 07:31:01,1,水道子,马圈
57,21,29,2019-06-06 07:31:01,1,水道子,双井桥北
57,21,29,2019-06-06 07:31:01,1,水道子,双井桥北
57,21,22,2019-06-06 07:31:01,1,水道子,磁器口西
57,21,22,2019-06-06 07:31:01,1,水道子,磁器口西
57,21,21,2019-06-06 07:31:01,1,水道子,水道子
57,21,22,2019-06-06 07:31:01,1,水道子,磁器口西
57,22,29,2019-06-06 07:34:01,1,磁器口西,双井桥北
57,22,28,2019-06-06 07:34:01,1,磁器口西,垂杨柳
57,22,25,2019-06-06 07:34:01,1,磁器口西,安化楼
57,22,27,2019-06-06 07:34:01,1,磁器口西,马圈
57,22,27,2019-06-06 07:34:01,1,磁器口西,马圈
57,22,24,2019-06-06 07:34:01,1,磁器口西,培新街
57,22,25,2019-06-06 07:34:01,1,磁器口西,安化楼
57,22,25,2019-06-06 07:34:01,1,磁器口西,安化楼
57,22,25,2019-06-06 07:34:01,1,磁器口西,安化楼
57,22,25,2019-06-06 07:35:01,1,磁器口西,安化楼
57,22,26,2019-06-06 07:35:01,1,磁器口西,广渠门内
57,22,25,2019-06-06 07:35:01,1,磁器口西,安化楼
57,22,27,2019-06-06 07:35:01,1,磁器口西,马圈
57,22,25,2019-06-06 07:35:01,1,磁器口西,安化楼
57,22,25,2019-06-06 07:35:01,1,磁器口西,安化楼
57,22,26,2019-06-06 07:35:01,1,磁器口西,广渠门内
57,22,24,2019-06-06 07:35:01,1,磁器口西,培新街
57,22,22,2019-06-06 07:35:01,1,磁器口西,磁器口西
57,23,25,2019-06-06 07:36:01,1,榄杆市,安化楼
57,23,25,2019-06-06 07:36:01,1,榄杆市,安化楼
57,23,24,2019-06-06 07:36:01,1,榄杆市,培新街
57,23,25,2019-06-06 07:36:01,1,榄杆市,安化楼
57,23,25,2019-06-06 07:37:01,1,榄杆市,安化楼
57,23,25,2019-06-06 07:37:01,1,榄杆市,安化楼
57,23,26,2019-06-06 07:37:01,1,榄杆市,广渠门内
57,23,24,2019-06-06 07:37:01,1,榄杆市,培新街
57,23,24,2019-06-06 07:37:01,1,榄杆市,培新街
57,24,25,2019-06-06 07:38:01,1,培新街,安化楼
57,24,27,2019-06-06 07:38:01,1,培新街,马圈
57,24,28,2019-06-06 07:38:01,1,培新街,垂杨柳
57,24,25,2019-06-06 07:38:01,1,培新街,安化楼
57,24,25,2019-06-06 07:38:01,1,培新街,安化楼
57,24,25,2019-06-06 07:38:01,1,培新街,安化楼
57,24,25,2019-06-06 07:38:01,1,培新街,安化楼
57,24,25,2019-06-06 07:38:01,1,培新街,安化楼
57,24,25,2019-06-06 07:38:01,1,培新街,安化楼
57,24,27,2019-06-06 07:38:01,1,培新街,马圈
57,24,25,2019-06-06 07:38:01,1,培新街,安化楼
57,24,28,2019-06-06 07:38:01,1,培新街,垂杨柳
57,24,27,2019-06-06 07:38:01,1,培新街,马圈
57,24,27,2019-06-06 07:38:01,1,培新街,马圈
57,24,25,2019-06-06 07:38:01,1,培新街,安化楼
57,24,25,2019-06-06 07:38:01,1,培新街,安化楼
57,25,28,2019-06-06 07:44:01,1,安化楼,垂杨柳
57,25,25,2019-06-06 07:44:01,1,安化楼,安化楼
57,25,25,2019-06-06 07:44:01,1,安化楼,安化楼
57,25,28,2019-06-06 07:44:01,1,安化楼,垂杨柳
57,25,27,2019-06-06 07:44:01,1,安化楼,马圈
57,25,27,2019-06-06 07:44:01,1,安化楼,马圈
57,25,26,2019-06-06 07:44:01,1,安化楼,广渠门内
57,25,25,2019-06-06 07:47:01,1,安化楼,安化楼
57,25,27,2019-06-06 07:47:01,1,安化楼,马圈
57,25,28,2019-06-06 07:47:01,1,安化楼,垂杨柳
57,25,27,2019-06-06 07:47:01,1,安化楼,马圈
57,25,27,2019-06-06 07:47:01,1,安化楼,马圈
57,25,27,2019-06-06 07:47:01,1,安化楼,马圈
57,25,26,2019-06-06 07:47:01,1,安化楼,广渠门内
57,25,27,2019-06-06 08:03:01,1,安化楼,马圈
57,25,27,2019-06-06 08:03:01,1,安化楼,马圈
57,26,27,2019-06-06 08:04:01,1,广渠门内,马圈
57,26,29,2019-06-06 08:05:01,1,广渠门内,双井桥北
57,26,28,2019-06-06 08:05:01,1,广渠门内,垂杨柳
57,26,27,2019-06-06 08:05:01,1,广渠门内,马圈
57,26,27,2019-06-06 08:05:01,1,广渠门内,马圈
57,27,29,2019-06-06 08:08:01,1,马圈,双井桥北
57,27,28,2019-06-06 08:08:01,1,马圈,垂杨柳
57,27,28,2019-06-06 08:09:01,1,马圈,垂杨柳
57,28,29,2019-06-06 08:12:01,1,垂杨柳,双井桥北
57,9,26,2019-06-06 06:31:01,1,莲花池,广渠门内
57,9,21,2019-06-06 06:31:01,1,莲花池,水道子
57,11,11,2019-06-06 06:36:01,1,达官营,达官营
57,11,11,2019-06-06 06:36:01,1,达官营,达官营
57,11,23,2019-06-06 06:36:01,1,达官营,榄杆市
57,11,24,2019-06-06 06:36:01,1,达官营,培新街
57,12,26,2019-06-06 06:40:01,1,广安门内,广渠门内
57,12,22,2019-06-06 06:41:01,1,广安门内,磁器口西
57,12,26,2019-06-06 06:41:01,1,广安门内,广渠门内
57,12,26,2019-06-06 06:41:01,1,广安门内,广渠门内
57,13,20,2019-06-06 06:44:01,1,牛街路口东,桥湾
57,14,14,2019-06-06 06:46:01,1,菜市口西,菜市口西
57,15,23,2019-06-06 06:48:01,1,虎坊桥路口西,榄杆市
57,21,21,2019-06-06 06:57:01,1,水道子,水道子
57,24,26,2019-06-06 07:03:01,1,培新街,广渠门内
57,1,17,2019-06-06 08:08:01,1,靛厂新村,板章路
57,1,6,2019-06-06 08:08:01,1,靛厂新村,小井路口东
57,1,15,2019-06-06 08:09:01,1,靛厂新村,虎坊桥路口西
57,1,12,2019-06-06 08:09:01,1,靛厂新村,广安门内
57,1,9,2019-06-06 08:09:01,1,靛厂新村,莲花池
57,1,8,2019-06-06 08:09:01,1,靛厂新村,六里桥东
57,1,9,2019-06-06 08:09:01,1,靛厂新村,莲花池
57,1,9,2019-06-06 08:09:01,1,靛厂新村,莲花池
57,1,8,2019-06-06 08:09:01,1,靛厂新村,六里桥东
57,1,11,2019-06-06 08:09:01,1,靛厂新村,达官营
57,1,10,2019-06-06 08:09:01,1,靛厂新村,湾子
57,1,9,2019-06-06 08:09:01,1,靛厂新村,莲花池
57,1,4,2019-06-06 08:09:01,1,靛厂新村,水衙沟路东口
57,1,17,2019-06-06 08:09:01,1,靛厂新村,板章路
57,1,7,2019-06-06 08:09:01,1,靛厂新村,六里桥西
57,1,5,2019-06-06 08:09:01,1,靛厂新村,白塔村
57,1,8,2019-06-06 08:09:01,1,靛厂新村,六里桥东
57,1,5,2019-06-06 08:09:01,1,靛厂新村,白塔村
57,1,7,2019-06-06 08:09:01,1,靛厂新村,六里桥西
57,1,7,2019-06-06 08:09:01,1,靛厂新村,六里桥西
57,1,5,2019-06-06 08:09:01,1,靛厂新村,白塔村
57,1,7,2019-06-06 08:09:01,1,靛厂新村,六里桥西
57,1,7,2019-06-06 08:09:01,1,靛厂新村,六里桥西
57,1,7,2019-06-06 08:09:01,1,靛厂新村,六里桥西
57,1,7,2019-06-06 08:09:01,1,靛厂新村,六里桥西
57,2,2,2019-06-06 08:09:01,1,岳各庄东路北口,岳各庄东路北口
57,1,4,2019-06-06 08:09:01,1,靛厂新村,水衙沟路东口
57,1,8,2019-06-06 08:09:01,1,靛厂新村,六里桥东
57,1,7,2019-06-06 08:09:01,1,靛厂新村,六里桥西
57,1,2,2019-06-06 08:09:01,1,靛厂新村,岳各庄东路北口
57,2,28,2019-06-06 08:10:01,1,岳各庄东路北口,垂杨柳
57,2,8,2019-06-06 08:10:01,1,岳各庄东路北口,六里桥东
57,2,11,2019-06-06 08:10:01,1,岳各庄东路北口,达官营
57,2,31,2019-06-06 08:10:01,1,岳各庄东路北口,大北窑南
57,2,4,2019-06-06 08:10:01,1,岳各庄东路北口,水衙沟路东口
57,2,7,2019-06-06 08:10:01,1,岳各庄东路北口,六里桥西
57,2,3,2019-06-06 08:10:01,1,岳各庄东路北口,靛厂村南站
57,2,7,2019-06-06 08:10:01,1,岳各庄东路北口,六里桥西
57,2,6,2019-06-06 08:10:01,1,岳各庄东路北口,小井路口东
57,2,7,2019-06-06 08:10:01,1,岳各庄东路北口,六里桥西
57,2,7,2019-06-06 08:10:01,1,岳各庄东路北口,六里桥西
57,2,7,2019-06-06 08:10:01,1,岳各庄东路北口,六里桥西
57,2,8,2019-06-06 08:10:01,1,岳各庄东路北口,六里桥东
57,3,6,2019-06-06 08:11:01,1,靛厂村南站,小井路口东
57,3,3,2019-06-06 08:11:01,1,靛厂村南站,靛厂村南站
57,3,21,2019-06-06 08:14:01,1,靛厂村南站,水道子
57,3,14,2019-06-06 08:14:01,1,靛厂村南站,菜市口西
57,3,9,2019-06-06 08:14:01,1,靛厂村南站,莲花池
57,3,9,2019-06-06 08:14:01,1,靛厂村南站,莲花池
57,3,10,2019-06-06 08:14:01,1,靛厂村南站,湾子
57,3,4,2019-06-06 08:14:01,1,靛厂村南站,水衙沟路东口
57,3,17,2019-06-06 08:14:01,1,靛厂村南站,板章路
57,3,4,2019-06-06 08:14:01,1,靛厂村南站,水衙沟路东口
57,4,14,2019-06-06 08:15:01,1,水衙沟路东口,菜市口西
57,4,13,2019-06-06 08:15:01,1,水衙沟路东口,牛街路口东
57,4,13,2019-06-06 08:15:01,1,水衙沟路东口,牛街路口东
57,4,12,2019-06-06 08:15:01,1,水衙沟路东口,广安门内
57,4,10,2019-06-06 08:15:01,1,水衙沟路东口,湾子
57,4,10,2019-06-06 08:15:01,1,水衙沟路东口,湾子
57,4,9,2019-06-06 08:15:01,1,水衙沟路东口,莲花池
57,4,5,2019-06-06 08:15:01,1,水衙沟路东口,白塔村
57,4,6,2019-06-06 08:15:01,1,水衙沟路东口,小井路口东
57,4,5,2019-06-06 08:15:01,1,水衙沟路东口,白塔村
57,4,6,2019-06-06 08:15:01,1,水衙沟路东口,小井路口东
57,4,6,2019-06-06 08:15:01,1,水衙沟路东口,小井路口东
57,4,5,2019-06-06 08:15:01,1,水衙沟路东口,白塔村
57,4,8,2019-06-06 08:15:01,1,水衙沟路东口,六里桥东
57,5,11,2019-06-06 08:17:01,1,白塔村,达官营
57,5,8,2019-06-06 08:17:01,1,白塔村,六里桥东
57,6,12,2019-06-06 08:20:01,1,小井路口东,广安门内
57,6,7,2019-06-06 08:20:01,1,小井路口东,六里桥西
57,7,7,2019-06-06 08:21:01,1,六里桥西,六里桥西
57,7,14,2019-06-06 08:24:01,1,六里桥西,菜市口西
57,7,10,2019-06-06 08:24:01,1,六里桥西,湾子
57,7,10,2019-06-06 08:24:01,1,六里桥西,湾子
57,7,16,2019-06-06 08:24:01,1,六里桥西,虎坊桥路口东
57,7,8,2019-06-06 08:24:01,1,六里桥西,六里桥东
57,8,28,2019-06-06 08:30:01,1,六里桥东,垂杨柳
57,8,25,2019-06-06 08:30:01,1,六里桥东,安化楼
57,8,27,2019-06-06 08:30:01,1,六里桥东,马圈
57,8,25,2019-06-06 08:30:01,1,六里桥东,安化楼
57,8,22,2019-06-06 08:30:01,1,六里桥东,磁器口西
57,8,13,2019-06-06 08:30:01,1,六里桥东,牛街路口东
57,8,13,2019-06-06 08:30:01,1,六里桥东,牛街路口东
57,8,15,2019-06-06 08:30:01,1,六里桥东,虎坊桥路口西
57,8,16,2019-06-06 08:30:01,1,六里桥东,虎坊桥路口东
57,8,13,2019-06-06 08:30:01,1,六里桥东,牛街路口东
57,8,13,2019-06-06 08:30:01,1,六里桥东,牛街路口东
57,8,15,2019-06-06 08:30:01,1,六里桥东,虎坊桥路口西
57,8,10,2019-06-06 08:30:01,1,六里桥东,湾子
57,8,9,2019-06-06 08:30:01,1,六里桥东,莲花池
57,8,11,2019-06-06 08:30:01,1,六里桥东,达官营
57,8,8,2019-06-06 08:30:01,1,六里桥东,六里桥东
57,8,12,2019-06-06 08:30:01,1,六里桥东,广安门内
57,8,30,2019-06-06 08:30:01,1,六里桥东,双花园
57,8,16,2019-06-06 08:30:01,1,六里桥东,虎坊桥路口东
57,8,15,2019-06-06 08:30:01,1,六里桥东,虎坊桥路口西
57,8,8,2019-06-06 08:30:01,1,六里桥东,六里桥东
57,8,13,2019-06-06 08:31:01,1,六里桥东,牛街路口东
57,8,12,2019-06-06 08:31:01,1,六里桥东,广安门内
57,8,10,2019-06-06 08:31:01,1,六里桥东,湾子
57,8,11,2019-06-06 08:31:01,1,六里桥东,达官营
57,8,8,2019-06-06 08:31:01,1,六里桥东,六里桥东
57,9,22,2019-06-06 08:37:01,1,莲花池,磁器口西
57,9,15,2019-06-06 08:37:01,1,莲花池,虎坊桥路口西
57,9,10,2019-06-06 08:37:01,1,莲花池,湾子
57,9,10,2019-06-06 08:37:01,1,莲花池,湾子
57,9,21,2019-06-06 08:37:01,1,莲花池,水道子
57,9,22,2019-06-06 08:37:01,1,莲花池,磁器口西
57,10,24,2019-06-06 08:40:01,1,湾子,培新街
57,10,24,2019-06-06 08:40:01,1,湾子,培新街
57,10,24,2019-06-06 08:40:01,1,湾子,培新街
57,10,24,2019-06-06 08:40:01,1,湾子,培新街
57,10,24,2019-06-06 08:40:01,1,湾子,培新街
57,10,12,2019-06-06 08:40:01,1,湾子,广安门内
57,10,12,2019-06-06 08:40:01,1,湾子,广安门内
57,10,13,2019-06-06 08:40:01,1,湾子,牛街路口东
57,10,13,2019-06-06 08:40:01,1,湾子,牛街路口东
57,11,11,2019-06-06 08:40:01,1,达官营,达官营
57,10,30,2019-06-06 08:40:01,1,湾子,双花园
57,10,17,2019-06-06 08:40:01,1,湾子,板章路
57,10,21,2019-06-06 08:40:01,1,湾子,水道子
57,11,11,2019-06-06 08:41:01,1,达官营,达官营
57,11,22,2019-06-06 08:42:01,1,达官营,磁器口西
57,11,23,2019-06-06 08:42:01,1,达官营,榄杆市
57,11,24,2019-06-06 08:42:01,1,达官营,培新街
57,11,12,2019-06-06 08:42:01,1,达官营,广安门内
57,11,12,2019-06-06 08:42:01,1,达官营,广安门内
57,11,15,2019-06-06 08:42:01,1,达官营,虎坊桥路口西
57,11,12,2019-06-06 08:42:01,1,达官营,广安门内
57,11,14,2019-06-06 08:42:01,1,达官营,菜市口西
57,11,11,2019-06-06 08:42:01,1,达官营,达官营
57,11,15,2019-06-06 08:42:01,1,达官营,虎坊桥路口西
57,11,12,2019-06-06 08:42:01,1,达官营,广安门内
57,11,12,2019-06-06 08:42:01,1,达官营,广安门内
57,11,15,2019-06-06 08:42:01,1,达官营,虎坊桥路口西
57,11,11,2019-06-06 08:42:01,1,达官营,达官营
57,11,11,2019-06-06 08:42:01,1,达官营,达官营
57,11,30,2019-06-06 08:42:01,1,达官营,双花园
57,11,30,2019-06-06 08:42:01,1,达官营,双花园
57,11,30,2019-06-06 08:42:01,1,达官营,双花园
57,11,20,2019-06-06 08:42:01,1,达官营,桥湾
57,12,27,2019-06-06 08:46:01,1,广安门内,马圈
57,12,22,2019-06-06 08:46:01,1,广安门内,磁器口西
57,13,21,2019-06-06 08:47:01,1,牛街路口东,水道子
57,13,23,2019-06-06 08:49:01,1,牛街路口东,榄杆市
57,13,23,2019-06-06 08:49:01,1,牛街路口东,榄杆市
57,13,27,2019-06-06 08:49:01,1,牛街路口东,马圈
57,13,28,2019-06-06 08:49:01,1,牛街路口东,垂杨柳
57,14,15,2019-06-06 08:52:01,1,菜市口西,虎坊桥路口西
57,14,15,2019-06-06 08:52:01,1,菜市口西,虎坊桥路口西
57,14,15,2019-06-06 08:52:01,1,菜市口西,虎坊桥路口西
57,14,14,2019-06-06 08:52:01,1,菜市口西,菜市口西
57,14,30,2019-06-06 08:52:01,1,菜市口西,双花园
57,16,23,2019-06-06 08:57:01,1,虎坊桥路口东,榄杆市
57,16,22,2019-06-06 08:57:01,1,虎坊桥路口东,磁器口西
57,16,29,2019-06-06 08:57:01,1,虎坊桥路口东,双井桥北
57,16,29,2019-06-06 08:57:01,1,虎坊桥路口东,双井桥北
57,16,33,2019-06-06 08:57:01,1,虎坊桥路口东,郎家园
57,17,27,2019-06-06 08:58:01,1,板章路,马圈
57,17,31,2019-06-06 08:59:01,1,板章路,大北窑南
57,18,18,2019-06-06 09:00:01,1,过街楼,过街楼
57,18,31,2019-06-06 09:04:01,1,过街楼,大北窑南
57,19,30,2019-06-06 09:04:01,1,东城三里河,双花园
57,21,22,2019-06-06 09:08:01,1,水道子,磁器口西
57,21,24,2019-06-06 09:08:01,1,水道子,培新街
57,21,21,2019-06-06 09:08:01,1,水道子,水道子
57,23,24,2019-06-06 09:10:01,1,榄杆市,培新街
57,23,24,2019-06-06 09:10:01,1,榄杆市,培新街
57,23,28,2019-06-06 09:11:01,1,榄杆市,垂杨柳
57,25,25,2019-06-06 09:14:01,1,安化楼,安化楼
57,24,27,2019-06-06 09:14:01,1,培新街,马圈
57,24,28,2019-06-06 09:14:01,1,培新街,垂杨柳
57,24,32,2019-06-06 09:14:01,1,培新街,大北窑东
57,24,30,2019-06-06 09:14:01,1,培新街,双花园
57,25,26,2019-06-06 09:15:01,1,安化楼,广渠门内
57,27,27,2019-06-06 09:18:01,1,马圈,马圈
57,27,30,2019-06-06 09:18:01,1,马圈,双花园
57,28,28,2019-06-06 09:20:01,1,垂杨柳,垂杨柳
57,28,30,2019-06-06 09:20:01,1,垂杨柳,双花园
57,28,30,2019-06-06 09:20:01,1,垂杨柳,双花园
57,28,30,2019-06-06 09:27:01,1,垂杨柳,双花园
57,28,33,2019-06-06 09:27:01,1,垂杨柳,郎家园
57,28,28,2019-06-06 09:27:01,1,垂杨柳,垂杨柳
57,28,31,2019-06-06 09:27:01,1,垂杨柳,大北窑南
57,28,29,2019-06-06 09:27:01,1,垂杨柳,双井桥北
57,28,33,2019-06-06 09:27:01,1,垂杨柳,郎家园
57,28,31,2019-06-06 09:27:01,1,垂杨柳,大北窑南
57,28,32,2019-06-06 09:27:01,1,垂杨柳,大北窑东
57,28,31,2019-06-06 09:27:01,1,垂杨柳,大北窑南
57,29,33,2019-06-06 09:28:01,1,双井桥北,郎家园
57,29,32,2019-06-06 09:28:01,1,双井桥北,大北窑东
57,29,32,2019-06-06 09:28:01,1,双井桥北,大北窑东
57,29,32,2019-06-06 09:28:01,1,双井桥北,大北窑东
57,29,32,2019-06-06 09:28:01,1,双井桥北,大北窑东
57,29,29,2019-06-06 09:28:01,1,双井桥北,双井桥北
57,22,26,2019-06-06 06:32:01,1,磁器口西,广渠门内
57,1,13,2019-06-06 08:17:01,1,靛厂新村,牛街路口东
57,1,7,2019-06-06 08:17:01,1,靛厂新村,六里桥西
57,1,13,2019-06-06 08:17:01,1,靛厂新村,牛街路口东
57,1,26,2019-06-06 08:17:01,1,靛厂新村,广渠门内
57,1,2,2019-06-06 08:17:01,1,靛厂新村,岳各庄东路北口
57,1,2,2019-06-06 08:17:01,1,靛厂新村,岳各庄东路北口
57,1,13,2019-06-06 08:17:01,1,靛厂新村,牛街路口东
57,1,10,2019-06-06 08:17:01,1,靛厂新村,湾子
57,1,7,2019-06-06 08:17:01,1,靛厂新村,六里桥西
57,1,5,2019-06-06 08:17:01,1,靛厂新村,白塔村
57,1,5,2019-06-06 08:17:01,1,靛厂新村,白塔村
57,1,6,2019-06-06 08:17:01,1,靛厂新村,小井路口东
57,1,5,2019-06-06 08:17:01,1,靛厂新村,白塔村
57,1,5,2019-06-06 08:17:01,1,靛厂新村,白塔村
57,2,17,2019-06-06 08:18:01,1,岳各庄东路北口,板章路
57,2,7,2019-06-06 08:18:01,1,岳各庄东路北口,六里桥西
57,2,7,2019-06-06 08:18:01,1,岳各庄东路北口,六里桥西
57,2,7,2019-06-06 08:18:01,1,岳各庄东路北口,六里桥西
57,2,7,2019-06-06 08:18:01,1,岳各庄东路北口,六里桥西
57,2,7,2019-06-06 08:18:01,1,岳各庄东路北口,六里桥西
57,2,8,2019-06-06 08:18:01,1,岳各庄东路北口,六里桥东
57,2,8,2019-06-06 08:18:01,1,岳各庄东路北口,六里桥东
57,2,2,2019-06-06 08:18:01,1,岳各庄东路北口,岳各庄东路北口
57,2,11,2019-06-06 08:18:01,1,岳各庄东路北口,达官营
57,2,7,2019-06-06 08:18:01,1,岳各庄东路北口,六里桥西
57,2,7,2019-06-06 08:19:01,1,岳各庄东路北口,六里桥西
57,3,7,2019-06-06 08:21:01,1,靛厂村南站,六里桥西
57,3,12,2019-06-06 08:21:01,1,靛厂村南站,广安门内
57,3,11,2019-06-06 08:21:01,1,靛厂村南站,达官营
57,3,5,2019-06-06 08:21:01,1,靛厂村南站,白塔村
57,4,12,2019-06-06 08:22:01,1,水衙沟路东口,广安门内
57,4,12,2019-06-06 08:22:01,1,水衙沟路东口,广安门内
57,4,7,2019-06-06 08:22:01,1,水衙沟路东口,六里桥西
57,4,8,2019-06-06 08:22:01,1,水衙沟路东口,六里桥东
57,4,7,2019-06-06 08:22:01,1,水衙沟路东口,六里桥西
57,4,10,2019-06-06 08:22:01,1,水衙沟路东口,湾子
57,4,9,2019-06-06 08:22:01,1,水衙沟路东口,莲花池
57,4,12,2019-06-06 08:22:01,1,水衙沟路东口,广安门内
57,4,11,2019-06-06 08:22:01,1,水衙沟路东口,达官营
57,4,4,2019-06-06 08:22:01,1,水衙沟路东口,水衙沟路东口
57,5,13,2019-06-06 08:23:01,1,白塔村,牛街路口东
57,6,12,2019-06-06 08:30:01,1,小井路口东,广安门内
57,6,12,2019-06-06 08:30:01,1,小井路口东,广安门内
57,7,11,2019-06-06 08:32:01,1,六里桥西,达官营
57,7,7,2019-06-06 08:32:01,1,六里桥西,六里桥西
57,8,26,2019-06-06 08:36:01,1,六里桥东,广渠门内
57,8,21,2019-06-06 08:36:01,1,六里桥东,水道子
57,8,11,2019-06-06 08:36:01,1,六里桥东,达官营
57,8,34,2019-06-06 08:36:01,1,六里桥东,四惠枢纽站
57,8,12,2019-06-06 08:36:01,1,六里桥东,广安门内
57,8,11,2019-06-06 08:36:01,1,六里桥东,达官营
57,8,13,2019-06-06 08:36:01,1,六里桥东,牛街路口东
57,8,14,2019-06-06 08:36:01,1,六里桥东,菜市口西
57,8,12,2019-06-06 08:36:01,1,六里桥东,广安门内
57,9,12,2019-06-06 08:41:01,1,莲花池,广安门内
57,9,13,2019-06-06 08:42:01,1,莲花池,牛街路口东
57,9,13,2019-06-06 08:42:01,1,莲花池,牛街路口东
57,11,20,2019-06-06 08:45:01,1,达官营,桥湾
57,11,11,2019-06-06 08:45:01,1,达官营,达官营
57,11,27,2019-06-06 08:45:01,1,达官营,马圈
57,11,13,2019-06-06 08:45:01,1,达官营,牛街路口东
57,11,13,2019-06-06 08:45:01,1,达官营,牛街路口东
57,11,13,2019-06-06 08:45:01,1,达官营,牛街路口东
57,11,15,2019-06-06 08:45:01,1,达官营,虎坊桥路口西
57,11,13,2019-06-06 08:45:01,1,达官营,牛街路口东
57,12,12,2019-06-06 08:47:01,1,广安门内,广安门内
57,11,15,2019-06-06 08:47:01,1,达官营,虎坊桥路口西
57,12,12,2019-06-06 08:47:01,1,广安门内,广安门内
57,12,13,2019-06-06 08:50:01,1,广安门内,牛街路口东
57,14,20,2019-06-06 08:53:01,1,菜市口西,桥湾
57,13,21,2019-06-06 08:53:01,1,牛街路口东,水道子
57,14,14,2019-06-06 08:54:01,1,菜市口西,菜市口西
57,25,27,2019-06-06 09:19:01,1,安化楼,马圈
57,26,32,2019-06-06 09:21:01,1,广渠门内,大北窑东
57,26,30,2019-06-06 09:21:01,1,广渠门内,双花园
57,26,26,2019-06-06 09:21:01,1,广渠门内,广渠门内
57,26,27,2019-06-06 09:25:01,1,广渠门内,马圈
57,26,28,2019-06-06 09:25:01,1,广渠门内,垂杨柳
57,7,7,2019-06-06 06:30:01,1,六里桥西,六里桥西
57,7,9,2019-06-06 06:30:01,1,六里桥西,莲花池
57,7,9,2019-06-06 06:30:01,1,六里桥西,莲花池
57,7,8,2019-06-06 06:30:01,1,六里桥西,六里桥东
57,7,7,2019-06-06 06:30:01,1,六里桥西,六里桥西
57,7,7,2019-06-06 06:30:01,1,六里桥西,六里桥西
57,7,18,2019-06-06 06:30:01,1,六里桥西,过街楼
57,7,19,2019-06-06 06:30:01,1,六里桥西,东城三里河
57,7,18,2019-06-06 06:30:01,1,六里桥西,过街楼
57,7,19,2019-06-06 06:30:01,1,六里桥西,东城三里河
57,7,20,2019-06-06 06:30:01,1,六里桥西,桥湾
57,7,19,2019-06-06 06:30:01,1,六里桥西,东城三里河
57,7,19,2019-06-06 06:30:01,1,六里桥西,东城三里河
57,7,19,2019-06-06 06:30:01,1,六里桥西,东城三里河
57,7,18,2019-06-06 06:30:01,1,六里桥西,过街楼
57,7,11,2019-06-06 06:30:01,1,六里桥西,达官营
57,7,13,2019-06-06 06:30:01,1,六里桥西,牛街路口东
57,7,10,2019-06-06 06:30:01,1,六里桥西,湾子
57,7,11,2019-06-06 06:30:01,1,六里桥西,达官营
57,8,8,2019-06-06 06:34:01,1,六里桥东,六里桥东
57,7,8,2019-06-06 06:34:01,1,六里桥西,六里桥东
57,8,9,2019-06-06 06:35:01,1,六里桥东,莲花池
57,8,9,2019-06-06 06:35:01,1,六里桥东,莲花池
57,8,9,2019-06-06 06:36:01,1,六里桥东,莲花池
57,8,8,2019-06-06 06:36:01,1,六里桥东,六里桥东
57,8,8,2019-06-06 06:37:01,1,六里桥东,六里桥东
57,9,19,2019-06-06 06:41:01,1,莲花池,东城三里河
57,9,19,2019-06-06 06:41:01,1,莲花池,东城三里河
57,9,11,2019-06-06 06:41:01,1,莲花池,达官营
57,9,14,2019-06-06 06:41:01,1,莲花池,菜市口西
57,9,15,2019-06-06 06:42:01,1,莲花池,虎坊桥路口西
57,9,19,2019-06-06 06:42:01,1,莲花池,东城三里河
57,9,19,2019-06-06 06:43:01,1,莲花池,东城三里河
57,9,20,2019-06-06 06:44:01,1,莲花池,桥湾
57,9,20,2019-06-06 06:44:01,1,莲花池,桥湾
57,10,19,2019-06-06 06:46:01,1,湾子,东城三里河
57,10,20,2019-06-06 06:46:01,1,湾子,桥湾
57,11,19,2019-06-06 06:49:01,1,达官营,东城三里河
57,11,19,2019-06-06 06:49:01,1,达官营,东城三里河
57,16,19,2019-06-06 07:03:01,1,虎坊桥路口东,东城三里河
57,16,19,2019-06-06 07:03:01,1,虎坊桥路口东,东城三里河
57,24,18,2019-06-06 07:03:01,1,培新街,过街楼
57,16,19,2019-06-06 07:03:01,1,虎坊桥路口东,东城三里河
57,18,18,2019-06-06 07:05:01,1,过街楼,过街楼
57,18,19,2019-06-06 07:05:01,1,过街楼,东城三里河
57,18,19,2019-06-06 07:05:01,1,过街楼,东城三里河
57,18,18,2019-06-06 07:07:01,1,过街楼,过街楼
57,18,19,2019-06-06 07:07:01,1,过街楼,东城三里河
57,18,19,2019-06-06 07:07:01,1,过街楼,东城三里河
57,19,19,2019-06-06 07:15:01,1,东城三里河,东城三里河
57,19,19,2019-06-06 07:15:01,1,东城三里河,东城三里河
57,19,20,2019-06-06 07:16:01,1,东城三里河,桥湾
57,19,19,2019-06-06 07:16:01,1,东城三里河,东城三里河
57,19,20,2019-06-06 07:18:01,1,东城三里河,桥湾
57,19,19,2019-06-06 07:18:01,1,东城三里河,东城三里河
57,19,20,2019-06-06 07:18:01,1,东城三里河,桥湾
57,19,19,2019-06-06 07:18:01,1,东城三里河,东城三里河
57,19,19,2019-06-06 07:18:01,1,东城三里河,东城三里河
57,19,20,2019-06-06 07:18:01,1,东城三里河,桥湾
57,19,19,2019-06-06 07:18:01,1,东城三里河,东城三里河
57,19,19,2019-06-06 07:18:01,1,东城三里河,东城三里河
57,19,19,2019-06-06 07:18:01,1,东城三里河,东城三里河
57,19,20,2019-06-06 07:18:01,1,东城三里河,桥湾
57,19,20,2019-06-06 07:20:01,1,东城三里河,桥湾
57,19,20,2019-06-06 07:21:01,1,东城三里河,桥湾
57,20,20,2019-06-06 07:21:01,1,桥湾,桥湾
57,28,29,2019-06-06 08:18:01,1,垂杨柳,双井桥北
57,28,28,2019-06-06 08:18:01,1,垂杨柳,垂杨柳
57,28,27,2019-06-06 08:19:01,1,垂杨柳,马圈
57,28,29,2019-06-06 08:25:01,1,垂杨柳,双井桥北
57,28,28,2019-06-06 08:25:01,1,垂杨柳,垂杨柳
57,28,29,2019-06-06 08:25:01,1,垂杨柳,双井桥北
57,29,28,2019-06-06 08:28:01,1,双井桥北,垂杨柳
57,27,28,2019-06-06 08:31:01,1,马圈,垂杨柳
57,27,29,2019-06-06 08:31:01,1,马圈,双井桥北
57,1,2,2019-06-06 09:09:01,1,靛厂新村,岳各庄东路北口
57,1,1,2019-06-06 09:09:01,1,靛厂新村,靛厂新村
57,1,2,2019-06-06 09:09:01,1,靛厂新村,岳各庄东路北口
57,1,2,2019-06-06 09:09:01,1,靛厂新村,岳各庄东路北口
57,1,2,2019-06-06 09:09:01,1,靛厂新村,岳各庄东路北口
57,1,2,2019-06-06 09:09:01,1,靛厂新村,岳各庄东路北口
57,1,1,2019-06-06 09:09:01,1,靛厂新村,靛厂新村
57,1,2,2019-06-06 09:09:01,1,靛厂新村,岳各庄东路北口
57,1,2,2019-06-06 09:09:01,1,靛厂新村,岳各庄东路北口
57,1,2,2019-06-06 09:09:01,1,靛厂新村,岳各庄东路北口
57,1,2,2019-06-06 09:09:01,1,靛厂新村,岳各庄东路北口
57,1,6,2019-06-06 09:09:01,1,靛厂新村,小井路口东
57,1,4,2019-06-06 09:09:01,1,靛厂新村,水衙沟路东口
57,1,7,2019-06-06 09:09:01,1,靛厂新村,六里桥西
57,1,5,2019-06-06 09:09:01,1,靛厂新村,白塔村
57,1,5,2019-06-06 09:09:01,1,靛厂新村,白塔村
57,1,5,2019-06-06 09:09:01,1,靛厂新村,白塔村
57,1,11,2019-06-06 09:09:01,1,靛厂新村,达官营
57,1,2,2019-06-06 09:09:01,1,靛厂新村,岳各庄东路北口
57,1,1,2019-06-06 09:09:01,1,靛厂新村,靛厂新村
57,1,1,2019-06-06 09:09:01,1,靛厂新村,靛厂新村
57,1,2,2019-06-06 09:10:01,1,靛厂新村,岳各庄东路北口
57,1,2,2019-06-06 09:10:01,1,靛厂新村,岳各庄东路北口
57,1,1,2019-06-06 09:10:01,1,靛厂新村,靛厂新村
57,1,2,2019-06-06 09:10:01,1,靛厂新村,岳各庄东路北口
57,1,2,2019-06-06 09:10:01,1,靛厂新村,岳各庄东路北口
57,1,4,2019-06-06 09:10:01,1,靛厂新村,水衙沟路东口
57,1,4,2019-06-06 09:10:01,1,靛厂新村,水衙沟路东口
57,1,2,2019-06-06 09:12:01,1,靛厂新村,岳各庄东路北口
57,1,1,2019-06-06 09:12:01,1,靛厂新村,靛厂新村
57,1,2,2019-06-06 09:12:01,1,靛厂新村,岳各庄东路北口
57,1,4,2019-06-06 09:12:01,1,靛厂新村,水衙沟路东口
57,1,6,2019-06-06 09:12:01,1,靛厂新村,小井路口东
57,1,7,2019-06-06 09:12:01,1,靛厂新村,六里桥西
57,1,6,2019-06-06 09:12:01,1,靛厂新村,小井路口东
57,1,6,2019-06-06 09:12:01,1,靛厂新村,小井路口东
57,1,2,2019-06-06 09:13:01,1,靛厂新村,岳各庄东路北口
57,1,1,2019-06-06 09:13:01,1,靛厂新村,靛厂新村
57,1,2,2019-06-06 09:13:01,1,靛厂新村,岳各庄东路北口
57,1,2,2019-06-06 09:13:01,1,靛厂新村,岳各庄东路北口
57,1,5,2019-06-06 09:13:01,1,靛厂新村,白塔村
57,1,2,2019-06-06 09:14:01,1,靛厂新村,岳各庄东路北口
57,1,2,2019-06-06 09:14:01,1,靛厂新村,岳各庄东路北口
57,1,2,2019-06-06 09:14:01,1,靛厂新村,岳各庄东路北口
57,1,2,2019-06-06 09:14:01,1,靛厂新村,岳各庄东路北口
57,1,2,2019-06-06 09:14:01,1,靛厂新村,岳各庄东路北口
57,2,2,2019-06-06 09:14:01,1,岳各庄东路北口,岳各庄东路北口
57,1,2,2019-06-06 09:14:01,1,靛厂新村,岳各庄东路北口
57,1,2,2019-06-06 09:14:01,1,靛厂新村,岳各庄东路北口
57,1,5,2019-06-06 09:14:01,1,靛厂新村,白塔村
57,1,5,2019-06-06 09:14:01,1,靛厂新村,白塔村
57,1,10,2019-06-06 09:14:01,1,靛厂新村,湾子
57,2,4,2019-06-06 09:15:01,1,岳各庄东路北口,水衙沟路东口
57,2,10,2019-06-06 09:15:01,1,岳各庄东路北口,湾子
57,2,4,2019-06-06 09:18:01,1,岳各庄东路北口,水衙沟路东口
57,2,5,2019-06-06 09:18:01,1,岳各庄东路北口,白塔村
57,2,8,2019-06-06 09:18:01,1,岳各庄东路北口,六里桥东
57,2,11,2019-06-06 09:18:01,1,岳各庄东路北口,达官营
57,2,2,2019-06-06 09:21:01,1,岳各庄东路北口,岳各庄东路北口
57,2,10,2019-06-06 09:21:01,1,岳各庄东路北口,湾子
57,2,2,2019-06-06 09:21:01,1,岳各庄东路北口,岳各庄东路北口
57,2,11,2019-06-06 09:21:01,1,岳各庄东路北口,达官营
57,2,8,2019-06-06 09:21:01,1,岳各庄东路北口,六里桥东
57,2,10,2019-06-06 09:23:01,1,岳各庄东路北口,湾子
57,2,8,2019-06-06 09:23:01,1,岳各庄东路北口,六里桥东
57,2,5,2019-06-06 09:24:01,1,岳各庄东路北口,白塔村
57,2,6,2019-06-06 09:24:01,1,岳各庄东路北口,小井路口东
57,2,6,2019-06-06 09:24:01,1,岳各庄东路北口,小井路口东
57,2,3,2019-06-06 09:24:01,1,岳各庄东路北口,靛厂村南站
57,2,4,2019-06-06 09:24:01,1,岳各庄东路北口,水衙沟路东口
57,2,6,2019-06-06 09:24:01,1,岳各庄东路北口,小井路口东
57,2,6,2019-06-06 09:24:01,1,岳各庄东路北口,小井路口东
57,2,10,2019-06-06 09:24:01,1,岳各庄东路北口,湾子
57,2,2,2019-06-06 09:24:01,1,岳各庄东路北口,岳各庄东路北口
57,2,7,2019-06-06 09:24:01,1,岳各庄东路北口,六里桥西
57,2,2,2019-06-06 09:24:01,1,岳各庄东路北口,岳各庄东路北口
57,2,8,2019-06-06 09:24:01,1,岳各庄东路北口,六里桥东
57,2,4,2019-06-06 09:24:01,1,岳各庄东路北口,水衙沟路东口
57,2,5,2019-06-06 09:24:01,1,岳各庄东路北口,白塔村
57,2,8,2019-06-06 09:24:01,1,岳各庄东路北口,六里桥东
57,2,4,2019-06-06 09:24:01,1,岳各庄东路北口,水衙沟路东口
57,2,5,2019-06-06 09:24:01,1,岳各庄东路北口,白塔村
57,2,6,2019-06-06 09:24:01,1,岳各庄东路北口,小井路口东
57,2,6,2019-06-06 09:24:01,1,岳各庄东路北口,小井路口东
57,2,3,2019-06-06 09:24:01,1,岳各庄东路北口,靛厂村南站
57,2,7,2019-06-06 09:24:01,1,岳各庄东路北口,六里桥西
57,2,5,2019-06-06 09:24:01,1,岳各庄东路北口,白塔村
57,2,8,2019-06-06 09:24:01,1,岳各庄东路北口,六里桥东
57,2,4,2019-06-06 09:24:01,1,岳各庄东路北口,水衙沟路东口
57,2,11,2019-06-06 09:24:01,1,岳各庄东路北口,达官营
57,2,2,2019-06-06 09:24:01,1,岳各庄东路北口,岳各庄东路北口
57,2,2,2019-06-06 09:24:01,1,岳各庄东路北口,岳各庄东路北口
57,2,8,2019-06-06 09:24:01,1,岳各庄东路北口,六里桥东
57,2,10,2019-06-06 09:29:01,1,岳各庄东路北口,湾子
57,2,5,2019-06-06 09:29:01,1,岳各庄东路北口,白塔村
57,2,11,2019-06-06 09:29:01,1,岳各庄东路北口,达官营
57,2,4,2019-06-06 09:29:01,1,岳各庄东路北口,水衙沟路东口
57,2,4,2019-06-06 09:29:01,1,岳各庄东路北口,水衙沟路东口
57,2,10,2019-06-06 09:29:01,1,岳各庄东路北口,湾子
57,2,11,2019-06-06 09:29:01,1,岳各庄东路北口,达官营
57,2,11,2019-06-06 09:29:01,1,岳各庄东路北口,达官营
57,22,22,2019-06-06 06:30:01,1,磁器口西,磁器口西
57,22,23,2019-06-06 06:30:01,1,磁器口西,榄杆市
57,22,32,2019-06-06 06:30:01,1,磁器口西,大北窑东
57,22,32,2019-06-06 06:30:01,1,磁器口西,大北窑东
57,22,32,2019-06-06 06:30:01,1,磁器口西,大北窑东
57,24,29,2019-06-06 06:33:01,1,培新街,双井桥北
57,25,26,2019-06-06 06:33:01,1,安化楼,广渠门内
57,24,29,2019-06-06 06:33:01,1,培新街,双井桥北
57,26,29,2019-06-06 06:34:01,1,广渠门内,双井桥北
57,26,31,2019-06-06 06:34:01,1,广渠门内,大北窑南
57,26,34,2019-06-06 06:34:01,1,广渠门内,四惠枢纽站
57,26,32,2019-06-06 06:34:01,1,广渠门内,大北窑东
57,27,27,2019-06-06 06:35:01,1,马圈,马圈
57,27,32,2019-06-06 06:36:01,1,马圈,大北窑东
57,31,32,2019-06-06 06:44:01,1,大北窑南,大北窑东
57,31,34,2019-06-06 06:44:01,1,大北窑南,四惠枢纽站
57,31,34,2019-06-06 06:44:01,1,大北窑南,四惠枢纽站
57,31,34,2019-06-06 06:44:01,1,大北窑南,四惠枢纽站
57,31,32,2019-06-06 06:44:01,1,大北窑南,大北窑东
57,31,34,2019-06-06 06:44:01,1,大北窑南,四惠枢纽站
57,32,33,2019-06-06 06:45:01,1,大北窑东,郎家园
57,1,13,2019-06-06 08:43:01,1,靛厂新村,牛街路口东
57,1,6,2019-06-06 08:43:01,1,靛厂新村,小井路口东
57,1,20,2019-06-06 08:43:01,1,靛厂新村,桥湾
57,1,23,2019-06-06 08:43:01,1,靛厂新村,榄杆市
57,1,16,2019-06-06 08:43:01,1,靛厂新村,虎坊桥路口东
57,1,22,2019-06-06 08:43:01,1,靛厂新村,磁器口西
57,1,5,2019-06-06 08:43:01,1,靛厂新村,白塔村
57,1,8,2019-06-06 08:43:01,1,靛厂新村,六里桥东
57,1,1,2019-06-06 08:43:01,1,靛厂新村,靛厂新村
57,1,1,2019-06-06 08:43:01,1,靛厂新村,靛厂新村
57,2,5,2019-06-06 08:44:01,1,岳各庄东路北口,白塔村
57,2,7,2019-06-06 08:44:01,1,岳各庄东路北口,六里桥西
57,2,5,2019-06-06 08:44:01,1,岳各庄东路北口,白塔村
57,2,5,2019-06-06 08:44:01,1,岳各庄东路北口,白塔村
57,2,3,2019-06-06 08:44:01,1,岳各庄东路北口,靛厂村南站
57,3,13,2019-06-06 08:47:01,1,靛厂村南站,牛街路口东
57,4,7,2019-06-06 08:47:01,1,水衙沟路东口,六里桥西
57,3,8,2019-06-06 08:47:01,1,靛厂村南站,六里桥东
57,3,24,2019-06-06 08:47:01,1,靛厂村南站,培新街
57,4,7,2019-06-06 08:48:01,1,水衙沟路东口,六里桥西
57,4,7,2019-06-06 08:48:01,1,水衙沟路东口,六里桥西
57,4,4,2019-06-06 08:48:01,1,水衙沟路东口,水衙沟路东口
57,5,12,2019-06-06 08:49:01,1,白塔村,广安门内
57,5,5,2019-06-06 08:49:01,1,白塔村,白塔村
57,7,9,2019-06-06 08:54:01,1,六里桥西,莲花池
57,7,13,2019-06-06 08:54:01,1,六里桥西,牛街路口东
57,7,17,2019-06-06 08:54:01,1,六里桥西,板章路
57,7,11,2019-06-06 08:54:01,1,六里桥西,达官营
57,8,8,2019-06-06 08:56:01,1,六里桥东,六里桥东
57,8,12,2019-06-06 08:56:01,1,六里桥东,广安门内
57,8,13,2019-06-06 08:56:01,1,六里桥东,牛街路口东
57,8,11,2019-06-06 08:56:01,1,六里桥东,达官营
57,8,13,2019-06-06 08:56:01,1,六里桥东,牛街路口东
57,8,16,2019-06-06 08:56:01,1,六里桥东,虎坊桥路口东
57,8,17,2019-06-06 08:56:01,1,六里桥东,板章路
57,8,12,2019-06-06 08:56:01,1,六里桥东,广安门内
57,8,11,2019-06-06 08:56:01,1,六里桥东,达官营
57,8,13,2019-06-06 08:56:01,1,六里桥东,牛街路口东
57,8,17,2019-06-06 08:56:01,1,六里桥东,板章路
57,8,17,2019-06-06 08:56:01,1,六里桥东,板章路
57,8,11,2019-06-06 08:56:01,1,六里桥东,达官营
57,8,11,2019-06-06 08:56:01,1,六里桥东,达官营
57,8,13,2019-06-06 08:56:01,1,六里桥东,牛街路口东
57,8,11,2019-06-06 08:56:01,1,六里桥东,达官营
57,8,16,2019-06-06 08:56:01,1,六里桥东,虎坊桥路口东
57,8,12,2019-06-06 08:56:01,1,六里桥东,广安门内
57,8,17,2019-06-06 08:56:01,1,六里桥东,板章路
57,8,16,2019-06-06 08:56:01,1,六里桥东,虎坊桥路口东
57,8,13,2019-06-06 08:56:01,1,六里桥东,牛街路口东
57,8,24,2019-06-06 08:57:01,1,六里桥东,培新街
57,8,11,2019-06-06 08:57:01,1,六里桥东,达官营
57,8,18,2019-06-06 08:57:01,1,六里桥东,过街楼
57,9,12,2019-06-06 09:02:01,1,莲花池,广安门内
57,10,12,2019-06-06 09:05:01,1,湾子,广安门内
57,10,12,2019-06-06 09:05:01,1,湾子,广安门内
57,11,12,2019-06-06 09:07:01,1,达官营,广安门内
57,11,12,2019-06-06 09:07:01,1,达官营,广安门内
57,11,12,2019-06-06 09:07:01,1,达官营,广安门内
57,11,26,2019-06-06 09:07:01,1,达官营,广渠门内
57,11,18,2019-06-06 09:07:01,1,达官营,过街楼
57,11,19,2019-06-06 09:07:01,1,达官营,东城三里河
57,12,13,2019-06-06 09:09:01,1,广安门内,牛街路口东
57,12,22,2019-06-06 09:09:01,1,广安门内,磁器口西
57,12,19,2019-06-06 09:09:01,1,广安门内,东城三里河
57,13,13,2019-06-06 09:10:01,1,牛街路口东,牛街路口东
57,12,20,2019-06-06 09:10:01,1,广安门内,桥湾
57,12,20,2019-06-06 09:10:01,1,广安门内,桥湾
57,13,23,2019-06-06 09:12:01,1,牛街路口东,榄杆市
57,13,25,2019-06-06 09:12:01,1,牛街路口东,安化楼
57,13,25,2019-06-06 09:12:01,1,牛街路口东,安化楼
57,13,24,2019-06-06 09:12:01,1,牛街路口东,培新街
57,13,26,2019-06-06 09:12:01,1,牛街路口东,广渠门内
57,13,26,2019-06-06 09:12:01,1,牛街路口东,广渠门内
57,13,21,2019-06-06 09:13:01,1,牛街路口东,水道子
57,13,26,2019-06-06 09:13:01,1,牛街路口东,广渠门内
57,15,15,2019-06-06 09:15:01,1,虎坊桥路口西,虎坊桥路口西
57,15,15,2019-06-06 09:15:01,1,虎坊桥路口西,虎坊桥路口西
57,15,15,2019-06-06 09:15:01,1,虎坊桥路口西,虎坊桥路口西
57,15,15,2019-06-06 09:15:01,1,虎坊桥路口西,虎坊桥路口西
57,14,15,2019-06-06 09:15:01,1,菜市口西,虎坊桥路口西
57,15,26,2019-06-06 09:15:01,1,虎坊桥路口西,广渠门内
57,14,24,2019-06-06 09:15:01,1,菜市口西,培新街
57,15,26,2019-06-06 09:15:01,1,虎坊桥路口西,广渠门内
57,15,15,2019-06-06 09:16:01,1,虎坊桥路口西,虎坊桥路口西
57,16,20,2019-06-06 09:20:01,1,虎坊桥路口东,桥湾
57,16,21,2019-06-06 09:20:01,1,虎坊桥路口东,水道子
57,16,22,2019-06-06 09:20:01,1,虎坊桥路口东,磁器口西
57,17,20,2019-06-06 09:22:01,1,板章路,桥湾
57,17,18,2019-06-06 09:22:01,1,板章路,过街楼
57,17,17,2019-06-06 09:22:01,1,板章路,板章路
57,17,21,2019-06-06 09:22:01,1,板章路,水道子
57,17,26,2019-06-06 09:22:01,1,板章路,广渠门内
57,19,20,2019-06-06 09:25:01,1,东城三里河,桥湾
57,20,26,2019-06-06 09:26:01,1,桥湾,广渠门内
57,21,22,2019-06-06 09:28:01,1,水道子,磁器口西
57,22,24,2019-06-06 09:29:01,1,磁器口西,培新街
57,22,22,2019-06-06 09:29:01,1,磁器口西,磁器口西
57,22,25,2019-06-06 09:29:01,1,磁器口西,安化楼
57,1,1,2019-06-06 06:42:01,1,靛厂新村,靛厂新村
57,1,13,2019-06-06 06:42:01,1,靛厂新村,牛街路口东
57,1,10,2019-06-06 06:42:01,1,靛厂新村,湾子
57,1,13,2019-06-06 06:42:01,1,靛厂新村,牛街路口东
57,1,12,2019-06-06 06:42:01,1,靛厂新村,广安门内
57,1,13,2019-06-06 06:42:01,1,靛厂新村,牛街路口东
57,1,15,2019-06-06 06:42:01,1,靛厂新村,虎坊桥路口西
57,1,17,2019-06-06 06:43:01,1,靛厂新村,板章路
57,1,7,2019-06-06 06:43:01,1,靛厂新村,六里桥西
57,1,7,2019-06-06 06:43:01,1,靛厂新村,六里桥西
57,1,8,2019-06-06 06:43:01,1,靛厂新村,六里桥东
57,2,34,2019-06-06 06:44:01,1,岳各庄东路北口,四惠枢纽站
57,2,34,2019-06-06 06:44:01,1,岳各庄东路北口,四惠枢纽站
57,2,13,2019-06-06 06:44:01,1,岳各庄东路北口,牛街路口东
57,2,8,2019-06-06 06:44:01,1,岳各庄东路北口,六里桥东
57,2,5,2019-06-06 06:44:01,1,岳各庄东路北口,白塔村
57,2,7,2019-06-06 06:44:01,1,岳各庄东路北口,六里桥西
57,3,13,2019-06-06 06:45:01,1,靛厂村南站,牛街路口东
57,3,13,2019-06-06 06:45:01,1,靛厂村南站,牛街路口东
57,3,12,2019-06-06 06:45:01,1,靛厂村南站,广安门内
57,3,18,2019-06-06 06:45:01,1,靛厂村南站,过街楼
57,3,15,2019-06-06 06:45:01,1,靛厂村南站,虎坊桥路口西
57,3,3,2019-06-06 06:45:01,1,靛厂村南站,靛厂村南站
57,3,3,2019-06-06 06:45:01,1,靛厂村南站,靛厂村南站
57,3,8,2019-06-06 06:45:01,1,靛厂村南站,六里桥东
57,3,7,2019-06-06 06:45:01,1,靛厂村南站,六里桥西
57,3,4,2019-06-06 06:45:01,1,靛厂村南站,水衙沟路东口
57,3,6,2019-06-06 06:45:01,1,靛厂村南站,小井路口东
57,4,34,2019-06-06 06:46:01,1,水衙沟路东口,四惠枢纽站
57,4,16,2019-06-06 06:46:01,1,水衙沟路东口,虎坊桥路口东
57,4,7,2019-06-06 06:46:01,1,水衙沟路东口,六里桥西
57,4,7,2019-06-06 06:46:01,1,水衙沟路东口,六里桥西
57,4,7,2019-06-06 06:46:01,1,水衙沟路东口,六里桥西
57,5,6,2019-06-06 06:47:01,1,白塔村,小井路口东
57,6,14,2019-06-06 06:50:01,1,小井路口东,菜市口西
57,6,10,2019-06-06 06:50:01,1,小井路口东,湾子
57,6,13,2019-06-06 06:50:01,1,小井路口东,牛街路口东
57,6,12,2019-06-06 06:50:01,1,小井路口东,广安门内
57,6,20,2019-06-06 06:50:01,1,小井路口东,桥湾
57,7,29,2019-06-06 06:53:01,1,六里桥西,双井桥北
57,7,10,2019-06-06 06:53:01,1,六里桥西,湾子
57,7,29,2019-06-06 06:53:01,1,六里桥西,双井桥北
57,7,24,2019-06-06 06:53:01,1,六里桥西,培新街
57,7,17,2019-06-06 06:53:01,1,六里桥西,板章路
57,8,31,2019-06-06 06:58:01,1,六里桥东,大北窑南
57,8,13,2019-06-06 06:58:01,1,六里桥东,牛街路口东
57,8,26,2019-06-06 06:58:01,1,六里桥东,广渠门内
57,8,16,2019-06-06 06:58:01,1,六里桥东,虎坊桥路口东
57,8,16,2019-06-06 06:58:01,1,六里桥东,虎坊桥路口东
57,11,11,2019-06-06 07:08:01,1,达官营,达官营
57,11,11,2019-06-06 07:10:01,1,达官营,达官营
57,12,12,2019-06-06 07:10:01,1,广安门内,广安门内
57,11,14,2019-06-06 07:10:01,1,达官营,菜市口西
57,11,22,2019-06-06 07:10:01,1,达官营,磁器口西
57,11,16,2019-06-06 07:10:01,1,达官营,虎坊桥路口东
57,11,17,2019-06-06 07:10:01,1,达官营,板章路
57,13,31,2019-06-06 07:17:01,1,牛街路口东,大北窑南
57,14,29,2019-06-06 07:19:01,1,菜市口西,双井桥北
57,14,29,2019-06-06 07:19:01,1,菜市口西,双井桥北
57,15,34,2019-06-06 07:21:01,1,虎坊桥路口西,四惠枢纽站
57,16,27,2019-06-06 07:24:01,1,虎坊桥路口东,马圈
57,16,16,2019-06-06 07:24:01,1,虎坊桥路口东,虎坊桥路口东
57,16,17,2019-06-06 07:24:01,1,虎坊桥路口东,板章路
57,16,16,2019-06-06 07:24:01,1,虎坊桥路口东,虎坊桥路口东
57,17,21,2019-06-06 07:25:01,1,板章路,水道子
57,18,18,2019-06-06 07:26:01,1,过街楼,过街楼
57,21,21,2019-06-06 07:30:01,1,水道子,水道子
57,21,31,2019-06-06 07:33:01,1,水道子,大北窑南
57,22,22,2019-06-06 07:33:01,1,磁器口西,磁器口西
57,23,34,2019-06-06 07:36:01,1,榄杆市,四惠枢纽站
57,23,33,2019-06-06 07:36:01,1,榄杆市,郎家园
57,25,34,2019-06-06 07:39:01,1,安化楼,四惠枢纽站
57,27,29,2019-06-06 07:48:01,1,马圈,双井桥北
57,27,29,2019-06-06 07:48:01,1,马圈,双井桥北
57,27,30,2019-06-06 07:48:01,1,马圈,双花园
57,28,31,2019-06-06 07:50:01,1,垂杨柳,大北窑南
57,28,31,2019-06-06 07:50:01,1,垂杨柳,大北窑南
57,28,31,2019-06-06 07:50:01,1,垂杨柳,大北窑南
57,29,33,2019-06-06 07:58:01,1,双井桥北,郎家园
57,29,34,2019-06-06 07:58:01,1,双井桥北,四惠枢纽站
57,29,33,2019-06-06 07:58:01,1,双井桥北,郎家园
57,29,31,2019-06-06 07:58:01,1,双井桥北,大北窑南
57,30,33,2019-06-06 08:00:01,1,双花园,郎家园
57,30,34,2019-06-06 08:00:01,1,双花园,四惠枢纽站
57,31,33,2019-06-06 08:04:01,1,大北窑南,郎家园
57,13,15,2019-06-06 06:31:01,1,牛街路口东,虎坊桥路口西
57,13,33,2019-06-06 06:31:01,1,牛街路口东,郎家园
57,13,32,2019-06-06 06:31:01,1,牛街路口东,大北窑东
57,13,33,2019-06-06 06:31:01,1,牛街路口东,郎家园
57,13,29,2019-06-06 06:31:01,1,牛街路口东,双井桥北
57,14,19,2019-06-06 06:33:01,1,菜市口西,东城三里河
57,14,20,2019-06-06 06:33:01,1,菜市口西,桥湾
57,14,19,2019-06-06 06:33:01,1,菜市口西,东城三里河
57,14,19,2019-06-06 06:33:01,1,菜市口西,东城三里河
57,14,30,2019-06-06 06:33:01,1,菜市口西,双花园
57,15,25,2019-06-06 06:35:01,1,虎坊桥路口西,安化楼
57,15,25,2019-06-06 06:35:01,1,虎坊桥路口西,安化楼
57,16,19,2019-06-06 06:37:01,1,虎坊桥路口东,东城三里河
57,16,19,2019-06-06 06:37:01,1,虎坊桥路口东,东城三里河
57,16,32,2019-06-06 06:37:01,1,虎坊桥路口东,大北窑东
57,16,29,2019-06-06 06:37:01,1,虎坊桥路口东,双井桥北
57,16,26,2019-06-06 06:37:01,1,虎坊桥路口东,广渠门内
57,17,32,2019-06-06 06:38:01,1,板章路,大北窑东
57,17,33,2019-06-06 06:38:01,1,板章路,郎家园
57,17,23,2019-06-06 06:38:01,1,板章路,榄杆市
57,18,34,2019-06-06 06:41:01,1,过街楼,四惠枢纽站
57,19,29,2019-06-06 06:42:01,1,东城三里河,双井桥北
57,20,34,2019-06-06 06:43:01,1,桥湾,四惠枢纽站
57,20,34,2019-06-06 06:43:01,1,桥湾,四惠枢纽站
57,21,32,2019-06-06 06:46:01,1,水道子,大北窑东
57,22,22,2019-06-06 06:46:01,1,磁器口西,磁器口西
57,21,26,2019-06-06 06:46:01,1,水道子,广渠门内
57,21,21,2019-06-06 06:46:01,1,水道子,水道子
57,22,27,2019-06-06 06:46:01,1,磁器口西,马圈
57,21,25,2019-06-06 06:46:01,1,水道子,安化楼
57,23,23,2019-06-06 06:47:01,1,榄杆市,榄杆市
57,23,34,2019-06-06 06:49:01,1,榄杆市,四惠枢纽站
57,23,34,2019-06-06 06:49:01,1,榄杆市,四惠枢纽站
57,23,32,2019-06-06 06:49:01,1,榄杆市,大北窑东
57,23,34,2019-06-06 06:49:01,1,榄杆市,四惠枢纽站
57,23,34,2019-06-06 06:49:01,1,榄杆市,四惠枢纽站
57,23,34,2019-06-06 06:49:01,1,榄杆市,四惠枢纽站
57,23,30,2019-06-06 06:49:01,1,榄杆市,双花园
57,23,29,2019-06-06 06:49:01,1,榄杆市,双井桥北
57,23,29,2019-06-06 06:49:01,1,榄杆市,双井桥北
57,24,32,2019-06-06 06:51:01,1,培新街,大北窑东
57,24,31,2019-06-06 06:51:01,1,培新街,大北窑南
57,24,27,2019-06-06 06:51:01,1,培新街,马圈
57,24,30,2019-06-06 06:51:01,1,培新街,双花园
57,24,30,2019-06-06 06:51:01,1,培新街,双花园
57,25,32,2019-06-06 06:53:01,1,安化楼,大北窑东
57,25,31,2019-06-06 06:53:01,1,安化楼,大北窑南
57,25,33,2019-06-06 06:53:01,1,安化楼,郎家园
57,25,29,2019-06-06 06:53:01,1,安化楼,双井桥北
57,25,29,2019-06-06 06:53:01,1,安化楼,双井桥北
57,26,32,2019-06-06 06:54:01,1,广渠门内,大北窑东
57,26,33,2019-06-06 06:54:01,1,广渠门内,郎家园
57,26,32,2019-06-06 06:54:01,1,广渠门内,大北窑东
57,26,33,2019-06-06 06:54:01,1,广渠门内,郎家园
57,26,26,2019-06-06 06:54:01,1,广渠门内,广渠门内
57,26,30,2019-06-06 06:54:01,1,广渠门内,双花园
57,26,30,2019-06-06 06:54:01,1,广渠门内,双花园
57,26,30,2019-06-06 06:54:01,1,广渠门内,双花园
57,26,30,2019-06-06 06:54:01,1,广渠门内,双花园
57,26,30,2019-06-06 06:54:01,1,广渠门内,双花园
57,26,29,2019-06-06 06:54:01,1,广渠门内,双井桥北
57,26,29,2019-06-06 06:54:01,1,广渠门内,双井桥北
57,26,29,2019-06-06 06:54:01,1,广渠门内,双井桥北
57,26,26,2019-06-06 06:54:01,1,广渠门内,广渠门内
57,27,32,2019-06-06 06:56:01,1,马圈,大北窑东
57,27,31,2019-06-06 06:56:01,1,马圈,大北窑南
57,27,29,2019-06-06 06:56:01,1,马圈,双井桥北
57,27,30,2019-06-06 06:56:01,1,马圈,双花园
57,28,34,2019-06-06 06:57:01,1,垂杨柳,四惠枢纽站
57,28,29,2019-06-06 06:57:01,1,垂杨柳,双井桥北
57,28,29,2019-06-06 06:57:01,1,垂杨柳,双井桥北
57,28,29,2019-06-06 06:57:01,1,垂杨柳,双井桥北
57,28,30,2019-06-06 06:57:01,1,垂杨柳,双花园
57,28,30,2019-06-06 06:57:01,1,垂杨柳,双花园
57,29,33,2019-06-06 07:01:01,1,双井桥北,郎家园
57,29,33,2019-06-06 07:01:01,1,双井桥北,郎家园
57,30,33,2019-06-06 07:03:01,1,双花园,郎家园
57,31,32,2019-06-06 07:05:01,1,大北窑南,大北窑东
57,31,32,2019-06-06 07:05:01,1,大北窑南,大北窑东
57,31,33,2019-06-06 07:05:01,1,大北窑南,郎家园
57,31,32,2019-06-06 07:05:01,1,大北窑南,大北窑东
57,31,31,2019-06-06 07:05:01,1,大北窑南,大北窑南
57,31,33,2019-06-06 07:05:01,1,大北窑南,郎家园
57,31,34,2019-06-06 07:05:01,1,大北窑南,四惠枢纽站
57,31,32,2019-06-06 07:05:01,1,大北窑南,大北窑东
57,31,32,2019-06-06 07:05:01,1,大北窑南,大北窑东
57,32,33,2019-06-06 07:08:01,1,大北窑东,郎家园
57,33,34,2019-06-06 07:09:01,1,郎家园,四惠枢纽站
57,1,8,2019-06-06 09:01:01,1,靛厂新村,六里桥东
57,1,8,2019-06-06 09:01:01,1,靛厂新村,六里桥东
57,1,10,2019-06-06 09:01:01,1,靛厂新村,湾子
57,1,8,2019-06-06 09:01:01,1,靛厂新村,六里桥东
57,1,10,2019-06-06 09:01:01,1,靛厂新村,湾子
57,1,10,2019-06-06 09:01:01,1,靛厂新村,湾子
57,1,8,2019-06-06 09:01:01,1,靛厂新村,六里桥东
57,1,16,2019-06-06 09:01:01,1,靛厂新村,虎坊桥路口东
57,1,7,2019-06-06 09:01:01,1,靛厂新村,六里桥西
57,1,8,2019-06-06 09:01:01,1,靛厂新村,六里桥东
57,1,3,2019-06-06 09:01:01,1,靛厂新村,靛厂村南站
57,1,8,2019-06-06 09:01:01,1,靛厂新村,六里桥东
57,2,11,2019-06-06 09:02:01,1,岳各庄东路北口,达官营
57,2,32,2019-06-06 09:02:01,1,岳各庄东路北口,大北窑东
57,2,4,2019-06-06 09:02:01,1,岳各庄东路北口,水衙沟路东口
57,2,4,2019-06-06 09:02:01,1,岳各庄东路北口,水衙沟路东口
57,2,4,2019-06-06 09:02:01,1,岳各庄东路北口,水衙沟路东口
57,3,9,2019-06-06 09:05:01,1,靛厂村南站,莲花池
57,3,12,2019-06-06 09:05:01,1,靛厂村南站,广安门内
57,3,17,2019-06-06 09:05:01,1,靛厂村南站,板章路
57,3,17,2019-06-06 09:05:01,1,靛厂村南站,板章路
57,3,17,2019-06-06 09:05:01,1,靛厂村南站,板章路
57,3,7,2019-06-06 09:05:01,1,靛厂村南站,六里桥西
57,4,12,2019-06-06 09:06:01,1,水衙沟路东口,广安门内
57,4,29,2019-06-06 09:06:01,1,水衙沟路东口,双井桥北
57,4,30,2019-06-06 09:06:01,1,水衙沟路东口,双花园
57,4,16,2019-06-06 09:06:01,1,水衙沟路东口,虎坊桥路口东
57,4,7,2019-06-06 09:06:01,1,水衙沟路东口,六里桥西
57,4,6,2019-06-06 09:06:01,1,水衙沟路东口,小井路口东
57,6,13,2019-06-06 09:09:01,1,小井路口东,牛街路口东
57,6,22,2019-06-06 09:09:01,1,小井路口东,磁器口西
57,7,32,2019-06-06 09:12:01,1,六里桥西,大北窑东
57,8,8,2019-06-06 09:12:01,1,六里桥东,六里桥东
57,8,13,2019-06-06 09:14:01,1,六里桥东,牛街路口东
57,8,11,2019-06-06 09:14:01,1,六里桥东,达官营
57,8,11,2019-06-06 09:14:01,1,六里桥东,达官营
57,8,13,2019-06-06 09:14:01,1,六里桥东,牛街路口东
57,8,11,2019-06-06 09:14:01,1,六里桥东,达官营
57,8,13,2019-06-06 09:14:01,1,六里桥东,牛街路口东
57,8,13,2019-06-06 09:14:01,1,六里桥东,牛街路口东
57,8,9,2019-06-06 09:14:01,1,六里桥东,莲花池
57,8,12,2019-06-06 09:14:01,1,六里桥东,广安门内
57,8,10,2019-06-06 09:14:01,1,六里桥东,湾子
57,8,30,2019-06-06 09:14:01,1,六里桥东,双花园
57,8,22,2019-06-06 09:14:01,1,六里桥东,磁器口西
57,8,17,2019-06-06 09:14:01,1,六里桥东,板章路
57,8,15,2019-06-06 09:14:01,1,六里桥东,虎坊桥路口西
57,8,22,2019-06-06 09:14:01,1,六里桥东,磁器口西
57,8,17,2019-06-06 09:14:01,1,六里桥东,板章路
57,8,15,2019-06-06 09:14:01,1,六里桥东,虎坊桥路口西
57,8,26,2019-06-06 09:14:01,1,六里桥东,广渠门内
57,9,12,2019-06-06 09:17:01,1,莲花池,广安门内
57,9,15,2019-06-06 09:17:01,1,莲花池,虎坊桥路口西
57,10,31,2019-06-06 09:18:01,1,湾子,大北窑南
57,11,11,2019-06-06 09:21:01,1,达官营,达官营
57,11,11,2019-06-06 09:21:01,1,达官营,达官营
57,12,34,2019-06-06 09:23:01,1,广安门内,四惠枢纽站
57,12,34,2019-06-06 09:23:01,1,广安门内,四惠枢纽站
57,12,27,2019-06-06 09:23:01,1,广安门内,马圈
57,12,16,2019-06-06 09:23:01,1,广安门内,虎坊桥路口东
57,12,18,2019-06-06 09:23:01,1,广安门内,过街楼
57,12,27,2019-06-06 09:23:01,1,广安门内,马圈
57,13,29,2019-06-06 09:26:01,1,牛街路口东,双井桥北
57,13,13,2019-06-06 09:26:01,1,牛街路口东,牛街路口东
57,13,22,2019-06-06 09:26:01,1,牛街路口东,磁器口西
57,13,24,2019-06-06 09:26:01,1,牛街路口东,培新街
57,13,27,2019-06-06 09:26:01,1,牛街路口东,马圈
57,13,27,2019-06-06 09:26:01,1,牛街路口东,马圈
57,13,25,2019-06-06 09:26:01,1,牛街路口东,安化楼
57,14,32,2019-06-06 09:29:01,1,菜市口西,大北窑东
57,14,34,2019-06-06 09:29:01,1,菜市口西,四惠枢纽站
57,14,31,2019-06-06 09:29:01,1,菜市口西,大北窑南
57,14,18,2019-06-06 09:29:01,1,菜市口西,过街楼
57,1,11,2019-06-06 07:29:01,1,靛厂新村,达官营
57,1,11,2019-06-06 07:29:01,1,靛厂新村,达官营
57,1,8,2019-06-06 07:29:01,1,靛厂新村,六里桥东
57,1,11,2019-06-06 07:29:01,1,靛厂新村,达官营
57,1,11,2019-06-06 07:29:01,1,靛厂新村,达官营
57,1,25,2019-06-06 07:29:01,1,靛厂新村,安化楼
57,1,11,2019-06-06 07:29:01,1,靛厂新村,达官营
57,1,11,2019-06-06 07:29:01,1,靛厂新村,达官营
57,2,19,2019-06-06 07:30:01,1,岳各庄东路北口,东城三里河
57,2,11,2019-06-06 07:30:01,1,岳各庄东路北口,达官营
57,2,7,2019-06-06 07:30:01,1,岳各庄东路北口,六里桥西
57,2,6,2019-06-06 07:30:01,1,岳各庄东路北口,小井路口东
57,2,4,2019-06-06 07:30:01,1,岳各庄东路北口,水衙沟路东口
57,2,4,2019-06-06 07:30:01,1,岳各庄东路北口,水衙沟路东口
57,2,4,2019-06-06 07:30:01,1,岳各庄东路北口,水衙沟路东口
57,2,4,2019-06-06 07:30:01,1,岳各庄东路北口,水衙沟路东口
57,3,4,2019-06-06 07:31:01,1,靛厂村南站,水衙沟路东口
57,3,4,2019-06-06 07:31:01,1,靛厂村南站,水衙沟路东口
57,3,3,2019-06-06 07:31:01,1,靛厂村南站,靛厂村南站
57,3,5,2019-06-06 07:32:01,1,靛厂村南站,白塔村
57,3,4,2019-06-06 07:32:01,1,靛厂村南站,水衙沟路东口
57,3,4,2019-06-06 07:32:01,1,靛厂村南站,水衙沟路东口
57,4,7,2019-06-06 07:33:01,1,水衙沟路东口,六里桥西
57,4,7,2019-06-06 07:33:01,1,水衙沟路东口,六里桥西
57,4,8,2019-06-06 07:33:01,1,水衙沟路东口,六里桥东
57,4,10,2019-06-06 07:33:01,1,水衙沟路东口,湾子
57,4,10,2019-06-06 07:33:01,1,水衙沟路东口,湾子
57,4,4,2019-06-06 07:33:01,1,水衙沟路东口,水衙沟路东口
57,4,4,2019-06-06 07:33:01,1,水衙沟路东口,水衙沟路东口
57,4,5,2019-06-06 07:33:01,1,水衙沟路东口,白塔村
57,4,7,2019-06-06 07:35:01,1,水衙沟路东口,六里桥西
57,4,7,2019-06-06 07:43:01,1,水衙沟路东口,六里桥西
57,5,12,2019-06-06 07:53:01,1,白塔村,广安门内
57,5,15,2019-06-06 07:53:01,1,白塔村,虎坊桥路口西
57,5,23,2019-06-06 07:53:01,1,白塔村,榄杆市
57,5,16,2019-06-06 07:53:01,1,白塔村,虎坊桥路口东
57,5,12,2019-06-06 07:53:01,1,白塔村,广安门内
57,5,5,2019-06-06 07:53:01,1,白塔村,白塔村
57,5,12,2019-06-06 07:53:01,1,白塔村,广安门内
57,5,13,2019-06-06 07:53:01,1,白塔村,牛街路口东
57,5,13,2019-06-06 07:54:01,1,白塔村,牛街路口东
57,6,15,2019-06-06 07:54:01,1,小井路口东,虎坊桥路口西
57,5,15,2019-06-06 07:54:01,1,白塔村,虎坊桥路口西
57,6,12,2019-06-06 07:54:01,1,小井路口东,广安门内
57,5,25,2019-06-06 07:54:01,1,白塔村,安化楼
57,5,14,2019-06-06 07:54:01,1,白塔村,菜市口西
57,5,8,2019-06-06 07:54:01,1,白塔村,六里桥东
57,5,8,2019-06-06 07:54:01,1,白塔村,六里桥东
57,5,7,2019-06-06 07:54:01,1,白塔村,六里桥西
57,5,10,2019-06-06 07:54:01,1,白塔村,湾子
57,5,7,2019-06-06 07:54:01,1,白塔村,六里桥西
57,5,10,2019-06-06 07:54:01,1,白塔村,湾子
57,5,9,2019-06-06 07:54:01,1,白塔村,莲花池
57,5,10,2019-06-06 07:54:01,1,白塔村,湾子
57,5,8,2019-06-06 07:54:01,1,白塔村,六里桥东
57,5,6,2019-06-06 07:54:01,1,白塔村,小井路口东
57,5,11,2019-06-06 07:54:01,1,白塔村,达官营
57,5,5,2019-06-06 07:54:01,1,白塔村,白塔村
57,5,5,2019-06-06 07:54:01,1,白塔村,白塔村
57,5,12,2019-06-06 07:54:01,1,白塔村,广安门内
57,5,12,2019-06-06 07:54:01,1,白塔村,广安门内
57,6,33,2019-06-06 08:04:01,1,小井路口东,郎家园
57,6,10,2019-06-06 08:04:01,1,小井路口东,湾子
57,6,11,2019-06-06 08:04:01,1,小井路口东,达官营
57,6,6,2019-06-06 08:04:01,1,小井路口东,小井路口东
57,6,11,2019-06-06 08:04:01,1,小井路口东,达官营
57,6,15,2019-06-06 08:04:01,1,小井路口东,虎坊桥路口西
57,6,12,2019-06-06 08:04:01,1,小井路口东,广安门内
57,7,10,2019-06-06 08:07:01,1,六里桥西,湾子
57,7,11,2019-06-06 08:07:01,1,六里桥西,达官营
57,8,20,2019-06-06 08:09:01,1,六里桥东,桥湾
57,8,8,2019-06-06 08:09:01,1,六里桥东,六里桥东
57,8,15,2019-06-06 08:10:01,1,六里桥东,虎坊桥路口西
57,8,17,2019-06-06 08:10:01,1,六里桥东,板章路
57,8,10,2019-06-06 08:10:01,1,六里桥东,湾子
57,8,12,2019-06-06 08:10:01,1,六里桥东,广安门内
57,8,14,2019-06-06 08:10:01,1,六里桥东,菜市口西
57,8,12,2019-06-06 08:10:01,1,六里桥东,广安门内
57,10,14,2019-06-06 08:17:01,1,湾子,菜市口西
57,10,12,2019-06-06 08:17:01,1,湾子,广安门内
57,10,23,2019-06-06 08:17:01,1,湾子,榄杆市
57,10,10,2019-06-06 08:17:01,1,湾子,湾子
57,10,13,2019-06-06 08:17:01,1,湾子,牛街路口东
57,11,12,2019-06-06 08:20:01,1,达官营,广安门内
57,11,18,2019-06-06 08:20:01,1,达官营,过街楼
57,11,21,2019-06-06 08:20:01,1,达官营,水道子
57,11,27,2019-06-06 08:20:01,1,达官营,马圈
57,11,29,2019-06-06 08:20:01,1,达官营,双井桥北
57,11,12,2019-06-06 08:20:01,1,达官营,广安门内
57,12,15,2019-06-06 08:22:01,1,广安门内,虎坊桥路口西
57,14,34,2019-06-06 08:25:01,1,菜市口西,四惠枢纽站
57,14,25,2019-06-06 08:25:01,1,菜市口西,安化楼
57,15,21,2019-06-06 08:25:01,1,虎坊桥路口西,水道子
57,15,33,2019-06-06 08:26:01,1,虎坊桥路口西,郎家园
57,15,19,2019-06-06 08:26:01,1,虎坊桥路口西,东城三里河
57,15,19,2019-06-06 08:26:01,1,虎坊桥路口西,东城三里河
57,20,27,2019-06-06 08:33:01,1,桥湾,马圈
57,21,30,2019-06-06 08:36:01,1,水道子,双花园
57,23,34,2019-06-06 08:37:01,1,榄杆市,四惠枢纽站
57,23,30,2019-06-06 08:37:01,1,榄杆市,双花园
57,24,30,2019-06-06 08:38:01,1,培新街,双花园
57,23,31,2019-06-06 08:38:01,1,榄杆市,大北窑南
57,23,28,2019-06-06 08:38:01,1,榄杆市,垂杨柳
57,23,25,2019-06-06 08:38:01,1,榄杆市,安化楼
57,24,27,2019-06-06 08:38:01,1,培新街,马圈
57,23,27,2019-06-06 08:38:01,1,榄杆市,马圈
57,24,27,2019-06-06 08:38:01,1,培新街,马圈
57,23,29,2019-06-06 08:38:01,1,榄杆市,双井桥北
57,23,31,2019-06-06 08:38:01,1,榄杆市,大北窑南
57,24,31,2019-06-06 08:39:01,1,培新街,大北窑南
57,24,30,2019-06-06 08:39:01,1,培新街,双花园
57,25,25,2019-06-06 08:40:01,1,安化楼,安化楼
57,25,32,2019-06-06 08:40:01,1,安化楼,大北窑东
57,25,26,2019-06-06 08:40:01,1,安化楼,广渠门内
57,25,27,2019-06-06 08:40:01,1,安化楼,马圈
57,25,26,2019-06-06 08:40:01,1,安化楼,广渠门内
57,25,29,2019-06-06 08:40:01,1,安化楼,双井桥北
57,27,27,2019-06-06 08:44:01,1,马圈,马圈
57,26,27,2019-06-06 08:44:01,1,广渠门内,马圈
57,26,29,2019-06-06 08:44:01,1,广渠门内,双井桥北
57,28,31,2019-06-06 08:45:01,1,垂杨柳,大北窑南
57,6,8,2019-06-06 06:31:01,1,小井路口东,六里桥东
57,6,7,2019-06-06 06:33:01,1,小井路口东,六里桥西
57,6,6,2019-06-06 06:33:01,1,小井路口东,小井路口东
57,6,6,2019-06-06 06:33:01,1,小井路口东,小井路口东
57,6,18,2019-06-06 06:33:01,1,小井路口东,过街楼
57,6,17,2019-06-06 06:33:01,1,小井路口东,板章路
57,6,19,2019-06-06 06:33:01,1,小井路口东,东城三里河
57,6,25,2019-06-06 06:33:01,1,小井路口东,安化楼
57,6,23,2019-06-06 06:33:01,1,小井路口东,榄杆市
57,6,20,2019-06-06 06:33:01,1,小井路口东,桥湾
57,6,12,2019-06-06 06:33:01,1,小井路口东,广安门内
57,6,11,2019-06-06 06:33:01,1,小井路口东,达官营
57,6,10,2019-06-06 06:33:01,1,小井路口东,湾子
57,6,9,2019-06-06 06:33:01,1,小井路口东,莲花池
57,6,9,2019-06-06 06:33:01,1,小井路口东,莲花池
57,6,15,2019-06-06 06:33:01,1,小井路口东,虎坊桥路口西
57,6,9,2019-06-06 06:33:01,1,小井路口东,莲花池
57,6,7,2019-06-06 06:34:01,1,小井路口东,六里桥西
57,6,6,2019-06-06 06:34:01,1,小井路口东,小井路口东
57,6,8,2019-06-06 06:34:01,1,小井路口东,六里桥东
57,6,8,2019-06-06 06:34:01,1,小井路口东,六里桥东
57,6,6,2019-06-06 06:34:01,1,小井路口东,小井路口东
57,6,8,2019-06-06 06:34:01,1,小井路口东,六里桥东
57,6,7,2019-06-06 06:34:01,1,小井路口东,六里桥西
57,6,8,2019-06-06 06:34:01,1,小井路口东,六里桥东
57,6,17,2019-06-06 06:34:01,1,小井路口东,板章路
57,6,23,2019-06-06 06:34:01,1,小井路口东,榄杆市
57,6,17,2019-06-06 06:34:01,1,小井路口东,板章路
57,6,9,2019-06-06 06:34:01,1,小井路口东,莲花池
57,6,10,2019-06-06 06:34:01,1,小井路口东,湾子
57,6,14,2019-06-06 06:34:01,1,小井路口东,菜市口西
57,6,14,2019-06-06 06:34:01,1,小井路口东,菜市口西
57,7,17,2019-06-06 06:42:01,1,六里桥西,板章路
57,7,17,2019-06-06 06:42:01,1,六里桥西,板章路
57,7,23,2019-06-06 06:42:01,1,六里桥西,榄杆市
57,7,23,2019-06-06 06:42:01,1,六里桥西,榄杆市
57,8,18,2019-06-06 06:44:01,1,六里桥东,过街楼
57,8,21,2019-06-06 06:44:01,1,六里桥东,水道子
57,8,21,2019-06-06 06:44:01,1,六里桥东,水道子
57,8,12,2019-06-06 06:44:01,1,六里桥东,广安门内
57,8,8,2019-06-06 06:44:01,1,六里桥东,六里桥东
57,8,12,2019-06-06 06:44:01,1,六里桥东,广安门内
57,8,8,2019-06-06 06:44:01,1,六里桥东,六里桥东
57,8,21,2019-06-06 06:47:01,1,六里桥东,水道子
57,8,21,2019-06-06 06:47:01,1,六里桥东,水道子
57,9,9,2019-06-06 06:50:01,1,莲花池,莲花池
57,10,23,2019-06-06 06:53:01,1,湾子,榄杆市
57,10,25,2019-06-06 06:53:01,1,湾子,安化楼
57,10,23,2019-06-06 06:53:01,1,湾子,榄杆市
57,11,20,2019-06-06 06:55:01,1,达官营,桥湾
57,11,13,2019-06-06 06:55:01,1,达官营,牛街路口东
57,12,19,2019-06-06 06:57:01,1,广安门内,东城三里河
57,12,17,2019-06-06 06:57:01,1,广安门内,板章路
57,12,20,2019-06-06 06:57:01,1,广安门内,桥湾
57,12,21,2019-06-06 06:57:01,1,广安门内,水道子
57,12,17,2019-06-06 06:57:01,1,广安门内,板章路
57,13,19,2019-06-06 06:58:01,1,牛街路口东,东城三里河
57,13,21,2019-06-06 06:58:01,1,牛街路口东,水道子
57,13,21,2019-06-06 06:58:01,1,牛街路口东,水道子
57,13,13,2019-06-06 06:58:01,1,牛街路口东,牛街路口东
57,14,18,2019-06-06 07:01:01,1,菜市口西,过街楼
57,15,18,2019-06-06 07:02:01,1,虎坊桥路口西,过街楼
57,15,19,2019-06-06 07:02:01,1,虎坊桥路口西,东城三里河
57,16,18,2019-06-06 07:03:01,1,虎坊桥路口东,过街楼
57,16,18,2019-06-06 07:03:01,1,虎坊桥路口东,过街楼
57,16,23,2019-06-06 07:03:01,1,虎坊桥路口东,榄杆市
57,17,18,2019-06-06 07:05:01,1,板章路,过街楼
57,17,19,2019-06-06 07:05:01,1,板章路,东城三里河
57,17,21,2019-06-06 07:05:01,1,板章路,水道子
57,17,21,2019-06-06 07:05:01,1,板章路,水道子
57,17,23,2019-06-06 07:05:01,1,板章路,榄杆市
57,17,21,2019-06-06 07:05:01,1,板章路,水道子
57,17,21,2019-06-06 07:05:01,1,板章路,水道子
57,17,21,2019-06-06 07:05:01,1,板章路,水道子
57,17,21,2019-06-06 07:07:01,1,板章路,水道子
57,17,21,2019-06-06 07:07:01,1,板章路,水道子
57,17,21,2019-06-06 07:07:01,1,板章路,水道子
57,17,25,2019-06-06 07:07:01,1,板章路,安化楼
57,17,25,2019-06-06 07:07:01,1,板章路,安化楼
57,17,23,2019-06-06 07:07:01,1,板章路,榄杆市
57,18,19,2019-06-06 07:09:01,1,过街楼,东城三里河
57,18,21,2019-06-06 07:09:01,1,过街楼,水道子
57,18,23,2019-06-06 07:09:01,1,过街楼,榄杆市
57,18,23,2019-06-06 07:09:01,1,过街楼,榄杆市
57,18,21,2019-06-06 07:09:01,1,过街楼,水道子
57,18,25,2019-06-06 07:09:01,1,过街楼,安化楼
57,18,23,2019-06-06 07:09:01,1,过街楼,榄杆市
57,18,23,2019-06-06 07:09:01,1,过街楼,榄杆市
57,18,21,2019-06-06 07:09:01,1,过街楼,水道子
57,19,21,2019-06-06 07:10:01,1,东城三里河,水道子
57,19,21,2019-06-06 07:10:01,1,东城三里河,水道子
57,19,23,2019-06-06 07:10:01,1,东城三里河,榄杆市
57,19,21,2019-06-06 07:10:01,1,东城三里河,水道子
57,19,25,2019-06-06 07:10:01,1,东城三里河,安化楼
57,20,23,2019-06-06 07:12:01,1,桥湾,榄杆市
57,20,25,2019-06-06 07:12:01,1,桥湾,安化楼
57,20,25,2019-06-06 07:12:01,1,桥湾,安化楼
57,21,24,2019-06-06 07:14:01,1,水道子,培新街
57,21,21,2019-06-06 07:14:01,1,水道子,水道子
57,21,25,2019-06-06 07:18:01,1,水道子,安化楼
57,21,24,2019-06-06 07:19:01,1,水道子,培新街
57,21,21,2019-06-06 07:19:01,1,水道子,水道子
57,23,24,2019-06-06 07:22:01,1,榄杆市,培新街
57,23,24,2019-06-06 07:22:01,1,榄杆市,培新街
57,23,23,2019-06-06 07:22:01,1,榄杆市,榄杆市
57,23,24,2019-06-06 07:22:01,1,榄杆市,培新街
57,23,24,2019-06-06 07:22:01,1,榄杆市,培新街
57,24,24,2019-06-06 07:26:01,1,培新街,培新街
57,24,25,2019-06-06 07:26:01,1,培新街,安化楼
57,13,21,2019-06-06 09:09:01,1,牛街路口东,水道子
57,1,2,2019-06-06 09:13:01,1,靛厂新村,岳各庄东路北口
57,1,11,2019-06-06 09:13:01,1,靛厂新村,达官营
57,1,9,2019-06-06 09:13:01,1,靛厂新村,莲花池
57,1,4,2019-06-06 09:13:01,1,靛厂新村,水衙沟路东口
57,1,9,2019-06-06 09:13:01,1,靛厂新村,莲花池
57,1,9,2019-06-06 09:13:01,1,靛厂新村,莲花池
57,1,8,2019-06-06 09:13:01,1,靛厂新村,六里桥东
57,1,8,2019-06-06 09:14:01,1,靛厂新村,六里桥东
57,1,8,2019-06-06 09:14:01,1,靛厂新村,六里桥东
57,1,5,2019-06-06 09:14:01,1,靛厂新村,白塔村
57,1,8,2019-06-06 09:14:01,1,靛厂新村,六里桥东
57,1,5,2019-06-06 09:14:01,1,靛厂新村,白塔村
57,1,1,2019-06-06 09:15:01,1,靛厂新村,靛厂新村
57,1,1,2019-06-06 09:15:01,1,靛厂新村,靛厂新村
57,1,4,2019-06-06 09:15:01,1,靛厂新村,水衙沟路东口
57,1,5,2019-06-06 09:15:01,1,靛厂新村,白塔村
57,2,5,2019-06-06 09:17:01,1,岳各庄东路北口,白塔村
57,2,5,2019-06-06 09:17:01,1,岳各庄东路北口,白塔村
57,2,2,2019-06-06 09:18:01,1,岳各庄东路北口,岳各庄东路北口
57,2,5,2019-06-06 09:18:01,1,岳各庄东路北口,白塔村
57,2,9,2019-06-06 09:18:01,1,岳各庄东路北口,莲花池
57,2,9,2019-06-06 09:18:01,1,岳各庄东路北口,莲花池
57,2,9,2019-06-06 09:18:01,1,岳各庄东路北口,莲花池
57,2,9,2019-06-06 09:18:01,1,岳各庄东路北口,莲花池
57,4,9,2019-06-06 09:22:01,1,水衙沟路东口,莲花池
57,4,5,2019-06-06 09:25:01,1,水衙沟路东口,白塔村
57,4,9,2019-06-06 09:25:01,1,水衙沟路东口,莲花池
57,4,20,2019-06-06 09:25:01,1,水衙沟路东口,桥湾
57,5,13,2019-06-06 09:27:01,1,白塔村,牛街路口东
57,5,9,2019-06-06 09:27:01,1,白塔村,莲花池
57,3,12,2019-06-06 06:38:01,1,靛厂村南站,广安门内
57,3,9,2019-06-06 06:38:01,1,靛厂村南站,莲花池
57,3,11,2019-06-06 06:38:01,1,靛厂村南站,达官营
57,3,13,2019-06-06 06:38:01,1,靛厂村南站,牛街路口东
57,1,6,2019-06-06 06:38:01,1,靛厂新村,小井路口东
57,2,7,2019-06-06 06:38:01,1,岳各庄东路北口,六里桥西
57,2,9,2019-06-06 06:39:01,1,岳各庄东路北口,莲花池
57,3,7,2019-06-06 06:40:01,1,靛厂村南站,六里桥西
57,3,7,2019-06-06 06:40:01,1,靛厂村南站,六里桥西
57,3,11,2019-06-06 06:41:01,1,靛厂村南站,达官营
57,3,11,2019-06-06 06:41:01,1,靛厂村南站,达官营
57,4,9,2019-06-06 06:42:01,1,水衙沟路东口,莲花池
57,4,8,2019-06-06 06:42:01,1,水衙沟路东口,六里桥东
57,4,8,2019-06-06 06:42:01,1,水衙沟路东口,六里桥东
57,4,8,2019-06-06 06:42:01,1,水衙沟路东口,六里桥东
57,4,7,2019-06-06 06:42:01,1,水衙沟路东口,六里桥西
57,5,5,2019-06-06 06:43:01,1,白塔村,白塔村
57,5,5,2019-06-06 06:43:01,1,白塔村,白塔村
57,5,16,2019-06-06 06:43:01,1,白塔村,虎坊桥路口东
57,5,9,2019-06-06 06:47:01,1,白塔村,莲花池
57,5,5,2019-06-06 06:47:01,1,白塔村,白塔村
57,6,9,2019-06-06 06:49:01,1,小井路口东,莲花池
57,7,9,2019-06-06 06:49:01,1,六里桥西,莲花池
57,6,7,2019-06-06 06:49:01,1,小井路口东,六里桥西
57,8,20,2019-06-06 06:53:01,1,六里桥东,桥湾
57,8,11,2019-06-06 06:53:01,1,六里桥东,达官营
57,7,12,2019-06-06 06:53:01,1,六里桥西,广安门内
57,7,10,2019-06-06 06:53:01,1,六里桥西,湾子
57,8,12,2019-06-06 06:53:01,1,六里桥东,广安门内
57,7,12,2019-06-06 06:53:01,1,六里桥西,广安门内
57,7,12,2019-06-06 06:53:01,1,六里桥西,广安门内
57,7,12,2019-06-06 06:53:01,1,六里桥西,广安门内
57,8,14,2019-06-06 06:53:01,1,六里桥东,菜市口西
57,7,13,2019-06-06 06:53:01,1,六里桥西,牛街路口东
57,8,12,2019-06-06 06:54:01,1,六里桥东,广安门内
57,8,9,2019-06-06 06:54:01,1,六里桥东,莲花池
57,8,10,2019-06-06 06:54:01,1,六里桥东,湾子
57,8,8,2019-06-06 06:54:01,1,六里桥东,六里桥东
57,8,7,2019-06-06 06:54:01,1,六里桥东,六里桥西
57,8,13,2019-06-06 06:59:01,1,六里桥东,牛街路口东
57,7,11,2019-06-06 07:02:01,1,六里桥西,达官营
57,7,20,2019-06-06 07:02:01,1,六里桥西,桥湾
57,7,18,2019-06-06 07:02:01,1,六里桥西,过街楼
57,7,14,2019-06-06 07:02:01,1,六里桥西,菜市口西
57,8,8,2019-06-06 07:02:01,1,六里桥东,六里桥东
57,8,9,2019-06-06 07:04:01,1,六里桥东,莲花池
57,9,9,2019-06-06 07:04:01,1,莲花池,莲花池
57,9,9,2019-06-06 07:04:01,1,莲花池,莲花池
57,9,12,2019-06-06 07:04:01,1,莲花池,广安门内
57,9,11,2019-06-06 07:04:01,1,莲花池,达官营
57,8,16,2019-06-06 07:04:01,1,六里桥东,虎坊桥路口东
57,8,18,2019-06-06 07:04:01,1,六里桥东,过街楼
57,9,15,2019-06-06 07:04:01,1,莲花池,虎坊桥路口西
57,8,20,2019-06-06 07:04:01,1,六里桥东,桥湾
57,9,13,2019-06-06 07:04:01,1,莲花池,牛街路口东
57,9,15,2019-06-06 07:04:01,1,莲花池,虎坊桥路口西
57,9,13,2019-06-06 07:04:01,1,莲花池,牛街路口东
57,8,14,2019-06-06 07:04:01,1,六里桥东,菜市口西
57,8,8,2019-06-06 07:04:01,1,六里桥东,六里桥东
57,9,12,2019-06-06 07:06:01,1,莲花池,广安门内
57,9,20,2019-06-06 07:07:01,1,莲花池,桥湾
57,9,13,2019-06-06 07:07:01,1,莲花池,牛街路口东
57,9,12,2019-06-06 07:07:01,1,莲花池,广安门内
57,9,13,2019-06-06 07:07:01,1,莲花池,牛街路口东
57,9,13,2019-06-06 07:07:01,1,莲花池,牛街路口东
57,9,20,2019-06-06 07:07:01,1,莲花池,桥湾
57,9,20,2019-06-06 07:07:01,1,莲花池,桥湾
57,9,18,2019-06-06 07:07:01,1,莲花池,过街楼
57,9,10,2019-06-06 07:07:01,1,莲花池,湾子
57,9,12,2019-06-06 07:07:01,1,莲花池,广安门内
57,9,10,2019-06-06 07:07:01,1,莲花池,湾子
57,9,10,2019-06-06 07:07:01,1,莲花池,湾子
57,9,12,2019-06-06 07:07:01,1,莲花池,广安门内
57,9,11,2019-06-06 07:07:01,1,莲花池,达官营
57,9,11,2019-06-06 07:07:01,1,莲花池,达官营
57,9,13,2019-06-06 07:07:01,1,莲花池,牛街路口东
57,11,20,2019-06-06 07:09:01,1,达官营,桥湾
57,11,20,2019-06-06 07:09:01,1,达官营,桥湾
57,11,20,2019-06-06 07:10:01,1,达官营,桥湾
57,11,20,2019-06-06 07:10:01,1,达官营,桥湾
57,12,19,2019-06-06 07:10:01,1,广安门内,东城三里河
57,12,20,2019-06-06 07:10:01,1,广安门内,桥湾
57,12,12,2019-06-06 07:10:01,1,广安门内,广安门内
57,12,15,2019-06-06 07:10:01,1,广安门内,虎坊桥路口西
57,12,20,2019-06-06 07:12:01,1,广安门内,桥湾
57,12,20,2019-06-06 07:12:01,1,广安门内,桥湾
57,12,21,2019-06-06 07:12:01,1,广安门内,水道子
57,12,13,2019-06-06 07:12:01,1,广安门内,牛街路口东
57,13,12,2019-06-06 07:12:01,1,牛街路口东,广安门内
57,12,13,2019-06-06 07:12:01,1,广安门内,牛街路口东
57,12,13,2019-06-06 07:12:01,1,广安门内,牛街路口东
57,12,13,2019-06-06 07:12:01,1,广安门内,牛街路口东
57,13,13,2019-06-06 07:12:01,1,牛街路口东,牛街路口东
57,13,13,2019-06-06 07:12:01,1,牛街路口东,牛街路口东
57,13,18,2019-06-06 07:12:01,1,牛街路口东,过街楼
57,12,20,2019-06-06 07:12:01,1,广安门内,桥湾
57,13,20,2019-06-06 07:12:01,1,牛街路口东,桥湾
57,12,16,2019-06-06 07:12:01,1,广安门内,虎坊桥路口东
57,13,12,2019-06-06 07:12:01,1,牛街路口东,广安门内
57,13,20,2019-06-06 07:15:01,1,牛街路口东,桥湾
57,13,20,2019-06-06 07:15:01,1,牛街路口东,桥湾
57,12,20,2019-06-06 07:17:01,1,广安门内,桥湾
57,12,20,2019-06-06 07:17:01,1,广安门内,桥湾
57,12,18,2019-06-06 07:17:01,1,广安门内,过街楼
57,11,20,2019-06-06 07:18:01,1,达官营,桥湾
57,11,20,2019-06-06 07:18:01,1,达官营,桥湾
57,11,11,2019-06-06 07:18:01,1,达官营,达官营
57,11,11,2019-06-06 07:18:01,1,达官营,达官营
57,11,13,2019-06-06 07:18:01,1,达官营,牛街路口东
57,11,11,2019-06-06 07:18:01,1,达官营,达官营
57,11,20,2019-06-06 07:19:01,1,达官营,桥湾
57,11,12,2019-06-06 07:19:01,1,达官营,广安门内
57,10,14,2019-06-06 07:20:01,1,湾子,菜市口西
57,10,12,2019-06-06 07:20:01,1,湾子,广安门内
57,11,21,2019-06-06 07:21:01,1,达官营,水道子
57,11,12,2019-06-06 07:21:01,1,达官营,广安门内
57,11,13,2019-06-06 07:21:01,1,达官营,牛街路口东
57,11,13,2019-06-06 07:21:01,1,达官营,牛街路口东
57,12,16,2019-06-06 07:23:01,1,广安门内,虎坊桥路口东
57,12,12,2019-06-06 07:24:01,1,广安门内,广安门内
57,12,12,2019-06-06 07:24:01,1,广安门内,广安门内
57,12,12,2019-06-06 07:24:01,1,广安门内,广安门内
57,12,21,2019-06-06 07:25:01,1,广安门内,水道子
57,12,21,2019-06-06 07:25:01,1,广安门内,水道子
57,12,16,2019-06-06 07:25:01,1,广安门内,虎坊桥路口东
57,13,15,2019-06-06 07:25:01,1,牛街路口东,虎坊桥路口西
57,12,13,2019-06-06 07:25:01,1,广安门内,牛街路口东
57,12,13,2019-06-06 07:25:01,1,广安门内,牛街路口东
57,12,15,2019-06-06 07:25:01,1,广安门内,虎坊桥路口西
57,14,20,2019-06-06 07:29:01,1,菜市口西,桥湾
57,14,20,2019-06-06 07:29:01,1,菜市口西,桥湾
57,14,20,2019-06-06 07:29:01,1,菜市口西,桥湾
57,14,21,2019-06-06 07:29:01,1,菜市口西,水道子
57,13,21,2019-06-06 07:29:01,1,牛街路口东,水道子
57,14,20,2019-06-06 07:29:01,1,菜市口西,桥湾
57,14,20,2019-06-06 07:29:01,1,菜市口西,桥湾
57,13,18,2019-06-06 07:29:01,1,牛街路口东,过街楼
57,14,16,2019-06-06 07:29:01,1,菜市口西,虎坊桥路口东
57,14,20,2019-06-06 07:29:01,1,菜市口西,桥湾
57,14,18,2019-06-06 07:29:01,1,菜市口西,过街楼
57,14,17,2019-06-06 07:29:01,1,菜市口西,板章路
57,13,16,2019-06-06 07:29:01,1,牛街路口东,虎坊桥路口东
57,13,18,2019-06-06 07:29:01,1,牛街路口东,过街楼
57,14,14,2019-06-06 07:29:01,1,菜市口西,菜市口西
57,13,16,2019-06-06 07:29:01,1,牛街路口东,虎坊桥路口东
57,13,15,2019-06-06 07:29:01,1,牛街路口东,虎坊桥路口西
57,14,20,2019-06-06 07:30:01,1,菜市口西,桥湾
57,14,20,2019-06-06 07:30:01,1,菜市口西,桥湾
57,15,21,2019-06-06 07:30:01,1,虎坊桥路口西,水道子
57,15,21,2019-06-06 07:30:01,1,虎坊桥路口西,水道子
57,14,17,2019-06-06 07:30:01,1,菜市口西,板章路
57,16,20,2019-06-06 07:31:01,1,虎坊桥路口东,桥湾
57,15,16,2019-06-06 07:31:01,1,虎坊桥路口西,虎坊桥路口东
57,16,21,2019-06-06 07:35:01,1,虎坊桥路口东,水道子
57,16,20,2019-06-06 07:35:01,1,虎坊桥路口东,桥湾
57,16,20,2019-06-06 07:35:01,1,虎坊桥路口东,桥湾
57,16,20,2019-06-06 07:35:01,1,虎坊桥路口东,桥湾
57,16,17,2019-06-06 07:35:01,1,虎坊桥路口东,板章路
57,16,17,2019-06-06 07:35:01,1,虎坊桥路口东,板章路
57,16,18,2019-06-06 07:36:01,1,虎坊桥路口东,过街楼
57,16,18,2019-06-06 07:36:01,1,虎坊桥路口东,过街楼
57,17,20,2019-06-06 07:37:01,1,板章路,桥湾
57,17,20,2019-06-06 07:37:01,1,板章路,桥湾
57,17,20,2019-06-06 07:37:01,1,板章路,桥湾
57,17,20,2019-06-06 07:37:01,1,板章路,桥湾
57,17,18,2019-06-06 07:37:01,1,板章路,过街楼
57,17,20,2019-06-06 07:37:01,1,板章路,桥湾
57,18,20,2019-06-06 07:44:01,1,过街楼,桥湾
57,18,20,2019-06-06 07:44:01,1,过街楼,桥湾
57,18,20,2019-06-06 07:44:01,1,过街楼,桥湾
57,18,20,2019-06-06 07:44:01,1,过街楼,桥湾
57,19,20,2019-06-06 07:45:01,1,东城三里河,桥湾
57,19,20,2019-06-06 07:46:01,1,东城三里河,桥湾
57,19,20,2019-06-06 07:46:01,1,东城三里河,桥湾
57,20,20,2019-06-06 07:49:01,1,桥湾,桥湾
57,20,20,2019-06-06 07:49:01,1,桥湾,桥湾
57,20,20,2019-06-06 07:49:01,1,桥湾,桥湾
57,20,20,2019-06-06 07:49:01,1,桥湾,桥湾
57,20,20,2019-06-06 07:49:01,1,桥湾,桥湾
57,20,21,2019-06-06 07:49:01,1,桥湾,水道子
57,20,20,2019-06-06 07:51:01,1,桥湾,桥湾
57,20,21,2019-06-06 07:51:01,1,桥湾,水道子
57,2,4,2019-06-06 09:26:01,1,岳各庄东路北口,水衙沟路东口
57,2,4,2019-06-06 09:26:01,1,岳各庄东路北口,水衙沟路东口
57,1,13,2019-06-06 09:26:01,1,靛厂新村,牛街路口东
57,1,11,2019-06-06 09:26:01,1,靛厂新村,达官营
57,2,7,2019-06-06 09:26:01,1,岳各庄东路北口,六里桥西
57,1,14,2019-06-06 09:26:01,1,靛厂新村,菜市口西
57,2,11,2019-06-06 09:26:01,1,岳各庄东路北口,达官营
57,2,4,2019-06-06 09:26:01,1,岳各庄东路北口,水衙沟路东口
57,1,13,2019-06-06 09:26:01,1,靛厂新村,牛街路口东
57,1,4,2019-06-06 09:26:01,1,靛厂新村,水衙沟路东口
57,2,3,2019-06-06 09:26:01,1,岳各庄东路北口,靛厂村南站
57,2,8,2019-06-06 09:27:01,1,岳各庄东路北口,六里桥东
57,3,6,2019-06-06 09:27:01,1,靛厂村南站,小井路口东
57,3,4,2019-06-06 09:27:01,1,靛厂村南站,水衙沟路东口
57,3,23,2019-06-06 09:27:01,1,靛厂村南站,榄杆市
57,4,13,2019-06-06 09:28:01,1,水衙沟路东口,牛街路口东
57,4,13,2019-06-06 09:28:01,1,水衙沟路东口,牛街路口东
57,4,13,2019-06-06 09:29:01,1,水衙沟路东口,牛街路口东
57,4,12,2019-06-06 09:29:01,1,水衙沟路东口,广安门内
57,23,31,2019-06-06 06:32:01,1,榄杆市,大北窑南
57,24,31,2019-06-06 06:35:01,1,培新街,大北窑南
57,25,29,2019-06-06 06:36:01,1,安化楼,双井桥北
57,25,26,2019-06-06 06:36:01,1,安化楼,广渠门内
57,25,29,2019-06-06 06:36:01,1,安化楼,双井桥北
57,25,29,2019-06-06 06:36:01,1,安化楼,双井桥北
57,27,29,2019-06-06 06:38:01,1,马圈,双井桥北
57,29,31,2019-06-06 06:40:01,1,双井桥北,大北窑南
57,29,31,2019-06-06 06:45:01,1,双井桥北,大北窑南
57,30,31,2019-06-06 06:46:01,1,双花园,大北窑南
57,30,31,2019-06-06 06:46:01,1,双花园,大北窑南
57,31,31,2019-06-06 06:48:01,1,大北窑南,大北窑南
57,31,31,2019-06-06 06:48:01,1,大北窑南,大北窑南
57,31,31,2019-06-06 06:50:01,1,大北窑南,大北窑南
57,1,11,2019-06-06 08:54:01,1,靛厂新村,达官营
57,1,10,2019-06-06 08:54:01,1,靛厂新村,湾子
57,1,10,2019-06-06 08:54:01,1,靛厂新村,湾子
57,1,10,2019-06-06 08:54:01,1,靛厂新村,湾子
57,1,3,2019-06-06 08:54:01,1,靛厂新村,靛厂村南站
57,1,3,2019-06-06 08:54:01,1,靛厂新村,靛厂村南站
57,1,17,2019-06-06 08:54:01,1,靛厂新村,板章路
57,1,7,2019-06-06 08:54:01,1,靛厂新村,六里桥西
57,1,6,2019-06-06 08:54:01,1,靛厂新村,小井路口东
57,1,7,2019-06-06 08:54:01,1,靛厂新村,六里桥西
57,1,5,2019-06-06 08:55:01,1,靛厂新村,白塔村
57,2,12,2019-06-06 08:56:01,1,岳各庄东路北口,广安门内
57,2,12,2019-06-06 08:56:01,1,岳各庄东路北口,广安门内
57,2,17,2019-06-06 08:56:01,1,岳各庄东路北口,板章路
57,2,8,2019-06-06 08:56:01,1,岳各庄东路北口,六里桥东
57,2,7,2019-06-06 08:56:01,1,岳各庄东路北口,六里桥西
57,2,7,2019-06-06 08:56:01,1,岳各庄东路北口,六里桥西
57,2,9,2019-06-06 08:56:01,1,岳各庄东路北口,莲花池
57,2,8,2019-06-06 08:56:01,1,岳各庄东路北口,六里桥东
57,3,12,2019-06-06 08:58:01,1,靛厂村南站,广安门内
57,4,9,2019-06-06 08:59:01,1,水衙沟路东口,莲花池
57,4,15,2019-06-06 08:59:01,1,水衙沟路东口,虎坊桥路口西
57,4,12,2019-06-06 08:59:01,1,水衙沟路东口,广安门内
57,4,7,2019-06-06 08:59:01,1,水衙沟路东口,六里桥西
57,4,7,2019-06-06 08:59:01,1,水衙沟路东口,六里桥西
57,5,9,2019-06-06 09:01:01,1,白塔村,莲花池
57,5,21,2019-06-06 09:01:01,1,白塔村,水道子
57,6,34,2019-06-06 09:03:01,1,小井路口东,四惠枢纽站
57,8,12,2019-06-06 09:08:01,1,六里桥东,广安门内
57,8,12,2019-06-06 09:08:01,1,六里桥东,广安门内
57,8,31,2019-06-06 09:08:01,1,六里桥东,大北窑南
57,8,29,2019-06-06 09:08:01,1,六里桥东,双井桥北
57,8,31,2019-06-06 09:08:01,1,六里桥东,大北窑南
57,8,31,2019-06-06 09:08:01,1,六里桥东,大北窑南
57,8,12,2019-06-06 09:08:01,1,六里桥东,广安门内
57,8,13,2019-06-06 09:08:01,1,六里桥东,牛街路口东
57,8,15,2019-06-06 09:08:01,1,六里桥东,虎坊桥路口西
57,8,19,2019-06-06 09:08:01,1,六里桥东,东城三里河
57,8,13,2019-06-06 09:08:01,1,六里桥东,牛街路口东
57,8,24,2019-06-06 09:08:01,1,六里桥东,培新街
57,8,17,2019-06-06 09:08:01,1,六里桥东,板章路
57,8,12,2019-06-06 09:08:01,1,六里桥东,广安门内
57,8,24,2019-06-06 09:08:01,1,六里桥东,培新街
57,8,17,2019-06-06 09:08:01,1,六里桥东,板章路
57,8,17,2019-06-06 09:08:01,1,六里桥东,板章路
57,8,15,2019-06-06 09:08:01,1,六里桥东,虎坊桥路口西
57,8,8,2019-06-06 09:08:01,1,六里桥东,六里桥东
57,8,8,2019-06-06 09:08:01,1,六里桥东,六里桥东
57,8,33,2019-06-06 09:08:01,1,六里桥东,郎家园
57,8,10,2019-06-06 09:09:01,1,六里桥东,湾子
57,8,12,2019-06-06 09:09:01,1,六里桥东,广安门内
57,10,31,2019-06-06 09:15:01,1,湾子,大北窑南
57,9,12,2019-06-06 09:15:01,1,莲花池,广安门内
57,10,10,2019-06-06 09:17:01,1,湾子,湾子
57,10,12,2019-06-06 09:17:01,1,湾子,广安门内
57,10,10,2019-06-06 09:17:01,1,湾子,湾子
57,10,31,2019-06-06 09:17:01,1,湾子,大北窑南
57,10,13,2019-06-06 09:17:01,1,湾子,牛街路口东
57,10,26,2019-06-06 09:17:01,1,湾子,广渠门内
57,10,14,2019-06-06 09:17:01,1,湾子,菜市口西
57,11,12,2019-06-06 09:19:01,1,达官营,广安门内
57,11,11,2019-06-06 09:19:01,1,达官营,达官营
57,11,12,2019-06-06 09:19:01,1,达官营,广安门内
57,11,29,2019-06-06 09:19:01,1,达官营,双井桥北
57,11,15,2019-06-06 09:19:01,1,达官营,虎坊桥路口西
57,11,12,2019-06-06 09:19:01,1,达官营,广安门内
57,11,12,2019-06-06 09:19:01,1,达官营,广安门内
57,11,16,2019-06-06 09:19:01,1,达官营,虎坊桥路口东
57,11,17,2019-06-06 09:19:01,1,达官营,板章路
57,11,17,2019-06-06 09:19:01,1,达官营,板章路
57,11,17,2019-06-06 09:19:01,1,达官营,板章路
57,11,17,2019-06-06 09:19:01,1,达官营,板章路
57,12,22,2019-06-06 09:22:01,1,广安门内,磁器口西
57,12,29,2019-06-06 09:23:01,1,广安门内,双井桥北
57,12,14,2019-06-06 09:23:01,1,广安门内,菜市口西
57,12,12,2019-06-06 09:23:01,1,广安门内,广安门内
57,12,12,2019-06-06 09:23:01,1,广安门内,广安门内
57,12,33,2019-06-06 09:23:01,1,广安门内,郎家园
57,12,33,2019-06-06 09:23:01,1,广安门内,郎家园
57,13,22,2019-06-06 09:25:01,1,牛街路口东,磁器口西
57,13,32,2019-06-06 09:26:01,1,牛街路口东,大北窑东
57,14,24,2019-06-06 09:26:01,1,菜市口西,培新街
57,13,22,2019-06-06 09:26:01,1,牛街路口东,磁器口西
57,13,14,2019-06-06 09:26:01,1,牛街路口东,菜市口西
57,13,32,2019-06-06 09:26:01,1,牛街路口东,大北窑东
57,13,34,2019-06-06 09:26:01,1,牛街路口东,四惠枢纽站
57,13,34,2019-06-06 09:26:01,1,牛街路口东,四惠枢纽站
57,14,31,2019-06-06 09:28:01,1,菜市口西,大北窑南
57,14,24,2019-06-06 09:28:01,1,菜市口西,培新街
57,1,33,2019-06-06 07:41:01,1,靛厂新村,郎家园
57,1,8,2019-06-06 07:41:01,1,靛厂新村,六里桥东
57,2,10,2019-06-06 07:42:01,1,岳各庄东路北口,湾子
57,2,10,2019-06-06 07:42:01,1,岳各庄东路北口,湾子
57,2,7,2019-06-06 07:42:01,1,岳各庄东路北口,六里桥西
57,2,12,2019-06-06 07:42:01,1,岳各庄东路北口,广安门内
57,2,2,2019-06-06 07:42:01,1,岳各庄东路北口,岳各庄东路北口
57,1,3,2019-06-06 07:42:01,1,靛厂新村,靛厂村南站
57,2,2,2019-06-06 07:42:01,1,岳各庄东路北口,岳各庄东路北口
57,2,6,2019-06-06 07:42:01,1,岳各庄东路北口,小井路口东
57,3,22,2019-06-06 07:45:01,1,靛厂村南站,磁器口西
57,3,16,2019-06-06 07:45:01,1,靛厂村南站,虎坊桥路口东
57,4,7,2019-06-06 07:45:01,1,水衙沟路东口,六里桥西
57,4,4,2019-06-06 07:45:01,1,水衙沟路东口,水衙沟路东口
57,4,10,2019-06-06 07:46:01,1,水衙沟路东口,湾子
57,4,9,2019-06-06 07:46:01,1,水衙沟路东口,莲花池
57,4,9,2019-06-06 07:46:01,1,水衙沟路东口,莲花池
57,5,10,2019-06-06 07:46:01,1,白塔村,湾子
57,4,7,2019-06-06 07:46:01,1,水衙沟路东口,六里桥西
57,4,7,2019-06-06 07:46:01,1,水衙沟路东口,六里桥西
57,4,12,2019-06-06 07:46:01,1,水衙沟路东口,广安门内
57,6,33,2019-06-06 07:55:01,1,小井路口东,郎家园
57,6,17,2019-06-06 07:55:01,1,小井路口东,板章路
57,6,16,2019-06-06 07:55:01,1,小井路口东,虎坊桥路口东
57,6,10,2019-06-06 07:55:01,1,小井路口东,湾子
57,6,6,2019-06-06 07:55:01,1,小井路口东,小井路口东
57,6,8,2019-06-06 07:55:01,1,小井路口东,六里桥东
57,6,6,2019-06-06 07:55:01,1,小井路口东,小井路口东
57,6,13,2019-06-06 07:55:01,1,小井路口东,牛街路口东
57,7,14,2019-06-06 07:59:01,1,六里桥西,菜市口西
57,7,18,2019-06-06 07:59:01,1,六里桥西,过街楼
57,7,15,2019-06-06 07:59:01,1,六里桥西,虎坊桥路口西
57,7,10,2019-06-06 07:59:01,1,六里桥西,湾子
57,7,10,2019-06-06 07:59:01,1,六里桥西,湾子
57,7,30,2019-06-06 07:59:01,1,六里桥西,双花园
57,7,11,2019-06-06 07:59:01,1,六里桥西,达官营
57,7,13,2019-06-06 07:59:01,1,六里桥西,牛街路口东
57,7,12,2019-06-06 07:59:01,1,六里桥西,广安门内
57,8,8,2019-06-06 08:00:01,1,六里桥东,六里桥东
57,8,31,2019-06-06 08:08:01,1,六里桥东,大北窑南
57,8,31,2019-06-06 08:08:01,1,六里桥东,大北窑南
57,8,33,2019-06-06 08:08:01,1,六里桥东,郎家园
57,8,19,2019-06-06 08:08:01,1,六里桥东,东城三里河
57,8,21,2019-06-06 08:08:01,1,六里桥东,水道子
57,8,19,2019-06-06 08:08:01,1,六里桥东,东城三里河
57,8,17,2019-06-06 08:08:01,1,六里桥东,板章路
57,8,14,2019-06-06 08:08:01,1,六里桥东,菜市口西
57,8,33,2019-06-06 08:08:01,1,六里桥东,郎家园
57,8,33,2019-06-06 08:08:01,1,六里桥东,郎家园
57,8,11,2019-06-06 08:08:01,1,六里桥东,达官营
57,8,8,2019-06-06 08:08:01,1,六里桥东,六里桥东
57,8,8,2019-06-06 08:08:01,1,六里桥东,六里桥东
57,8,10,2019-06-06 08:08:01,1,六里桥东,湾子
57,8,30,2019-06-06 08:08:01,1,六里桥东,双花园
57,8,12,2019-06-06 08:08:01,1,六里桥东,广安门内
57,9,26,2019-06-06 08:09:01,1,莲花池,广渠门内
57,8,14,2019-06-06 08:09:01,1,六里桥东,菜市口西
57,8,34,2019-06-06 08:09:01,1,六里桥东,四惠枢纽站
57,8,10,2019-06-06 08:09:01,1,六里桥东,湾子
57,8,10,2019-06-06 08:09:01,1,六里桥东,湾子
57,8,10,2019-06-06 08:09:01,1,六里桥东,湾子
57,9,26,2019-06-06 08:09:01,1,莲花池,广渠门内
57,9,21,2019-06-06 08:16:01,1,莲花池,水道子
57,9,11,2019-06-06 08:16:01,1,莲花池,达官营
57,10,15,2019-06-06 08:19:01,1,湾子,虎坊桥路口西
57,10,34,2019-06-06 08:19:01,1,湾子,四惠枢纽站
57,10,12,2019-06-06 08:19:01,1,湾子,广安门内
57,11,21,2019-06-06 08:22:01,1,达官营,水道子
57,11,34,2019-06-06 08:22:01,1,达官营,四惠枢纽站
57,11,31,2019-06-06 08:22:01,1,达官营,大北窑南
57,11,30,2019-06-06 08:22:01,1,达官营,双花园
57,11,27,2019-06-06 08:22:01,1,达官营,马圈
57,11,11,2019-06-06 08:22:01,1,达官营,达官营
57,11,11,2019-06-06 08:22:01,1,达官营,达官营
57,11,27,2019-06-06 08:23:01,1,达官营,马圈
57,11,13,2019-06-06 08:23:01,1,达官营,牛街路口东
57,11,12,2019-06-06 08:23:01,1,达官营,广安门内
57,11,13,2019-06-06 08:23:01,1,达官营,牛街路口东
57,11,12,2019-06-06 08:23:01,1,达官营,广安门内
57,11,11,2019-06-06 08:23:01,1,达官营,达官营
57,11,12,2019-06-06 08:23:01,1,达官营,广安门内
57,11,12,2019-06-06 08:23:01,1,达官营,广安门内
57,11,12,2019-06-06 08:23:01,1,达官营,广安门内
57,11,12,2019-06-06 08:23:01,1,达官营,广安门内
57,11,12,2019-06-06 08:23:01,1,达官营,广安门内
57,11,12,2019-06-06 08:23:01,1,达官营,广安门内
57,11,12,2019-06-06 08:23:01,1,达官营,广安门内
57,11,12,2019-06-06 08:23:01,1,达官营,广安门内
57,12,31,2019-06-06 08:27:01,1,广安门内,大北窑南
57,12,30,2019-06-06 08:27:01,1,广安门内,双花园
57,12,26,2019-06-06 08:28:01,1,广安门内,广渠门内
57,12,15,2019-06-06 08:28:01,1,广安门内,虎坊桥路口西
57,12,18,2019-06-06 08:28:01,1,广安门内,过街楼
57,12,19,2019-06-06 08:28:01,1,广安门内,东城三里河
57,12,34,2019-06-06 08:28:01,1,广安门内,四惠枢纽站
57,12,13,2019-06-06 08:28:01,1,广安门内,牛街路口东
57,12,12,2019-06-06 08:28:01,1,广安门内,广安门内
57,13,33,2019-06-06 08:33:01,1,牛街路口东,郎家园
57,13,28,2019-06-06 08:33:01,1,牛街路口东,垂杨柳
57,13,26,2019-06-06 08:33:01,1,牛街路口东,广渠门内
57,13,22,2019-06-06 08:33:01,1,牛街路口东,磁器口西
57,14,23,2019-06-06 08:35:01,1,菜市口西,榄杆市
57,14,21,2019-06-06 08:35:01,1,菜市口西,水道子
57,14,15,2019-06-06 08:35:01,1,菜市口西,虎坊桥路口西
57,14,34,2019-06-06 08:35:01,1,菜市口西,四惠枢纽站
57,14,33,2019-06-06 08:35:01,1,菜市口西,郎家园
57,14,28,2019-06-06 08:35:01,1,菜市口西,垂杨柳
57,14,31,2019-06-06 08:35:01,1,菜市口西,大北窑南
57,14,29,2019-06-06 08:35:01,1,菜市口西,双井桥北
57,15,29,2019-06-06 08:37:01,1,虎坊桥路口西,双井桥北
57,16,18,2019-06-06 08:40:01,1,虎坊桥路口东,过街楼
57,16,33,2019-06-06 08:40:01,1,虎坊桥路口东,郎家园
57,16,31,2019-06-06 08:40:01,1,虎坊桥路口东,大北窑南
57,17,32,2019-06-06 08:41:01,1,板章路,大北窑东
57,17,32,2019-06-06 08:41:01,1,板章路,大北窑东
57,17,22,2019-06-06 08:41:01,1,板章路,磁器口西
57,17,28,2019-06-06 08:41:01,1,板章路,垂杨柳
57,17,28,2019-06-06 08:41:01,1,板章路,垂杨柳
57,17,26,2019-06-06 08:41:01,1,板章路,广渠门内
57,19,19,2019-06-06 08:43:01,1,东城三里河,东城三里河
57,19,31,2019-06-06 08:43:01,1,东城三里河,大北窑南
57,20,22,2019-06-06 08:44:01,1,桥湾,磁器口西
57,20,29,2019-06-06 08:44:01,1,桥湾,双井桥北
57,22,32,2019-06-06 08:45:01,1,磁器口西,大北窑东
57,22,23,2019-06-06 08:46:01,1,磁器口西,榄杆市
57,22,22,2019-06-06 08:46:01,1,磁器口西,磁器口西
57,29,29,2019-06-06 08:46:01,1,双井桥北,双井桥北
57,23,28,2019-06-06 08:49:01,1,榄杆市,垂杨柳
57,23,28,2019-06-06 08:49:01,1,榄杆市,垂杨柳
57,23,27,2019-06-06 08:49:01,1,榄杆市,马圈
57,23,27,2019-06-06 08:49:01,1,榄杆市,马圈
57,23,24,2019-06-06 08:49:01,1,榄杆市,培新街
57,23,31,2019-06-06 08:49:01,1,榄杆市,大北窑南
57,23,27,2019-06-06 08:49:01,1,榄杆市,马圈
57,23,31,2019-06-06 08:49:01,1,榄杆市,大北窑南
57,24,32,2019-06-06 08:51:01,1,培新街,大北窑东
57,24,24,2019-06-06 08:51:01,1,培新街,培新街
57,24,27,2019-06-06 08:51:01,1,培新街,马圈
57,24,27,2019-06-06 08:51:01,1,培新街,马圈
57,24,28,2019-06-06 08:51:01,1,培新街,垂杨柳
57,24,29,2019-06-06 08:51:01,1,培新街,双井桥北
57,24,31,2019-06-06 08:51:01,1,培新街,大北窑南
57,24,31,2019-06-06 08:51:01,1,培新街,大北窑南
57,24,31,2019-06-06 08:51:01,1,培新街,大北窑南
57,24,31,2019-06-06 08:51:01,1,培新街,大北窑南
57,24,27,2019-06-06 08:52:01,1,培新街,马圈
57,25,28,2019-06-06 08:53:01,1,安化楼,垂杨柳
57,25,27,2019-06-06 08:53:01,1,安化楼,马圈
57,25,27,2019-06-06 08:53:01,1,安化楼,马圈
57,25,26,2019-06-06 08:53:01,1,安化楼,广渠门内
57,25,29,2019-06-06 08:53:01,1,安化楼,双井桥北
57,25,31,2019-06-06 08:53:01,1,安化楼,大北窑南
57,25,29,2019-06-06 08:53:01,1,安化楼,双井桥北
57,26,31,2019-06-06 08:53:01,1,广渠门内,大北窑南
57,26,32,2019-06-06 08:54:01,1,广渠门内,大北窑东
57,26,32,2019-06-06 08:54:01,1,广渠门内,大北窑东
57,26,32,2019-06-06 08:54:01,1,广渠门内,大北窑东
57,26,31,2019-06-06 08:54:01,1,广渠门内,大北窑南
57,26,31,2019-06-06 08:54:01,1,广渠门内,大北窑南
57,26,27,2019-06-06 08:54:01,1,广渠门内,马圈
57,26,29,2019-06-06 08:54:01,1,广渠门内,双井桥北
57,26,31,2019-06-06 08:54:01,1,广渠门内,大北窑南
57,26,31,2019-06-06 08:54:01,1,广渠门内,大北窑南
57,26,29,2019-06-06 08:54:01,1,广渠门内,双井桥北
57,26,30,2019-06-06 08:54:01,1,广渠门内,双花园
57,26,29,2019-06-06 08:54:01,1,广渠门内,双井桥北
57,27,32,2019-06-06 08:56:01,1,马圈,大北窑东
57,27,28,2019-06-06 08:56:01,1,马圈,垂杨柳
57,27,32,2019-06-06 08:56:01,1,马圈,大北窑东
57,27,29,2019-06-06 08:56:01,1,马圈,双井桥北
57,27,28,2019-06-06 08:56:01,1,马圈,垂杨柳
57,27,31,2019-06-06 08:56:01,1,马圈,大北窑南
57,27,31,2019-06-06 08:56:01,1,马圈,大北窑南
57,28,34,2019-06-06 08:57:01,1,垂杨柳,四惠枢纽站
57,28,31,2019-06-06 08:58:01,1,垂杨柳,大北窑南
57,28,33,2019-06-06 08:58:01,1,垂杨柳,郎家园
57,28,34,2019-06-06 08:58:01,1,垂杨柳,四惠枢纽站
57,28,28,2019-06-06 08:58:01,1,垂杨柳,垂杨柳
57,28,30,2019-06-06 08:58:01,1,垂杨柳,双花园
57,28,31,2019-06-06 08:58:01,1,垂杨柳,大北窑南
57,28,31,2019-06-06 08:58:01,1,垂杨柳,大北窑南
57,29,33,2019-06-06 09:00:01,1,双井桥北,郎家园
57,29,32,2019-06-06 09:00:01,1,双井桥北,大北窑东
57,29,32,2019-06-06 09:00:01,1,双井桥北,大北窑东
57,30,33,2019-06-06 09:02:01,1,双花园,郎家园
57,30,33,2019-06-06 09:02:01,1,双花园,郎家园
57,30,31,2019-06-06 09:02:01,1,双花园,大北窑南
57,30,31,2019-06-06 09:02:01,1,双花园,大北窑南
57,31,33,2019-06-06 09:12:01,1,大北窑南,郎家园
57,31,32,2019-06-06 09:12:01,1,大北窑南,大北窑东
57,31,33,2019-06-06 09:12:01,1,大北窑南,郎家园
57,31,33,2019-06-06 09:12:01,1,大北窑南,郎家园
57,31,32,2019-06-06 09:12:01,1,大北窑南,大北窑东
57,31,34,2019-06-06 09:12:01,1,大北窑南,四惠枢纽站
57,32,33,2019-06-06 09:15:01,1,大北窑东,郎家园
57,32,33,2019-06-06 09:15:01,1,大北窑东,郎家园
57,32,34,2019-06-06 09:15:01,1,大北窑东,四惠枢纽站
57,32,34,2019-06-06 09:15:01,1,大北窑东,四惠枢纽站
57,33,34,2019-06-06 09:16:01,1,郎家园,四惠枢纽站
57,33,34,2019-06-06 09:16:01,1,郎家园,四惠枢纽站
57,1,1,2019-06-06 06:31:01,1,靛厂新村,靛厂新村
57,1,1,2019-06-06 06:32:01,1,靛厂新村,靛厂新村
57,1,1,2019-06-06 06:38:01,1,靛厂新村,靛厂新村
57,1,1,2019-06-06 06:40:01,1,靛厂新村,靛厂新村
57,1,1,2019-06-06 06:40:01,1,靛厂新村,靛厂新村
57,1,1,2019-06-06 07:14:01,1,靛厂新村,靛厂新村
57,1,1,2019-06-06 07:14:01,1,靛厂新村,靛厂新村
57,1,1,2019-06-06 07:14:01,1,靛厂新村,靛厂新村
57,1,1,2019-06-06 07:14:01,1,靛厂新村,靛厂新村
57,1,1,2019-06-06 07:15:01,1,靛厂新村,靛厂新村
57,1,1,2019-06-06 07:15:01,1,靛厂新村,靛厂新村
57,1,1,2019-06-06 07:15:01,1,靛厂新村,靛厂新村
57,1,1,2019-06-06 07:15:01,1,靛厂新村,靛厂新村
57,1,1,2019-06-06 07:15:01,1,靛厂新村,靛厂新村
57,1,1,2019-06-06 07:15:01,1,靛厂新村,靛厂新村
57,1,1,2019-06-06 07:16:01,1,靛厂新村,靛厂新村
57,1,1,2019-06-06 07:16:01,1,靛厂新村,靛厂新村
57,1,1,2019-06-06 07:16:01,1,靛厂新村,靛厂新村
57,1,1,2019-06-06 07:16:01,1,靛厂新村,靛厂新村
57,1,1,2019-06-06 07:16:01,1,靛厂新村,靛厂新村
57,1,1,2019-06-06 07:17:01,1,靛厂新村,靛厂新村
57,1,1,2019-06-06 07:18:01,1,靛厂新村,靛厂新村
57,1,1,2019-06-06 07:18:01,1,靛厂新村,靛厂新村
57,1,1,2019-06-06 07:18:01,1,靛厂新村,靛厂新村
57,1,1,2019-06-06 07:18:01,1,靛厂新村,靛厂新村
57,1,1,2019-06-06 07:18:01,1,靛厂新村,靛厂新村
57,1,1,2019-06-06 07:18:01,1,靛厂新村,靛厂新村
57,1,1,2019-06-06 07:18:01,1,靛厂新村,靛厂新村
57,1,1,2019-06-06 07:19:01,1,靛厂新村,靛厂新村
57,1,1,2019-06-06 07:20:01,1,靛厂新村,靛厂新村
57,1,1,2019-06-06 07:20:01,1,靛厂新村,靛厂新村
57,1,1,2019-06-06 07:23:01,1,靛厂新村,靛厂新村
57,1,1,2019-06-06 07:23:01,1,靛厂新村,靛厂新村
57,1,1,2019-06-06 07:23:01,1,靛厂新村,靛厂新村
57,1,1,2019-06-06 07:23:01,1,靛厂新村,靛厂新村
57,1,1,2019-06-06 07:27:01,1,靛厂新村,靛厂新村
57,1,1,2019-06-06 07:27:01,1,靛厂新村,靛厂新村
57,1,1,2019-06-06 07:27:01,1,靛厂新村,靛厂新村
57,1,1,2019-06-06 07:33:01,1,靛厂新村,靛厂新村
57,1,1,2019-06-06 07:33:01,1,靛厂新村,靛厂新村
57,1,1,2019-06-06 07:33:01,1,靛厂新村,靛厂新村
57,1,1,2019-06-06 07:33:01,1,靛厂新村,靛厂新村
57,1,1,2019-06-06 07:33:01,1,靛厂新村,靛厂新村
57,1,1,2019-06-06 07:33:01,1,靛厂新村,靛厂新村
57,1,1,2019-06-06 07:33:01,1,靛厂新村,靛厂新村
57,1,1,2019-06-06 07:33:01,1,靛厂新村,靛厂新村
57,1,1,2019-06-06 07:33:01,1,靛厂新村,靛厂新村
57,1,1,2019-06-06 07:41:01,1,靛厂新村,靛厂新村
57,1,1,2019-06-06 07:46:01,1,靛厂新村,靛厂新村
57,1,1,2019-06-06 07:46:01,1,靛厂新村,靛厂新村
57,1,1,2019-06-06 07:46:01,1,靛厂新村,靛厂新村
57,1,1,2019-06-06 07:46:01,1,靛厂新村,靛厂新村
57,1,1,2019-06-06 07:48:01,1,靛厂新村,靛厂新村
57,1,1,2019-06-06 07:48:01,1,靛厂新村,靛厂新村
57,1,1,2019-06-06 07:48:01,1,靛厂新村,靛厂新村
57,1,1,2019-06-06 07:48:01,1,靛厂新村,靛厂新村
57,1,1,2019-06-06 07:53:01,1,靛厂新村,靛厂新村
57,1,1,2019-06-06 07:53:01,1,靛厂新村,靛厂新村
57,1,1,2019-06-06 07:53:01,1,靛厂新村,靛厂新村
57,1,1,2019-06-06 07:53:01,1,靛厂新村,靛厂新村
57,1,1,2019-06-06 07:53:01,1,靛厂新村,靛厂新村
57,1,1,2019-06-06 07:57:01,1,靛厂新村,靛厂新村
57,1,1,2019-06-06 07:58:01,1,靛厂新村,靛厂新村
57,1,1,2019-06-06 07:58:01,1,靛厂新村,靛厂新村
57,1,1,2019-06-06 07:58:01,1,靛厂新村,靛厂新村
57,1,1,2019-06-06 07:59:01,1,靛厂新村,靛厂新村
57,1,1,2019-06-06 07:59:01,1,靛厂新村,靛厂新村
57,1,1,2019-06-06 07:59:01,1,靛厂新村,靛厂新村
57,1,1,2019-06-06 07:59:01,1,靛厂新村,靛厂新村
57,1,1,2019-06-06 08:02:01,1,靛厂新村,靛厂新村
57,1,1,2019-06-06 08:05:01,1,靛厂新村,靛厂新村
57,1,1,2019-06-06 08:05:01,1,靛厂新村,靛厂新村
57,1,1,2019-06-06 08:07:01,1,靛厂新村,靛厂新村
57,1,1,2019-06-06 08:13:01,1,靛厂新村,靛厂新村
57,1,1,2019-06-06 08:14:01,1,靛厂新村,靛厂新村
57,1,1,2019-06-06 08:14:01,1,靛厂新村,靛厂新村
57,1,1,2019-06-06 08:15:01,1,靛厂新村,靛厂新村
57,1,1,2019-06-06 08:17:01,1,靛厂新村,靛厂新村
57,1,1,2019-06-06 08:17:01,1,靛厂新村,靛厂新村
57,1,1,2019-06-06 08:17:01,1,靛厂新村,靛厂新村
57,1,1,2019-06-06 08:17:01,1,靛厂新村,靛厂新村
57,1,1,2019-06-06 08:18:01,1,靛厂新村,靛厂新村
57,1,1,2019-06-06 08:18:01,1,靛厂新村,靛厂新村
57,1,1,2019-06-06 08:23:01,1,靛厂新村,靛厂新村
57,1,1,2019-06-06 08:23:01,1,靛厂新村,靛厂新村
57,1,1,2019-06-06 08:25:01,1,靛厂新村,靛厂新村
57,1,1,2019-06-06 08:25:01,1,靛厂新村,靛厂新村
57,1,1,2019-06-06 08:25:01,1,靛厂新村,靛厂新村
57,1,1,2019-06-06 08:38:01,1,靛厂新村,靛厂新村
57,1,1,2019-06-06 08:38:01,1,靛厂新村,靛厂新村
57,1,1,2019-06-06 08:38:01,1,靛厂新村,靛厂新村
57,1,1,2019-06-06 08:38:01,1,靛厂新村,靛厂新村
57,1,1,2019-06-06 08:38:01,1,靛厂新村,靛厂新村
57,1,1,2019-06-06 08:38:01,1,靛厂新村,靛厂新村
57,1,1,2019-06-06 08:38:01,1,靛厂新村,靛厂新村
57,1,1,2019-06-06 08:38:01,1,靛厂新村,靛厂新村
57,1,1,2019-06-06 08:39:01,1,靛厂新村,靛厂新村
57,1,1,2019-06-06 08:39:01,1,靛厂新村,靛厂新村
57,1,1,2019-06-06 09:07:01,1,靛厂新村,靛厂新村
57,1,1,2019-06-06 09:07:01,1,靛厂新村,靛厂新村
57,1,1,2019-06-06 09:07:01,1,靛厂新村,靛厂新村
57,1,1,2019-06-06 09:07:01,1,靛厂新村,靛厂新村
57,1,1,2019-06-06 09:07:01,1,靛厂新村,靛厂新村
57,1,1,2019-06-06 09:07:01,1,靛厂新村,靛厂新村
57,1,1,2019-06-06 09:07:01,1,靛厂新村,靛厂新村
57,1,1,2019-06-06 09:07:01,1,靛厂新村,靛厂新村
57,1,1,2019-06-06 09:07:01,1,靛厂新村,靛厂新村
57,1,1,2019-06-06 09:08:01,1,靛厂新村,靛厂新村
57,1,1,2019-06-06 09:20:01,1,靛厂新村,靛厂新村
57,1,1,2019-06-06 09:21:01,1,靛厂新村,靛厂新村
57,1,1,2019-06-06 09:21:01,1,靛厂新村,靛厂新村
57,1,1,2019-06-06 09:21:01,1,靛厂新村,靛厂新村
57,1,1,2019-06-06 09:21:01,1,靛厂新村,靛厂新村
57,1,1,2019-06-06 09:21:01,1,靛厂新村,靛厂新村
57,1,1,2019-06-06 09:21:01,1,靛厂新村,靛厂新村
57,1,1,2019-06-06 09:21:01,1,靛厂新村,靛厂新村
57,1,1,2019-06-06 09:21:01,1,靛厂新村,靛厂新村
57,1,1,2019-06-06 09:21:01,1,靛厂新村,靛厂新村
57,1,1,2019-06-06 09:21:01,1,靛厂新村,靛厂新村
57,1,1,2019-06-06 09:21:01,1,靛厂新村,靛厂新村
57,1,1,2019-06-06 09:21:01,1,靛厂新村,靛厂新村
57,1,1,2019-06-06 09:23:01,1,靛厂新村,靛厂新村
57,1,1,2019-06-06 09:23:01,1,靛厂新村,靛厂新村
57,1,1,2019-06-06 09:23:01,1,靛厂新村,靛厂新村
57,1,1,2019-06-06 09:23:01,1,靛厂新村,靛厂新村
57,1,1,2019-06-06 09:24:01,1,靛厂新村,靛厂新村
57,1,1,2019-06-06 09:24:01,1,靛厂新村,靛厂新村
57,1,1,2019-06-06 09:24:01,1,靛厂新村,靛厂新村
57,1,1,2019-06-06 09:24:01,1,靛厂新村,靛厂新村
57,1,1,2019-06-06 09:24:01,1,靛厂新村,靛厂新村
57,1,1,2019-06-06 09:26:01,1,靛厂新村,靛厂新村
57,1,1,2019-06-06 09:26:01,1,靛厂新村,靛厂新村
57,1,1,2019-06-06 09:27:01,1,靛厂新村,靛厂新村
57,1,1,2019-06-06 09:27:01,1,靛厂新村,靛厂新村
57,1,1,2019-06-06 09:29:01,1,靛厂新村,靛厂新村
57,1,1,2019-06-06 09:29:01,1,靛厂新村,靛厂新村
57,1,1,2019-06-06 09:29:01,1,靛厂新村,靛厂新村
57,1,1,2019-06-06 09:29:01,1,靛厂新村,靛厂新村
57,1,20,2019-06-06 08:00:01,1,靛厂新村,桥湾
57,1,16,2019-06-06 08:00:01,1,靛厂新村,虎坊桥路口东
57,1,10,2019-06-06 08:00:01,1,靛厂新村,湾子
57,1,9,2019-06-06 08:00:01,1,靛厂新村,莲花池
57,1,10,2019-06-06 08:00:01,1,靛厂新村,湾子
57,1,14,2019-06-06 08:00:01,1,靛厂新村,菜市口西
57,1,13,2019-06-06 08:00:01,1,靛厂新村,牛街路口东
57,1,13,2019-06-06 08:00:01,1,靛厂新村,牛街路口东
57,1,6,2019-06-06 08:00:01,1,靛厂新村,小井路口东
57,1,7,2019-06-06 08:00:01,1,靛厂新村,六里桥西
57,1,7,2019-06-06 08:00:01,1,靛厂新村,六里桥西
57,1,7,2019-06-06 08:00:01,1,靛厂新村,六里桥西
57,1,27,2019-06-06 08:00:01,1,靛厂新村,马圈
57,1,2,2019-06-06 08:00:01,1,靛厂新村,岳各庄东路北口
57,1,2,2019-06-06 08:00:01,1,靛厂新村,岳各庄东路北口
57,1,3,2019-06-06 08:00:01,1,靛厂新村,靛厂村南站
57,1,10,2019-06-06 08:01:01,1,靛厂新村,湾子
57,1,1,2019-06-06 08:01:01,1,靛厂新村,靛厂新村
57,2,4,2019-06-06 08:02:01,1,岳各庄东路北口,水衙沟路东口
57,2,7,2019-06-06 08:02:01,1,岳各庄东路北口,六里桥西
57,2,7,2019-06-06 08:02:01,1,岳各庄东路北口,六里桥西
57,2,7,2019-06-06 08:02:01,1,岳各庄东路北口,六里桥西
57,2,7,2019-06-06 08:02:01,1,岳各庄东路北口,六里桥西
57,2,7,2019-06-06 08:02:01,1,岳各庄东路北口,六里桥西
57,2,7,2019-06-06 08:02:01,1,岳各庄东路北口,六里桥西
57,2,6,2019-06-06 08:02:01,1,岳各庄东路北口,小井路口东
57,2,4,2019-06-06 08:02:01,1,岳各庄东路北口,水衙沟路东口
57,2,7,2019-06-06 08:02:01,1,岳各庄东路北口,六里桥西
57,2,7,2019-06-06 08:02:01,1,岳各庄东路北口,六里桥西
57,2,8,2019-06-06 08:02:01,1,岳各庄东路北口,六里桥东
57,2,7,2019-06-06 08:02:01,1,岳各庄东路北口,六里桥西
57,2,7,2019-06-06 08:02:01,1,岳各庄东路北口,六里桥西
57,2,4,2019-06-06 08:02:01,1,岳各庄东路北口,水衙沟路东口
57,3,11,2019-06-06 08:05:01,1,靛厂村南站,达官营
57,3,9,2019-06-06 08:05:01,1,靛厂村南站,莲花池
57,4,14,2019-06-06 08:06:01,1,水衙沟路东口,菜市口西
57,4,17,2019-06-06 08:06:01,1,水衙沟路东口,板章路
57,4,14,2019-06-06 08:06:01,1,水衙沟路东口,菜市口西
57,4,16,2019-06-06 08:06:01,1,水衙沟路东口,虎坊桥路口东
57,4,4,2019-06-06 08:06:01,1,水衙沟路东口,水衙沟路东口
57,4,5,2019-06-06 08:06:01,1,水衙沟路东口,白塔村
57,4,6,2019-06-06 08:06:01,1,水衙沟路东口,小井路口东
57,4,5,2019-06-06 08:06:01,1,水衙沟路东口,白塔村
57,4,8,2019-06-06 08:06:01,1,水衙沟路东口,六里桥东
57,4,5,2019-06-06 08:06:01,1,水衙沟路东口,白塔村
57,4,6,2019-06-06 08:06:01,1,水衙沟路东口,小井路口东
57,4,26,2019-06-06 08:06:01,1,水衙沟路东口,广渠门内
57,5,10,2019-06-06 08:08:01,1,白塔村,湾子
57,5,13,2019-06-06 08:08:01,1,白塔村,牛街路口东
57,6,14,2019-06-06 08:09:01,1,小井路口东,菜市口西
57,6,13,2019-06-06 08:09:01,1,小井路口东,牛街路口东
57,7,34,2019-06-06 08:09:01,1,六里桥西,四惠枢纽站
57,7,14,2019-06-06 08:13:01,1,六里桥西,菜市口西
57,8,13,2019-06-06 08:21:01,1,六里桥东,牛街路口东
57,8,19,2019-06-06 08:21:01,1,六里桥东,东城三里河
57,8,16,2019-06-06 08:21:01,1,六里桥东,虎坊桥路口东
57,8,10,2019-06-06 08:21:01,1,六里桥东,湾子
57,8,10,2019-06-06 08:21:01,1,六里桥东,湾子
57,8,10,2019-06-06 08:21:01,1,六里桥东,湾子
57,8,13,2019-06-06 08:21:01,1,六里桥东,牛街路口东
57,8,14,2019-06-06 08:21:01,1,六里桥东,菜市口西
57,8,32,2019-06-06 08:21:01,1,六里桥东,大北窑东
57,8,29,2019-06-06 08:21:01,1,六里桥东,双井桥北
57,8,8,2019-06-06 08:21:01,1,六里桥东,六里桥东
57,8,8,2019-06-06 08:21:01,1,六里桥东,六里桥东
57,8,27,2019-06-06 08:21:01,1,六里桥东,马圈
57,8,9,2019-06-06 08:21:01,1,六里桥东,莲花池
57,8,17,2019-06-06 08:22:01,1,六里桥东,板章路
57,8,15,2019-06-06 08:22:01,1,六里桥东,虎坊桥路口西
57,8,11,2019-06-06 08:22:01,1,六里桥东,达官营
57,8,9,2019-06-06 08:22:01,1,六里桥东,莲花池
57,8,33,2019-06-06 08:22:01,1,六里桥东,郎家园
57,8,8,2019-06-06 08:22:01,1,六里桥东,六里桥东
57,8,8,2019-06-06 08:22:01,1,六里桥东,六里桥东
57,9,16,2019-06-06 08:29:01,1,莲花池,虎坊桥路口东
57,9,14,2019-06-06 08:29:01,1,莲花池,菜市口西
57,9,15,2019-06-06 08:29:01,1,莲花池,虎坊桥路口西
57,9,20,2019-06-06 08:29:01,1,莲花池,桥湾
57,9,9,2019-06-06 08:29:01,1,莲花池,莲花池
57,9,14,2019-06-06 08:29:01,1,莲花池,菜市口西
57,9,31,2019-06-06 08:29:01,1,莲花池,大北窑南
57,9,26,2019-06-06 08:29:01,1,莲花池,广渠门内
57,10,29,2019-06-06 08:32:01,1,湾子,双井桥北
57,10,17,2019-06-06 08:32:01,1,湾子,板章路
57,10,10,2019-06-06 08:32:01,1,湾子,湾子
57,10,11,2019-06-06 08:32:01,1,湾子,达官营
57,10,26,2019-06-06 08:32:01,1,湾子,广渠门内
57,10,29,2019-06-06 08:32:01,1,湾子,双井桥北
57,10,29,2019-06-06 08:32:01,1,湾子,双井桥北
57,10,15,2019-06-06 08:33:01,1,湾子,虎坊桥路口西
57,10,15,2019-06-06 08:33:01,1,湾子,虎坊桥路口西
57,10,16,2019-06-06 08:33:01,1,湾子,虎坊桥路口东
57,10,18,2019-06-06 08:33:01,1,湾子,过街楼
57,10,13,2019-06-06 08:33:01,1,湾子,牛街路口东
57,10,11,2019-06-06 08:33:01,1,湾子,达官营
57,10,11,2019-06-06 08:33:01,1,湾子,达官营
57,10,12,2019-06-06 08:33:01,1,湾子,广安门内
57,10,13,2019-06-06 08:33:01,1,湾子,牛街路口东
57,10,14,2019-06-06 08:33:01,1,湾子,菜市口西
57,11,21,2019-06-06 08:35:01,1,达官营,水道子
57,11,17,2019-06-06 08:35:01,1,达官营,板章路
57,11,15,2019-06-06 08:35:01,1,达官营,虎坊桥路口西
57,11,16,2019-06-06 08:35:01,1,达官营,虎坊桥路口东
57,11,14,2019-06-06 08:35:01,1,达官营,菜市口西
57,11,12,2019-06-06 08:35:01,1,达官营,广安门内
57,11,12,2019-06-06 08:35:01,1,达官营,广安门内
57,11,11,2019-06-06 08:35:01,1,达官营,达官营
57,11,12,2019-06-06 08:35:01,1,达官营,广安门内
57,12,15,2019-06-06 08:40:01,1,广安门内,虎坊桥路口西
57,12,29,2019-06-06 08:40:01,1,广安门内,双井桥北
57,12,28,2019-06-06 08:40:01,1,广安门内,垂杨柳
57,13,14,2019-06-06 08:42:01,1,牛街路口东,菜市口西
57,13,22,2019-06-06 08:43:01,1,牛街路口东,磁器口西
57,13,22,2019-06-06 08:43:01,1,牛街路口东,磁器口西
57,13,22,2019-06-06 08:43:01,1,牛街路口东,磁器口西
57,13,31,2019-06-06 08:43:01,1,牛街路口东,大北窑南
57,13,26,2019-06-06 08:43:01,1,牛街路口东,广渠门内
57,14,31,2019-06-06 08:46:01,1,菜市口西,大北窑南
57,14,31,2019-06-06 08:46:01,1,菜市口西,大北窑南
57,14,15,2019-06-06 08:46:01,1,菜市口西,虎坊桥路口西
57,14,15,2019-06-06 08:46:01,1,菜市口西,虎坊桥路口西
57,14,22,2019-06-06 08:46:01,1,菜市口西,磁器口西
57,14,30,2019-06-06 08:46:01,1,菜市口西,双花园
57,14,34,2019-06-06 08:46:01,1,菜市口西,四惠枢纽站
57,14,34,2019-06-06 08:46:01,1,菜市口西,四惠枢纽站
57,14,28,2019-06-06 08:46:01,1,菜市口西,垂杨柳
57,16,18,2019-06-06 08:49:01,1,虎坊桥路口东,过街楼
57,16,33,2019-06-06 08:49:01,1,虎坊桥路口东,郎家园
57,16,29,2019-06-06 08:49:01,1,虎坊桥路口东,双井桥北
57,17,32,2019-06-06 08:51:01,1,板章路,大北窑东
57,17,32,2019-06-06 08:51:01,1,板章路,大北窑东
57,17,28,2019-06-06 08:51:01,1,板章路,垂杨柳
57,17,28,2019-06-06 08:51:01,1,板章路,垂杨柳
57,17,26,2019-06-06 08:51:01,1,板章路,广渠门内
57,17,26,2019-06-06 08:51:01,1,板章路,广渠门内
57,18,27,2019-06-06 08:54:01,1,过街楼,马圈
57,18,28,2019-06-06 08:54:01,1,过街楼,垂杨柳
57,18,26,2019-06-06 08:54:01,1,过街楼,广渠门内
57,20,20,2019-06-06 08:55:01,1,桥湾,桥湾
57,21,21,2019-06-06 08:56:01,1,水道子,水道子
57,21,26,2019-06-06 08:56:01,1,水道子,广渠门内
57,22,29,2019-06-06 08:57:01,1,磁器口西,双井桥北
57,23,23,2019-06-06 08:59:01,1,榄杆市,榄杆市
57,23,24,2019-06-06 08:59:01,1,榄杆市,培新街
57,23,29,2019-06-06 08:59:01,1,榄杆市,双井桥北
57,23,26,2019-06-06 08:59:01,1,榄杆市,广渠门内
57,24,33,2019-06-06 09:02:01,1,培新街,郎家园
57,25,26,2019-06-06 09:03:01,1,安化楼,广渠门内
57,25,27,2019-06-06 09:03:01,1,安化楼,马圈
57,26,31,2019-06-06 09:04:01,1,广渠门内,大北窑南
57,26,31,2019-06-06 09:04:01,1,广渠门内,大北窑南
57,27,27,2019-06-06 09:06:01,1,马圈,马圈
57,28,28,2019-06-06 09:07:01,1,垂杨柳,垂杨柳
57,28,33,2019-06-06 09:08:01,1,垂杨柳,郎家园
57,1,19,2019-06-06 07:10:01,1,靛厂新村,东城三里河
57,1,14,2019-06-06 07:10:01,1,靛厂新村,菜市口西
57,1,10,2019-06-06 07:10:01,1,靛厂新村,湾子
57,1,6,2019-06-06 07:10:01,1,靛厂新村,小井路口东
57,1,6,2019-06-06 07:10:01,1,靛厂新村,小井路口东
57,1,4,2019-06-06 07:10:01,1,靛厂新村,水衙沟路东口
57,1,6,2019-06-06 07:10:01,1,靛厂新村,小井路口东
57,1,6,2019-06-06 07:10:01,1,靛厂新村,小井路口东
57,1,1,2019-06-06 07:10:01,1,靛厂新村,靛厂新村
57,1,6,2019-06-06 07:10:01,1,靛厂新村,小井路口东
57,1,1,2019-06-06 07:10:01,1,靛厂新村,靛厂新村
57,1,7,2019-06-06 07:10:01,1,靛厂新村,六里桥西
57,2,11,2019-06-06 07:12:01,1,岳各庄东路北口,达官营
57,2,4,2019-06-06 07:12:01,1,岳各庄东路北口,水衙沟路东口
57,2,10,2019-06-06 07:12:01,1,岳各庄东路北口,湾子
57,2,8,2019-06-06 07:12:01,1,岳各庄东路北口,六里桥东
57,2,6,2019-06-06 07:12:01,1,岳各庄东路北口,小井路口东
57,2,6,2019-06-06 07:12:01,1,岳各庄东路北口,小井路口东
57,3,6,2019-06-06 07:14:01,1,靛厂村南站,小井路口东
57,4,20,2019-06-06 07:15:01,1,水衙沟路东口,桥湾
57,4,11,2019-06-06 07:15:01,1,水衙沟路东口,达官营
57,4,11,2019-06-06 07:15:01,1,水衙沟路东口,达官营
57,4,8,2019-06-06 07:15:01,1,水衙沟路东口,六里桥东
57,4,10,2019-06-06 07:15:01,1,水衙沟路东口,湾子
57,4,6,2019-06-06 07:15:01,1,水衙沟路东口,小井路口东
57,4,6,2019-06-06 07:15:01,1,水衙沟路东口,小井路口东
57,4,6,2019-06-06 07:15:01,1,水衙沟路东口,小井路口东
57,4,7,2019-06-06 07:16:01,1,水衙沟路东口,六里桥西
57,4,12,2019-06-06 07:17:01,1,水衙沟路东口,广安门内
57,4,6,2019-06-06 07:17:01,1,水衙沟路东口,小井路口东
57,4,11,2019-06-06 07:20:01,1,水衙沟路东口,达官营
57,4,6,2019-06-06 07:20:01,1,水衙沟路东口,小井路口东
57,4,6,2019-06-06 07:20:01,1,水衙沟路东口,小井路口东
57,6,13,2019-06-06 07:23:01,1,小井路口东,牛街路口东
57,6,11,2019-06-06 07:23:01,1,小井路口东,达官营
57,6,13,2019-06-06 07:23:01,1,小井路口东,牛街路口东
57,6,9,2019-06-06 07:23:01,1,小井路口东,莲花池
57,6,9,2019-06-06 07:23:01,1,小井路口东,莲花池
57,6,6,2019-06-06 07:23:01,1,小井路口东,小井路口东
57,6,6,2019-06-06 07:23:01,1,小井路口东,小井路口东
57,6,29,2019-06-06 07:31:01,1,小井路口东,双井桥北
57,6,29,2019-06-06 07:31:01,1,小井路口东,双井桥北
57,6,24,2019-06-06 07:31:01,1,小井路口东,培新街
57,6,32,2019-06-06 07:32:01,1,小井路口东,大北窑东
57,6,32,2019-06-06 07:32:01,1,小井路口东,大北窑东
57,6,32,2019-06-06 07:32:01,1,小井路口东,大北窑东
57,6,29,2019-06-06 07:32:01,1,小井路口东,双井桥北
57,6,29,2019-06-06 07:32:01,1,小井路口东,双井桥北
57,6,27,2019-06-06 07:32:01,1,小井路口东,马圈
57,6,19,2019-06-06 07:32:01,1,小井路口东,东城三里河
57,6,20,2019-06-06 07:32:01,1,小井路口东,桥湾
57,6,18,2019-06-06 07:32:01,1,小井路口东,过街楼
57,6,22,2019-06-06 07:32:01,1,小井路口东,磁器口西
57,6,22,2019-06-06 07:32:01,1,小井路口东,磁器口西
57,6,10,2019-06-06 07:32:01,1,小井路口东,湾子
57,6,11,2019-06-06 07:32:01,1,小井路口东,达官营
57,6,14,2019-06-06 07:32:01,1,小井路口东,菜市口西
57,6,10,2019-06-06 07:32:01,1,小井路口东,湾子
57,6,10,2019-06-06 07:32:01,1,小井路口东,湾子
57,6,11,2019-06-06 07:32:01,1,小井路口东,达官营
57,6,11,2019-06-06 07:32:01,1,小井路口东,达官营
57,6,24,2019-06-06 07:32:01,1,小井路口东,培新街
57,6,22,2019-06-06 07:32:01,1,小井路口东,磁器口西
57,6,9,2019-06-06 07:32:01,1,小井路口东,莲花池
57,6,10,2019-06-06 07:32:01,1,小井路口东,湾子
57,6,7,2019-06-06 07:32:01,1,小井路口东,六里桥西
57,6,8,2019-06-06 07:32:01,1,小井路口东,六里桥东
57,6,8,2019-06-06 07:32:01,1,小井路口东,六里桥东
57,6,7,2019-06-06 07:32:01,1,小井路口东,六里桥西
57,6,6,2019-06-06 07:32:01,1,小井路口东,小井路口东
57,6,7,2019-06-06 07:32:01,1,小井路口东,六里桥西
57,6,6,2019-06-06 07:32:01,1,小井路口东,小井路口东
57,7,14,2019-06-06 07:40:01,1,六里桥西,菜市口西
57,7,16,2019-06-06 07:40:01,1,六里桥西,虎坊桥路口东
57,7,24,2019-06-06 07:40:01,1,六里桥西,培新街
57,8,30,2019-06-06 07:45:01,1,六里桥东,双花园
57,8,11,2019-06-06 07:45:01,1,六里桥东,达官营
57,8,9,2019-06-06 07:45:01,1,六里桥东,莲花池
57,8,18,2019-06-06 07:46:01,1,六里桥东,过街楼
57,8,20,2019-06-06 07:46:01,1,六里桥东,桥湾
57,8,10,2019-06-06 07:46:01,1,六里桥东,湾子
57,8,11,2019-06-06 07:46:01,1,六里桥东,达官营
57,8,11,2019-06-06 07:46:01,1,六里桥东,达官营
57,8,13,2019-06-06 07:46:01,1,六里桥东,牛街路口东
57,8,25,2019-06-06 07:46:01,1,六里桥东,安化楼
57,8,10,2019-06-06 07:46:01,1,六里桥东,湾子
57,8,9,2019-06-06 07:46:01,1,六里桥东,莲花池
57,8,9,2019-06-06 07:46:01,1,六里桥东,莲花池
57,8,9,2019-06-06 07:46:01,1,六里桥东,莲花池
57,9,19,2019-06-06 07:47:01,1,莲花池,东城三里河
57,9,11,2019-06-06 07:47:01,1,莲花池,达官营
57,9,13,2019-06-06 07:47:01,1,莲花池,牛街路口东
57,9,11,2019-06-06 07:47:01,1,莲花池,达官营
57,9,14,2019-06-06 07:47:01,1,莲花池,菜市口西
57,9,26,2019-06-06 07:47:01,1,莲花池,广渠门内
57,9,24,2019-06-06 07:47:01,1,莲花池,培新街
57,9,10,2019-06-06 07:47:01,1,莲花池,湾子
57,9,10,2019-06-06 07:47:01,1,莲花池,湾子
57,9,31,2019-06-06 07:48:01,1,莲花池,大北窑南
57,9,18,2019-06-06 07:48:01,1,莲花池,过街楼
57,9,10,2019-06-06 07:48:01,1,莲花池,湾子
57,9,10,2019-06-06 07:48:01,1,莲花池,湾子
57,9,10,2019-06-06 07:48:01,1,莲花池,湾子
57,10,32,2019-06-06 07:52:01,1,湾子,大北窑东
57,10,27,2019-06-06 07:52:01,1,湾子,马圈
57,10,27,2019-06-06 07:52:01,1,湾子,马圈
57,10,30,2019-06-06 07:52:01,1,湾子,双花园
57,10,27,2019-06-06 07:52:01,1,湾子,马圈
57,10,21,2019-06-06 07:52:01,1,湾子,水道子
57,10,26,2019-06-06 07:52:01,1,湾子,广渠门内
57,10,25,2019-06-06 07:52:01,1,湾子,安化楼
57,11,30,2019-06-06 07:57:01,1,达官营,双花园
57,11,30,2019-06-06 07:57:01,1,达官营,双花园
57,11,18,2019-06-06 07:57:01,1,达官营,过街楼
57,11,20,2019-06-06 07:57:01,1,达官营,桥湾
57,11,16,2019-06-06 07:57:01,1,达官营,虎坊桥路口东
57,11,20,2019-06-06 07:57:01,1,达官营,桥湾
57,11,20,2019-06-06 07:57:01,1,达官营,桥湾
57,11,20,2019-06-06 07:57:01,1,达官营,桥湾
57,11,20,2019-06-06 07:57:01,1,达官营,桥湾
57,11,20,2019-06-06 07:57:01,1,达官营,桥湾
57,11,12,2019-06-06 07:57:01,1,达官营,广安门内
57,12,28,2019-06-06 07:59:01,1,广安门内,垂杨柳
57,12,17,2019-06-06 07:59:01,1,广安门内,板章路
57,12,23,2019-06-06 07:59:01,1,广安门内,榄杆市
57,12,23,2019-06-06 07:59:01,1,广安门内,榄杆市
57,13,29,2019-06-06 08:02:01,1,牛街路口东,双井桥北
57,13,18,2019-06-06 08:02:01,1,牛街路口东,过街楼
57,13,20,2019-06-06 08:02:01,1,牛街路口东,桥湾
57,13,22,2019-06-06 08:02:01,1,牛街路口东,磁器口西
57,13,27,2019-06-06 08:02:01,1,牛街路口东,马圈
57,13,23,2019-06-06 08:02:01,1,牛街路口东,榄杆市
57,14,29,2019-06-06 08:03:01,1,菜市口西,双井桥北
57,14,29,2019-06-06 08:03:01,1,菜市口西,双井桥北
57,14,20,2019-06-06 08:03:01,1,菜市口西,桥湾
57,15,32,2019-06-06 08:04:01,1,虎坊桥路口西,大北窑东
57,15,29,2019-06-06 08:04:01,1,虎坊桥路口西,双井桥北
57,15,28,2019-06-06 08:04:01,1,虎坊桥路口西,垂杨柳
57,15,30,2019-06-06 08:04:01,1,虎坊桥路口西,双花园
57,15,30,2019-06-06 08:04:01,1,虎坊桥路口西,双花园
57,15,29,2019-06-06 08:04:01,1,虎坊桥路口西,双井桥北
57,15,16,2019-06-06 08:04:01,1,虎坊桥路口西,虎坊桥路口东
57,16,29,2019-06-06 08:07:01,1,虎坊桥路口东,双井桥北
57,16,30,2019-06-06 08:07:01,1,虎坊桥路口东,双花园
57,16,30,2019-06-06 08:07:01,1,虎坊桥路口东,双花园
57,17,21,2019-06-06 08:08:01,1,板章路,水道子
57,17,21,2019-06-06 08:08:01,1,板章路,水道子
57,17,22,2019-06-06 08:08:01,1,板章路,磁器口西
57,18,32,2019-06-06 08:09:01,1,过街楼,大北窑东
57,19,20,2019-06-06 08:12:01,1,东城三里河,桥湾
57,19,22,2019-06-06 08:12:01,1,东城三里河,磁器口西
57,20,32,2019-06-06 08:13:01,1,桥湾,大北窑东
57,20,29,2019-06-06 08:13:01,1,桥湾,双井桥北
57,20,26,2019-06-06 08:13:01,1,桥湾,广渠门内
57,21,27,2019-06-06 08:14:01,1,水道子,马圈
57,21,29,2019-06-06 08:15:01,1,水道子,双井桥北
57,21,27,2019-06-06 08:15:01,1,水道子,马圈
57,21,25,2019-06-06 08:15:01,1,水道子,安化楼
57,21,24,2019-06-06 08:15:01,1,水道子,培新街
57,22,31,2019-06-06 08:16:01,1,磁器口西,大北窑南
57,22,32,2019-06-06 08:16:01,1,磁器口西,大北窑东
57,22,31,2019-06-06 08:16:01,1,磁器口西,大北窑南
57,22,32,2019-06-06 08:16:01,1,磁器口西,大北窑东
57,22,27,2019-06-06 08:16:01,1,磁器口西,马圈
57,22,28,2019-06-06 08:16:01,1,磁器口西,垂杨柳
57,22,26,2019-06-06 08:16:01,1,磁器口西,广渠门内
57,22,26,2019-06-06 08:16:01,1,磁器口西,广渠门内
57,22,27,2019-06-06 08:16:01,1,磁器口西,马圈
57,22,26,2019-06-06 08:16:01,1,磁器口西,广渠门内
57,23,29,2019-06-06 08:17:01,1,榄杆市,双井桥北
57,23,27,2019-06-06 08:17:01,1,榄杆市,马圈
57,23,23,2019-06-06 08:17:01,1,榄杆市,榄杆市
57,23,24,2019-06-06 08:17:01,1,榄杆市,培新街
57,23,24,2019-06-06 08:17:01,1,榄杆市,培新街
57,24,28,2019-06-06 08:20:01,1,培新街,垂杨柳
57,24,28,2019-06-06 08:20:01,1,培新街,垂杨柳
57,24,28,2019-06-06 08:20:01,1,培新街,垂杨柳
57,24,29,2019-06-06 08:20:01,1,培新街,双井桥北
57,24,29,2019-06-06 08:20:01,1,培新街,双井桥北
57,24,28,2019-06-06 08:20:01,1,培新街,垂杨柳
57,24,27,2019-06-06 08:20:01,1,培新街,马圈
57,24,25,2019-06-06 08:20:01,1,培新街,安化楼
57,25,30,2019-06-06 08:22:01,1,安化楼,双花园
57,25,29,2019-06-06 08:25:01,1,安化楼,双井桥北
57,25,29,2019-06-06 08:25:01,1,安化楼,双井桥北
57,25,27,2019-06-06 08:25:01,1,安化楼,马圈
57,27,32,2019-06-06 08:36:01,1,马圈,大北窑东
57,27,32,2019-06-06 08:36:01,1,马圈,大北窑东
57,27,28,2019-06-06 08:36:01,1,马圈,垂杨柳
57,27,30,2019-06-06 08:36:01,1,马圈,双花园
57,28,30,2019-06-06 08:38:01,1,垂杨柳,双花园
57,29,31,2019-06-06 08:44:01,1,双井桥北,大北窑南
57,29,31,2019-06-06 08:44:01,1,双井桥北,大北窑南
57,29,30,2019-06-06 08:44:01,1,双井桥北,双花园
57,30,30,2019-06-06 08:46:01,1,双花园,双花园
57,30,30,2019-06-06 08:46:01,1,双花园,双花园
57,34,34,2019-06-06 09:13:01,1,四惠枢纽站,四惠枢纽站
57,1,10,2019-06-06 08:47:01,1,靛厂新村,湾子
57,1,19,2019-06-06 08:47:01,1,靛厂新村,东城三里河
57,1,11,2019-06-06 08:47:01,1,靛厂新村,达官营
57,1,1,2019-06-06 08:47:01,1,靛厂新村,靛厂新村
57,1,13,2019-06-06 08:47:01,1,靛厂新村,牛街路口东
57,1,11,2019-06-06 08:47:01,1,靛厂新村,达官营
57,1,4,2019-06-06 08:47:01,1,靛厂新村,水衙沟路东口
57,1,7,2019-06-06 08:47:01,1,靛厂新村,六里桥西
57,1,7,2019-06-06 08:47:01,1,靛厂新村,六里桥西
57,1,31,2019-06-06 08:47:01,1,靛厂新村,大北窑南
57,2,7,2019-06-06 08:48:01,1,岳各庄东路北口,六里桥西
57,2,7,2019-06-06 08:48:01,1,岳各庄东路北口,六里桥西
57,2,7,2019-06-06 08:48:01,1,岳各庄东路北口,六里桥西
57,2,32,2019-06-06 08:48:01,1,岳各庄东路北口,大北窑东
57,2,6,2019-06-06 08:49:01,1,岳各庄东路北口,小井路口东
57,2,9,2019-06-06 08:49:01,1,岳各庄东路北口,莲花池
57,2,6,2019-06-06 08:49:01,1,岳各庄东路北口,小井路口东
57,2,7,2019-06-06 08:49:01,1,岳各庄东路北口,六里桥西
57,3,7,2019-06-06 08:51:01,1,靛厂村南站,六里桥西
57,3,7,2019-06-06 08:51:01,1,靛厂村南站,六里桥西
57,4,15,2019-06-06 08:52:01,1,水衙沟路东口,虎坊桥路口西
57,4,7,2019-06-06 08:52:01,1,水衙沟路东口,六里桥西
57,4,7,2019-06-06 08:52:01,1,水衙沟路东口,六里桥西
57,4,8,2019-06-06 08:52:01,1,水衙沟路东口,六里桥东
57,27,27,2019-06-06 08:57:01,1,马圈,马圈
57,6,29,2019-06-06 08:57:01,1,小井路口东,双井桥北
57,6,29,2019-06-06 08:57:01,1,小井路口东,双井桥北
57,7,11,2019-06-06 09:00:01,1,六里桥西,达官营
57,7,12,2019-06-06 09:00:01,1,六里桥西,广安门内
57,7,22,2019-06-06 09:00:01,1,六里桥西,磁器口西
57,8,28,2019-06-06 09:03:01,1,六里桥东,垂杨柳
57,8,22,2019-06-06 09:03:01,1,六里桥东,磁器口西
57,8,22,2019-06-06 09:03:01,1,六里桥东,磁器口西
57,8,13,2019-06-06 09:03:01,1,六里桥东,牛街路口东
57,8,13,2019-06-06 09:03:01,1,六里桥东,牛街路口东
57,8,13,2019-06-06 09:03:01,1,六里桥东,牛街路口东
57,8,13,2019-06-06 09:03:01,1,六里桥东,牛街路口东
57,8,9,2019-06-06 09:03:01,1,六里桥东,莲花池
57,8,8,2019-06-06 09:03:01,1,六里桥东,六里桥东
57,8,27,2019-06-06 09:03:01,1,六里桥东,马圈
57,8,8,2019-06-06 09:03:01,1,六里桥东,六里桥东
57,8,14,2019-06-06 09:03:01,1,六里桥东,菜市口西
57,8,15,2019-06-06 09:03:01,1,六里桥东,虎坊桥路口西
57,8,11,2019-06-06 09:03:01,1,六里桥东,达官营
57,8,12,2019-06-06 09:03:01,1,六里桥东,广安门内
57,8,32,2019-06-06 09:03:01,1,六里桥东,大北窑东
57,8,30,2019-06-06 09:03:01,1,六里桥东,双花园
57,8,31,2019-06-06 09:03:01,1,六里桥东,大北窑南
57,8,11,2019-06-06 09:04:01,1,六里桥东,达官营
57,8,10,2019-06-06 09:04:01,1,六里桥东,湾子
57,8,10,2019-06-06 09:04:01,1,六里桥东,湾子
57,8,9,2019-06-06 09:04:01,1,六里桥东,莲花池
57,8,26,2019-06-06 09:04:01,1,六里桥东,广渠门内
57,8,14,2019-06-06 09:04:01,1,六里桥东,菜市口西
57,8,22,2019-06-06 09:04:01,1,六里桥东,磁器口西
57,8,27,2019-06-06 09:04:01,1,六里桥东,马圈
57,8,11,2019-06-06 09:04:01,1,六里桥东,达官营
57,8,23,2019-06-06 09:04:01,1,六里桥东,榄杆市
57,8,10,2019-06-06 09:04:01,1,六里桥东,湾子
57,8,16,2019-06-06 09:04:01,1,六里桥东,虎坊桥路口东
57,8,12,2019-06-06 09:04:01,1,六里桥东,广安门内
57,7,31,2019-06-06 09:04:01,1,六里桥西,大北窑南
57,9,29,2019-06-06 09:08:01,1,莲花池,双井桥北
57,10,33,2019-06-06 09:08:01,1,湾子,郎家园
57,9,29,2019-06-06 09:08:01,1,莲花池,双井桥北
57,9,34,2019-06-06 09:08:01,1,莲花池,四惠枢纽站
57,10,17,2019-06-06 09:10:01,1,湾子,板章路
57,10,11,2019-06-06 09:10:01,1,湾子,达官营
57,11,11,2019-06-06 09:11:01,1,达官营,达官营
57,11,11,2019-06-06 09:11:01,1,达官营,达官营
57,11,21,2019-06-06 09:11:01,1,达官营,水道子
57,11,17,2019-06-06 09:11:01,1,达官营,板章路
57,11,11,2019-06-06 09:11:01,1,达官营,达官营
57,11,32,2019-06-06 09:11:01,1,达官营,大北窑东
57,11,11,2019-06-06 09:12:01,1,达官营,达官营
57,11,11,2019-06-06 09:12:01,1,达官营,达官营
57,11,16,2019-06-06 09:12:01,1,达官营,虎坊桥路口东
57,11,15,2019-06-06 09:12:01,1,达官营,虎坊桥路口西
57,11,16,2019-06-06 09:12:01,1,达官营,虎坊桥路口东
57,11,13,2019-06-06 09:12:01,1,达官营,牛街路口东
57,11,13,2019-06-06 09:12:01,1,达官营,牛街路口东
57,12,20,2019-06-06 09:15:01,1,广安门内,桥湾
57,12,20,2019-06-06 09:15:01,1,广安门内,桥湾
57,12,29,2019-06-06 09:15:01,1,广安门内,双井桥北
57,15,15,2019-06-06 09:17:01,1,虎坊桥路口西,虎坊桥路口西
57,13,22,2019-06-06 09:18:01,1,牛街路口东,磁器口西
57,13,14,2019-06-06 09:18:01,1,牛街路口东,菜市口西
57,13,14,2019-06-06 09:18:01,1,牛街路口东,菜市口西
57,13,24,2019-06-06 09:18:01,1,牛街路口东,培新街
57,13,14,2019-06-06 09:18:01,1,牛街路口东,菜市口西
57,13,18,2019-06-06 09:18:01,1,牛街路口东,过街楼
57,13,14,2019-06-06 09:18:01,1,牛街路口东,菜市口西
57,13,30,2019-06-06 09:18:01,1,牛街路口东,双花园
57,13,29,2019-06-06 09:18:01,1,牛街路口东,双井桥北
57,13,30,2019-06-06 09:18:01,1,牛街路口东,双花园
57,14,15,2019-06-06 09:21:01,1,菜市口西,虎坊桥路口西
57,14,15,2019-06-06 09:21:01,1,菜市口西,虎坊桥路口西
57,15,21,2019-06-06 09:24:01,1,虎坊桥路口西,水道子
57,15,32,2019-06-06 09:24:01,1,虎坊桥路口西,大北窑东
57,15,32,2019-06-06 09:24:01,1,虎坊桥路口西,大北窑东
57,15,32,2019-06-06 09:24:01,1,虎坊桥路口西,大北窑东
57,15,32,2019-06-06 09:24:01,1,虎坊桥路口西,大北窑东
57,16,27,2019-06-06 09:26:01,1,虎坊桥路口东,马圈
57,16,19,2019-06-06 09:26:01,1,虎坊桥路口东,东城三里河
57,16,22,2019-06-06 09:26:01,1,虎坊桥路口东,磁器口西
57,16,30,2019-06-06 09:26:01,1,虎坊桥路口东,双花园
57,17,21,2019-06-06 09:28:01,1,板章路,水道子
57,17,24,2019-06-06 09:28:01,1,板章路,培新街
57,17,17,2019-06-06 09:28:01,1,板章路,板章路
57,17,17,2019-06-06 09:28:01,1,板章路,板章路
57,17,30,2019-06-06 09:28:01,1,板章路,双花园
57,17,19,2019-06-06 09:28:01,1,板章路,东城三里河
57,17,30,2019-06-06 09:28:01,1,板章路,双花园
57,17,30,2019-06-06 09:28:01,1,板章路,双花园
57,1,9,2019-06-06 07:55:01,1,靛厂新村,莲花池
57,1,7,2019-06-06 07:55:01,1,靛厂新村,六里桥西
57,1,3,2019-06-06 07:55:01,1,靛厂新村,靛厂村南站
57,1,2,2019-06-06 07:55:01,1,靛厂新村,岳各庄东路北口
57,1,3,2019-06-06 07:55:01,1,靛厂新村,靛厂村南站
57,1,3,2019-06-06 07:55:01,1,靛厂新村,靛厂村南站
57,1,3,2019-06-06 07:55:01,1,靛厂新村,靛厂村南站
57,2,2,2019-06-06 07:55:01,1,岳各庄东路北口,岳各庄东路北口
57,2,2,2019-06-06 07:55:01,1,岳各庄东路北口,岳各庄东路北口
57,2,3,2019-06-06 07:55:01,1,岳各庄东路北口,靛厂村南站
57,2,3,2019-06-06 07:55:01,1,岳各庄东路北口,靛厂村南站
57,1,4,2019-06-06 07:55:01,1,靛厂新村,水衙沟路东口
57,2,3,2019-06-06 07:56:01,1,岳各庄东路北口,靛厂村南站
57,2,3,2019-06-06 07:56:01,1,岳各庄东路北口,靛厂村南站
57,2,5,2019-06-06 07:56:01,1,岳各庄东路北口,白塔村
57,2,3,2019-06-06 07:56:01,1,岳各庄东路北口,靛厂村南站
57,2,3,2019-06-06 07:58:01,1,岳各庄东路北口,靛厂村南站
57,2,3,2019-06-06 07:58:01,1,岳各庄东路北口,靛厂村南站
57,3,8,2019-06-06 07:59:01,1,靛厂村南站,六里桥东
57,3,8,2019-06-06 07:59:01,1,靛厂村南站,六里桥东
57,3,5,2019-06-06 07:59:01,1,靛厂村南站,白塔村
57,3,4,2019-06-06 07:59:01,1,靛厂村南站,水衙沟路东口
57,3,3,2019-06-06 07:59:01,1,靛厂村南站,靛厂村南站
57,3,4,2019-06-06 08:02:01,1,靛厂村南站,水衙沟路东口
57,3,12,2019-06-06 08:06:01,1,靛厂村南站,广安门内
57,3,4,2019-06-06 08:06:01,1,靛厂村南站,水衙沟路东口
57,3,14,2019-06-06 08:13:01,1,靛厂村南站,菜市口西
57,4,8,2019-06-06 08:13:01,1,水衙沟路东口,六里桥东
57,4,12,2019-06-06 08:13:01,1,水衙沟路东口,广安门内
57,4,7,2019-06-06 08:13:01,1,水衙沟路东口,六里桥西
57,4,7,2019-06-06 08:13:01,1,水衙沟路东口,六里桥西
57,4,6,2019-06-06 08:13:01,1,水衙沟路东口,小井路口东
57,4,7,2019-06-06 08:13:01,1,水衙沟路东口,六里桥西
57,4,16,2019-06-06 08:13:01,1,水衙沟路东口,虎坊桥路口东
57,4,13,2019-06-06 08:13:01,1,水衙沟路东口,牛街路口东
57,4,13,2019-06-06 08:13:01,1,水衙沟路东口,牛街路口东
57,3,5,2019-06-06 08:13:01,1,靛厂村南站,白塔村
57,4,5,2019-06-06 08:13:01,1,水衙沟路东口,白塔村
57,5,8,2019-06-06 08:25:01,1,白塔村,六里桥东
57,4,7,2019-06-06 08:25:01,1,水衙沟路东口,六里桥西
57,4,4,2019-06-06 08:25:01,1,水衙沟路东口,水衙沟路东口
57,4,6,2019-06-06 08:25:01,1,水衙沟路东口,小井路口东
57,5,8,2019-06-06 08:28:01,1,白塔村,六里桥东
57,5,8,2019-06-06 08:28:01,1,白塔村,六里桥东
57,5,13,2019-06-06 08:28:01,1,白塔村,牛街路口东
57,7,13,2019-06-06 08:34:01,1,六里桥西,牛街路口东
57,7,8,2019-06-06 08:34:01,1,六里桥西,六里桥东
57,6,12,2019-06-06 08:34:01,1,小井路口东,广安门内
57,7,13,2019-06-06 08:35:01,1,六里桥西,牛街路口东
57,8,12,2019-06-06 08:46:01,1,六里桥东,广安门内
57,8,12,2019-06-06 08:46:01,1,六里桥东,广安门内
57,10,12,2019-06-06 08:50:01,1,湾子,广安门内
57,13,14,2019-06-06 08:59:01,1,牛街路口东,菜市口西
57,13,14,2019-06-06 09:00:01,1,牛街路口东,菜市口西
57,13,13,2019-06-06 09:00:01,1,牛街路口东,牛街路口东
57,13,13,2019-06-06 09:00:01,1,牛街路口东,牛街路口东
57,13,13,2019-06-06 09:01:01,1,牛街路口东,牛街路口东
57,14,17,2019-06-06 09:09:01,1,菜市口西,板章路
57,14,15,2019-06-06 09:09:01,1,菜市口西,虎坊桥路口西
57,14,16,2019-06-06 09:09:01,1,菜市口西,虎坊桥路口东
57,16,16,2019-06-06 09:19:01,1,虎坊桥路口东,虎坊桥路口东
57,1,11,2019-06-06 07:44:01,1,靛厂新村,达官营
57,1,8,2019-06-06 07:44:01,1,靛厂新村,六里桥东
57,1,8,2019-06-06 07:44:01,1,靛厂新村,六里桥东
57,1,1,2019-06-06 07:44:01,1,靛厂新村,靛厂新村
57,2,7,2019-06-06 07:45:01,1,岳各庄东路北口,六里桥西
57,2,8,2019-06-06 07:45:01,1,岳各庄东路北口,六里桥东
57,2,8,2019-06-06 07:45:01,1,岳各庄东路北口,六里桥东
57,2,7,2019-06-06 07:45:01,1,岳各庄东路北口,六里桥西
57,2,7,2019-06-06 07:45:01,1,岳各庄东路北口,六里桥西
57,2,7,2019-06-06 07:45:01,1,岳各庄东路北口,六里桥西
57,2,6,2019-06-06 07:45:01,1,岳各庄东路北口,小井路口东
57,3,8,2019-06-06 07:47:01,1,靛厂村南站,六里桥东
57,3,7,2019-06-06 07:47:01,1,靛厂村南站,六里桥西
57,5,7,2019-06-06 07:48:01,1,白塔村,六里桥西
57,4,8,2019-06-06 07:48:01,1,水衙沟路东口,六里桥东
57,4,6,2019-06-06 07:48:01,1,水衙沟路东口,小井路口东
57,4,8,2019-06-06 07:48:01,1,水衙沟路东口,六里桥东
57,4,7,2019-06-06 07:48:01,1,水衙沟路东口,六里桥西
57,3,7,2019-06-06 07:48:01,1,靛厂村南站,六里桥西
57,6,8,2019-06-06 07:49:01,1,小井路口东,六里桥东
57,6,9,2019-06-06 07:56:01,1,小井路口东,莲花池
57,6,10,2019-06-06 07:56:01,1,小井路口东,湾子
57,7,10,2019-06-06 08:00:01,1,六里桥西,湾子
57,7,10,2019-06-06 08:00:01,1,六里桥西,湾子
57,8,15,2019-06-06 08:10:01,1,六里桥东,虎坊桥路口西
57,8,12,2019-06-06 08:10:01,1,六里桥东,广安门内
57,8,14,2019-06-06 08:10:01,1,六里桥东,菜市口西
57,8,12,2019-06-06 08:10:01,1,六里桥东,广安门内
57,8,12,2019-06-06 08:10:01,1,六里桥东,广安门内
57,8,13,2019-06-06 08:10:01,1,六里桥东,牛街路口东
57,8,8,2019-06-06 08:10:01,1,六里桥东,六里桥东
57,8,8,2019-06-06 08:10:01,1,六里桥东,六里桥东
57,8,9,2019-06-06 08:10:01,1,六里桥东,莲花池
57,8,8,2019-06-06 08:10:01,1,六里桥东,六里桥东
57,8,9,2019-06-06 08:10:01,1,六里桥东,莲花池
57,8,10,2019-06-06 08:10:01,1,六里桥东,湾子
57,8,9,2019-06-06 08:10:01,1,六里桥东,莲花池
57,8,10,2019-06-06 08:10:01,1,六里桥东,湾子
57,8,9,2019-06-06 08:10:01,1,六里桥东,莲花池
57,8,12,2019-06-06 08:20:01,1,六里桥东,广安门内
57,8,10,2019-06-06 08:20:01,1,六里桥东,湾子
57,8,10,2019-06-06 08:20:01,1,六里桥东,湾子
57,9,12,2019-06-06 08:23:01,1,莲花池,广安门内
57,9,10,2019-06-06 08:23:01,1,莲花池,湾子
57,9,9,2019-06-06 08:23:01,1,莲花池,莲花池
57,10,15,2019-06-06 08:35:01,1,湾子,虎坊桥路口西
57,10,12,2019-06-06 08:35:01,1,湾子,广安门内
57,10,12,2019-06-06 08:35:01,1,湾子,广安门内
57,10,12,2019-06-06 08:38:01,1,湾子,广安门内
57,10,12,2019-06-06 08:38:01,1,湾子,广安门内
57,10,11,2019-06-06 08:38:01,1,湾子,达官营
57,10,11,2019-06-06 08:38:01,1,湾子,达官营
57,12,12,2019-06-06 08:44:01,1,广安门内,广安门内
57,12,12,2019-06-06 08:45:01,1,广安门内,广安门内
57,12,12,2019-06-06 08:45:01,1,广安门内,广安门内
57,12,15,2019-06-06 08:47:01,1,广安门内,虎坊桥路口西
57,12,15,2019-06-06 08:47:01,1,广安门内,虎坊桥路口西
57,12,13,2019-06-06 08:50:01,1,广安门内,牛街路口东
57,12,12,2019-06-06 08:50:01,1,广安门内,广安门内
57,12,12,2019-06-06 08:50:01,1,广安门内,广安门内
57,12,15,2019-06-06 08:50:01,1,广安门内,虎坊桥路口西
57,12,13,2019-06-06 08:50:01,1,广安门内,牛街路口东
57,12,15,2019-06-06 08:52:01,1,广安门内,虎坊桥路口西
57,12,31,2019-06-06 07:31:01,1,广安门内,大北窑南
57,12,16,2019-06-06 07:31:01,1,广安门内,虎坊桥路口东
57,12,13,2019-06-06 07:31:01,1,广安门内,牛街路口东
57,13,15,2019-06-06 07:32:01,1,牛街路口东,虎坊桥路口西
57,13,14,2019-06-06 07:32:01,1,牛街路口东,菜市口西
57,13,26,2019-06-06 07:33:01,1,牛街路口东,广渠门内
57,15,26,2019-06-06 07:40:01,1,虎坊桥路口西,广渠门内
57,16,33,2019-06-06 07:41:01,1,虎坊桥路口东,郎家园
57,16,26,2019-06-06 07:41:01,1,虎坊桥路口东,广渠门内
57,16,21,2019-06-06 07:41:01,1,虎坊桥路口东,水道子
57,16,16,2019-06-06 07:41:01,1,虎坊桥路口东,虎坊桥路口东
57,16,16,2019-06-06 07:41:01,1,虎坊桥路口东,虎坊桥路口东
57,16,29,2019-06-06 07:42:01,1,虎坊桥路口东,双井桥北
57,22,31,2019-06-06 07:48:01,1,磁器口西,大北窑南
57,22,25,2019-06-06 07:48:01,1,磁器口西,安化楼
57,24,34,2019-06-06 07:53:01,1,培新街,四惠枢纽站
57,24,29,2019-06-06 07:53:01,1,培新街,双井桥北
57,25,32,2019-06-06 07:54:01,1,安化楼,大北窑东
57,25,28,2019-06-06 07:54:01,1,安化楼,垂杨柳
57,25,26,2019-06-06 07:54:01,1,安化楼,广渠门内
57,26,34,2019-06-06 08:00:01,1,广渠门内,四惠枢纽站
57,26,32,2019-06-06 08:00:01,1,广渠门内,大北窑东
57,26,26,2019-06-06 08:00:01,1,广渠门内,广渠门内
57,26,26,2019-06-06 08:00:01,1,广渠门内,广渠门内
57,26,26,2019-06-06 08:00:01,1,广渠门内,广渠门内
57,26,34,2019-06-06 08:06:01,1,广渠门内,四惠枢纽站
57,26,28,2019-06-06 08:06:01,1,广渠门内,垂杨柳
57,26,30,2019-06-06 08:06:01,1,广渠门内,双花园
57,26,31,2019-06-06 08:07:01,1,广渠门内,大北窑南
57,26,26,2019-06-06 08:07:01,1,广渠门内,广渠门内
57,28,31,2019-06-06 08:09:01,1,垂杨柳,大北窑南
57,28,31,2019-06-06 08:09:01,1,垂杨柳,大北窑南
57,28,32,2019-06-06 08:09:01,1,垂杨柳,大北窑东
57,28,31,2019-06-06 08:09:01,1,垂杨柳,大北窑南
57,28,32,2019-06-06 08:09:01,1,垂杨柳,大北窑东
57,29,34,2019-06-06 08:32:01,1,双井桥北,四惠枢纽站
57,29,31,2019-06-06 08:32:01,1,双井桥北,大北窑南
57,32,32,2019-06-06 08:40:01,1,大北窑东,大北窑东
57,1,13,2019-06-06 07:25:01,1,靛厂新村,牛街路口东
57,1,10,2019-06-06 07:25:01,1,靛厂新村,湾子
57,1,16,2019-06-06 07:25:01,1,靛厂新村,虎坊桥路口东
57,1,14,2019-06-06 07:25:01,1,靛厂新村,菜市口西
57,1,6,2019-06-06 07:25:01,1,靛厂新村,小井路口东
57,1,7,2019-06-06 07:25:01,1,靛厂新村,六里桥西
57,1,6,2019-06-06 07:25:01,1,靛厂新村,小井路口东
57,1,7,2019-06-06 07:25:01,1,靛厂新村,六里桥西
57,1,12,2019-06-06 07:26:01,1,靛厂新村,广安门内
57,1,9,2019-06-06 07:26:01,1,靛厂新村,莲花池
57,1,9,2019-06-06 07:26:01,1,靛厂新村,莲花池
57,1,7,2019-06-06 07:26:01,1,靛厂新村,六里桥西
57,1,6,2019-06-06 07:26:01,1,靛厂新村,小井路口东
57,1,6,2019-06-06 07:26:01,1,靛厂新村,小井路口东
57,1,6,2019-06-06 07:26:01,1,靛厂新村,小井路口东
57,1,3,2019-06-06 07:26:01,1,靛厂新村,靛厂村南站
57,3,24,2019-06-06 07:29:01,1,靛厂村南站,培新街
57,3,11,2019-06-06 07:29:01,1,靛厂村南站,达官营
57,5,24,2019-06-06 07:36:01,1,白塔村,培新街
57,5,21,2019-06-06 07:36:01,1,白塔村,水道子
57,5,6,2019-06-06 07:36:01,1,白塔村,小井路口东
57,6,10,2019-06-06 07:39:01,1,小井路口东,湾子
57,6,9,2019-06-06 07:39:01,1,小井路口东,莲花池
57,6,10,2019-06-06 07:39:01,1,小井路口东,湾子
57,6,10,2019-06-06 07:39:01,1,小井路口东,湾子
57,7,22,2019-06-06 07:45:01,1,六里桥西,磁器口西
57,7,23,2019-06-06 07:45:01,1,六里桥西,榄杆市
57,7,24,2019-06-06 07:45:01,1,六里桥西,培新街
57,7,11,2019-06-06 07:45:01,1,六里桥西,达官营
57,7,11,2019-06-06 07:45:01,1,六里桥西,达官营
57,7,12,2019-06-06 07:45:01,1,六里桥西,广安门内
57,7,9,2019-06-06 07:45:01,1,六里桥西,莲花池
57,7,8,2019-06-06 07:45:01,1,六里桥西,六里桥东
57,7,11,2019-06-06 07:45:01,1,六里桥西,达官营
57,7,15,2019-06-06 07:45:01,1,六里桥西,虎坊桥路口西
57,7,14,2019-06-06 07:45:01,1,六里桥西,菜市口西
57,7,15,2019-06-06 07:45:01,1,六里桥西,虎坊桥路口西
57,7,16,2019-06-06 07:46:01,1,六里桥西,虎坊桥路口东
57,7,7,2019-06-06 07:46:01,1,六里桥西,六里桥西
57,8,12,2019-06-06 07:56:01,1,六里桥东,广安门内
57,8,12,2019-06-06 07:56:01,1,六里桥东,广安门内
57,8,11,2019-06-06 07:56:01,1,六里桥东,达官营
57,9,11,2019-06-06 07:56:01,1,莲花池,达官营
57,8,9,2019-06-06 07:56:01,1,六里桥东,莲花池
57,8,11,2019-06-06 07:56:01,1,六里桥东,达官营
57,9,21,2019-06-06 08:00:01,1,莲花池,水道子
57,9,22,2019-06-06 08:00:01,1,莲花池,磁器口西
57,9,11,2019-06-06 08:00:01,1,莲花池,达官营
57,9,14,2019-06-06 08:00:01,1,莲花池,菜市口西
57,9,22,2019-06-06 08:01:01,1,莲花池,磁器口西
57,9,11,2019-06-06 08:01:01,1,莲花池,达官营
57,9,11,2019-06-06 08:01:01,1,莲花池,达官营
57,9,13,2019-06-06 08:01:01,1,莲花池,牛街路口东
57,9,11,2019-06-06 08:01:01,1,莲花池,达官营
57,9,11,2019-06-06 08:01:01,1,莲花池,达官营
57,9,9,2019-06-06 08:01:01,1,莲花池,莲花池
57,9,17,2019-06-06 08:01:01,1,莲花池,板章路
57,9,15,2019-06-06 08:01:01,1,莲花池,虎坊桥路口西
57,9,17,2019-06-06 08:01:01,1,莲花池,板章路
57,9,14,2019-06-06 08:01:01,1,莲花池,菜市口西
57,10,21,2019-06-06 08:03:01,1,湾子,水道子
57,10,24,2019-06-06 08:03:01,1,湾子,培新街
57,10,24,2019-06-06 08:03:01,1,湾子,培新街
57,10,24,2019-06-06 08:03:01,1,湾子,培新街
57,10,20,2019-06-06 08:03:01,1,湾子,桥湾
57,10,24,2019-06-06 08:03:01,1,湾子,培新街
57,10,24,2019-06-06 08:03:01,1,湾子,培新街
57,10,22,2019-06-06 08:03:01,1,湾子,磁器口西
57,10,13,2019-06-06 08:03:01,1,湾子,牛街路口东
57,10,10,2019-06-06 08:03:01,1,湾子,湾子
57,10,12,2019-06-06 08:03:01,1,湾子,广安门内
57,10,17,2019-06-06 08:03:01,1,湾子,板章路
57,10,21,2019-06-06 08:03:01,1,湾子,水道子
57,10,21,2019-06-06 08:03:01,1,湾子,水道子
57,10,21,2019-06-06 08:03:01,1,湾子,水道子
57,10,21,2019-06-06 08:03:01,1,湾子,水道子
57,11,20,2019-06-06 08:10:01,1,达官营,桥湾
57,11,23,2019-06-06 08:10:01,1,达官营,榄杆市
57,11,12,2019-06-06 08:10:01,1,达官营,广安门内
57,11,12,2019-06-06 08:10:01,1,达官营,广安门内
57,11,13,2019-06-06 08:10:01,1,达官营,牛街路口东
57,11,12,2019-06-06 08:10:01,1,达官营,广安门内
57,11,20,2019-06-06 08:10:01,1,达官营,桥湾
57,11,15,2019-06-06 08:10:01,1,达官营,虎坊桥路口西
57,11,19,2019-06-06 08:10:01,1,达官营,东城三里河
57,12,24,2019-06-06 08:15:01,1,广安门内,培新街
57,12,22,2019-06-06 08:16:01,1,广安门内,磁器口西
57,12,23,2019-06-06 08:16:01,1,广安门内,榄杆市
57,12,24,2019-06-06 08:16:01,1,广安门内,培新街
57,12,13,2019-06-06 08:16:01,1,广安门内,牛街路口东
57,12,13,2019-06-06 08:16:01,1,广安门内,牛街路口东
57,12,13,2019-06-06 08:16:01,1,广安门内,牛街路口东
57,12,13,2019-06-06 08:16:01,1,广安门内,牛街路口东
57,12,15,2019-06-06 08:16:01,1,广安门内,虎坊桥路口西
57,12,15,2019-06-06 08:16:01,1,广安门内,虎坊桥路口西
57,12,15,2019-06-06 08:16:01,1,广安门内,虎坊桥路口西
57,12,19,2019-06-06 08:16:01,1,广安门内,东城三里河
57,12,21,2019-06-06 08:16:01,1,广安门内,水道子
57,13,21,2019-06-06 08:18:01,1,牛街路口东,水道子
57,13,22,2019-06-06 08:18:01,1,牛街路口东,磁器口西
57,13,23,2019-06-06 08:18:01,1,牛街路口东,榄杆市
57,13,23,2019-06-06 08:18:01,1,牛街路口东,榄杆市
57,13,20,2019-06-06 08:18:01,1,牛街路口东,桥湾
57,13,22,2019-06-06 08:18:01,1,牛街路口东,磁器口西
57,13,19,2019-06-06 08:18:01,1,牛街路口东,东城三里河
57,13,15,2019-06-06 08:18:01,1,牛街路口东,虎坊桥路口西
57,14,23,2019-06-06 08:21:01,1,菜市口西,榄杆市
57,14,24,2019-06-06 08:21:01,1,菜市口西,培新街
57,14,18,2019-06-06 08:21:01,1,菜市口西,过街楼
57,15,23,2019-06-06 08:22:01,1,虎坊桥路口西,榄杆市
57,15,23,2019-06-06 08:22:01,1,虎坊桥路口西,榄杆市
57,15,24,2019-06-06 08:22:01,1,虎坊桥路口西,培新街
57,15,22,2019-06-06 08:22:01,1,虎坊桥路口西,磁器口西
57,15,23,2019-06-06 08:22:01,1,虎坊桥路口西,榄杆市
57,15,16,2019-06-06 08:22:01,1,虎坊桥路口西,虎坊桥路口东
57,15,20,2019-06-06 08:22:01,1,虎坊桥路口西,桥湾
57,15,21,2019-06-06 08:22:01,1,虎坊桥路口西,水道子
57,15,20,2019-06-06 08:22:01,1,虎坊桥路口西,桥湾
57,16,23,2019-06-06 08:24:01,1,虎坊桥路口东,榄杆市
57,16,24,2019-06-06 08:24:01,1,虎坊桥路口东,培新街
57,16,22,2019-06-06 08:24:01,1,虎坊桥路口东,磁器口西
57,16,24,2019-06-06 08:24:01,1,虎坊桥路口东,培新街
57,16,24,2019-06-06 08:24:01,1,虎坊桥路口东,培新街
57,16,18,2019-06-06 08:24:01,1,虎坊桥路口东,过街楼
57,16,16,2019-06-06 08:24:01,1,虎坊桥路口东,虎坊桥路口东
57,16,17,2019-06-06 08:24:01,1,虎坊桥路口东,板章路
57,16,17,2019-06-06 08:24:01,1,虎坊桥路口东,板章路
57,16,18,2019-06-06 08:24:01,1,虎坊桥路口东,过街楼
57,17,23,2019-06-06 08:26:01,1,板章路,榄杆市
57,17,17,2019-06-06 08:26:01,1,板章路,板章路
57,18,20,2019-06-06 08:27:01,1,过街楼,桥湾
57,19,19,2019-06-06 08:28:01,1,东城三里河,东城三里河
57,20,24,2019-06-06 08:32:01,1,桥湾,培新街
57,20,24,2019-06-06 08:32:01,1,桥湾,培新街
57,20,23,2019-06-06 08:32:01,1,桥湾,榄杆市
57,21,22,2019-06-06 08:32:01,1,水道子,磁器口西
57,21,24,2019-06-06 08:33:01,1,水道子,培新街
57,21,23,2019-06-06 08:33:01,1,水道子,榄杆市
57,21,21,2019-06-06 08:33:01,1,水道子,水道子
57,22,24,2019-06-06 08:34:01,1,磁器口西,培新街
57,23,24,2019-06-06 08:34:01,1,榄杆市,培新街
57,22,23,2019-06-06 08:34:01,1,磁器口西,榄杆市
57,22,24,2019-06-06 08:34:01,1,磁器口西,培新街
57,22,24,2019-06-06 08:34:01,1,磁器口西,培新街
57,22,24,2019-06-06 08:34:01,1,磁器口西,培新街
57,22,24,2019-06-06 08:34:01,1,磁器口西,培新街
57,23,24,2019-06-06 08:37:01,1,榄杆市,培新街
57,23,24,2019-06-06 08:37:01,1,榄杆市,培新街
57,24,32,2019-06-06 08:41:01,1,培新街,大北窑东
57,24,28,2019-06-06 08:41:01,1,培新街,垂杨柳
57,24,27,2019-06-06 08:41:01,1,培新街,马圈
57,24,27,2019-06-06 08:41:01,1,培新街,马圈
57,24,24,2019-06-06 08:41:01,1,培新街,培新街
57,24,33,2019-06-06 08:41:01,1,培新街,郎家园
57,24,29,2019-06-06 08:41:01,1,培新街,双井桥北
57,24,27,2019-06-06 08:41:01,1,培新街,马圈
57,24,29,2019-06-06 08:41:01,1,培新街,双井桥北
57,24,31,2019-06-06 08:43:01,1,培新街,大北窑南
57,24,28,2019-06-06 08:43:01,1,培新街,垂杨柳
57,24,27,2019-06-06 08:43:01,1,培新街,马圈
57,24,28,2019-06-06 08:43:01,1,培新街,垂杨柳
57,24,25,2019-06-06 08:43:01,1,培新街,安化楼
57,24,24,2019-06-06 08:43:01,1,培新街,培新街
57,24,29,2019-06-06 08:43:01,1,培新街,双井桥北
57,24,30,2019-06-06 08:43:01,1,培新街,双花园
57,25,33,2019-06-06 08:46:01,1,安化楼,郎家园
57,26,32,2019-06-06 08:50:01,1,广渠门内,大北窑东
57,26,29,2019-06-06 08:50:01,1,广渠门内,双井桥北
57,26,29,2019-06-06 08:50:01,1,广渠门内,双井桥北
57,26,29,2019-06-06 08:50:01,1,广渠门内,双井桥北
57,26,31,2019-06-06 08:51:01,1,广渠门内,大北窑南
57,26,31,2019-06-06 08:51:01,1,广渠门内,大北窑南
57,27,29,2019-06-06 08:51:01,1,马圈,双井桥北
57,27,29,2019-06-06 08:51:01,1,马圈,双井桥北
57,26,30,2019-06-06 08:51:01,1,广渠门内,双花园
57,28,33,2019-06-06 08:56:01,1,垂杨柳,郎家园
57,28,33,2019-06-06 08:57:01,1,垂杨柳,郎家园
57,28,32,2019-06-06 08:59:01,1,垂杨柳,大北窑东
57,29,32,2019-06-06 09:00:01,1,双井桥北,大北窑东
57,29,31,2019-06-06 09:00:01,1,双井桥北,大北窑南
57,29,31,2019-06-06 09:00:01,1,双井桥北,大北窑南
57,29,31,2019-06-06 09:00:01,1,双井桥北,大北窑南
57,29,31,2019-06-06 09:03:01,1,双井桥北,大北窑南
57,29,31,2019-06-06 09:03:01,1,双井桥北,大北窑南
57,29,31,2019-06-06 09:03:01,1,双井桥北,大北窑南
57,29,33,2019-06-06 09:03:01,1,双井桥北,郎家园
57,29,31,2019-06-06 09:06:01,1,双井桥北,大北窑南
57,29,33,2019-06-06 09:06:01,1,双井桥北,郎家园
57,29,33,2019-06-06 09:06:01,1,双井桥北,郎家园
57,29,29,2019-06-06 09:06:01,1,双井桥北,双井桥北
57,29,29,2019-06-06 09:06:01,1,双井桥北,双井桥北
57,29,29,2019-06-06 09:06:01,1,双井桥北,双井桥北
57,29,30,2019-06-06 09:06:01,1,双井桥北,双花园
57,29,30,2019-06-06 09:06:01,1,双井桥北,双花园
57,29,29,2019-06-06 09:06:01,1,双井桥北,双井桥北
57,29,30,2019-06-06 09:06:01,1,双井桥北,双花园
57,29,30,2019-06-06 09:06:01,1,双井桥北,双花园
57,30,31,2019-06-06 09:10:01,1,双花园,大北窑南
57,30,33,2019-06-06 09:12:01,1,双花园,郎家园
57,30,31,2019-06-06 09:12:01,1,双花园,大北窑南
57,30,33,2019-06-06 09:12:01,1,双花园,郎家园
57,31,33,2019-06-06 09:12:01,1,大北窑南,郎家园
57,30,33,2019-06-06 09:12:01,1,双花园,郎家园
57,30,31,2019-06-06 09:12:01,1,双花园,大北窑南
57,30,31,2019-06-06 09:12:01,1,双花园,大北窑南
57,31,33,2019-06-06 09:20:01,1,大北窑南,郎家园
57,33,33,2019-06-06 09:28:01,1,郎家园,郎家园
57,2,14,2019-06-06 07:22:01,1,岳各庄东路北口,菜市口西
57,2,13,2019-06-06 07:22:01,1,岳各庄东路北口,牛街路口东
57,2,13,2019-06-06 07:22:01,1,岳各庄东路北口,牛街路口东
57,2,12,2019-06-06 07:22:01,1,岳各庄东路北口,广安门内
57,2,19,2019-06-06 07:22:01,1,岳各庄东路北口,东城三里河
57,2,9,2019-06-06 07:22:01,1,岳各庄东路北口,莲花池
57,2,2,2019-06-06 07:22:01,1,岳各庄东路北口,岳各庄东路北口
57,2,10,2019-06-06 07:23:01,1,岳各庄东路北口,湾子
57,2,4,2019-06-06 07:23:01,1,岳各庄东路北口,水衙沟路东口
57,3,13,2019-06-06 07:24:01,1,靛厂村南站,牛街路口东
57,2,7,2019-06-06 07:24:01,1,岳各庄东路北口,六里桥西
57,2,7,2019-06-06 07:24:01,1,岳各庄东路北口,六里桥西
57,3,7,2019-06-06 07:24:01,1,靛厂村南站,六里桥西
57,3,7,2019-06-06 07:24:01,1,靛厂村南站,六里桥西
57,3,7,2019-06-06 07:24:01,1,靛厂村南站,六里桥西
57,3,7,2019-06-06 07:24:01,1,靛厂村南站,六里桥西
57,2,7,2019-06-06 07:24:01,1,岳各庄东路北口,六里桥西
57,4,15,2019-06-06 07:27:01,1,水衙沟路东口,虎坊桥路口西
57,4,14,2019-06-06 07:27:01,1,水衙沟路东口,菜市口西
57,4,16,2019-06-06 07:27:01,1,水衙沟路东口,虎坊桥路口东
57,4,15,2019-06-06 07:27:01,1,水衙沟路东口,虎坊桥路口西
57,4,15,2019-06-06 07:27:01,1,水衙沟路东口,虎坊桥路口西
57,4,13,2019-06-06 07:27:01,1,水衙沟路东口,牛街路口东
57,4,13,2019-06-06 07:27:01,1,水衙沟路东口,牛街路口东
57,4,19,2019-06-06 07:27:01,1,水衙沟路东口,东城三里河
57,4,10,2019-06-06 07:27:01,1,水衙沟路东口,湾子
57,4,7,2019-06-06 07:27:01,1,水衙沟路东口,六里桥西
57,5,15,2019-06-06 07:28:01,1,白塔村,虎坊桥路口西
57,4,14,2019-06-06 07:28:01,1,水衙沟路东口,菜市口西
57,4,14,2019-06-06 07:28:01,1,水衙沟路东口,菜市口西
57,4,13,2019-06-06 07:28:01,1,水衙沟路东口,牛街路口东
57,4,12,2019-06-06 07:28:01,1,水衙沟路东口,广安门内
57,4,9,2019-06-06 07:28:01,1,水衙沟路东口,莲花池
57,4,7,2019-06-06 07:28:01,1,水衙沟路东口,六里桥西
57,4,5,2019-06-06 07:28:01,1,水衙沟路东口,白塔村
57,4,7,2019-06-06 07:28:01,1,水衙沟路东口,六里桥西
57,5,7,2019-06-06 07:29:01,1,白塔村,六里桥西
57,5,17,2019-06-06 07:33:01,1,白塔村,板章路
57,6,7,2019-06-06 07:33:01,1,小井路口东,六里桥西
57,7,10,2019-06-06 07:36:01,1,六里桥西,湾子
57,7,11,2019-06-06 07:36:01,1,六里桥西,达官营
57,7,7,2019-06-06 07:36:01,1,六里桥西,六里桥西
57,7,17,2019-06-06 07:42:01,1,六里桥西,板章路
57,8,11,2019-06-06 07:42:01,1,六里桥东,达官营
57,7,21,2019-06-06 07:42:01,1,六里桥西,水道子
57,7,28,2019-06-06 07:42:01,1,六里桥西,垂杨柳
57,8,27,2019-06-06 07:42:01,1,六里桥东,马圈
57,8,29,2019-06-06 07:42:01,1,六里桥东,双井桥北
57,8,29,2019-06-06 07:43:01,1,六里桥东,双井桥北
57,8,16,2019-06-06 07:43:01,1,六里桥东,虎坊桥路口东
57,8,13,2019-06-06 07:43:01,1,六里桥东,牛街路口东
57,8,15,2019-06-06 07:43:01,1,六里桥东,虎坊桥路口西
57,8,17,2019-06-06 07:43:01,1,六里桥东,板章路
57,8,14,2019-06-06 07:43:01,1,六里桥东,菜市口西
57,9,12,2019-06-06 07:43:01,1,莲花池,广安门内
57,8,13,2019-06-06 07:43:01,1,六里桥东,牛街路口东
57,8,13,2019-06-06 07:43:01,1,六里桥东,牛街路口东
57,8,26,2019-06-06 07:43:01,1,六里桥东,广渠门内
57,8,27,2019-06-06 07:43:01,1,六里桥东,马圈
57,8,19,2019-06-06 07:43:01,1,六里桥东,东城三里河
57,9,24,2019-06-06 07:43:01,1,莲花池,培新街
57,8,29,2019-06-06 07:43:01,1,六里桥东,双井桥北
57,8,22,2019-06-06 07:43:01,1,六里桥东,磁器口西
57,8,21,2019-06-06 07:43:01,1,六里桥东,水道子
57,8,9,2019-06-06 07:43:01,1,六里桥东,莲花池
57,8,8,2019-06-06 07:43:01,1,六里桥东,六里桥东
57,8,10,2019-06-06 07:43:01,1,六里桥东,湾子
57,8,10,2019-06-06 07:43:01,1,六里桥东,湾子
57,8,10,2019-06-06 07:43:01,1,六里桥东,湾子
57,8,8,2019-06-06 07:43:01,1,六里桥东,六里桥东
57,22,14,2019-06-06 07:45:01,1,磁器口西,菜市口西
57,9,31,2019-06-06 07:48:01,1,莲花池,大北窑南
57,9,30,2019-06-06 07:48:01,1,莲花池,双花园
57,9,14,2019-06-06 07:48:01,1,莲花池,菜市口西
57,10,12,2019-06-06 07:48:01,1,湾子,广安门内
57,10,22,2019-06-06 07:48:01,1,湾子,磁器口西
57,9,20,2019-06-06 07:48:01,1,莲花池,桥湾
57,10,14,2019-06-06 07:49:01,1,湾子,菜市口西
57,10,12,2019-06-06 07:50:01,1,湾子,广安门内
57,10,33,2019-06-06 07:55:01,1,湾子,郎家园
57,11,16,2019-06-06 07:55:01,1,达官营,虎坊桥路口东
57,11,13,2019-06-06 07:55:01,1,达官营,牛街路口东
57,11,16,2019-06-06 07:55:01,1,达官营,虎坊桥路口东
57,11,15,2019-06-06 07:55:01,1,达官营,虎坊桥路口西
57,11,16,2019-06-06 07:55:01,1,达官营,虎坊桥路口东
57,11,12,2019-06-06 07:55:01,1,达官营,广安门内
57,10,12,2019-06-06 07:55:01,1,湾子,广安门内
57,11,14,2019-06-06 07:55:01,1,达官营,菜市口西
57,11,27,2019-06-06 07:55:01,1,达官营,马圈
57,10,27,2019-06-06 07:55:01,1,湾子,马圈
57,11,22,2019-06-06 07:55:01,1,达官营,磁器口西
57,11,20,2019-06-06 07:55:01,1,达官营,桥湾
57,12,31,2019-06-06 07:57:01,1,广安门内,大北窑南
57,12,31,2019-06-06 07:57:01,1,广安门内,大北窑南
57,11,18,2019-06-06 07:57:01,1,达官营,过街楼
57,12,14,2019-06-06 07:57:01,1,广安门内,菜市口西
57,12,14,2019-06-06 07:57:01,1,广安门内,菜市口西
57,12,16,2019-06-06 07:57:01,1,广安门内,虎坊桥路口东
57,12,14,2019-06-06 07:57:01,1,广安门内,菜市口西
57,11,15,2019-06-06 07:57:01,1,达官营,虎坊桥路口西
57,11,18,2019-06-06 07:57:01,1,达官营,过街楼
57,12,15,2019-06-06 07:57:01,1,广安门内,虎坊桥路口西
57,12,15,2019-06-06 07:57:01,1,广安门内,虎坊桥路口西
57,11,17,2019-06-06 07:57:01,1,达官营,板章路
57,12,12,2019-06-06 07:57:01,1,广安门内,广安门内
57,12,12,2019-06-06 07:57:01,1,广安门内,广安门内
57,12,12,2019-06-06 07:57:01,1,广安门内,广安门内
57,12,12,2019-06-06 07:57:01,1,广安门内,广安门内
57,12,12,2019-06-06 07:57:01,1,广安门内,广安门内
57,12,12,2019-06-06 07:57:01,1,广安门内,广安门内
57,12,13,2019-06-06 07:57:01,1,广安门内,牛街路口东
57,12,12,2019-06-06 07:57:01,1,广安门内,广安门内
57,12,22,2019-06-06 07:57:01,1,广安门内,磁器口西
57,11,18,2019-06-06 07:57:01,1,达官营,过街楼
57,12,21,2019-06-06 07:57:01,1,广安门内,水道子
57,12,27,2019-06-06 07:57:01,1,广安门内,马圈
57,13,31,2019-06-06 08:03:01,1,牛街路口东,大北窑南
57,13,29,2019-06-06 08:03:01,1,牛街路口东,双井桥北
57,13,19,2019-06-06 08:03:01,1,牛街路口东,东城三里河
57,13,20,2019-06-06 08:03:01,1,牛街路口东,桥湾
57,13,21,2019-06-06 08:03:01,1,牛街路口东,水道子
57,13,19,2019-06-06 08:03:01,1,牛街路口东,东城三里河
57,13,25,2019-06-06 08:03:01,1,牛街路口东,安化楼
57,13,22,2019-06-06 08:03:01,1,牛街路口东,磁器口西
57,13,22,2019-06-06 08:03:01,1,牛街路口东,磁器口西
57,13,19,2019-06-06 08:03:01,1,牛街路口东,东城三里河
57,13,29,2019-06-06 08:03:01,1,牛街路口东,双井桥北
57,14,32,2019-06-06 08:06:01,1,菜市口西,大北窑东
57,14,31,2019-06-06 08:06:01,1,菜市口西,大北窑南
57,14,30,2019-06-06 08:06:01,1,菜市口西,双花园
57,14,14,2019-06-06 08:06:01,1,菜市口西,菜市口西
57,14,19,2019-06-06 08:06:01,1,菜市口西,东城三里河
57,14,23,2019-06-06 08:07:01,1,菜市口西,榄杆市
57,14,22,2019-06-06 08:07:01,1,菜市口西,磁器口西
57,15,30,2019-06-06 08:09:01,1,虎坊桥路口西,双花园
57,15,26,2019-06-06 08:09:01,1,虎坊桥路口西,广渠门内
57,15,21,2019-06-06 08:09:01,1,虎坊桥路口西,水道子
57,16,35,2019-06-06 08:11:01,1,虎坊桥路口东,四惠枢纽站
57,16,32,2019-06-06 08:11:01,1,虎坊桥路口东,大北窑东
57,16,35,2019-06-06 08:11:01,1,虎坊桥路口东,四惠枢纽站
57,16,22,2019-06-06 08:11:01,1,虎坊桥路口东,磁器口西
57,17,31,2019-06-06 08:12:01,1,板章路,大北窑南
57,16,30,2019-06-06 08:12:01,1,虎坊桥路口东,双花园
57,17,22,2019-06-06 08:12:01,1,板章路,磁器口西
57,18,33,2019-06-06 08:13:01,1,过街楼,郎家园
57,17,31,2019-06-06 08:13:01,1,板章路,大北窑南
57,17,23,2019-06-06 08:13:01,1,板章路,榄杆市
57,18,27,2019-06-06 08:16:01,1,过街楼,马圈
57,18,26,2019-06-06 08:16:01,1,过街楼,广渠门内
57,21,28,2019-06-06 08:18:01,1,水道子,垂杨柳
57,21,26,2019-06-06 08:18:01,1,水道子,广渠门内
57,22,26,2019-06-06 08:19:01,1,磁器口西,广渠门内
57,21,22,2019-06-06 08:19:01,1,水道子,磁器口西
57,23,29,2019-06-06 08:20:01,1,榄杆市,双井桥北
57,23,23,2019-06-06 08:20:01,1,榄杆市,榄杆市
57,24,31,2019-06-06 08:21:01,1,培新街,大北窑南
57,23,30,2019-06-06 08:21:01,1,榄杆市,双花园
57,23,24,2019-06-06 08:21:01,1,榄杆市,培新街
57,24,26,2019-06-06 08:21:01,1,培新街,广渠门内
57,24,24,2019-06-06 08:21:01,1,培新街,培新街
57,24,26,2019-06-06 08:21:01,1,培新街,广渠门内
57,24,33,2019-06-06 08:25:01,1,培新街,郎家园
57,24,31,2019-06-06 08:25:01,1,培新街,大北窑南
57,25,30,2019-06-06 08:25:01,1,安化楼,双花园
57,24,27,2019-06-06 08:25:01,1,培新街,马圈
57,25,27,2019-06-06 08:25:01,1,安化楼,马圈
57,26,32,2019-06-06 08:26:01,1,广渠门内,大北窑东
57,25,31,2019-06-06 08:26:01,1,安化楼,大北窑南
57,26,32,2019-06-06 08:26:01,1,广渠门内,大北窑东
57,26,28,2019-06-06 08:26:01,1,广渠门内,垂杨柳
57,26,27,2019-06-06 08:26:01,1,广渠门内,马圈
57,27,31,2019-06-06 08:27:01,1,马圈,大北窑南
57,27,30,2019-06-06 08:27:01,1,马圈,双花园
57,27,31,2019-06-06 08:27:01,1,马圈,大北窑南
57,28,33,2019-06-06 08:30:01,1,垂杨柳,郎家园
57,28,31,2019-06-06 08:30:01,1,垂杨柳,大北窑南
57,28,31,2019-06-06 08:30:01,1,垂杨柳,大北窑南
57,28,28,2019-06-06 08:30:01,1,垂杨柳,垂杨柳
57,28,28,2019-06-06 08:30:01,1,垂杨柳,垂杨柳
57,28,29,2019-06-06 08:30:01,1,垂杨柳,双井桥北
57,29,33,2019-06-06 08:31:01,1,双井桥北,郎家园
57,29,30,2019-06-06 08:31:01,1,双井桥北,双花园
57,29,29,2019-06-06 08:32:01,1,双井桥北,双井桥北
57,30,33,2019-06-06 08:40:01,1,双花园,郎家园
57,30,33,2019-06-06 08:41:01,1,双花园,郎家园
57,30,33,2019-06-06 08:41:01,1,双花园,郎家园
57,31,33,2019-06-06 08:42:01,1,大北窑南,郎家园
57,31,32,2019-06-06 08:50:01,1,大北窑南,大北窑东
57,31,33,2019-06-06 08:50:01,1,大北窑南,郎家园
57,31,31,2019-06-06 08:50:01,1,大北窑南,大北窑南
57,31,32,2019-06-06 08:50:01,1,大北窑南,大北窑东
57,31,31,2019-06-06 08:50:01,1,大北窑南,大北窑南
57,31,31,2019-06-06 08:50:01,1,大北窑南,大北窑南
57,31,33,2019-06-06 08:52:01,1,大北窑南,郎家园
57,31,33,2019-06-06 08:52:01,1,大北窑南,郎家园
57,32,32,2019-06-06 08:52:01,1,大北窑东,大北窑东
57,1,12,2019-06-06 08:19:01,1,靛厂新村,广安门内
57,1,14,2019-06-06 08:19:01,1,靛厂新村,菜市口西
57,1,13,2019-06-06 08:19:01,1,靛厂新村,牛街路口东
57,1,12,2019-06-06 08:19:01,1,靛厂新村,广安门内
57,1,7,2019-06-06 08:19:01,1,靛厂新村,六里桥西
57,1,7,2019-06-06 08:19:01,1,靛厂新村,六里桥西
57,1,20,2019-06-06 08:19:01,1,靛厂新村,桥湾
57,1,20,2019-06-06 08:19:01,1,靛厂新村,桥湾
57,1,5,2019-06-06 08:19:01,1,靛厂新村,白塔村
57,1,5,2019-06-06 08:19:01,1,靛厂新村,白塔村
57,1,5,2019-06-06 08:19:01,1,靛厂新村,白塔村
57,1,4,2019-06-06 08:19:01,1,靛厂新村,水衙沟路东口
57,1,1,2019-06-06 08:19:01,1,靛厂新村,靛厂新村
57,2,13,2019-06-06 08:21:01,1,岳各庄东路北口,牛街路口东
57,2,3,2019-06-06 08:21:01,1,岳各庄东路北口,靛厂村南站
57,2,5,2019-06-06 08:21:01,1,岳各庄东路北口,白塔村
57,2,3,2019-06-06 08:21:01,1,岳各庄东路北口,靛厂村南站
57,2,3,2019-06-06 08:21:01,1,岳各庄东路北口,靛厂村南站
57,2,5,2019-06-06 08:23:01,1,岳各庄东路北口,白塔村
57,3,15,2019-06-06 08:24:01,1,靛厂村南站,虎坊桥路口西
57,3,13,2019-06-06 08:24:01,1,靛厂村南站,牛街路口东
57,3,15,2019-06-06 08:24:01,1,靛厂村南站,虎坊桥路口西
57,3,5,2019-06-06 08:24:01,1,靛厂村南站,白塔村
57,5,8,2019-06-06 08:30:01,1,白塔村,六里桥东
57,5,7,2019-06-06 08:30:01,1,白塔村,六里桥西
57,5,10,2019-06-06 08:30:01,1,白塔村,湾子
57,7,13,2019-06-06 08:38:01,1,六里桥西,牛街路口东
57,7,7,2019-06-06 08:38:01,1,六里桥西,六里桥西
57,7,20,2019-06-06 08:38:01,1,六里桥西,桥湾
57,7,20,2019-06-06 08:38:01,1,六里桥西,桥湾
57,7,20,2019-06-06 08:38:01,1,六里桥西,桥湾
57,7,20,2019-06-06 08:38:01,1,六里桥西,桥湾
57,7,20,2019-06-06 08:38:01,1,六里桥西,桥湾
57,7,18,2019-06-06 08:38:01,1,六里桥西,过街楼
57,7,15,2019-06-06 08:38:01,1,六里桥西,虎坊桥路口西
57,7,18,2019-06-06 08:38:01,1,六里桥西,过街楼
57,7,17,2019-06-06 08:38:01,1,六里桥西,板章路
57,7,16,2019-06-06 08:38:01,1,六里桥西,虎坊桥路口东
57,9,10,2019-06-06 08:43:01,1,莲花池,湾子
57,9,15,2019-06-06 08:43:01,1,莲花池,虎坊桥路口西
57,11,12,2019-06-06 08:48:01,1,达官营,广安门内
57,11,12,2019-06-06 08:48:01,1,达官营,广安门内
57,11,18,2019-06-06 08:48:01,1,达官营,过街楼
57,11,18,2019-06-06 08:48:01,1,达官营,过街楼
57,12,17,2019-06-06 08:51:01,1,广安门内,板章路
57,13,20,2019-06-06 08:53:01,1,牛街路口东,桥湾
57,14,16,2019-06-06 08:55:01,1,菜市口西,虎坊桥路口东
57,14,17,2019-06-06 08:55:01,1,菜市口西,板章路
57,16,20,2019-06-06 09:01:01,1,虎坊桥路口东,桥湾
57,17,18,2019-06-06 09:02:01,1,板章路,过街楼
57,17,18,2019-06-06 09:02:01,1,板章路,过街楼
57,18,19,2019-06-06 09:07:01,1,过街楼,东城三里河
57,18,19,2019-06-06 09:07:01,1,过街楼,东城三里河
57,18,18,2019-06-06 09:07:01,1,过街楼,过街楼
57,18,20,2019-06-06 09:11:01,1,过街楼,桥湾
57,20,20,2019-06-06 09:14:01,1,桥湾,桥湾
57,20,20,2019-06-06 09:14:01,1,桥湾,桥湾
57,20,20,2019-06-06 09:14:01,1,桥湾,桥湾
57,20,20,2019-06-06 09:14:01,1,桥湾,桥湾
57,20,20,2019-06-06 09:14:01,1,桥湾,桥湾
57,20,20,2019-06-06 09:19:01,1,桥湾,桥湾
57,20,20,2019-06-06 09:19:01,1,桥湾,桥湾
57,20,20,2019-06-06 09:19:01,1,桥湾,桥湾
57,20,20,2019-06-06 09:19:01,1,桥湾,桥湾
57,20,20,2019-06-06 09:19:01,1,桥湾,桥湾
57,20,20,2019-06-06 09:19:01,1,桥湾,桥湾
57,20,20,2019-06-06 09:19:01,1,桥湾,桥湾
57,20,20,2019-06-06 09:19:01,1,桥湾,桥湾
57,20,20,2019-06-06 09:19:01,1,桥湾,桥湾
57,20,20,2019-06-06 09:19:01,1,桥湾,桥湾
57,20,20,2019-06-06 09:20:01,1,桥湾,桥湾
57,20,20,2019-06-06 09:20:01,1,桥湾,桥湾
57,20,20,2019-06-06 09:20:01,1,桥湾,桥湾
57,20,20,2019-06-06 09:21:01,1,桥湾,桥湾
57,20,20,2019-06-06 09:21:01,1,桥湾,桥湾
57,20,20,2019-06-06 09:21:01,1,桥湾,桥湾
57,20,20,2019-06-06 09:21:01,1,桥湾,桥湾
57,20,20,2019-06-06 09:21:01,1,桥湾,桥湾
57,20,20,2019-06-06 09:25:01,1,桥湾,桥湾
57,20,20,2019-06-06 09:25:01,1,桥湾,桥湾
57,20,20,2019-06-06 09:28:01,1,桥湾,桥湾
57,20,20,2019-06-06 09:28:01,1,桥湾,桥湾
57,1,12,2019-06-06 06:35:01,1,靛厂新村,广安门内
57,1,33,2019-06-06 06:47:01,1,靛厂新村,郎家园
57,1,14,2019-06-06 06:47:01,1,靛厂新村,菜市口西
57,1,10,2019-06-06 06:47:01,1,靛厂新村,湾子
57,1,13,2019-06-06 06:47:01,1,靛厂新村,牛街路口东
57,1,12,2019-06-06 06:47:01,1,靛厂新村,广安门内
57,1,11,2019-06-06 06:47:01,1,靛厂新村,达官营
57,1,14,2019-06-06 06:47:01,1,靛厂新村,菜市口西
57,1,17,2019-06-06 06:47:01,1,靛厂新村,板章路
57,1,1,2019-06-06 06:47:01,1,靛厂新村,靛厂新村
57,1,7,2019-06-06 06:47:01,1,靛厂新村,六里桥西
57,1,1,2019-06-06 06:47:01,1,靛厂新村,靛厂新村
57,1,7,2019-06-06 06:47:01,1,靛厂新村,六里桥西
57,1,7,2019-06-06 06:47:01,1,靛厂新村,六里桥西
57,2,9,2019-06-06 06:48:01,1,岳各庄东路北口,莲花池
57,2,10,2019-06-06 06:48:01,1,岳各庄东路北口,湾子
57,2,10,2019-06-06 06:48:01,1,岳各庄东路北口,湾子
57,2,21,2019-06-06 06:48:01,1,岳各庄东路北口,水道子
57,3,8,2019-06-06 06:49:01,1,靛厂村南站,六里桥东
57,3,12,2019-06-06 06:50:01,1,靛厂村南站,广安门内
57,3,8,2019-06-06 06:50:01,1,靛厂村南站,六里桥东
57,3,3,2019-06-06 06:50:01,1,靛厂村南站,靛厂村南站
57,3,9,2019-06-06 06:50:01,1,靛厂村南站,莲花池
57,4,12,2019-06-06 06:51:01,1,水衙沟路东口,广安门内
57,4,10,2019-06-06 06:51:01,1,水衙沟路东口,湾子
57,4,11,2019-06-06 06:51:01,1,水衙沟路东口,达官营
57,4,11,2019-06-06 06:51:01,1,水衙沟路东口,达官营
57,4,12,2019-06-06 06:51:01,1,水衙沟路东口,广安门内
57,4,15,2019-06-06 06:51:01,1,水衙沟路东口,虎坊桥路口西
57,4,5,2019-06-06 06:51:01,1,水衙沟路东口,白塔村
57,4,8,2019-06-06 06:51:01,1,水衙沟路东口,六里桥东
57,5,13,2019-06-06 06:53:01,1,白塔村,牛街路口东
57,5,13,2019-06-06 06:53:01,1,白塔村,牛街路口东
57,5,7,2019-06-06 06:53:01,1,白塔村,六里桥西
57,6,33,2019-06-06 06:54:01,1,小井路口东,郎家园
57,6,9,2019-06-06 06:54:01,1,小井路口东,莲花池
57,6,21,2019-06-06 06:54:01,1,小井路口东,水道子
57,7,11,2019-06-06 06:57:01,1,六里桥西,达官营
57,7,10,2019-06-06 06:57:01,1,六里桥西,湾子
57,7,12,2019-06-06 06:57:01,1,六里桥西,广安门内
57,7,14,2019-06-06 06:57:01,1,六里桥西,菜市口西
57,7,12,2019-06-06 06:57:01,1,六里桥西,广安门内
57,7,22,2019-06-06 06:57:01,1,六里桥西,磁器口西
57,8,21,2019-06-06 07:03:01,1,六里桥东,水道子
57,8,31,2019-06-06 07:04:01,1,六里桥东,大北窑南
57,8,9,2019-06-06 07:04:01,1,六里桥东,莲花池
57,8,14,2019-06-06 07:04:01,1,六里桥东,菜市口西
57,8,10,2019-06-06 07:04:01,1,六里桥东,湾子
57,8,9,2019-06-06 07:04:01,1,六里桥东,莲花池
57,8,11,2019-06-06 07:04:01,1,六里桥东,达官营
57,8,23,2019-06-06 07:04:01,1,六里桥东,榄杆市
57,8,25,2019-06-06 07:04:01,1,六里桥东,安化楼
57,8,27,2019-06-06 07:04:01,1,六里桥东,马圈
57,8,23,2019-06-06 07:04:01,1,六里桥东,榄杆市
57,8,26,2019-06-06 07:04:01,1,六里桥东,广渠门内
57,8,21,2019-06-06 07:04:01,1,六里桥东,水道子
57,8,15,2019-06-06 07:04:01,1,六里桥东,虎坊桥路口西
57,8,22,2019-06-06 07:04:01,1,六里桥东,磁器口西
57,8,15,2019-06-06 07:04:01,1,六里桥东,虎坊桥路口西
57,8,17,2019-06-06 07:04:01,1,六里桥东,板章路
57,9,9,2019-06-06 07:10:01,1,莲花池,莲花池
57,9,16,2019-06-06 07:10:01,1,莲花池,虎坊桥路口东
57,10,10,2019-06-06 07:13:01,1,湾子,湾子
57,10,11,2019-06-06 07:13:01,1,湾子,达官营
57,10,17,2019-06-06 07:13:01,1,湾子,板章路
57,10,14,2019-06-06 07:13:01,1,湾子,菜市口西
57,10,19,2019-06-06 07:13:01,1,湾子,东城三里河
57,11,28,2019-06-06 07:14:01,1,达官营,垂杨柳
57,11,29,2019-06-06 07:14:01,1,达官营,双井桥北
57,11,12,2019-06-06 07:14:01,1,达官营,广安门内
57,11,12,2019-06-06 07:14:01,1,达官营,广安门内
57,11,11,2019-06-06 07:14:01,1,达官营,达官营
57,11,15,2019-06-06 07:14:01,1,达官营,虎坊桥路口西
57,11,22,2019-06-06 07:14:01,1,达官营,磁器口西
57,11,14,2019-06-06 07:14:01,1,达官营,菜市口西
57,11,22,2019-06-06 07:14:01,1,达官营,磁器口西
57,11,21,2019-06-06 07:14:01,1,达官营,水道子
57,12,30,2019-06-06 07:17:01,1,广安门内,双花园
57,12,12,2019-06-06 07:17:01,1,广安门内,广安门内
57,12,21,2019-06-06 07:17:01,1,广安门内,水道子
57,12,19,2019-06-06 07:17:01,1,广安门内,东城三里河
57,13,31,2019-06-06 07:20:01,1,牛街路口东,大北窑南
57,14,28,2019-06-06 07:23:01,1,菜市口西,垂杨柳
57,14,14,2019-06-06 07:23:01,1,菜市口西,菜市口西
57,16,30,2019-06-06 07:26:01,1,虎坊桥路口东,双花园
57,17,23,2019-06-06 07:27:01,1,板章路,榄杆市
57,18,33,2019-06-06 07:30:01,1,过街楼,郎家园
57,19,21,2019-06-06 07:30:01,1,东城三里河,水道子
57,20,22,2019-06-06 07:31:01,1,桥湾,磁器口西
57,29,33,2019-06-06 08:00:01,1,双井桥北,郎家园
57,29,32,2019-06-06 08:00:01,1,双井桥北,大北窑东
57,30,31,2019-06-06 08:04:01,1,双花园,大北窑南
57,30,32,2019-06-06 08:04:01,1,双花园,大北窑东
57,30,33,2019-06-06 08:04:01,1,双花园,郎家园
57,30,33,2019-06-06 08:04:01,1,双花园,郎家园
57,30,33,2019-06-06 08:04:01,1,双花园,郎家园
57,30,33,2019-06-06 08:04:01,1,双花园,郎家园
57,30,32,2019-06-06 08:04:01,1,双花园,大北窑东
57,12,23,2019-06-06 07:14:01,1,广安门内,榄杆市
57,12,23,2019-06-06 07:14:01,1,广安门内,榄杆市
57,12,12,2019-06-06 07:14:01,1,广安门内,广安门内
57,12,13,2019-06-06 07:14:01,1,广安门内,牛街路口东
57,12,12,2019-06-06 07:14:01,1,广安门内,广安门内
57,12,13,2019-06-06 07:15:01,1,广安门内,牛街路口东
57,12,12,2019-06-06 07:17:01,1,广安门内,广安门内
57,12,12,2019-06-06 07:17:01,1,广安门内,广安门内
57,12,21,2019-06-06 07:20:01,1,广安门内,水道子
57,12,19,2019-06-06 07:20:01,1,广安门内,东城三里河
57,13,21,2019-06-06 07:24:01,1,牛街路口东,水道子
57,14,14,2019-06-06 07:27:01,1,菜市口西,菜市口西
57,15,23,2019-06-06 07:29:01,1,虎坊桥路口西,榄杆市
57,15,21,2019-06-06 07:29:01,1,虎坊桥路口西,水道子
57,15,22,2019-06-06 07:29:01,1,虎坊桥路口西,磁器口西
57,16,21,2019-06-06 07:29:01,1,虎坊桥路口东,水道子
57,15,19,2019-06-06 07:29:01,1,虎坊桥路口西,东城三里河
57,16,22,2019-06-06 07:33:01,1,虎坊桥路口东,磁器口西
57,17,22,2019-06-06 07:35:01,1,板章路,磁器口西
57,17,17,2019-06-06 07:35:01,1,板章路,板章路
57,17,21,2019-06-06 07:38:01,1,板章路,水道子
57,19,21,2019-06-06 07:41:01,1,东城三里河,水道子
57,19,22,2019-06-06 07:41:01,1,东城三里河,磁器口西
57,19,22,2019-06-06 07:41:01,1,东城三里河,磁器口西
57,19,22,2019-06-06 07:41:01,1,东城三里河,磁器口西
57,19,21,2019-06-06 07:41:01,1,东城三里河,水道子
57,19,21,2019-06-06 07:42:01,1,东城三里河,水道子
57,19,21,2019-06-06 07:42:01,1,东城三里河,水道子
57,21,23,2019-06-06 07:53:01,1,水道子,榄杆市
57,21,23,2019-06-06 07:53:01,1,水道子,榄杆市
57,21,21,2019-06-06 07:53:01,1,水道子,水道子
57,21,22,2019-06-06 07:53:01,1,水道子,磁器口西
57,21,22,2019-06-06 07:53:01,1,水道子,磁器口西
57,21,22,2019-06-06 07:53:01,1,水道子,磁器口西
57,21,21,2019-06-06 07:53:01,1,水道子,水道子
57,21,22,2019-06-06 07:53:01,1,水道子,磁器口西
57,21,22,2019-06-06 07:53:01,1,水道子,磁器口西
57,21,22,2019-06-06 07:53:01,1,水道子,磁器口西
57,21,23,2019-06-06 07:55:01,1,水道子,榄杆市
57,21,23,2019-06-06 07:55:01,1,水道子,榄杆市
57,21,22,2019-06-06 07:55:01,1,水道子,磁器口西
57,21,22,2019-06-06 07:55:01,1,水道子,磁器口西
57,21,21,2019-06-06 07:55:01,1,水道子,水道子
57,21,22,2019-06-06 07:55:01,1,水道子,磁器口西
57,21,21,2019-06-06 07:55:01,1,水道子,水道子
57,21,22,2019-06-06 07:55:01,1,水道子,磁器口西
57,21,21,2019-06-06 07:55:01,1,水道子,水道子
57,21,22,2019-06-06 07:55:01,1,水道子,磁器口西
57,21,23,2019-06-06 07:58:01,1,水道子,榄杆市
57,21,23,2019-06-06 07:58:01,1,水道子,榄杆市
57,21,23,2019-06-06 07:58:01,1,水道子,榄杆市
57,21,22,2019-06-06 07:58:01,1,水道子,磁器口西
57,21,22,2019-06-06 07:58:01,1,水道子,磁器口西
57,21,22,2019-06-06 07:58:01,1,水道子,磁器口西
57,22,23,2019-06-06 08:01:01,1,磁器口西,榄杆市
57,22,23,2019-06-06 08:01:01,1,磁器口西,榄杆市
57,22,23,2019-06-06 08:01:01,1,磁器口西,榄杆市
57,22,23,2019-06-06 08:03:01,1,磁器口西,榄杆市
57,1,7,2019-06-06 08:37:01,1,靛厂新村,六里桥西
57,1,13,2019-06-06 08:37:01,1,靛厂新村,牛街路口东
57,1,15,2019-06-06 08:38:01,1,靛厂新村,虎坊桥路口西
57,1,8,2019-06-06 08:38:01,1,靛厂新村,六里桥东
57,1,7,2019-06-06 08:38:01,1,靛厂新村,六里桥西
57,1,7,2019-06-06 08:38:01,1,靛厂新村,六里桥西
57,1,7,2019-06-06 08:38:01,1,靛厂新村,六里桥西
57,1,3,2019-06-06 08:38:01,1,靛厂新村,靛厂村南站
57,1,2,2019-06-06 08:38:01,1,靛厂新村,岳各庄东路北口
57,1,5,2019-06-06 08:38:01,1,靛厂新村,白塔村
57,1,6,2019-06-06 08:38:01,1,靛厂新村,小井路口东
57,1,5,2019-06-06 08:38:01,1,靛厂新村,白塔村
57,1,18,2019-06-06 08:38:01,1,靛厂新村,过街楼
57,1,14,2019-06-06 08:38:01,1,靛厂新村,菜市口西
57,1,12,2019-06-06 08:38:01,1,靛厂新村,广安门内
57,1,13,2019-06-06 08:38:01,1,靛厂新村,牛街路口东
57,2,8,2019-06-06 08:39:01,1,岳各庄东路北口,六里桥东
57,2,10,2019-06-06 08:39:01,1,岳各庄东路北口,湾子
57,2,7,2019-06-06 08:39:01,1,岳各庄东路北口,六里桥西
57,2,7,2019-06-06 08:39:01,1,岳各庄东路北口,六里桥西
57,2,7,2019-06-06 08:39:01,1,岳各庄东路北口,六里桥西
57,2,5,2019-06-06 08:39:01,1,岳各庄东路北口,白塔村
57,2,2,2019-06-06 08:39:01,1,岳各庄东路北口,岳各庄东路北口
57,2,22,2019-06-06 08:39:01,1,岳各庄东路北口,磁器口西
57,2,13,2019-06-06 08:39:01,1,岳各庄东路北口,牛街路口东
57,2,13,2019-06-06 08:39:01,1,岳各庄东路北口,牛街路口东
57,2,13,2019-06-06 08:39:01,1,岳各庄东路北口,牛街路口东
57,3,15,2019-06-06 08:41:01,1,靛厂村南站,虎坊桥路口西
57,3,7,2019-06-06 08:41:01,1,靛厂村南站,六里桥西
57,3,10,2019-06-06 08:41:01,1,靛厂村南站,湾子
57,3,3,2019-06-06 08:41:01,1,靛厂村南站,靛厂村南站
57,3,18,2019-06-06 08:41:01,1,靛厂村南站,过街楼
57,4,10,2019-06-06 08:42:01,1,水衙沟路东口,湾子
57,4,10,2019-06-06 08:42:01,1,水衙沟路东口,湾子
57,4,8,2019-06-06 08:42:01,1,水衙沟路东口,六里桥东
57,4,8,2019-06-06 08:42:01,1,水衙沟路东口,六里桥东
57,4,6,2019-06-06 08:42:01,1,水衙沟路东口,小井路口东
57,4,13,2019-06-06 08:42:01,1,水衙沟路东口,牛街路口东
57,4,11,2019-06-06 08:42:01,1,水衙沟路东口,达官营
57,4,8,2019-06-06 08:43:01,1,水衙沟路东口,六里桥东
57,5,10,2019-06-06 08:44:01,1,白塔村,湾子
57,6,8,2019-06-06 08:48:01,1,小井路口东,六里桥东
57,6,10,2019-06-06 08:48:01,1,小井路口东,湾子
57,6,8,2019-06-06 08:48:01,1,小井路口东,六里桥东
57,6,33,2019-06-06 08:48:01,1,小井路口东,郎家园
57,6,18,2019-06-06 08:48:01,1,小井路口东,过街楼
57,6,15,2019-06-06 08:48:01,1,小井路口东,虎坊桥路口西
57,6,12,2019-06-06 08:48:01,1,小井路口东,广安门内
57,7,8,2019-06-06 08:50:01,1,六里桥西,六里桥东
57,7,12,2019-06-06 08:50:01,1,六里桥西,广安门内
57,8,10,2019-06-06 08:52:01,1,六里桥东,湾子
57,8,8,2019-06-06 08:52:01,1,六里桥东,六里桥东
57,8,10,2019-06-06 08:52:01,1,六里桥东,湾子
57,8,33,2019-06-06 08:52:01,1,六里桥东,郎家园
57,8,34,2019-06-06 08:52:01,1,六里桥东,四惠枢纽站
57,8,22,2019-06-06 08:52:01,1,六里桥东,磁器口西
57,8,22,2019-06-06 08:52:01,1,六里桥东,磁器口西
57,8,33,2019-06-06 08:52:01,1,六里桥东,郎家园
57,8,23,2019-06-06 08:52:01,1,六里桥东,榄杆市
57,8,15,2019-06-06 08:52:01,1,六里桥东,虎坊桥路口西
57,8,33,2019-06-06 08:52:01,1,六里桥东,郎家园
57,8,15,2019-06-06 08:52:01,1,六里桥东,虎坊桥路口西
57,8,22,2019-06-06 08:52:01,1,六里桥东,磁器口西
57,8,33,2019-06-06 08:52:01,1,六里桥东,郎家园
57,8,14,2019-06-06 08:52:01,1,六里桥东,菜市口西
57,8,22,2019-06-06 08:52:01,1,六里桥东,磁器口西
57,8,22,2019-06-06 08:52:01,1,六里桥东,磁器口西
57,8,22,2019-06-06 08:52:01,1,六里桥东,磁器口西
57,8,22,2019-06-06 08:52:01,1,六里桥东,磁器口西
57,8,13,2019-06-06 08:52:01,1,六里桥东,牛街路口东
57,8,13,2019-06-06 08:52:01,1,六里桥东,牛街路口东
57,8,14,2019-06-06 08:53:01,1,六里桥东,菜市口西
57,8,10,2019-06-06 08:53:01,1,六里桥东,湾子
57,8,34,2019-06-06 08:53:01,1,六里桥东,四惠枢纽站
57,8,18,2019-06-06 08:53:01,1,六里桥东,过街楼
57,8,30,2019-06-06 08:53:01,1,六里桥东,双花园
57,8,34,2019-06-06 08:53:01,1,六里桥东,四惠枢纽站
57,8,12,2019-06-06 08:53:01,1,六里桥东,广安门内
57,9,29,2019-06-06 08:58:01,1,莲花池,双井桥北
57,9,12,2019-06-06 08:58:01,1,莲花池,广安门内
57,10,10,2019-06-06 09:01:01,1,湾子,湾子
57,10,31,2019-06-06 09:01:01,1,湾子,大北窑南
57,10,24,2019-06-06 09:01:01,1,湾子,培新街
57,10,12,2019-06-06 09:01:01,1,湾子,广安门内
57,10,10,2019-06-06 09:01:01,1,湾子,湾子
57,11,14,2019-06-06 09:03:01,1,达官营,菜市口西
57,11,15,2019-06-06 09:03:01,1,达官营,虎坊桥路口西
57,11,15,2019-06-06 09:03:01,1,达官营,虎坊桥路口西
57,11,24,2019-06-06 09:03:01,1,达官营,培新街
57,11,32,2019-06-06 09:03:01,1,达官营,大北窑东
57,11,12,2019-06-06 09:03:01,1,达官营,广安门内
57,11,12,2019-06-06 09:03:01,1,达官营,广安门内
57,11,14,2019-06-06 09:03:01,1,达官营,菜市口西
57,11,12,2019-06-06 09:03:01,1,达官营,广安门内
57,11,11,2019-06-06 09:03:01,1,达官营,达官营
57,11,12,2019-06-06 09:03:01,1,达官营,广安门内
57,11,14,2019-06-06 09:03:01,1,达官营,菜市口西
57,12,14,2019-06-06 09:05:01,1,广安门内,菜市口西
57,12,15,2019-06-06 09:05:01,1,广安门内,虎坊桥路口西
57,12,15,2019-06-06 09:05:01,1,广安门内,虎坊桥路口西
57,12,34,2019-06-06 09:05:01,1,广安门内,四惠枢纽站
57,12,34,2019-06-06 09:05:01,1,广安门内,四惠枢纽站
57,12,18,2019-06-06 09:05:01,1,广安门内,过街楼
57,12,15,2019-06-06 09:05:01,1,广安门内,虎坊桥路口西
57,12,22,2019-06-06 09:05:01,1,广安门内,磁器口西
57,12,13,2019-06-06 09:05:01,1,广安门内,牛街路口东
57,12,13,2019-06-06 09:05:01,1,广安门内,牛街路口东
57,13,14,2019-06-06 09:06:01,1,牛街路口东,菜市口西
57,13,14,2019-06-06 09:06:01,1,牛街路口东,菜市口西
57,13,15,2019-06-06 09:09:01,1,牛街路口东,虎坊桥路口西
57,13,34,2019-06-06 09:09:01,1,牛街路口东,四惠枢纽站
57,13,15,2019-06-06 09:09:01,1,牛街路口东,虎坊桥路口西
57,13,34,2019-06-06 09:09:01,1,牛街路口东,四惠枢纽站
57,13,22,2019-06-06 09:09:01,1,牛街路口东,磁器口西
57,13,34,2019-06-06 09:09:01,1,牛街路口东,四惠枢纽站
57,13,22,2019-06-06 09:09:01,1,牛街路口东,磁器口西
57,13,22,2019-06-06 09:09:01,1,牛街路口东,磁器口西
57,13,18,2019-06-06 09:09:01,1,牛街路口东,过街楼
57,13,24,2019-06-06 09:09:01,1,牛街路口东,培新街
57,13,32,2019-06-06 09:09:01,1,牛街路口东,大北窑东
57,13,13,2019-06-06 09:09:01,1,牛街路口东,牛街路口东
57,14,17,2019-06-06 09:11:01,1,菜市口西,板章路
57,14,33,2019-06-06 09:11:01,1,菜市口西,郎家园
57,14,33,2019-06-06 09:11:01,1,菜市口西,郎家园
57,15,25,2019-06-06 09:13:01,1,虎坊桥路口西,安化楼
57,15,34,2019-06-06 09:13:01,1,虎坊桥路口西,四惠枢纽站
57,15,31,2019-06-06 09:13:01,1,虎坊桥路口西,大北窑南
57,17,34,2019-06-06 09:16:01,1,板章路,四惠枢纽站
57,22,22,2019-06-06 09:22:01,1,磁器口西,磁器口西
57,22,31,2019-06-06 09:26:01,1,磁器口西,大北窑南
57,22,33,2019-06-06 09:26:01,1,磁器口西,郎家园
57,22,26,2019-06-06 09:26:01,1,磁器口西,广渠门内
57,1,24,2019-06-06 07:02:01,1,靛厂新村,培新街
57,1,4,2019-06-06 07:02:01,1,靛厂新村,水衙沟路东口
57,1,4,2019-06-06 07:02:01,1,靛厂新村,水衙沟路东口
57,1,7,2019-06-06 07:02:01,1,靛厂新村,六里桥西
57,1,6,2019-06-06 07:02:01,1,靛厂新村,小井路口东
57,1,15,2019-06-06 07:02:01,1,靛厂新村,虎坊桥路口西
57,1,12,2019-06-06 07:02:01,1,靛厂新村,广安门内
57,1,12,2019-06-06 07:02:01,1,靛厂新村,广安门内
57,1,12,2019-06-06 07:02:01,1,靛厂新村,广安门内
57,1,12,2019-06-06 07:02:01,1,靛厂新村,广安门内
57,1,16,2019-06-06 07:02:01,1,靛厂新村,虎坊桥路口东
57,1,19,2019-06-06 07:02:01,1,靛厂新村,东城三里河
57,1,15,2019-06-06 07:02:01,1,靛厂新村,虎坊桥路口西
57,1,11,2019-06-06 07:02:01,1,靛厂新村,达官营
57,1,10,2019-06-06 07:02:01,1,靛厂新村,湾子
57,1,1,2019-06-06 07:02:01,1,靛厂新村,靛厂新村
57,2,7,2019-06-06 07:03:01,1,岳各庄东路北口,六里桥西
57,2,7,2019-06-06 07:03:01,1,岳各庄东路北口,六里桥西
57,2,5,2019-06-06 07:03:01,1,岳各庄东路北口,白塔村
57,2,7,2019-06-06 07:03:01,1,岳各庄东路北口,六里桥西
57,2,6,2019-06-06 07:03:01,1,岳各庄东路北口,小井路口东
57,2,8,2019-06-06 07:03:01,1,岳各庄东路北口,六里桥东
57,2,7,2019-06-06 07:03:01,1,岳各庄东路北口,六里桥西
57,3,7,2019-06-06 07:05:01,1,靛厂村南站,六里桥西
57,3,4,2019-06-06 07:05:01,1,靛厂村南站,水衙沟路东口
57,3,12,2019-06-06 07:05:01,1,靛厂村南站,广安门内
57,4,20,2019-06-06 07:06:01,1,水衙沟路东口,桥湾
57,4,6,2019-06-06 07:06:01,1,水衙沟路东口,小井路口东
57,4,7,2019-06-06 07:06:01,1,水衙沟路东口,六里桥西
57,4,7,2019-06-06 07:06:01,1,水衙沟路东口,六里桥西
57,4,6,2019-06-06 07:06:01,1,水衙沟路东口,小井路口东
57,4,7,2019-06-06 07:06:01,1,水衙沟路东口,六里桥西
57,4,7,2019-06-06 07:06:01,1,水衙沟路东口,六里桥西
57,4,4,2019-06-06 07:06:01,1,水衙沟路东口,水衙沟路东口
57,4,8,2019-06-06 07:06:01,1,水衙沟路东口,六里桥东
57,4,7,2019-06-06 07:06:01,1,水衙沟路东口,六里桥西
57,4,13,2019-06-06 07:06:01,1,水衙沟路东口,牛街路口东
57,4,12,2019-06-06 07:06:01,1,水衙沟路东口,广安门内
57,4,15,2019-06-06 07:06:01,1,水衙沟路东口,虎坊桥路口西
57,4,12,2019-06-06 07:06:01,1,水衙沟路东口,广安门内
57,4,15,2019-06-06 07:06:01,1,水衙沟路东口,虎坊桥路口西
57,4,15,2019-06-06 07:06:01,1,水衙沟路东口,虎坊桥路口西
57,4,9,2019-06-06 07:06:01,1,水衙沟路东口,莲花池
57,4,11,2019-06-06 07:06:01,1,水衙沟路东口,达官营
57,5,6,2019-06-06 07:07:01,1,白塔村,小井路口东
57,5,19,2019-06-06 07:07:01,1,白塔村,东城三里河
57,5,14,2019-06-06 07:07:01,1,白塔村,菜市口西
57,5,14,2019-06-06 07:07:01,1,白塔村,菜市口西
57,5,10,2019-06-06 07:07:01,1,白塔村,湾子
57,6,21,2019-06-06 07:10:01,1,小井路口东,水道子
57,6,8,2019-06-06 07:10:01,1,小井路口东,六里桥东
57,6,13,2019-06-06 07:10:01,1,小井路口东,牛街路口东
57,6,9,2019-06-06 07:10:01,1,小井路口东,莲花池
57,6,11,2019-06-06 07:10:01,1,小井路口东,达官营
57,8,20,2019-06-06 07:18:01,1,六里桥东,桥湾
57,8,8,2019-06-06 07:18:01,1,六里桥东,六里桥东
57,8,13,2019-06-06 07:18:01,1,六里桥东,牛街路口东
57,8,28,2019-06-06 07:19:01,1,六里桥东,垂杨柳
57,8,29,2019-06-06 07:19:01,1,六里桥东,双井桥北
57,8,21,2019-06-06 07:19:01,1,六里桥东,水道子
57,8,24,2019-06-06 07:19:01,1,六里桥东,培新街
57,8,24,2019-06-06 07:19:01,1,六里桥东,培新街
57,8,25,2019-06-06 07:19:01,1,六里桥东,安化楼
57,8,26,2019-06-06 07:19:01,1,六里桥东,广渠门内
57,8,32,2019-06-06 07:19:01,1,六里桥东,大北窑东
57,8,33,2019-06-06 07:19:01,1,六里桥东,郎家园
57,8,8,2019-06-06 07:19:01,1,六里桥东,六里桥东
57,8,8,2019-06-06 07:19:01,1,六里桥东,六里桥东
57,8,8,2019-06-06 07:19:01,1,六里桥东,六里桥东
57,8,14,2019-06-06 07:19:01,1,六里桥东,菜市口西
57,8,14,2019-06-06 07:19:01,1,六里桥东,菜市口西
57,8,14,2019-06-06 07:19:01,1,六里桥东,菜市口西
57,8,13,2019-06-06 07:19:01,1,六里桥东,牛街路口东
57,8,13,2019-06-06 07:19:01,1,六里桥东,牛街路口东
57,8,12,2019-06-06 07:19:01,1,六里桥东,广安门内
57,8,16,2019-06-06 07:19:01,1,六里桥东,虎坊桥路口东
57,8,12,2019-06-06 07:19:01,1,六里桥东,广安门内
57,8,13,2019-06-06 07:19:01,1,六里桥东,牛街路口东
57,8,12,2019-06-06 07:19:01,1,六里桥东,广安门内
57,8,14,2019-06-06 07:19:01,1,六里桥东,菜市口西
57,8,17,2019-06-06 07:19:01,1,六里桥东,板章路
57,8,12,2019-06-06 07:19:01,1,六里桥东,广安门内
57,8,13,2019-06-06 07:19:01,1,六里桥东,牛街路口东
57,8,12,2019-06-06 07:19:01,1,六里桥东,广安门内
57,8,12,2019-06-06 07:19:01,1,六里桥东,广安门内
57,8,15,2019-06-06 07:19:01,1,六里桥东,虎坊桥路口西
57,8,13,2019-06-06 07:19:01,1,六里桥东,牛街路口东
57,8,13,2019-06-06 07:19:01,1,六里桥东,牛街路口东
57,8,11,2019-06-06 07:19:01,1,六里桥东,达官营
57,8,12,2019-06-06 07:19:01,1,六里桥东,广安门内
57,8,10,2019-06-06 07:19:01,1,六里桥东,湾子
57,8,10,2019-06-06 07:19:01,1,六里桥东,湾子
57,8,10,2019-06-06 07:19:01,1,六里桥东,湾子
57,8,9,2019-06-06 07:19:01,1,六里桥东,莲花池
57,8,9,2019-06-06 07:19:01,1,六里桥东,莲花池
57,8,11,2019-06-06 07:19:01,1,六里桥东,达官营
57,9,31,2019-06-06 07:20:01,1,莲花池,大北窑南
57,9,16,2019-06-06 07:20:01,1,莲花池,虎坊桥路口东
57,9,28,2019-06-06 07:21:01,1,莲花池,垂杨柳
57,9,25,2019-06-06 07:21:01,1,莲花池,安化楼
57,9,14,2019-06-06 07:21:01,1,莲花池,菜市口西
57,9,14,2019-06-06 07:21:01,1,莲花池,菜市口西
57,9,25,2019-06-06 07:27:01,1,莲花池,安化楼
57,9,13,2019-06-06 07:27:01,1,莲花池,牛街路口东
57,9,12,2019-06-06 07:27:01,1,莲花池,广安门内
57,9,11,2019-06-06 07:27:01,1,莲花池,达官营
57,9,9,2019-06-06 07:27:01,1,莲花池,莲花池
57,10,27,2019-06-06 07:30:01,1,湾子,马圈
57,10,20,2019-06-06 07:30:01,1,湾子,桥湾
57,10,20,2019-06-06 07:30:01,1,湾子,桥湾
57,10,15,2019-06-06 07:30:01,1,湾子,虎坊桥路口西
57,10,17,2019-06-06 07:30:01,1,湾子,板章路
57,10,12,2019-06-06 07:30:01,1,湾子,广安门内
57,10,12,2019-06-06 07:30:01,1,湾子,广安门内
57,10,11,2019-06-06 07:30:01,1,湾子,达官营
57,11,33,2019-06-06 07:32:01,1,达官营,郎家园
57,11,12,2019-06-06 07:32:01,1,达官营,广安门内
57,11,11,2019-06-06 07:32:01,1,达官营,达官营
57,11,11,2019-06-06 07:32:01,1,达官营,达官营
57,11,17,2019-06-06 07:32:01,1,达官营,板章路
57,11,12,2019-06-06 07:32:01,1,达官营,广安门内
57,11,12,2019-06-06 07:32:01,1,达官营,广安门内
57,11,11,2019-06-06 07:32:01,1,达官营,达官营
57,11,16,2019-06-06 07:32:01,1,达官营,虎坊桥路口东
57,11,12,2019-06-06 07:32:01,1,达官营,广安门内
57,12,29,2019-06-06 07:36:01,1,广安门内,双井桥北
57,12,24,2019-06-06 07:36:01,1,广安门内,培新街
57,12,24,2019-06-06 07:36:01,1,广安门内,培新街
57,12,26,2019-06-06 07:36:01,1,广安门内,广渠门内
57,12,22,2019-06-06 07:36:01,1,广安门内,磁器口西
57,13,27,2019-06-06 07:39:01,1,牛街路口东,马圈
57,13,20,2019-06-06 07:39:01,1,牛街路口东,桥湾
57,13,22,2019-06-06 07:39:01,1,牛街路口东,磁器口西
57,13,21,2019-06-06 07:39:01,1,牛街路口东,水道子
57,13,27,2019-06-06 07:40:01,1,牛街路口东,马圈
57,13,26,2019-06-06 07:40:01,1,牛街路口东,广渠门内
57,13,22,2019-06-06 07:40:01,1,牛街路口东,磁器口西
57,14,29,2019-06-06 07:42:01,1,菜市口西,双井桥北
57,14,29,2019-06-06 07:42:01,1,菜市口西,双井桥北
57,14,29,2019-06-06 07:42:01,1,菜市口西,双井桥北
57,14,24,2019-06-06 07:42:01,1,菜市口西,培新街
57,14,23,2019-06-06 07:42:01,1,菜市口西,榄杆市
57,14,26,2019-06-06 07:43:01,1,菜市口西,广渠门内
57,14,31,2019-06-06 07:43:01,1,菜市口西,大北窑南
57,14,31,2019-06-06 07:43:01,1,菜市口西,大北窑南
57,15,20,2019-06-06 07:43:01,1,虎坊桥路口西,桥湾
57,14,19,2019-06-06 07:43:01,1,菜市口西,东城三里河
57,16,27,2019-06-06 07:47:01,1,虎坊桥路口东,马圈
57,16,29,2019-06-06 07:47:01,1,虎坊桥路口东,双井桥北
57,16,20,2019-06-06 07:47:01,1,虎坊桥路口东,桥湾
57,16,19,2019-06-06 07:47:01,1,虎坊桥路口东,东城三里河
57,16,19,2019-06-06 07:47:01,1,虎坊桥路口东,东城三里河
57,17,27,2019-06-06 07:48:01,1,板章路,马圈
57,17,26,2019-06-06 07:48:01,1,板章路,广渠门内
57,17,21,2019-06-06 07:48:01,1,板章路,水道子
57,17,20,2019-06-06 07:48:01,1,板章路,桥湾
57,17,26,2019-06-06 07:48:01,1,板章路,广渠门内
57,17,31,2019-06-06 07:48:01,1,板章路,大北窑南
57,17,33,2019-06-06 07:48:01,1,板章路,郎家园
57,17,19,2019-06-06 07:48:01,1,板章路,东城三里河
57,18,18,2019-06-06 07:49:01,1,过街楼,过街楼
57,18,22,2019-06-06 07:51:01,1,过街楼,磁器口西
57,19,26,2019-06-06 07:51:01,1,东城三里河,广渠门内
57,19,23,2019-06-06 07:52:01,1,东城三里河,榄杆市
57,19,22,2019-06-06 07:52:01,1,东城三里河,磁器口西
57,19,22,2019-06-06 07:52:01,1,东城三里河,磁器口西
57,19,31,2019-06-06 07:52:01,1,东城三里河,大北窑南
57,19,34,2019-06-06 07:52:01,1,东城三里河,四惠枢纽站
57,21,21,2019-06-06 07:53:01,1,水道子,水道子
57,21,21,2019-06-06 07:54:01,1,水道子,水道子
57,21,24,2019-06-06 07:54:01,1,水道子,培新街
57,22,27,2019-06-06 07:55:01,1,磁器口西,马圈
57,23,29,2019-06-06 07:55:01,1,榄杆市,双井桥北
57,22,24,2019-06-06 07:55:01,1,磁器口西,培新街
57,22,24,2019-06-06 07:55:01,1,磁器口西,培新街
57,22,22,2019-06-06 07:55:01,1,磁器口西,磁器口西
57,22,27,2019-06-06 07:55:01,1,磁器口西,马圈
57,22,24,2019-06-06 07:55:01,1,磁器口西,培新街
57,22,23,2019-06-06 07:55:01,1,磁器口西,榄杆市
57,22,33,2019-06-06 07:55:01,1,磁器口西,郎家园
57,23,33,2019-06-06 07:55:01,1,榄杆市,郎家园
57,23,29,2019-06-06 07:58:01,1,榄杆市,双井桥北
57,23,28,2019-06-06 07:58:01,1,榄杆市,垂杨柳
57,23,27,2019-06-06 07:58:01,1,榄杆市,马圈
57,23,30,2019-06-06 07:58:01,1,榄杆市,双花园
57,23,26,2019-06-06 07:58:01,1,榄杆市,广渠门内
57,23,31,2019-06-06 07:58:01,1,榄杆市,大北窑南
57,24,29,2019-06-06 07:59:01,1,培新街,双井桥北
57,24,29,2019-06-06 07:59:01,1,培新街,双井桥北
57,24,31,2019-06-06 07:59:01,1,培新街,大北窑南
57,24,29,2019-06-06 07:59:01,1,培新街,双井桥北
57,24,29,2019-06-06 07:59:01,1,培新街,双井桥北
57,24,30,2019-06-06 07:59:01,1,培新街,双花园
57,24,29,2019-06-06 07:59:01,1,培新街,双井桥北
57,24,29,2019-06-06 07:59:01,1,培新街,双井桥北
57,24,28,2019-06-06 07:59:01,1,培新街,垂杨柳
57,24,25,2019-06-06 07:59:01,1,培新街,安化楼
57,24,34,2019-06-06 07:59:01,1,培新街,四惠枢纽站
57,25,33,2019-06-06 08:00:01,1,安化楼,郎家园
57,26,31,2019-06-06 08:01:01,1,广渠门内,大北窑南
57,25,29,2019-06-06 08:01:01,1,安化楼,双井桥北
57,25,26,2019-06-06 08:01:01,1,安化楼,广渠门内
57,26,29,2019-06-06 08:05:01,1,广渠门内,双井桥北
57,26,27,2019-06-06 08:05:01,1,广渠门内,马圈
57,26,28,2019-06-06 08:05:01,1,广渠门内,垂杨柳
57,26,28,2019-06-06 08:05:01,1,广渠门内,垂杨柳
57,26,31,2019-06-06 08:05:01,1,广渠门内,大北窑南
57,26,27,2019-06-06 08:05:01,1,广渠门内,马圈
57,26,28,2019-06-06 08:05:01,1,广渠门内,垂杨柳
57,26,29,2019-06-06 08:05:01,1,广渠门内,双井桥北
57,26,28,2019-06-06 08:05:01,1,广渠门内,垂杨柳
57,26,29,2019-06-06 08:05:01,1,广渠门内,双井桥北
57,26,31,2019-06-06 08:05:01,1,广渠门内,大北窑南
57,26,32,2019-06-06 08:05:01,1,广渠门内,大北窑东
57,26,34,2019-06-06 08:05:01,1,广渠门内,四惠枢纽站
57,26,33,2019-06-06 08:05:01,1,广渠门内,郎家园
57,27,29,2019-06-06 08:11:01,1,马圈,双井桥北
57,27,29,2019-06-06 08:11:01,1,马圈,双井桥北
57,27,31,2019-06-06 08:11:01,1,马圈,大北窑南
57,27,32,2019-06-06 08:11:01,1,马圈,大北窑东
57,27,34,2019-06-06 08:11:01,1,马圈,四惠枢纽站
57,28,31,2019-06-06 08:13:01,1,垂杨柳,大北窑南
57,29,29,2019-06-06 08:17:01,1,双井桥北,双井桥北
57,29,34,2019-06-06 08:17:01,1,双井桥北,四惠枢纽站
57,29,33,2019-06-06 08:18:01,1,双井桥北,郎家园
57,29,31,2019-06-06 08:18:01,1,双井桥北,大北窑南
57,30,33,2019-06-06 08:19:01,1,双花园,郎家园
57,30,31,2019-06-06 08:20:01,1,双花园,大北窑南
57,30,32,2019-06-06 08:20:01,1,双花园,大北窑东
57,31,34,2019-06-06 08:22:01,1,大北窑南,四惠枢纽站
57,31,34,2019-06-06 08:22:01,1,大北窑南,四惠枢纽站
57,31,32,2019-06-06 08:22:01,1,大北窑南,大北窑东
57,31,33,2019-06-06 08:22:01,1,大北窑南,郎家园
57,31,33,2019-06-06 08:22:01,1,大北窑南,郎家园
57,31,34,2019-06-06 08:22:01,1,大北窑南,四惠枢纽站
57,31,34,2019-06-06 08:23:01,1,大北窑南,四惠枢纽站
57,31,33,2019-06-06 08:23:01,1,大北窑南,郎家园
57,31,34,2019-06-06 08:23:01,1,大北窑南,四惠枢纽站
57,32,34,2019-06-06 08:25:01,1,大北窑东,四惠枢纽站
57,32,33,2019-06-06 08:25:01,1,大北窑东,郎家园
57,32,34,2019-06-06 08:25:01,1,大北窑东,四惠枢纽站
57,32,34,2019-06-06 08:26:01,1,大北窑东,四惠枢纽站
57,32,34,2019-06-06 08:26:01,1,大北窑东,四惠枢纽站
57,33,34,2019-06-06 08:27:01,1,郎家园,四惠枢纽站
57,5,6,2019-06-06 06:31:01,1,白塔村,小井路口东
57,5,5,2019-06-06 06:31:01,1,白塔村,白塔村
57,5,26,2019-06-06 06:31:01,1,白塔村,广渠门内
57,5,9,2019-06-06 06:31:01,1,白塔村,莲花池
57,5,13,2019-06-06 06:31:01,1,白塔村,牛街路口东
57,5,9,2019-06-06 06:31:01,1,白塔村,莲花池
57,5,15,2019-06-06 06:31:01,1,白塔村,虎坊桥路口西
57,5,9,2019-06-06 06:31:01,1,白塔村,莲花池
57,6,7,2019-06-06 06:37:01,1,小井路口东,六里桥西
57,7,18,2019-06-06 06:37:01,1,六里桥西,过街楼
57,6,16,2019-06-06 06:37:01,1,小井路口东,虎坊桥路口东
57,7,22,2019-06-06 06:37:01,1,六里桥西,磁器口西
57,7,30,2019-06-06 06:37:01,1,六里桥西,双花园
57,7,13,2019-06-06 06:37:01,1,六里桥西,牛街路口东
57,7,19,2019-06-06 06:39:01,1,六里桥西,东城三里河
57,7,31,2019-06-06 06:39:01,1,六里桥西,大北窑南
57,7,25,2019-06-06 06:39:01,1,六里桥西,安化楼
57,7,24,2019-06-06 06:39:01,1,六里桥西,培新街
57,7,15,2019-06-06 06:39:01,1,六里桥西,虎坊桥路口西
57,7,12,2019-06-06 06:39:01,1,六里桥西,广安门内
57,8,13,2019-06-06 06:42:01,1,六里桥东,牛街路口东
57,8,8,2019-06-06 06:43:01,1,六里桥东,六里桥东
57,8,8,2019-06-06 06:43:01,1,六里桥东,六里桥东
57,8,23,2019-06-06 06:43:01,1,六里桥东,榄杆市
57,8,21,2019-06-06 06:43:01,1,六里桥东,水道子
57,8,23,2019-06-06 06:43:01,1,六里桥东,榄杆市
57,8,15,2019-06-06 06:43:01,1,六里桥东,虎坊桥路口西
57,8,22,2019-06-06 06:43:01,1,六里桥东,磁器口西
57,8,16,2019-06-06 06:43:01,1,六里桥东,虎坊桥路口东
57,8,15,2019-06-06 06:43:01,1,六里桥东,虎坊桥路口西
57,8,15,2019-06-06 06:43:01,1,六里桥东,虎坊桥路口西
57,8,16,2019-06-06 06:43:01,1,六里桥东,虎坊桥路口东
57,8,17,2019-06-06 06:43:01,1,六里桥东,板章路
57,8,21,2019-06-06 06:43:01,1,六里桥东,水道子
57,8,15,2019-06-06 06:43:01,1,六里桥东,虎坊桥路口西
57,8,29,2019-06-06 06:43:01,1,六里桥东,双井桥北
57,8,29,2019-06-06 06:43:01,1,六里桥东,双井桥北
57,8,32,2019-06-06 06:43:01,1,六里桥东,大北窑东
57,8,31,2019-06-06 06:43:01,1,六里桥东,大北窑南
57,8,28,2019-06-06 06:43:01,1,六里桥东,垂杨柳
57,8,28,2019-06-06 06:43:01,1,六里桥东,垂杨柳
57,8,29,2019-06-06 06:43:01,1,六里桥东,双井桥北
57,8,10,2019-06-06 06:43:01,1,六里桥东,湾子
57,8,13,2019-06-06 06:43:01,1,六里桥东,牛街路口东
57,8,10,2019-06-06 06:43:01,1,六里桥东,湾子
57,8,10,2019-06-06 06:43:01,1,六里桥东,湾子
57,8,10,2019-06-06 06:43:01,1,六里桥东,湾子
57,8,12,2019-06-06 06:43:01,1,六里桥东,广安门内
57,8,12,2019-06-06 06:43:01,1,六里桥东,广安门内
57,8,10,2019-06-06 06:43:01,1,六里桥东,湾子
57,8,12,2019-06-06 06:43:01,1,六里桥东,广安门内
57,8,11,2019-06-06 06:43:01,1,六里桥东,达官营
57,8,14,2019-06-06 06:43:01,1,六里桥东,菜市口西
57,9,23,2019-06-06 06:50:01,1,莲花池,榄杆市
57,9,17,2019-06-06 06:50:01,1,莲花池,板章路
57,9,23,2019-06-06 06:50:01,1,莲花池,榄杆市
57,9,15,2019-06-06 06:50:01,1,莲花池,虎坊桥路口西
57,9,26,2019-06-06 06:50:01,1,莲花池,广渠门内
57,9,13,2019-06-06 06:50:01,1,莲花池,牛街路口东
57,9,15,2019-06-06 06:50:01,1,莲花池,虎坊桥路口西
57,10,15,2019-06-06 06:52:01,1,湾子,虎坊桥路口西
57,10,15,2019-06-06 06:52:01,1,湾子,虎坊桥路口西
57,10,20,2019-06-06 06:52:01,1,湾子,桥湾
57,10,20,2019-06-06 06:52:01,1,湾子,桥湾
57,10,20,2019-06-06 06:52:01,1,湾子,桥湾
57,10,18,2019-06-06 06:52:01,1,湾子,过街楼
57,10,26,2019-06-06 06:52:01,1,湾子,广渠门内
57,10,12,2019-06-06 06:52:01,1,湾子,广安门内
57,10,14,2019-06-06 06:52:01,1,湾子,菜市口西
57,10,12,2019-06-06 06:52:01,1,湾子,广安门内
57,10,15,2019-06-06 06:52:01,1,湾子,虎坊桥路口西
57,10,10,2019-06-06 06:52:01,1,湾子,湾子
57,10,33,2019-06-06 06:53:01,1,湾子,郎家园
57,10,33,2019-06-06 06:53:01,1,湾子,郎家园
57,10,33,2019-06-06 06:53:01,1,湾子,郎家园
57,10,33,2019-06-06 06:53:01,1,湾子,郎家园
57,10,15,2019-06-06 06:53:01,1,湾子,虎坊桥路口西
57,10,24,2019-06-06 06:53:01,1,湾子,培新街
57,10,14,2019-06-06 06:53:01,1,湾子,菜市口西
57,12,32,2019-06-06 06:57:01,1,广安门内,大北窑东
57,12,25,2019-06-06 06:57:01,1,广安门内,安化楼
57,12,26,2019-06-06 06:57:01,1,广安门内,广渠门内
57,12,12,2019-06-06 06:57:01,1,广安门内,广安门内
57,12,12,2019-06-06 06:57:01,1,广安门内,广安门内
57,13,33,2019-06-06 07:00:01,1,牛街路口东,郎家园
57,13,29,2019-06-06 07:00:01,1,牛街路口东,双井桥北
57,13,29,2019-06-06 07:00:01,1,牛街路口东,双井桥北
57,13,20,2019-06-06 07:01:01,1,牛街路口东,桥湾
57,13,18,2019-06-06 07:01:01,1,牛街路口东,过街楼
57,13,22,2019-06-06 07:01:01,1,牛街路口东,磁器口西
57,13,17,2019-06-06 07:01:01,1,牛街路口东,板章路
57,13,24,2019-06-06 07:01:01,1,牛街路口东,培新街
57,14,15,2019-06-06 07:03:01,1,菜市口西,虎坊桥路口西
57,14,21,2019-06-06 07:03:01,1,菜市口西,水道子
57,14,15,2019-06-06 07:03:01,1,菜市口西,虎坊桥路口西
57,14,20,2019-06-06 07:03:01,1,菜市口西,桥湾
57,14,17,2019-06-06 07:03:01,1,菜市口西,板章路
57,14,31,2019-06-06 07:03:01,1,菜市口西,大北窑南
57,14,32,2019-06-06 07:03:01,1,菜市口西,大北窑东
57,14,33,2019-06-06 07:03:01,1,菜市口西,郎家园
57,15,31,2019-06-06 07:05:01,1,虎坊桥路口西,大北窑南
57,15,32,2019-06-06 07:05:01,1,虎坊桥路口西,大北窑东
57,15,25,2019-06-06 07:05:01,1,虎坊桥路口西,安化楼
57,16,16,2019-06-06 07:09:01,1,虎坊桥路口东,虎坊桥路口东
57,16,17,2019-06-06 07:09:01,1,虎坊桥路口东,板章路
57,16,31,2019-06-06 07:09:01,1,虎坊桥路口东,大北窑南
57,16,29,2019-06-06 07:09:01,1,虎坊桥路口东,双井桥北
57,17,29,2019-06-06 07:10:01,1,板章路,双井桥北
57,17,31,2019-06-06 07:10:01,1,板章路,大北窑南
57,19,28,2019-06-06 07:13:01,1,东城三里河,垂杨柳
57,22,31,2019-06-06 07:16:01,1,磁器口西,大北窑南
57,22,28,2019-06-06 07:16:01,1,磁器口西,垂杨柳
57,23,34,2019-06-06 07:19:01,1,榄杆市,四惠枢纽站
57,23,33,2019-06-06 07:19:01,1,榄杆市,郎家园
57,23,34,2019-06-06 07:19:01,1,榄杆市,四惠枢纽站
57,23,33,2019-06-06 07:19:01,1,榄杆市,郎家园
57,23,31,2019-06-06 07:19:01,1,榄杆市,大北窑南
57,23,32,2019-06-06 07:19:01,1,榄杆市,大北窑东
57,23,29,2019-06-06 07:19:01,1,榄杆市,双井桥北
57,24,32,2019-06-06 07:23:01,1,培新街,大北窑东
57,24,31,2019-06-06 07:23:01,1,培新街,大北窑南
57,24,32,2019-06-06 07:23:01,1,培新街,大北窑东
57,24,31,2019-06-06 07:23:01,1,培新街,大北窑南
57,24,29,2019-06-06 07:23:01,1,培新街,双井桥北
57,24,29,2019-06-06 07:23:01,1,培新街,双井桥北
57,25,31,2019-06-06 07:24:01,1,安化楼,大北窑南
57,25,31,2019-06-06 07:24:01,1,安化楼,大北窑南
57,25,26,2019-06-06 07:24:01,1,安化楼,广渠门内
57,26,33,2019-06-06 07:25:01,1,广渠门内,郎家园
57,26,33,2019-06-06 07:25:01,1,广渠门内,郎家园
57,25,29,2019-06-06 07:25:01,1,安化楼,双井桥北
57,26,29,2019-06-06 07:25:01,1,广渠门内,双井桥北
57,26,31,2019-06-06 07:25:01,1,广渠门内,大北窑南
57,26,31,2019-06-06 07:25:01,1,广渠门内,大北窑南
57,25,29,2019-06-06 07:25:01,1,安化楼,双井桥北
57,25,29,2019-06-06 07:25:01,1,安化楼,双井桥北
57,26,28,2019-06-06 07:25:01,1,广渠门内,垂杨柳
57,26,29,2019-06-06 07:25:01,1,广渠门内,双井桥北
57,26,26,2019-06-06 07:25:01,1,广渠门内,广渠门内
57,26,34,2019-06-06 07:26:01,1,广渠门内,四惠枢纽站
57,26,33,2019-06-06 07:26:01,1,广渠门内,郎家园
57,26,34,2019-06-06 07:26:01,1,广渠门内,四惠枢纽站
57,26,33,2019-06-06 07:26:01,1,广渠门内,郎家园
57,26,31,2019-06-06 07:26:01,1,广渠门内,大北窑南
57,26,31,2019-06-06 07:26:01,1,广渠门内,大北窑南
57,26,31,2019-06-06 07:26:01,1,广渠门内,大北窑南
57,26,29,2019-06-06 07:26:01,1,广渠门内,双井桥北
57,26,28,2019-06-06 07:26:01,1,广渠门内,垂杨柳
57,26,29,2019-06-06 07:26:01,1,广渠门内,双井桥北
57,26,29,2019-06-06 07:26:01,1,广渠门内,双井桥北
57,28,34,2019-06-06 07:28:01,1,垂杨柳,四惠枢纽站
57,27,32,2019-06-06 07:28:01,1,马圈,大北窑东
57,27,31,2019-06-06 07:28:01,1,马圈,大北窑南
57,27,33,2019-06-06 07:28:01,1,马圈,郎家园
57,27,29,2019-06-06 07:28:01,1,马圈,双井桥北
57,28,30,2019-06-06 07:28:01,1,垂杨柳,双花园
57,27,29,2019-06-06 07:28:01,1,马圈,双井桥北
57,27,29,2019-06-06 07:28:01,1,马圈,双井桥北
57,27,29,2019-06-06 07:28:01,1,马圈,双井桥北
57,28,33,2019-06-06 07:29:01,1,垂杨柳,郎家园
57,28,29,2019-06-06 07:29:01,1,垂杨柳,双井桥北
57,28,31,2019-06-06 07:29:01,1,垂杨柳,大北窑南
57,28,31,2019-06-06 07:29:01,1,垂杨柳,大北窑南
57,29,29,2019-06-06 07:30:01,1,双井桥北,双井桥北
57,29,33,2019-06-06 07:35:01,1,双井桥北,郎家园
57,29,33,2019-06-06 07:35:01,1,双井桥北,郎家园
57,29,34,2019-06-06 07:35:01,1,双井桥北,四惠枢纽站
57,29,34,2019-06-06 07:35:01,1,双井桥北,四惠枢纽站
57,29,31,2019-06-06 07:35:01,1,双井桥北,大北窑南
57,29,32,2019-06-06 07:35:01,1,双井桥北,大北窑东
57,30,34,2019-06-06 07:36:01,1,双花园,四惠枢纽站
57,31,31,2019-06-06 07:36:01,1,大北窑南,大北窑南
57,30,32,2019-06-06 07:36:01,1,双花园,大北窑东
57,30,31,2019-06-06 07:36:01,1,双花园,大北窑南
57,31,34,2019-06-06 07:39:01,1,大北窑南,四惠枢纽站
57,31,34,2019-06-06 07:39:01,1,大北窑南,四惠枢纽站
57,31,34,2019-06-06 07:39:01,1,大北窑南,四惠枢纽站
57,31,34,2019-06-06 07:39:01,1,大北窑南,四惠枢纽站
57,31,34,2019-06-06 07:39:01,1,大北窑南,四惠枢纽站
57,31,34,2019-06-06 07:39:01,1,大北窑南,四惠枢纽站
57,31,34,2019-06-06 07:39:01,1,大北窑南,四惠枢纽站
57,32,33,2019-06-06 07:41:01,1,大北窑东,郎家园
57,1,7,2019-06-06 09:20:01,1,靛厂新村,六里桥西
57,1,12,2019-06-06 09:21:01,1,靛厂新村,广安门内
57,1,24,2019-06-06 09:21:01,1,靛厂新村,培新街
57,1,4,2019-06-06 09:21:01,1,靛厂新村,水衙沟路东口
57,1,1,2019-06-06 09:21:01,1,靛厂新村,靛厂新村
57,1,1,2019-06-06 09:21:01,1,靛厂新村,靛厂新村
57,1,2,2019-06-06 09:21:01,1,靛厂新村,岳各庄东路北口
57,1,1,2019-06-06 09:21:01,1,靛厂新村,靛厂新村
57,1,12,2019-06-06 09:21:01,1,靛厂新村,广安门内
57,1,13,2019-06-06 09:21:01,1,靛厂新村,牛街路口东
57,2,13,2019-06-06 09:22:01,1,岳各庄东路北口,牛街路口东
57,2,3,2019-06-06 09:22:01,1,岳各庄东路北口,靛厂村南站
57,3,3,2019-06-06 09:22:01,1,靛厂村南站,靛厂村南站
57,2,3,2019-06-06 09:22:01,1,岳各庄东路北口,靛厂村南站
57,3,7,2019-06-06 09:22:01,1,靛厂村南站,六里桥西
57,3,3,2019-06-06 09:23:01,1,靛厂村南站,靛厂村南站
57,3,15,2019-06-06 09:25:01,1,靛厂村南站,虎坊桥路口西
57,3,15,2019-06-06 09:25:01,1,靛厂村南站,虎坊桥路口西
57,3,15,2019-06-06 09:25:01,1,靛厂村南站,虎坊桥路口西
57,3,14,2019-06-06 09:25:01,1,靛厂村南站,菜市口西
57,3,14,2019-06-06 09:25:01,1,靛厂村南站,菜市口西
57,4,5,2019-06-06 09:26:01,1,水衙沟路东口,白塔村
57,4,7,2019-06-06 09:26:01,1,水衙沟路东口,六里桥西
57,4,11,2019-06-06 09:26:01,1,水衙沟路东口,达官营
57,5,8,2019-06-06 09:26:01,1,白塔村,六里桥东
57,4,7,2019-06-06 09:26:01,1,水衙沟路东口,六里桥西
57,4,11,2019-06-06 09:26:01,1,水衙沟路东口,达官营
57,1,12,2019-06-06 07:47:01,1,靛厂新村,广安门内
57,1,7,2019-06-06 07:47:01,1,靛厂新村,六里桥西
57,1,7,2019-06-06 07:47:01,1,靛厂新村,六里桥西
57,1,5,2019-06-06 07:47:01,1,靛厂新村,白塔村
57,1,11,2019-06-06 07:47:01,1,靛厂新村,达官营
57,1,14,2019-06-06 07:47:01,1,靛厂新村,菜市口西
57,2,7,2019-06-06 07:49:01,1,岳各庄东路北口,六里桥西
57,2,7,2019-06-06 07:49:01,1,岳各庄东路北口,六里桥西
57,2,7,2019-06-06 07:49:01,1,岳各庄东路北口,六里桥西
57,2,7,2019-06-06 07:49:01,1,岳各庄东路北口,六里桥西
57,2,7,2019-06-06 07:49:01,1,岳各庄东路北口,六里桥西
57,3,7,2019-06-06 07:49:01,1,靛厂村南站,六里桥西
57,2,7,2019-06-06 07:49:01,1,岳各庄东路北口,六里桥西
57,2,10,2019-06-06 07:49:01,1,岳各庄东路北口,湾子
57,2,13,2019-06-06 07:49:01,1,岳各庄东路北口,牛街路口东
57,2,7,2019-06-06 07:49:01,1,岳各庄东路北口,六里桥西
57,2,10,2019-06-06 07:49:01,1,岳各庄东路北口,湾子
57,3,5,2019-06-06 07:50:01,1,靛厂村南站,白塔村
57,3,14,2019-06-06 07:51:01,1,靛厂村南站,菜市口西
57,3,4,2019-06-06 07:51:01,1,靛厂村南站,水衙沟路东口
57,3,7,2019-06-06 07:51:01,1,靛厂村南站,六里桥西
57,3,10,2019-06-06 07:51:01,1,靛厂村南站,湾子
57,3,7,2019-06-06 07:51:01,1,靛厂村南站,六里桥西
57,3,11,2019-06-06 07:51:01,1,靛厂村南站,达官营
57,3,7,2019-06-06 07:51:01,1,靛厂村南站,六里桥西
57,3,18,2019-06-06 07:51:01,1,靛厂村南站,过街楼
57,3,8,2019-06-06 07:51:01,1,靛厂村南站,六里桥东
57,3,14,2019-06-06 07:51:01,1,靛厂村南站,菜市口西
57,3,11,2019-06-06 07:51:01,1,靛厂村南站,达官营
57,3,26,2019-06-06 07:51:01,1,靛厂村南站,广渠门内
57,4,22,2019-06-06 07:52:01,1,水衙沟路东口,磁器口西
57,4,13,2019-06-06 07:52:01,1,水衙沟路东口,牛街路口东
57,4,22,2019-06-06 07:52:01,1,水衙沟路东口,磁器口西
57,6,11,2019-06-06 07:58:01,1,小井路口东,达官营
57,7,14,2019-06-06 08:02:01,1,六里桥西,菜市口西
57,7,14,2019-06-06 08:02:01,1,六里桥西,菜市口西
57,7,11,2019-06-06 08:03:01,1,六里桥西,达官营
57,8,8,2019-06-06 08:11:01,1,六里桥东,六里桥东
57,9,14,2019-06-06 08:11:01,1,莲花池,菜市口西
57,8,28,2019-06-06 08:11:01,1,六里桥东,垂杨柳
57,8,32,2019-06-06 08:11:01,1,六里桥东,大北窑东
57,8,14,2019-06-06 08:11:01,1,六里桥东,菜市口西
57,8,11,2019-06-06 08:11:01,1,六里桥东,达官营
57,8,8,2019-06-06 08:11:01,1,六里桥东,六里桥东
57,8,31,2019-06-06 08:11:01,1,六里桥东,大北窑南
57,9,27,2019-06-06 08:11:01,1,莲花池,马圈
57,9,10,2019-06-06 08:11:01,1,莲花池,湾子
57,9,22,2019-06-06 08:11:01,1,莲花池,磁器口西
57,8,10,2019-06-06 08:11:01,1,六里桥东,湾子
57,9,10,2019-06-06 08:11:01,1,莲花池,湾子
57,9,23,2019-06-06 08:11:01,1,莲花池,榄杆市
57,9,14,2019-06-06 08:12:01,1,莲花池,菜市口西
57,9,34,2019-06-06 08:20:01,1,莲花池,四惠枢纽站
57,9,29,2019-06-06 08:20:01,1,莲花池,双井桥北
57,10,17,2019-06-06 08:20:01,1,湾子,板章路
57,9,17,2019-06-06 08:20:01,1,莲花池,板章路
57,9,26,2019-06-06 08:20:01,1,莲花池,广渠门内
57,10,13,2019-06-06 08:24:01,1,湾子,牛街路口东
57,10,11,2019-06-06 08:24:01,1,湾子,达官营
57,11,22,2019-06-06 08:24:01,1,达官营,磁器口西
57,10,11,2019-06-06 08:24:01,1,湾子,达官营
57,10,31,2019-06-06 08:24:01,1,湾子,大北窑南
57,10,11,2019-06-06 08:24:01,1,湾子,达官营
57,11,13,2019-06-06 08:24:01,1,达官营,牛街路口东
57,10,24,2019-06-06 08:24:01,1,湾子,培新街
57,11,12,2019-06-06 08:24:01,1,达官营,广安门内
57,10,14,2019-06-06 08:24:01,1,湾子,菜市口西
57,11,11,2019-06-06 08:24:01,1,达官营,达官营
57,11,13,2019-06-06 08:24:01,1,达官营,牛街路口东
57,11,15,2019-06-06 08:25:01,1,达官营,虎坊桥路口西
57,11,22,2019-06-06 08:27:01,1,达官营,磁器口西
57,11,22,2019-06-06 08:27:01,1,达官营,磁器口西
57,11,31,2019-06-06 08:27:01,1,达官营,大北窑南
57,11,21,2019-06-06 08:27:01,1,达官营,水道子
57,11,22,2019-06-06 08:27:01,1,达官营,磁器口西
57,11,29,2019-06-06 08:27:01,1,达官营,双井桥北
57,11,11,2019-06-06 08:27:01,1,达官营,达官营
57,11,11,2019-06-06 08:27:01,1,达官营,达官营
57,11,12,2019-06-06 08:27:01,1,达官营,广安门内
57,11,24,2019-06-06 08:27:01,1,达官营,培新街
57,11,11,2019-06-06 08:27:01,1,达官营,达官营
57,11,12,2019-06-06 08:27:01,1,达官营,广安门内
57,11,14,2019-06-06 08:27:01,1,达官营,菜市口西
57,11,14,2019-06-06 08:27:01,1,达官营,菜市口西
57,12,18,2019-06-06 08:33:01,1,广安门内,过街楼
57,12,26,2019-06-06 08:33:01,1,广安门内,广渠门内
57,13,34,2019-06-06 08:36:01,1,牛街路口东,四惠枢纽站
57,13,34,2019-06-06 08:36:01,1,牛街路口东,四惠枢纽站
57,15,15,2019-06-06 08:39:01,1,虎坊桥路口西,虎坊桥路口西
57,15,29,2019-06-06 08:40:01,1,虎坊桥路口西,双井桥北
57,17,18,2019-06-06 08:44:01,1,板章路,过街楼
57,17,28,2019-06-06 08:44:01,1,板章路,垂杨柳
57,17,28,2019-06-06 08:44:01,1,板章路,垂杨柳
57,18,27,2019-06-06 08:47:01,1,过街楼,马圈
57,18,27,2019-06-06 08:47:01,1,过街楼,马圈
57,21,24,2019-06-06 08:50:01,1,水道子,培新街
57,22,27,2019-06-06 08:51:01,1,磁器口西,马圈
57,23,31,2019-06-06 08:52:01,1,榄杆市,大北窑南
57,23,33,2019-06-06 08:52:01,1,榄杆市,郎家园
57,23,33,2019-06-06 08:52:01,1,榄杆市,郎家园
57,25,29,2019-06-06 08:54:01,1,安化楼,双井桥北
57,24,28,2019-06-06 08:54:01,1,培新街,垂杨柳
57,15,27,2019-06-06 08:55:01,1,虎坊桥路口西,马圈
57,26,32,2019-06-06 08:55:01,1,广渠门内,大北窑东
57,26,27,2019-06-06 08:55:01,1,广渠门内,马圈
57,25,33,2019-06-06 08:55:01,1,安化楼,郎家园
57,27,31,2019-06-06 08:56:01,1,马圈,大北窑南
57,27,33,2019-06-06 08:56:01,1,马圈,郎家园
57,27,27,2019-06-06 08:57:01,1,马圈,马圈
57,27,27,2019-06-06 08:57:01,1,马圈,马圈
57,27,29,2019-06-06 08:57:01,1,马圈,双井桥北
57,27,27,2019-06-06 08:58:01,1,马圈,马圈
57,27,27,2019-06-06 08:58:01,1,马圈,马圈
57,27,31,2019-06-06 09:00:01,1,马圈,大北窑南
57,28,28,2019-06-06 09:00:01,1,垂杨柳,垂杨柳
57,27,31,2019-06-06 09:00:01,1,马圈,大北窑南
57,27,31,2019-06-06 09:00:01,1,马圈,大北窑南
57,27,31,2019-06-06 09:00:01,1,马圈,大北窑南
57,27,31,2019-06-06 09:00:01,1,马圈,大北窑南
57,27,31,2019-06-06 09:00:01,1,马圈,大北窑南
57,28,28,2019-06-06 09:02:01,1,垂杨柳,垂杨柳
57,29,34,2019-06-06 09:02:01,1,双井桥北,四惠枢纽站
57,29,29,2019-06-06 09:02:01,1,双井桥北,双井桥北
57,29,34,2019-06-06 09:08:01,1,双井桥北,四惠枢纽站
57,29,33,2019-06-06 09:08:01,1,双井桥北,郎家园
57,30,34,2019-06-06 09:09:01,1,双花园,四惠枢纽站
57,31,34,2019-06-06 09:09:01,1,大北窑南,四惠枢纽站
57,31,33,2019-06-06 09:10:01,1,大北窑南,郎家园
57,31,31,2019-06-06 09:16:01,1,大北窑南,大北窑南
57,31,33,2019-06-06 09:16:01,1,大北窑南,郎家园
57,31,31,2019-06-06 09:16:01,1,大北窑南,大北窑南
57,31,34,2019-06-06 09:17:01,1,大北窑南,四惠枢纽站
57,31,34,2019-06-06 09:17:01,1,大北窑南,四惠枢纽站
57,9,19,2019-06-06 06:30:01,1,莲花池,东城三里河
57,9,22,2019-06-06 06:30:01,1,莲花池,磁器口西
57,10,14,2019-06-06 06:31:01,1,湾子,菜市口西
57,10,16,2019-06-06 06:31:01,1,湾子,虎坊桥路口东
57,10,27,2019-06-06 06:32:01,1,湾子,马圈
57,10,31,2019-06-06 06:32:01,1,湾子,大北窑南
57,10,25,2019-06-06 06:32:01,1,湾子,安化楼
57,10,22,2019-06-06 06:32:01,1,湾子,磁器口西
57,10,11,2019-06-06 06:32:01,1,湾子,达官营
57,11,13,2019-06-06 06:33:01,1,达官营,牛街路口东
57,11,28,2019-06-06 06:33:01,1,达官营,垂杨柳
57,11,29,2019-06-06 06:33:01,1,达官营,双井桥北
57,11,19,2019-06-06 06:33:01,1,达官营,东城三里河
57,11,23,2019-06-06 06:33:01,1,达官营,榄杆市
57,11,27,2019-06-06 06:34:01,1,达官营,马圈
57,11,15,2019-06-06 06:34:01,1,达官营,虎坊桥路口西
57,11,19,2019-06-06 06:34:01,1,达官营,东城三里河
57,12,17,2019-06-06 06:36:01,1,广安门内,板章路
57,12,17,2019-06-06 06:36:01,1,广安门内,板章路
57,12,21,2019-06-06 06:36:01,1,广安门内,水道子
57,12,18,2019-06-06 06:36:01,1,广安门内,过街楼
57,12,16,2019-06-06 06:36:01,1,广安门内,虎坊桥路口东
57,12,18,2019-06-06 06:36:01,1,广安门内,过街楼
57,12,12,2019-06-06 06:36:01,1,广安门内,广安门内
57,12,24,2019-06-06 06:36:01,1,广安门内,培新街
57,13,31,2019-06-06 06:40:01,1,牛街路口东,大北窑南
57,13,21,2019-06-06 06:40:01,1,牛街路口东,水道子
57,13,26,2019-06-06 06:40:01,1,牛街路口东,广渠门内
57,13,13,2019-06-06 06:40:01,1,牛街路口东,牛街路口东
57,13,22,2019-06-06 06:40:01,1,牛街路口东,磁器口西
57,14,32,2019-06-06 06:43:01,1,菜市口西,大北窑东
57,14,23,2019-06-06 06:43:01,1,菜市口西,榄杆市
57,14,24,2019-06-06 06:43:01,1,菜市口西,培新街
57,15,20,2019-06-06 06:45:01,1,虎坊桥路口西,桥湾
57,16,29,2019-06-06 06:48:01,1,虎坊桥路口东,双井桥北
57,16,24,2019-06-06 06:48:01,1,虎坊桥路口东,培新街
57,16,21,2019-06-06 06:48:01,1,虎坊桥路口东,水道子
57,17,31,2019-06-06 06:49:01,1,板章路,大北窑南
57,17,20,2019-06-06 06:49:01,1,板章路,桥湾
57,17,23,2019-06-06 06:49:01,1,板章路,榄杆市
57,18,29,2019-06-06 06:53:01,1,过街楼,双井桥北
57,20,20,2019-06-06 06:54:01,1,桥湾,桥湾
57,22,29,2019-06-06 06:56:01,1,磁器口西,双井桥北
57,23,33,2019-06-06 06:59:01,1,榄杆市,郎家园
57,23,33,2019-06-06 06:59:01,1,榄杆市,郎家园
57,23,31,2019-06-06 06:59:01,1,榄杆市,大北窑南
57,23,23,2019-06-06 06:59:01,1,榄杆市,榄杆市
57,24,29,2019-06-06 07:03:01,1,培新街,双井桥北
57,24,24,2019-06-06 07:03:01,1,培新街,培新街
57,25,27,2019-06-06 07:04:01,1,安化楼,马圈
57,26,32,2019-06-06 07:04:01,1,广渠门内,大北窑东
57,26,29,2019-06-06 07:04:01,1,广渠门内,双井桥北
57,25,33,2019-06-06 07:04:01,1,安化楼,郎家园
57,26,33,2019-06-06 07:04:01,1,广渠门内,郎家园
57,25,33,2019-06-06 07:04:01,1,安化楼,郎家园
57,25,34,2019-06-06 07:04:01,1,安化楼,四惠枢纽站
57,26,33,2019-06-06 07:05:01,1,广渠门内,郎家园
57,27,27,2019-06-06 07:07:01,1,马圈,马圈
57,27,29,2019-06-06 07:07:01,1,马圈,双井桥北
57,27,34,2019-06-06 07:07:01,1,马圈,四惠枢纽站
57,27,34,2019-06-06 07:07:01,1,马圈,四惠枢纽站
57,28,31,2019-06-06 07:09:01,1,垂杨柳,大北窑南
57,31,32,2019-06-06 07:19:01,1,大北窑南,大北窑东
57,31,33,2019-06-06 07:19:01,1,大北窑南,郎家园
57,31,33,2019-06-06 07:19:01,1,大北窑南,郎家园
57,31,34,2019-06-06 07:19:01,1,大北窑南,四惠枢纽站
57,33,33,2019-06-06 07:23:01,1,郎家园,郎家园
57,33,34,2019-06-06 07:23:01,1,郎家园,四惠枢纽站
57,33,34,2019-06-06 07:23:01,1,郎家园,四惠枢纽站
57,33,33,2019-06-06 07:23:01,1,郎家园,郎家园
57,26,30,2019-06-06 06:30:01,1,广渠门内,双花园
57,26,31,2019-06-06 06:30:01,1,广渠门内,大北窑南
57,26,31,2019-06-06 06:30:01,1,广渠门内,大北窑南
57,27,28,2019-06-06 06:32:01,1,马圈,垂杨柳
57,27,27,2019-06-06 06:32:01,1,马圈,马圈
57,29,32,2019-06-06 06:38:01,1,双井桥北,大北窑东
57,29,32,2019-06-06 06:38:01,1,双井桥北,大北窑东
57,29,30,2019-06-06 06:38:01,1,双井桥北,双花园
57,30,33,2019-06-06 06:40:01,1,双花园,郎家园
57,30,33,2019-06-06 06:40:01,1,双花园,郎家园
57,30,30,2019-06-06 06:40:01,1,双花园,双花园
57,30,32,2019-06-06 06:40:01,1,双花园,大北窑东
57,30,33,2019-06-06 06:40:01,1,双花园,郎家园
57,30,31,2019-06-06 06:40:01,1,双花园,大北窑南
57,31,33,2019-06-06 06:41:01,1,大北窑南,郎家园
57,31,33,2019-06-06 06:41:01,1,大北窑南,郎家园
57,12,24,2019-06-06 08:19:01,1,广安门内,培新街
57,12,27,2019-06-06 08:19:01,1,广安门内,马圈
57,12,21,2019-06-06 08:19:01,1,广安门内,水道子
57,12,15,2019-06-06 08:19:01,1,广安门内,虎坊桥路口西
57,13,27,2019-06-06 08:22:01,1,牛街路口东,马圈
57,14,25,2019-06-06 08:25:01,1,菜市口西,安化楼
57,14,21,2019-06-06 08:25:01,1,菜市口西,水道子
57,14,27,2019-06-06 08:25:01,1,菜市口西,马圈
57,14,33,2019-06-06 08:25:01,1,菜市口西,郎家园
57,14,15,2019-06-06 08:25:01,1,菜市口西,虎坊桥路口西
57,18,18,2019-06-06 08:32:01,1,过街楼,过街楼
57,21,26,2019-06-06 08:37:01,1,水道子,广渠门内
57,21,26,2019-06-06 08:37:01,1,水道子,广渠门内
57,22,23,2019-06-06 08:38:01,1,磁器口西,榄杆市
57,24,29,2019-06-06 08:41:01,1,培新街,双井桥北
57,24,34,2019-06-06 08:41:01,1,培新街,四惠枢纽站
57,28,30,2019-06-06 08:47:01,1,垂杨柳,双花园
57,28,33,2019-06-06 08:47:01,1,垂杨柳,郎家园
57,31,31,2019-06-06 08:55:01,1,大北窑南,大北窑南
57,31,33,2019-06-06 09:04:01,1,大北窑南,郎家园
57,31,33,2019-06-06 09:04:01,1,大北窑南,郎家园
57,33,34,2019-06-06 09:08:01,1,郎家园,四惠枢纽站
57,8,30,2019-06-06 06:55:01,1,六里桥东,双花园
57,8,10,2019-06-06 06:55:01,1,六里桥东,湾子
57,8,10,2019-06-06 06:55:01,1,六里桥东,湾子
57,8,12,2019-06-06 06:55:01,1,六里桥东,广安门内
57,8,24,2019-06-06 06:55:01,1,六里桥东,培新街
57,8,11,2019-06-06 06:55:01,1,六里桥东,达官营
57,9,34,2019-06-06 06:56:01,1,莲花池,四惠枢纽站
57,9,34,2019-06-06 06:56:01,1,莲花池,四惠枢纽站
57,9,31,2019-06-06 06:56:01,1,莲花池,大北窑南
57,9,9,2019-06-06 06:56:01,1,莲花池,莲花池
57,9,23,2019-06-06 06:56:01,1,莲花池,榄杆市
57,9,9,2019-06-06 07:05:01,1,莲花池,莲花池
57,9,13,2019-06-06 07:05:01,1,莲花池,牛街路口东
57,9,16,2019-06-06 07:05:01,1,莲花池,虎坊桥路口东
57,9,21,2019-06-06 07:05:01,1,莲花池,水道子
57,11,11,2019-06-06 07:06:01,1,达官营,达官营
57,10,10,2019-06-06 07:06:01,1,湾子,湾子
57,10,12,2019-06-06 07:06:01,1,湾子,广安门内
57,11,11,2019-06-06 07:06:01,1,达官营,达官营
57,10,10,2019-06-06 07:06:01,1,湾子,湾子
57,10,12,2019-06-06 07:06:01,1,湾子,广安门内
57,10,10,2019-06-06 07:06:01,1,湾子,湾子
57,10,12,2019-06-06 07:06:01,1,湾子,广安门内
57,10,12,2019-06-06 07:06:01,1,湾子,广安门内
57,10,14,2019-06-06 07:06:01,1,湾子,菜市口西
57,10,18,2019-06-06 07:06:01,1,湾子,过街楼
57,10,13,2019-06-06 07:06:01,1,湾子,牛街路口东
57,11,34,2019-06-06 07:09:01,1,达官营,四惠枢纽站
57,11,34,2019-06-06 07:09:01,1,达官营,四惠枢纽站
57,11,12,2019-06-06 07:09:01,1,达官营,广安门内
57,11,27,2019-06-06 07:09:01,1,达官营,马圈
57,11,28,2019-06-06 07:09:01,1,达官营,垂杨柳
57,11,21,2019-06-06 07:09:01,1,达官营,水道子
57,11,14,2019-06-06 07:09:01,1,达官营,菜市口西
57,11,15,2019-06-06 07:09:01,1,达官营,虎坊桥路口西
57,11,12,2019-06-06 07:09:01,1,达官营,广安门内
57,11,22,2019-06-06 07:09:01,1,达官营,磁器口西
57,11,11,2019-06-06 07:09:01,1,达官营,达官营
57,11,12,2019-06-06 07:09:01,1,达官营,广安门内
57,12,34,2019-06-06 07:13:01,1,广安门内,四惠枢纽站
57,12,34,2019-06-06 07:13:01,1,广安门内,四惠枢纽站
57,12,31,2019-06-06 07:13:01,1,广安门内,大北窑南
57,12,32,2019-06-06 07:13:01,1,广安门内,大北窑东
57,12,32,2019-06-06 07:13:01,1,广安门内,大北窑东
57,12,16,2019-06-06 07:13:01,1,广安门内,虎坊桥路口东
57,12,19,2019-06-06 07:13:01,1,广安门内,东城三里河
57,12,15,2019-06-06 07:13:01,1,广安门内,虎坊桥路口西
57,12,17,2019-06-06 07:13:01,1,广安门内,板章路
57,13,32,2019-06-06 07:16:01,1,牛街路口东,大北窑东
57,13,31,2019-06-06 07:16:01,1,牛街路口东,大北窑南
57,13,24,2019-06-06 07:16:01,1,牛街路口东,培新街
57,13,21,2019-06-06 07:16:01,1,牛街路口东,水道子
57,13,19,2019-06-06 07:16:01,1,牛街路口东,东城三里河
57,13,21,2019-06-06 07:16:01,1,牛街路口东,水道子
57,13,21,2019-06-06 07:16:01,1,牛街路口东,水道子
57,14,31,2019-06-06 07:19:01,1,菜市口西,大北窑南
57,14,31,2019-06-06 07:19:01,1,菜市口西,大北窑南
57,14,21,2019-06-06 07:19:01,1,菜市口西,水道子
57,14,15,2019-06-06 07:19:01,1,菜市口西,虎坊桥路口西
57,14,21,2019-06-06 07:19:01,1,菜市口西,水道子
57,15,34,2019-06-06 07:21:01,1,虎坊桥路口西,四惠枢纽站
57,15,31,2019-06-06 07:21:01,1,虎坊桥路口西,大北窑南
57,15,31,2019-06-06 07:21:01,1,虎坊桥路口西,大北窑南
57,16,34,2019-06-06 07:24:01,1,虎坊桥路口东,四惠枢纽站
57,17,17,2019-06-06 07:24:01,1,板章路,板章路
57,17,34,2019-06-06 07:25:01,1,板章路,四惠枢纽站
57,18,18,2019-06-06 07:27:01,1,过街楼,过街楼
57,19,19,2019-06-06 07:28:01,1,东城三里河,东城三里河
57,21,31,2019-06-06 07:31:01,1,水道子,大北窑南
57,21,29,2019-06-06 07:31:01,1,水道子,双井桥北
57,21,26,2019-06-06 07:31:01,1,水道子,广渠门内
57,22,23,2019-06-06 07:32:01,1,磁器口西,榄杆市
57,23,31,2019-06-06 07:35:01,1,榄杆市,大北窑南
57,23,25,2019-06-06 07:35:01,1,榄杆市,安化楼
57,23,26,2019-06-06 07:35:01,1,榄杆市,广渠门内
57,24,26,2019-06-06 07:35:01,1,培新街,广渠门内
57,23,26,2019-06-06 07:35:01,1,榄杆市,广渠门内
57,23,25,2019-06-06 07:35:01,1,榄杆市,安化楼
57,24,26,2019-06-06 07:37:01,1,培新街,广渠门内
57,24,32,2019-06-06 07:38:01,1,培新街,大北窑东
57,24,27,2019-06-06 07:38:01,1,培新街,马圈
57,25,27,2019-06-06 07:38:01,1,安化楼,马圈
57,26,34,2019-06-06 07:39:01,1,广渠门内,四惠枢纽站
57,26,34,2019-06-06 07:39:01,1,广渠门内,四惠枢纽站
57,26,29,2019-06-06 07:39:01,1,广渠门内,双井桥北
57,26,29,2019-06-06 07:39:01,1,广渠门内,双井桥北
57,27,33,2019-06-06 07:44:01,1,马圈,郎家园
57,27,31,2019-06-06 07:44:01,1,马圈,大北窑南
57,27,28,2019-06-06 07:44:01,1,马圈,垂杨柳
57,28,28,2019-06-06 07:45:01,1,垂杨柳,垂杨柳
57,28,32,2019-06-06 07:47:01,1,垂杨柳,大北窑东
57,28,31,2019-06-06 07:47:01,1,垂杨柳,大北窑南
57,28,31,2019-06-06 07:47:01,1,垂杨柳,大北窑南
57,28,29,2019-06-06 07:47:01,1,垂杨柳,双井桥北
57,31,34,2019-06-06 08:04:01,1,大北窑南,四惠枢纽站
57,31,34,2019-06-06 08:04:01,1,大北窑南,四惠枢纽站
57,31,32,2019-06-06 08:04:01,1,大北窑南,大北窑东
57,8,21,2019-06-06 07:11:01,1,六里桥东,水道子
57,8,31,2019-06-06 07:12:01,1,六里桥东,大北窑南
57,8,26,2019-06-06 07:12:01,1,六里桥东,广渠门内
57,8,25,2019-06-06 07:12:01,1,六里桥东,安化楼
57,8,28,2019-06-06 07:12:01,1,六里桥东,垂杨柳
57,8,26,2019-06-06 07:12:01,1,六里桥东,广渠门内
57,8,27,2019-06-06 07:12:01,1,六里桥东,马圈
57,8,32,2019-06-06 07:12:01,1,六里桥东,大北窑东
57,8,32,2019-06-06 07:12:01,1,六里桥东,大北窑东
57,8,8,2019-06-06 07:12:01,1,六里桥东,六里桥东
57,8,8,2019-06-06 07:12:01,1,六里桥东,六里桥东
57,8,9,2019-06-06 07:12:01,1,六里桥东,莲花池
57,8,8,2019-06-06 07:12:01,1,六里桥东,六里桥东
57,8,8,2019-06-06 07:12:01,1,六里桥东,六里桥东
57,8,22,2019-06-06 07:12:01,1,六里桥东,磁器口西
57,8,20,2019-06-06 07:12:01,1,六里桥东,桥湾
57,8,16,2019-06-06 07:12:01,1,六里桥东,虎坊桥路口东
57,8,20,2019-06-06 07:12:01,1,六里桥东,桥湾
57,8,17,2019-06-06 07:12:01,1,六里桥东,板章路
57,8,16,2019-06-06 07:12:01,1,六里桥东,虎坊桥路口东
57,8,20,2019-06-06 07:12:01,1,六里桥东,桥湾
57,8,17,2019-06-06 07:12:01,1,六里桥东,板章路
57,8,20,2019-06-06 07:12:01,1,六里桥东,桥湾
57,8,12,2019-06-06 07:12:01,1,六里桥东,广安门内
57,8,14,2019-06-06 07:12:01,1,六里桥东,菜市口西
57,8,15,2019-06-06 07:12:01,1,六里桥东,虎坊桥路口西
57,8,12,2019-06-06 07:12:01,1,六里桥东,广安门内
57,8,12,2019-06-06 07:12:01,1,六里桥东,广安门内
57,8,12,2019-06-06 07:12:01,1,六里桥东,广安门内
57,8,13,2019-06-06 07:12:01,1,六里桥东,牛街路口东
57,8,15,2019-06-06 07:12:01,1,六里桥东,虎坊桥路口西
57,8,15,2019-06-06 07:12:01,1,六里桥东,虎坊桥路口西
57,8,12,2019-06-06 07:12:01,1,六里桥东,广安门内
57,8,13,2019-06-06 07:12:01,1,六里桥东,牛街路口东
57,8,15,2019-06-06 07:12:01,1,六里桥东,虎坊桥路口西
57,8,11,2019-06-06 07:12:01,1,六里桥东,达官营
57,8,13,2019-06-06 07:12:01,1,六里桥东,牛街路口东
57,9,9,2019-06-06 07:14:01,1,莲花池,莲花池
57,9,9,2019-06-06 07:18:01,1,莲花池,莲花池
57,9,24,2019-06-06 07:18:01,1,莲花池,培新街
57,9,11,2019-06-06 07:18:01,1,莲花池,达官营
57,9,12,2019-06-06 07:18:01,1,莲花池,广安门内
57,10,34,2019-06-06 07:21:01,1,湾子,四惠枢纽站
57,10,13,2019-06-06 07:21:01,1,湾子,牛街路口东
57,10,15,2019-06-06 07:21:01,1,湾子,虎坊桥路口西
57,10,34,2019-06-06 07:22:01,1,湾子,四惠枢纽站
57,10,27,2019-06-06 07:22:01,1,湾子,马圈
57,10,16,2019-06-06 07:22:01,1,湾子,虎坊桥路口东
57,10,20,2019-06-06 07:22:01,1,湾子,桥湾
57,10,11,2019-06-06 07:22:01,1,湾子,达官营
57,10,13,2019-06-06 07:22:01,1,湾子,牛街路口东
57,10,13,2019-06-06 07:22:01,1,湾子,牛街路口东
57,10,12,2019-06-06 07:22:01,1,湾子,广安门内
57,10,11,2019-06-06 07:22:01,1,湾子,达官营
57,10,11,2019-06-06 07:22:01,1,湾子,达官营
57,11,28,2019-06-06 07:23:01,1,达官营,垂杨柳
57,11,31,2019-06-06 07:23:01,1,达官营,大北窑南
57,11,18,2019-06-06 07:23:01,1,达官营,过街楼
57,11,16,2019-06-06 07:23:01,1,达官营,虎坊桥路口东
57,11,14,2019-06-06 07:23:01,1,达官营,菜市口西
57,11,12,2019-06-06 07:23:01,1,达官营,广安门内
57,11,12,2019-06-06 07:23:01,1,达官营,广安门内
57,11,15,2019-06-06 07:23:01,1,达官营,虎坊桥路口西
57,11,15,2019-06-06 07:23:01,1,达官营,虎坊桥路口西
57,11,16,2019-06-06 07:24:01,1,达官营,虎坊桥路口东
57,11,15,2019-06-06 07:24:01,1,达官营,虎坊桥路口西
57,11,12,2019-06-06 07:24:01,1,达官营,广安门内
57,11,14,2019-06-06 07:24:01,1,达官营,菜市口西
57,11,12,2019-06-06 07:24:01,1,达官营,广安门内
57,11,15,2019-06-06 07:24:01,1,达官营,虎坊桥路口西
57,11,12,2019-06-06 07:24:01,1,达官营,广安门内
57,11,16,2019-06-06 07:24:01,1,达官营,虎坊桥路口东
57,11,11,2019-06-06 07:24:01,1,达官营,达官营
57,12,15,2019-06-06 07:25:01,1,广安门内,虎坊桥路口西
57,12,34,2019-06-06 07:26:01,1,广安门内,四惠枢纽站
57,12,29,2019-06-06 07:26:01,1,广安门内,双井桥北
57,12,31,2019-06-06 07:27:01,1,广安门内,大北窑南
57,12,28,2019-06-06 07:27:01,1,广安门内,垂杨柳
57,12,33,2019-06-06 07:27:01,1,广安门内,郎家园
57,12,32,2019-06-06 07:27:01,1,广安门内,大北窑东
57,12,20,2019-06-06 07:27:01,1,广安门内,桥湾
57,12,18,2019-06-06 07:27:01,1,广安门内,过街楼
57,12,18,2019-06-06 07:27:01,1,广安门内,过街楼
57,12,12,2019-06-06 07:27:01,1,广安门内,广安门内
57,12,13,2019-06-06 07:27:01,1,广安门内,牛街路口东
57,13,27,2019-06-06 07:30:01,1,牛街路口东,马圈
57,13,20,2019-06-06 07:30:01,1,牛街路口东,桥湾
57,13,20,2019-06-06 07:30:01,1,牛街路口东,桥湾
57,13,13,2019-06-06 07:30:01,1,牛街路口东,牛街路口东
57,13,15,2019-06-06 07:30:01,1,牛街路口东,虎坊桥路口西
57,14,26,2019-06-06 07:32:01,1,菜市口西,广渠门内
57,14,28,2019-06-06 07:32:01,1,菜市口西,垂杨柳
57,14,33,2019-06-06 07:32:01,1,菜市口西,郎家园
57,14,20,2019-06-06 07:32:01,1,菜市口西,桥湾
57,15,23,2019-06-06 07:35:01,1,虎坊桥路口西,榄杆市
57,15,23,2019-06-06 07:35:01,1,虎坊桥路口西,榄杆市
57,16,34,2019-06-06 07:36:01,1,虎坊桥路口东,四惠枢纽站
57,16,34,2019-06-06 07:36:01,1,虎坊桥路口东,四惠枢纽站
57,16,31,2019-06-06 07:36:01,1,虎坊桥路口东,大北窑南
57,16,31,2019-06-06 07:36:01,1,虎坊桥路口东,大北窑南
57,16,26,2019-06-06 07:36:01,1,虎坊桥路口东,广渠门内
57,17,34,2019-06-06 07:37:01,1,板章路,四惠枢纽站
57,17,34,2019-06-06 07:38:01,1,板章路,四惠枢纽站
57,17,25,2019-06-06 07:38:01,1,板章路,安化楼
57,20,34,2019-06-06 07:42:01,1,桥湾,四惠枢纽站
57,20,33,2019-06-06 07:44:01,1,桥湾,郎家园
57,20,20,2019-06-06 07:44:01,1,桥湾,桥湾
57,21,25,2019-06-06 07:45:01,1,水道子,安化楼
57,23,34,2019-06-06 07:46:01,1,榄杆市,四惠枢纽站
57,23,31,2019-06-06 07:46:01,1,榄杆市,大北窑南
57,23,28,2019-06-06 07:46:01,1,榄杆市,垂杨柳
57,23,27,2019-06-06 07:46:01,1,榄杆市,马圈
57,23,23,2019-06-06 07:46:01,1,榄杆市,榄杆市
57,23,24,2019-06-06 07:46:01,1,榄杆市,培新街
57,25,34,2019-06-06 07:52:01,1,安化楼,四惠枢纽站
57,24,31,2019-06-06 07:52:01,1,培新街,大北窑南
57,24,32,2019-06-06 07:52:01,1,培新街,大北窑东
57,24,28,2019-06-06 07:52:01,1,培新街,垂杨柳
57,24,30,2019-06-06 07:52:01,1,培新街,双花园
57,25,31,2019-06-06 07:52:01,1,安化楼,大北窑南
57,24,28,2019-06-06 07:52:01,1,培新街,垂杨柳
57,24,27,2019-06-06 07:52:01,1,培新街,马圈
57,24,27,2019-06-06 07:52:01,1,培新街,马圈
57,24,26,2019-06-06 07:52:01,1,培新街,广渠门内
57,24,28,2019-06-06 07:52:01,1,培新街,垂杨柳
57,24,28,2019-06-06 07:52:01,1,培新街,垂杨柳
57,24,27,2019-06-06 07:52:01,1,培新街,马圈
57,25,28,2019-06-06 07:53:01,1,安化楼,垂杨柳
57,25,32,2019-06-06 07:53:01,1,安化楼,大北窑东
57,25,33,2019-06-06 07:53:01,1,安化楼,郎家园
57,26,28,2019-06-06 07:56:01,1,广渠门内,垂杨柳
57,26,31,2019-06-06 07:56:01,1,广渠门内,大北窑南
57,26,31,2019-06-06 07:56:01,1,广渠门内,大北窑南
57,26,31,2019-06-06 07:56:01,1,广渠门内,大北窑南
57,26,27,2019-06-06 07:56:01,1,广渠门内,马圈
57,26,28,2019-06-06 07:56:01,1,广渠门内,垂杨柳
57,27,34,2019-06-06 08:02:01,1,马圈,四惠枢纽站
57,27,34,2019-06-06 08:02:01,1,马圈,四惠枢纽站
57,27,33,2019-06-06 08:02:01,1,马圈,郎家园
57,27,31,2019-06-06 08:02:01,1,马圈,大北窑南
57,27,30,2019-06-06 08:02:01,1,马圈,双花园
57,28,31,2019-06-06 08:02:01,1,垂杨柳,大北窑南
57,27,30,2019-06-06 08:02:01,1,马圈,双花园
57,27,30,2019-06-06 08:02:01,1,马圈,双花园
57,27,27,2019-06-06 08:02:01,1,马圈,马圈
57,27,28,2019-06-06 08:02:01,1,马圈,垂杨柳
57,27,27,2019-06-06 08:02:01,1,马圈,马圈
57,27,28,2019-06-06 08:02:01,1,马圈,垂杨柳
57,28,31,2019-06-06 08:03:01,1,垂杨柳,大北窑南
57,28,30,2019-06-06 08:03:01,1,垂杨柳,双花园
57,28,32,2019-06-06 08:03:01,1,垂杨柳,大北窑东
57,28,32,2019-06-06 08:03:01,1,垂杨柳,大北窑东
57,30,33,2019-06-06 08:15:01,1,双花园,郎家园
57,30,30,2019-06-06 08:15:01,1,双花园,双花园
57,30,31,2019-06-06 08:15:01,1,双花园,大北窑南
57,31,34,2019-06-06 08:19:01,1,大北窑南,四惠枢纽站
57,1,22,2019-06-06 07:40:01,1,靛厂新村,磁器口西
57,1,22,2019-06-06 07:40:01,1,靛厂新村,磁器口西
57,1,21,2019-06-06 07:40:01,1,靛厂新村,水道子
57,1,13,2019-06-06 07:40:01,1,靛厂新村,牛街路口东
57,1,13,2019-06-06 07:40:01,1,靛厂新村,牛街路口东
57,1,16,2019-06-06 07:40:01,1,靛厂新村,虎坊桥路口东
57,1,9,2019-06-06 07:40:01,1,靛厂新村,莲花池
57,1,9,2019-06-06 07:40:01,1,靛厂新村,莲花池
57,1,9,2019-06-06 07:40:01,1,靛厂新村,莲花池
57,1,9,2019-06-06 07:40:01,1,靛厂新村,莲花池
57,1,8,2019-06-06 07:40:01,1,靛厂新村,六里桥东
57,1,9,2019-06-06 07:40:01,1,靛厂新村,莲花池
57,1,8,2019-06-06 07:40:01,1,靛厂新村,六里桥东
57,1,6,2019-06-06 07:40:01,1,靛厂新村,小井路口东
57,1,6,2019-06-06 07:40:01,1,靛厂新村,小井路口东
57,1,6,2019-06-06 07:40:01,1,靛厂新村,小井路口东
57,1,6,2019-06-06 07:40:01,1,靛厂新村,小井路口东
57,1,5,2019-06-06 07:40:01,1,靛厂新村,白塔村
57,1,6,2019-06-06 07:40:01,1,靛厂新村,小井路口东
57,1,6,2019-06-06 07:40:01,1,靛厂新村,小井路口东
57,1,6,2019-06-06 07:40:01,1,靛厂新村,小井路口东
57,1,10,2019-06-06 07:40:01,1,靛厂新村,湾子
57,1,13,2019-06-06 07:40:01,1,靛厂新村,牛街路口东
57,1,13,2019-06-06 07:40:01,1,靛厂新村,牛街路口东
57,1,10,2019-06-06 07:40:01,1,靛厂新村,湾子
57,1,5,2019-06-06 07:40:01,1,靛厂新村,白塔村
57,1,4,2019-06-06 07:40:01,1,靛厂新村,水衙沟路东口
57,1,1,2019-06-06 07:40:01,1,靛厂新村,靛厂新村
57,1,10,2019-06-06 07:41:01,1,靛厂新村,湾子
57,1,6,2019-06-06 07:41:01,1,靛厂新村,小井路口东
57,1,6,2019-06-06 07:41:01,1,靛厂新村,小井路口东
57,1,6,2019-06-06 07:41:01,1,靛厂新村,小井路口东
57,1,1,2019-06-06 07:41:01,1,靛厂新村,靛厂新村
57,1,6,2019-06-06 07:42:01,1,靛厂新村,小井路口东
57,1,6,2019-06-06 07:42:01,1,靛厂新村,小井路口东
57,1,1,2019-06-06 07:42:01,1,靛厂新村,靛厂新村
57,1,22,2019-06-06 07:43:01,1,靛厂新村,磁器口西
57,1,14,2019-06-06 07:43:01,1,靛厂新村,菜市口西
57,1,9,2019-06-06 07:43:01,1,靛厂新村,莲花池
57,1,10,2019-06-06 07:43:01,1,靛厂新村,湾子
57,1,5,2019-06-06 07:43:01,1,靛厂新村,白塔村
57,1,6,2019-06-06 07:43:01,1,靛厂新村,小井路口东
57,1,6,2019-06-06 07:43:01,1,靛厂新村,小井路口东
57,1,5,2019-06-06 07:43:01,1,靛厂新村,白塔村
57,1,5,2019-06-06 07:43:01,1,靛厂新村,白塔村
57,1,10,2019-06-06 07:43:01,1,靛厂新村,湾子
57,1,5,2019-06-06 07:43:01,1,靛厂新村,白塔村
57,1,1,2019-06-06 07:43:01,1,靛厂新村,靛厂新村
57,1,14,2019-06-06 07:44:01,1,靛厂新村,菜市口西
57,1,13,2019-06-06 07:44:01,1,靛厂新村,牛街路口东
57,1,10,2019-06-06 07:44:01,1,靛厂新村,湾子
57,1,9,2019-06-06 07:44:01,1,靛厂新村,莲花池
57,1,6,2019-06-06 07:44:01,1,靛厂新村,小井路口东
57,1,5,2019-06-06 07:44:01,1,靛厂新村,白塔村
57,1,6,2019-06-06 07:44:01,1,靛厂新村,小井路口东
57,1,6,2019-06-06 07:44:01,1,靛厂新村,小井路口东
57,1,6,2019-06-06 07:44:01,1,靛厂新村,小井路口东
57,1,6,2019-06-06 07:44:01,1,靛厂新村,小井路口东
57,1,6,2019-06-06 07:44:01,1,靛厂新村,小井路口东
57,1,6,2019-06-06 07:44:01,1,靛厂新村,小井路口东
57,1,6,2019-06-06 07:44:01,1,靛厂新村,小井路口东
57,1,6,2019-06-06 07:44:01,1,靛厂新村,小井路口东
57,1,5,2019-06-06 07:44:01,1,靛厂新村,白塔村
57,1,12,2019-06-06 07:44:01,1,靛厂新村,广安门内
57,1,12,2019-06-06 07:44:01,1,靛厂新村,广安门内
57,1,12,2019-06-06 07:44:01,1,靛厂新村,广安门内
57,1,8,2019-06-06 07:45:01,1,靛厂新村,六里桥东
57,1,6,2019-06-06 07:45:01,1,靛厂新村,小井路口东
57,1,6,2019-06-06 07:45:01,1,靛厂新村,小井路口东
57,1,6,2019-06-06 07:45:01,1,靛厂新村,小井路口东
57,1,6,2019-06-06 07:45:01,1,靛厂新村,小井路口东
57,1,12,2019-06-06 07:45:01,1,靛厂新村,广安门内
57,1,13,2019-06-06 07:45:01,1,靛厂新村,牛街路口东
57,5,22,2019-06-06 07:49:01,1,白塔村,磁器口西
57,5,13,2019-06-06 07:49:01,1,白塔村,牛街路口东
57,5,14,2019-06-06 07:49:01,1,白塔村,菜市口西
57,5,9,2019-06-06 07:49:01,1,白塔村,莲花池
57,5,9,2019-06-06 07:49:01,1,白塔村,莲花池
57,5,6,2019-06-06 07:49:01,1,白塔村,小井路口东
57,5,6,2019-06-06 07:49:01,1,白塔村,小井路口东
57,5,10,2019-06-06 07:49:01,1,白塔村,湾子
57,6,20,2019-06-06 07:53:01,1,小井路口东,桥湾
57,6,9,2019-06-06 07:53:01,1,小井路口东,莲花池
57,6,9,2019-06-06 07:53:01,1,小井路口东,莲花池
57,6,24,2019-06-06 07:54:01,1,小井路口东,培新街
57,6,20,2019-06-06 07:54:01,1,小井路口东,桥湾
57,6,9,2019-06-06 07:54:01,1,小井路口东,莲花池
57,6,13,2019-06-06 07:54:01,1,小井路口东,牛街路口东
57,6,11,2019-06-06 07:54:01,1,小井路口东,达官营
57,8,24,2019-06-06 08:04:01,1,六里桥东,培新街
57,8,24,2019-06-06 08:04:01,1,六里桥东,培新街
57,8,24,2019-06-06 08:04:01,1,六里桥东,培新街
57,8,24,2019-06-06 08:04:01,1,六里桥东,培新街
57,8,24,2019-06-06 08:04:01,1,六里桥东,培新街
57,8,24,2019-06-06 08:04:01,1,六里桥东,培新街
57,8,24,2019-06-06 08:04:01,1,六里桥东,培新街
57,8,18,2019-06-06 08:04:01,1,六里桥东,过街楼
57,8,21,2019-06-06 08:04:01,1,六里桥东,水道子
57,8,8,2019-06-06 08:04:01,1,六里桥东,六里桥东
57,8,22,2019-06-06 08:05:01,1,六里桥东,磁器口西
57,8,22,2019-06-06 08:05:01,1,六里桥东,磁器口西
57,8,21,2019-06-06 08:05:01,1,六里桥东,水道子
57,8,20,2019-06-06 08:05:01,1,六里桥东,桥湾
57,8,14,2019-06-06 08:05:01,1,六里桥东,菜市口西
57,8,20,2019-06-06 08:05:01,1,六里桥东,桥湾
57,8,19,2019-06-06 08:05:01,1,六里桥东,东城三里河
57,8,13,2019-06-06 08:05:01,1,六里桥东,牛街路口东
57,8,20,2019-06-06 08:05:01,1,六里桥东,桥湾
57,8,9,2019-06-06 08:05:01,1,六里桥东,莲花池
57,8,9,2019-06-06 08:05:01,1,六里桥东,莲花池
57,8,9,2019-06-06 08:05:01,1,六里桥东,莲花池
57,8,13,2019-06-06 08:05:01,1,六里桥东,牛街路口东
57,8,13,2019-06-06 08:05:01,1,六里桥东,牛街路口东
57,8,12,2019-06-06 08:05:01,1,六里桥东,广安门内
57,8,10,2019-06-06 08:05:01,1,六里桥东,湾子
57,8,13,2019-06-06 08:05:01,1,六里桥东,牛街路口东
57,8,13,2019-06-06 08:05:01,1,六里桥东,牛街路口东
57,8,12,2019-06-06 08:05:01,1,六里桥东,广安门内
57,8,12,2019-06-06 08:05:01,1,六里桥东,广安门内
57,8,8,2019-06-06 08:06:01,1,六里桥东,六里桥东
57,8,8,2019-06-06 08:06:01,1,六里桥东,六里桥东
57,9,22,2019-06-06 08:12:01,1,莲花池,磁器口西
57,9,12,2019-06-06 08:12:01,1,莲花池,广安门内
57,9,12,2019-06-06 08:12:01,1,莲花池,广安门内
57,9,16,2019-06-06 08:14:01,1,莲花池,虎坊桥路口东
57,9,18,2019-06-06 08:14:01,1,莲花池,过街楼
57,9,9,2019-06-06 08:14:01,1,莲花池,莲花池
57,9,13,2019-06-06 08:14:01,1,莲花池,牛街路口东
57,9,10,2019-06-06 08:15:01,1,莲花池,湾子
57,10,14,2019-06-06 08:17:01,1,湾子,菜市口西
57,10,13,2019-06-06 08:18:01,1,湾子,牛街路口东
57,10,14,2019-06-06 08:18:01,1,湾子,菜市口西
57,10,20,2019-06-06 08:18:01,1,湾子,桥湾
57,10,14,2019-06-06 08:18:01,1,湾子,菜市口西
57,10,19,2019-06-06 08:18:01,1,湾子,东城三里河
57,10,12,2019-06-06 08:18:01,1,湾子,广安门内
57,12,24,2019-06-06 08:25:01,1,广安门内,培新街
57,12,17,2019-06-06 08:25:01,1,广安门内,板章路
57,12,20,2019-06-06 08:25:01,1,广安门内,桥湾
57,12,20,2019-06-06 08:25:01,1,广安门内,桥湾
57,12,20,2019-06-06 08:25:01,1,广安门内,桥湾
57,12,13,2019-06-06 08:25:01,1,广安门内,牛街路口东
57,13,24,2019-06-06 08:29:01,1,牛街路口东,培新街
57,13,19,2019-06-06 08:29:01,1,牛街路口东,东城三里河
57,13,14,2019-06-06 08:29:01,1,牛街路口东,菜市口西
57,13,14,2019-06-06 08:29:01,1,牛街路口东,菜市口西
57,13,18,2019-06-06 08:29:01,1,牛街路口东,过街楼
57,13,18,2019-06-06 08:31:01,1,牛街路口东,过街楼
57,13,13,2019-06-06 08:31:01,1,牛街路口东,牛街路口东
57,13,18,2019-06-06 08:32:01,1,牛街路口东,过街楼
57,13,13,2019-06-06 08:32:01,1,牛街路口东,牛街路口东
57,13,20,2019-06-06 08:32:01,1,牛街路口东,桥湾
57,13,13,2019-06-06 08:32:01,1,牛街路口东,牛街路口东
57,13,13,2019-06-06 08:32:01,1,牛街路口东,牛街路口东
57,13,13,2019-06-06 08:34:01,1,牛街路口东,牛街路口东
57,14,24,2019-06-06 08:37:01,1,菜市口西,培新街
57,14,20,2019-06-06 08:37:01,1,菜市口西,桥湾
57,16,21,2019-06-06 08:38:01,1,虎坊桥路口东,水道子
57,16,22,2019-06-06 08:38:01,1,虎坊桥路口东,磁器口西
57,16,24,2019-06-06 08:38:01,1,虎坊桥路口东,培新街
57,16,20,2019-06-06 08:38:01,1,虎坊桥路口东,桥湾
57,16,18,2019-06-06 08:38:01,1,虎坊桥路口东,过街楼
57,16,20,2019-06-06 08:38:01,1,虎坊桥路口东,桥湾
57,20,24,2019-06-06 08:41:01,1,桥湾,培新街
57,19,19,2019-06-06 08:41:01,1,东城三里河,东城三里河
57,20,20,2019-06-06 08:42:01,1,桥湾,桥湾
57,20,22,2019-06-06 08:44:01,1,桥湾,磁器口西
57,20,22,2019-06-06 08:44:01,1,桥湾,磁器口西
57,21,22,2019-06-06 08:45:01,1,水道子,磁器口西
57,21,22,2019-06-06 08:45:01,1,水道子,磁器口西
57,21,24,2019-06-06 08:45:01,1,水道子,培新街
57,21,21,2019-06-06 08:49:01,1,水道子,水道子
57,21,24,2019-06-06 08:49:01,1,水道子,培新街
57,21,23,2019-06-06 08:49:01,1,水道子,榄杆市
57,22,24,2019-06-06 08:51:01,1,磁器口西,培新街
57,22,22,2019-06-06 08:51:01,1,磁器口西,磁器口西
57,1,14,2019-06-06 08:10:01,1,靛厂新村,菜市口西
57,1,12,2019-06-06 08:10:01,1,靛厂新村,广安门内
57,1,9,2019-06-06 08:10:01,1,靛厂新村,莲花池
57,1,9,2019-06-06 08:10:01,1,靛厂新村,莲花池
57,1,4,2019-06-06 08:10:01,1,靛厂新村,水衙沟路东口
57,1,7,2019-06-06 08:10:01,1,靛厂新村,六里桥西
57,2,7,2019-06-06 08:11:01,1,岳各庄东路北口,六里桥西
57,4,12,2019-06-06 08:16:01,1,水衙沟路东口,广安门内
57,4,9,2019-06-06 08:16:01,1,水衙沟路东口,莲花池
57,4,9,2019-06-06 08:16:01,1,水衙沟路东口,莲花池
57,5,9,2019-06-06 08:17:01,1,白塔村,莲花池
57,6,23,2019-06-06 08:21:01,1,小井路口东,榄杆市
57,6,14,2019-06-06 08:21:01,1,小井路口东,菜市口西
57,6,18,2019-06-06 08:21:01,1,小井路口东,过街楼
57,6,18,2019-06-06 08:21:01,1,小井路口东,过街楼
57,7,14,2019-06-06 08:24:01,1,六里桥西,菜市口西
57,8,23,2019-06-06 08:32:01,1,六里桥东,榄杆市
57,8,14,2019-06-06 08:32:01,1,六里桥东,菜市口西
57,8,11,2019-06-06 08:32:01,1,六里桥东,达官营
57,8,15,2019-06-06 08:32:01,1,六里桥东,虎坊桥路口西
57,8,14,2019-06-06 08:32:01,1,六里桥东,菜市口西
57,8,14,2019-06-06 08:32:01,1,六里桥东,菜市口西
57,8,13,2019-06-06 08:32:01,1,六里桥东,牛街路口东
57,8,9,2019-06-06 08:32:01,1,六里桥东,莲花池
57,8,9,2019-06-06 08:32:01,1,六里桥东,莲花池
57,8,9,2019-06-06 08:32:01,1,六里桥东,莲花池
57,8,10,2019-06-06 08:32:01,1,六里桥东,湾子
57,8,10,2019-06-06 08:32:01,1,六里桥东,湾子
57,8,9,2019-06-06 08:32:01,1,六里桥东,莲花池
57,8,10,2019-06-06 08:32:01,1,六里桥东,湾子
57,8,15,2019-06-06 08:32:01,1,六里桥东,虎坊桥路口西
57,8,15,2019-06-06 08:32:01,1,六里桥东,虎坊桥路口西
57,8,18,2019-06-06 08:32:01,1,六里桥东,过街楼
57,8,18,2019-06-06 08:32:01,1,六里桥东,过街楼
57,8,19,2019-06-06 08:32:01,1,六里桥东,东城三里河
57,8,15,2019-06-06 08:32:01,1,六里桥东,虎坊桥路口西
57,8,16,2019-06-06 08:32:01,1,六里桥东,虎坊桥路口东
57,8,19,2019-06-06 08:32:01,1,六里桥东,东城三里河
57,8,15,2019-06-06 08:32:01,1,六里桥东,虎坊桥路口西
57,8,13,2019-06-06 08:33:01,1,六里桥东,牛街路口东
57,8,11,2019-06-06 08:33:01,1,六里桥东,达官营
57,8,9,2019-06-06 08:33:01,1,六里桥东,莲花池
57,9,23,2019-06-06 08:41:01,1,莲花池,榄杆市
57,9,11,2019-06-06 08:41:01,1,莲花池,达官营
57,9,9,2019-06-06 08:41:01,1,莲花池,莲花池
57,9,9,2019-06-06 08:41:01,1,莲花池,莲花池
57,9,15,2019-06-06 08:43:01,1,莲花池,虎坊桥路口西
57,9,9,2019-06-06 08:43:01,1,莲花池,莲花池
57,9,10,2019-06-06 08:43:01,1,莲花池,湾子
57,9,9,2019-06-06 08:43:01,1,莲花池,莲花池
57,10,15,2019-06-06 08:44:01,1,湾子,虎坊桥路口西
57,9,10,2019-06-06 08:44:01,1,莲花池,湾子
57,11,14,2019-06-06 08:49:01,1,达官营,菜市口西
57,12,23,2019-06-06 08:52:01,1,广安门内,榄杆市
57,11,11,2019-06-06 08:52:01,1,达官营,达官营
57,11,14,2019-06-06 08:52:01,1,达官营,菜市口西
57,11,19,2019-06-06 08:52:01,1,达官营,东城三里河
57,11,19,2019-06-06 08:52:01,1,达官营,东城三里河
57,13,13,2019-06-06 08:55:01,1,牛街路口东,牛街路口东
57,12,13,2019-06-06 08:55:01,1,广安门内,牛街路口东
57,16,19,2019-06-06 09:06:01,1,虎坊桥路口东,东城三里河
57,17,17,2019-06-06 09:07:01,1,板章路,板章路
57,18,18,2019-06-06 09:11:01,1,过街楼,过街楼
57,20,21,2019-06-06 09:14:01,1,桥湾,水道子
57,26,26,2019-06-06 09:24:01,1,广渠门内,广渠门内
57,13,27,2019-06-06 06:30:01,1,牛街路口东,马圈
57,13,28,2019-06-06 06:33:01,1,牛街路口东,垂杨柳
57,13,25,2019-06-06 06:33:01,1,牛街路口东,安化楼
57,13,23,2019-06-06 06:33:01,1,牛街路口东,榄杆市
57,14,28,2019-06-06 06:36:01,1,菜市口西,垂杨柳
57,15,25,2019-06-06 06:36:01,1,虎坊桥路口西,安化楼
57,15,25,2019-06-06 06:36:01,1,虎坊桥路口西,安化楼
57,14,22,2019-06-06 06:36:01,1,菜市口西,磁器口西
57,14,22,2019-06-06 06:36:01,1,菜市口西,磁器口西
57,15,19,2019-06-06 06:39:01,1,虎坊桥路口西,东城三里河
57,16,25,2019-06-06 06:41:01,1,虎坊桥路口东,安化楼
57,16,25,2019-06-06 06:41:01,1,虎坊桥路口东,安化楼
57,16,25,2019-06-06 06:41:01,1,虎坊桥路口东,安化楼
57,16,25,2019-06-06 06:42:01,1,虎坊桥路口东,安化楼
57,18,26,2019-06-06 06:46:01,1,过街楼,广渠门内
57,20,22,2019-06-06 06:48:01,1,桥湾,磁器口西
57,21,28,2019-06-06 06:49:01,1,水道子,垂杨柳
57,22,25,2019-06-06 06:49:01,1,磁器口西,安化楼
57,21,22,2019-06-06 06:49:01,1,水道子,磁器口西
57,22,28,2019-06-06 06:51:01,1,磁器口西,垂杨柳
57,22,25,2019-06-06 06:51:01,1,磁器口西,安化楼
57,22,28,2019-06-06 06:51:01,1,磁器口西,垂杨柳
57,22,25,2019-06-06 06:51:01,1,磁器口西,安化楼
57,22,24,2019-06-06 06:51:01,1,磁器口西,培新街
57,22,25,2019-06-06 06:54:01,1,磁器口西,安化楼
57,22,25,2019-06-06 06:54:01,1,磁器口西,安化楼
57,22,23,2019-06-06 06:54:01,1,磁器口西,榄杆市
57,22,25,2019-06-06 06:54:01,1,磁器口西,安化楼
57,22,22,2019-06-06 06:54:01,1,磁器口西,磁器口西
57,22,22,2019-06-06 06:54:01,1,磁器口西,磁器口西
57,22,28,2019-06-06 06:55:01,1,磁器口西,垂杨柳
57,22,28,2019-06-06 06:55:01,1,磁器口西,垂杨柳
57,22,25,2019-06-06 06:55:01,1,磁器口西,安化楼
57,22,25,2019-06-06 06:55:01,1,磁器口西,安化楼
57,22,24,2019-06-06 06:55:01,1,磁器口西,培新街
57,22,22,2019-06-06 06:55:01,1,磁器口西,磁器口西
57,22,24,2019-06-06 06:55:01,1,磁器口西,培新街
57,22,28,2019-06-06 06:56:01,1,磁器口西,垂杨柳
57,22,25,2019-06-06 06:56:01,1,磁器口西,安化楼
57,22,27,2019-06-06 06:56:01,1,磁器口西,马圈
57,22,25,2019-06-06 06:56:01,1,磁器口西,安化楼
57,22,25,2019-06-06 06:56:01,1,磁器口西,安化楼
57,23,26,2019-06-06 06:58:01,1,榄杆市,广渠门内
57,23,25,2019-06-06 06:58:01,1,榄杆市,安化楼
57,23,26,2019-06-06 06:58:01,1,榄杆市,广渠门内
57,23,26,2019-06-06 06:58:01,1,榄杆市,广渠门内
57,24,27,2019-06-06 07:01:01,1,培新街,马圈
57,24,27,2019-06-06 07:01:01,1,培新街,马圈
57,24,25,2019-06-06 07:01:01,1,培新街,安化楼
57,24,25,2019-06-06 07:01:01,1,培新街,安化楼
57,24,25,2019-06-06 07:01:01,1,培新街,安化楼
57,24,25,2019-06-06 07:01:01,1,培新街,安化楼
57,24,24,2019-06-06 07:01:01,1,培新街,培新街
57,25,28,2019-06-06 07:09:01,1,安化楼,垂杨柳
57,25,28,2019-06-06 07:09:01,1,安化楼,垂杨柳
57,25,27,2019-06-06 07:09:01,1,安化楼,马圈
57,25,27,2019-06-06 07:10:01,1,安化楼,马圈
57,25,28,2019-06-06 07:10:01,1,安化楼,垂杨柳
57,27,27,2019-06-06 07:14:01,1,马圈,马圈
57,12,19,2019-06-06 08:42:01,1,广安门内,东城三里河
57,12,19,2019-06-06 08:42:01,1,广安门内,东城三里河
57,12,19,2019-06-06 08:42:01,1,广安门内,东城三里河
57,13,19,2019-06-06 08:46:01,1,牛街路口东,东城三里河
57,13,15,2019-06-06 08:46:01,1,牛街路口东,虎坊桥路口西
57,13,15,2019-06-06 08:46:01,1,牛街路口东,虎坊桥路口西
57,13,24,2019-06-06 08:46:01,1,牛街路口东,培新街
57,13,17,2019-06-06 08:46:01,1,牛街路口东,板章路
57,14,19,2019-06-06 08:48:01,1,菜市口西,东城三里河
57,14,15,2019-06-06 08:48:01,1,菜市口西,虎坊桥路口西
57,14,24,2019-06-06 08:48:01,1,菜市口西,培新街
57,14,16,2019-06-06 08:48:01,1,菜市口西,虎坊桥路口东
57,14,17,2019-06-06 08:48:01,1,菜市口西,板章路
57,14,16,2019-06-06 08:48:01,1,菜市口西,虎坊桥路口东
57,15,15,2019-06-06 08:50:01,1,虎坊桥路口西,虎坊桥路口西
57,15,19,2019-06-06 08:52:01,1,虎坊桥路口西,东城三里河
57,15,19,2019-06-06 08:52:01,1,虎坊桥路口西,东城三里河
57,15,24,2019-06-06 08:52:01,1,虎坊桥路口西,培新街
57,15,19,2019-06-06 08:52:01,1,虎坊桥路口西,东城三里河
57,15,15,2019-06-06 08:54:01,1,虎坊桥路口西,虎坊桥路口西
57,15,15,2019-06-06 08:54:01,1,虎坊桥路口西,虎坊桥路口西
57,15,23,2019-06-06 08:54:01,1,虎坊桥路口西,榄杆市
57,15,17,2019-06-06 08:54:01,1,虎坊桥路口西,板章路
57,15,16,2019-06-06 08:54:01,1,虎坊桥路口西,虎坊桥路口东
57,15,15,2019-06-06 08:58:01,1,虎坊桥路口西,虎坊桥路口西
57,15,15,2019-06-06 08:58:01,1,虎坊桥路口西,虎坊桥路口西
57,15,16,2019-06-06 08:59:01,1,虎坊桥路口西,虎坊桥路口东
57,16,19,2019-06-06 09:03:01,1,虎坊桥路口东,东城三里河
57,16,19,2019-06-06 09:03:01,1,虎坊桥路口东,东城三里河
57,16,23,2019-06-06 09:03:01,1,虎坊桥路口东,榄杆市
57,16,18,2019-06-06 09:03:01,1,虎坊桥路口东,过街楼
57,16,17,2019-06-06 09:03:01,1,虎坊桥路口东,板章路
57,16,19,2019-06-06 09:03:01,1,虎坊桥路口东,东城三里河
57,16,17,2019-06-06 09:03:01,1,虎坊桥路口东,板章路
57,16,19,2019-06-06 09:03:01,1,虎坊桥路口东,东城三里河
57,17,19,2019-06-06 09:04:01,1,板章路,东城三里河
57,17,18,2019-06-06 09:04:01,1,板章路,过街楼
57,17,18,2019-06-06 09:04:01,1,板章路,过街楼
57,18,18,2019-06-06 09:05:01,1,过街楼,过街楼
57,18,19,2019-06-06 09:06:01,1,过街楼,东城三里河
57,19,19,2019-06-06 09:06:01,1,东城三里河,东城三里河
57,18,24,2019-06-06 09:06:01,1,过街楼,培新街
57,18,23,2019-06-06 09:06:01,1,过街楼,榄杆市
57,18,24,2019-06-06 09:06:01,1,过街楼,培新街
57,19,19,2019-06-06 09:06:01,1,东城三里河,东城三里河
57,18,19,2019-06-06 09:06:01,1,过街楼,东城三里河
57,19,19,2019-06-06 09:06:01,1,东城三里河,东城三里河
57,19,19,2019-06-06 09:06:01,1,东城三里河,东城三里河
57,19,19,2019-06-06 09:10:01,1,东城三里河,东城三里河
57,19,19,2019-06-06 09:10:01,1,东城三里河,东城三里河
57,19,19,2019-06-06 09:10:01,1,东城三里河,东城三里河
57,19,20,2019-06-06 09:10:01,1,东城三里河,桥湾
57,19,19,2019-06-06 09:10:01,1,东城三里河,东城三里河
57,19,24,2019-06-06 09:10:01,1,东城三里河,培新街
57,19,23,2019-06-06 09:10:01,1,东城三里河,榄杆市
57,19,22,2019-06-06 09:10:01,1,东城三里河,磁器口西
57,19,24,2019-06-06 09:10:01,1,东城三里河,培新街
57,19,24,2019-06-06 09:10:01,1,东城三里河,培新街
57,19,21,2019-06-06 09:10:01,1,东城三里河,水道子
57,19,19,2019-06-06 09:12:01,1,东城三里河,东城三里河
57,19,19,2019-06-06 09:12:01,1,东城三里河,东城三里河
57,19,19,2019-06-06 09:12:01,1,东城三里河,东城三里河
57,19,23,2019-06-06 09:12:01,1,东城三里河,榄杆市
57,19,24,2019-06-06 09:12:01,1,东城三里河,培新街
57,19,24,2019-06-06 09:12:01,1,东城三里河,培新街
57,19,19,2019-06-06 09:13:01,1,东城三里河,东城三里河
57,19,19,2019-06-06 09:13:01,1,东城三里河,东城三里河
57,19,20,2019-06-06 09:13:01,1,东城三里河,桥湾
57,19,23,2019-06-06 09:13:01,1,东城三里河,榄杆市
57,19,22,2019-06-06 09:13:01,1,东城三里河,磁器口西
57,19,23,2019-06-06 09:13:01,1,东城三里河,榄杆市
57,19,20,2019-06-06 09:13:01,1,东城三里河,桥湾
57,19,23,2019-06-06 09:13:01,1,东城三里河,榄杆市
57,19,22,2019-06-06 09:13:01,1,东城三里河,磁器口西
57,19,20,2019-06-06 09:13:01,1,东城三里河,桥湾
57,19,21,2019-06-06 09:13:01,1,东城三里河,水道子
57,19,23,2019-06-06 09:18:01,1,东城三里河,榄杆市
57,19,23,2019-06-06 09:18:01,1,东城三里河,榄杆市
57,19,24,2019-06-06 09:18:01,1,东城三里河,培新街
57,19,24,2019-06-06 09:18:01,1,东城三里河,培新街
57,19,20,2019-06-06 09:20:01,1,东城三里河,桥湾
57,19,20,2019-06-06 09:20:01,1,东城三里河,桥湾
57,19,23,2019-06-06 09:20:01,1,东城三里河,榄杆市
57,19,23,2019-06-06 09:20:01,1,东城三里河,榄杆市
57,19,21,2019-06-06 09:20:01,1,东城三里河,水道子
57,19,23,2019-06-06 09:20:01,1,东城三里河,榄杆市
57,19,23,2019-06-06 09:20:01,1,东城三里河,榄杆市
57,1,10,2019-06-06 07:52:01,1,靛厂新村,湾子
57,1,10,2019-06-06 07:52:01,1,靛厂新村,湾子
57,1,1,2019-06-06 07:52:01,1,靛厂新村,靛厂新村
57,10,23,2019-06-06 08:26:01,1,湾子,榄杆市
57,13,13,2019-06-06 08:40:01,1,牛街路口东,牛街路口东
57,23,29,2019-06-06 08:56:01,1,榄杆市,双井桥北
57,28,29,2019-06-06 09:05:01,1,垂杨柳,双井桥北
57,28,29,2019-06-06 09:05:01,1,垂杨柳,双井桥北
57,1,8,2019-06-05 07:31:01,1,靛厂新村,六里桥东
57,1,12,2019-06-05 07:31:01,1,靛厂新村,广安门内
57,1,8,2019-06-05 07:31:01,1,靛厂新村,六里桥东
57,1,8,2019-06-05 07:31:01,1,靛厂新村,六里桥东
57,1,12,2019-06-05 07:31:01,1,靛厂新村,广安门内
57,1,8,2019-06-05 07:31:01,1,靛厂新村,六里桥东
57,1,12,2019-06-05 07:31:01,1,靛厂新村,广安门内
57,1,8,2019-06-05 07:31:01,1,靛厂新村,六里桥东
57,1,8,2019-06-05 07:31:01,1,靛厂新村,六里桥东
57,1,8,2019-06-05 07:31:01,1,靛厂新村,六里桥东
57,1,6,2019-06-05 07:31:01,1,靛厂新村,小井路口东
57,1,6,2019-06-05 07:31:01,1,靛厂新村,小井路口东
57,1,6,2019-06-05 07:31:01,1,靛厂新村,小井路口东
57,1,8,2019-06-05 07:31:01,1,靛厂新村,六里桥东
57,1,22,2019-06-05 07:31:01,1,靛厂新村,磁器口西
57,1,22,2019-06-05 07:31:01,1,靛厂新村,磁器口西
57,1,34,2019-06-05 07:31:01,1,靛厂新村,四惠枢纽站
57,1,17,2019-06-05 07:31:01,1,靛厂新村,板章路
57,1,14,2019-06-05 07:31:01,1,靛厂新村,菜市口西
57,1,12,2019-06-05 07:31:01,1,靛厂新村,广安门内
57,1,17,2019-06-05 07:31:01,1,靛厂新村,板章路
57,1,6,2019-06-05 07:32:01,1,靛厂新村,小井路口东
57,1,6,2019-06-05 07:32:01,1,靛厂新村,小井路口东
57,1,8,2019-06-05 07:32:01,1,靛厂新村,六里桥东
57,1,6,2019-06-05 07:32:01,1,靛厂新村,小井路口东
57,1,6,2019-06-05 07:32:01,1,靛厂新村,小井路口东
57,1,6,2019-06-05 07:32:01,1,靛厂新村,小井路口东
57,1,6,2019-06-05 07:32:01,1,靛厂新村,小井路口东
57,1,1,2019-06-05 07:32:01,1,靛厂新村,靛厂新村
57,1,6,2019-06-05 07:32:01,1,靛厂新村,小井路口东
57,1,6,2019-06-05 07:35:01,1,靛厂新村,小井路口东
57,1,12,2019-06-05 07:35:01,1,靛厂新村,广安门内
57,1,8,2019-06-05 07:35:01,1,靛厂新村,六里桥东
57,1,12,2019-06-05 07:35:01,1,靛厂新村,广安门内
57,1,12,2019-06-05 07:35:01,1,靛厂新村,广安门内
57,1,12,2019-06-05 07:35:01,1,靛厂新村,广安门内
57,1,6,2019-06-05 07:35:01,1,靛厂新村,小井路口东
57,1,1,2019-06-05 07:35:01,1,靛厂新村,靛厂新村
57,1,6,2019-06-05 07:35:01,1,靛厂新村,小井路口东
57,1,6,2019-06-05 07:35:01,1,靛厂新村,小井路口东
57,1,8,2019-06-05 07:35:01,1,靛厂新村,六里桥东
57,1,14,2019-06-05 07:36:01,1,靛厂新村,菜市口西
57,6,14,2019-06-05 07:36:01,1,小井路口东,菜市口西
57,6,14,2019-06-05 07:36:01,1,小井路口东,菜市口西
57,6,6,2019-06-05 07:37:01,1,小井路口东,小井路口东
57,6,26,2019-06-05 07:39:01,1,小井路口东,广渠门内
57,6,29,2019-06-05 07:42:01,1,小井路口东,双井桥北
57,6,31,2019-06-05 07:42:01,1,小井路口东,大北窑南
57,8,8,2019-06-05 07:48:01,1,六里桥东,六里桥东
57,8,26,2019-06-05 07:48:01,1,六里桥东,广渠门内
57,8,32,2019-06-05 07:48:01,1,六里桥东,大北窑东
57,8,32,2019-06-05 07:48:01,1,六里桥东,大北窑东
57,8,22,2019-06-05 07:48:01,1,六里桥东,磁器口西
57,8,22,2019-06-05 07:48:01,1,六里桥东,磁器口西
57,8,26,2019-06-05 07:48:01,1,六里桥东,广渠门内
57,8,26,2019-06-05 07:48:01,1,六里桥东,广渠门内
57,8,26,2019-06-05 07:48:01,1,六里桥东,广渠门内
57,8,26,2019-06-05 07:48:01,1,六里桥东,广渠门内
57,8,22,2019-06-05 07:48:01,1,六里桥东,磁器口西
57,8,22,2019-06-05 07:48:01,1,六里桥东,磁器口西
57,8,34,2019-06-05 07:48:01,1,六里桥东,四惠枢纽站
57,8,34,2019-06-05 07:48:01,1,六里桥东,四惠枢纽站
57,8,12,2019-06-05 07:48:01,1,六里桥东,广安门内
57,8,17,2019-06-05 07:48:01,1,六里桥东,板章路
57,8,17,2019-06-05 07:48:01,1,六里桥东,板章路
57,8,12,2019-06-05 07:48:01,1,六里桥东,广安门内
57,8,17,2019-06-05 07:48:01,1,六里桥东,板章路
57,8,17,2019-06-05 07:48:01,1,六里桥东,板章路
57,8,8,2019-06-05 07:49:01,1,六里桥东,六里桥东
57,8,8,2019-06-05 07:49:01,1,六里桥东,六里桥东
57,8,8,2019-06-05 07:49:01,1,六里桥东,六里桥东
57,8,8,2019-06-05 07:49:01,1,六里桥东,六里桥东
57,8,12,2019-06-05 07:49:01,1,六里桥东,广安门内
57,8,8,2019-06-05 07:49:01,1,六里桥东,六里桥东
57,8,29,2019-06-05 07:49:01,1,六里桥东,双井桥北
57,8,17,2019-06-05 07:49:01,1,六里桥东,板章路
57,8,22,2019-06-05 07:49:01,1,六里桥东,磁器口西
57,8,22,2019-06-05 07:49:01,1,六里桥东,磁器口西
57,8,26,2019-06-05 07:49:01,1,六里桥东,广渠门内
57,8,12,2019-06-05 07:49:01,1,六里桥东,广安门内
57,8,8,2019-06-05 07:49:01,1,六里桥东,六里桥东
57,8,12,2019-06-05 07:56:01,1,六里桥东,广安门内
57,8,12,2019-06-05 07:56:01,1,六里桥东,广安门内
57,8,8,2019-06-05 07:56:01,1,六里桥东,六里桥东
57,8,8,2019-06-05 07:59:01,1,六里桥东,六里桥东
57,8,8,2019-06-05 07:59:01,1,六里桥东,六里桥东
57,8,12,2019-06-05 07:59:01,1,六里桥东,广安门内
57,8,8,2019-06-05 07:59:01,1,六里桥东,六里桥东
57,8,12,2019-06-05 07:59:01,1,六里桥东,广安门内
57,8,26,2019-06-05 07:59:01,1,六里桥东,广渠门内
57,8,33,2019-06-05 07:59:01,1,六里桥东,郎家园
57,8,12,2019-06-05 08:01:01,1,六里桥东,广安门内
57,8,12,2019-06-05 08:02:01,1,六里桥东,广安门内
57,8,32,2019-06-05 08:02:01,1,六里桥东,大北窑东
57,12,12,2019-06-05 08:02:01,1,广安门内,广安门内
57,12,26,2019-06-05 08:07:01,1,广安门内,广渠门内
57,12,22,2019-06-05 08:07:01,1,广安门内,磁器口西
57,12,22,2019-06-05 08:07:01,1,广安门内,磁器口西
57,12,12,2019-06-05 08:08:01,1,广安门内,广安门内
57,12,34,2019-06-05 08:08:01,1,广安门内,四惠枢纽站
57,12,14,2019-06-05 08:08:01,1,广安门内,菜市口西
57,12,17,2019-06-05 08:08:01,1,广安门内,板章路
57,12,12,2019-06-05 08:12:01,1,广安门内,广安门内
57,12,26,2019-06-05 08:12:01,1,广安门内,广渠门内
57,12,32,2019-06-05 08:12:01,1,广安门内,大北窑东
57,12,29,2019-06-05 08:12:01,1,广安门内,双井桥北
57,12,31,2019-06-05 08:12:01,1,广安门内,大北窑南
57,12,26,2019-06-05 08:12:01,1,广安门内,广渠门内
57,12,17,2019-06-05 08:12:01,1,广安门内,板章路
57,12,17,2019-06-05 08:12:01,1,广安门内,板章路
57,12,17,2019-06-05 08:12:01,1,广安门内,板章路
57,12,14,2019-06-05 08:12:01,1,广安门内,菜市口西
57,14,14,2019-06-05 08:13:01,1,菜市口西,菜市口西
57,14,14,2019-06-05 08:13:01,1,菜市口西,菜市口西
57,14,32,2019-06-05 08:14:01,1,菜市口西,大北窑东
57,14,31,2019-06-05 08:14:01,1,菜市口西,大北窑南
57,14,22,2019-06-05 08:14:01,1,菜市口西,磁器口西
57,14,22,2019-06-05 08:14:01,1,菜市口西,磁器口西
57,14,34,2019-06-05 08:14:01,1,菜市口西,四惠枢纽站
57,17,26,2019-06-05 08:18:01,1,板章路,广渠门内
57,17,17,2019-06-05 08:18:01,1,板章路,板章路
57,17,17,2019-06-05 08:18:01,1,板章路,板章路
57,17,31,2019-06-05 08:19:01,1,板章路,大北窑南
57,17,17,2019-06-05 08:19:01,1,板章路,板章路
57,17,17,2019-06-05 08:19:01,1,板章路,板章路
57,17,17,2019-06-05 08:19:01,1,板章路,板章路
57,17,31,2019-06-05 08:20:01,1,板章路,大北窑南
57,17,22,2019-06-05 08:21:01,1,板章路,磁器口西
57,17,26,2019-06-05 08:23:01,1,板章路,广渠门内
57,17,34,2019-06-05 08:23:01,1,板章路,四惠枢纽站
57,22,22,2019-06-05 08:26:01,1,磁器口西,磁器口西
57,22,32,2019-06-05 08:27:01,1,磁器口西,大北窑东
57,22,22,2019-06-05 08:27:01,1,磁器口西,磁器口西
57,22,26,2019-06-05 08:27:01,1,磁器口西,广渠门内
57,22,34,2019-06-05 08:27:01,1,磁器口西,四惠枢纽站
57,22,31,2019-06-05 08:28:01,1,磁器口西,大北窑南
57,22,34,2019-06-05 08:28:01,1,磁器口西,四惠枢纽站
57,22,26,2019-06-05 08:30:01,1,磁器口西,广渠门内
57,22,26,2019-06-05 08:30:01,1,磁器口西,广渠门内
57,22,29,2019-06-05 08:30:01,1,磁器口西,双井桥北
57,22,31,2019-06-05 08:30:01,1,磁器口西,大北窑南
57,22,31,2019-06-05 08:30:01,1,磁器口西,大北窑南
57,22,34,2019-06-05 08:30:01,1,磁器口西,四惠枢纽站
57,22,33,2019-06-05 08:30:01,1,磁器口西,郎家园
57,26,29,2019-06-05 08:31:01,1,广渠门内,双井桥北
57,26,26,2019-06-05 08:31:01,1,广渠门内,广渠门内
57,26,31,2019-06-05 08:31:01,1,广渠门内,大北窑南
57,26,31,2019-06-05 08:31:01,1,广渠门内,大北窑南
57,26,31,2019-06-05 08:31:01,1,广渠门内,大北窑南
57,26,31,2019-06-05 08:31:01,1,广渠门内,大北窑南
57,26,34,2019-06-05 08:31:01,1,广渠门内,四惠枢纽站
57,26,34,2019-06-05 08:31:01,1,广渠门内,四惠枢纽站
57,26,26,2019-06-05 08:37:01,1,广渠门内,广渠门内
57,26,26,2019-06-05 08:37:01,1,广渠门内,广渠门内
57,26,26,2019-06-05 08:37:01,1,广渠门内,广渠门内
57,26,32,2019-06-05 08:37:01,1,广渠门内,大北窑东
57,26,31,2019-06-05 08:37:01,1,广渠门内,大北窑南
57,26,31,2019-06-05 08:37:01,1,广渠门内,大北窑南
57,26,33,2019-06-05 08:37:01,1,广渠门内,郎家园
57,26,26,2019-06-05 08:48:01,1,广渠门内,广渠门内
57,26,26,2019-06-05 08:48:01,1,广渠门内,广渠门内
57,26,29,2019-06-05 08:48:01,1,广渠门内,双井桥北
57,26,29,2019-06-05 08:48:01,1,广渠门内,双井桥北
57,26,32,2019-06-05 08:48:01,1,广渠门内,大北窑东
57,26,31,2019-06-05 08:48:01,1,广渠门内,大北窑南
57,26,29,2019-06-05 08:49:01,1,广渠门内,双井桥北
57,26,29,2019-06-05 08:49:01,1,广渠门内,双井桥北
57,29,32,2019-06-05 09:04:01,1,双井桥北,大北窑东
57,29,34,2019-06-05 09:04:01,1,双井桥北,四惠枢纽站
57,29,34,2019-06-05 09:05:01,1,双井桥北,四惠枢纽站
57,32,33,2019-06-05 09:09:01,1,大北窑东,郎家园
57,32,34,2019-06-05 09:09:01,1,大北窑东,四惠枢纽站
57,32,32,2019-06-05 09:10:01,1,大北窑东,大北窑东
57,32,32,2019-06-05 09:10:01,1,大北窑东,大北窑东
57,32,34,2019-06-05 09:10:01,1,大北窑东,四惠枢纽站
57,32,33,2019-06-05 09:12:01,1,大北窑东,郎家园
57,33,33,2019-06-05 09:13:01,1,郎家园,郎家园
57,1,31,2019-06-05 07:35:01,1,靛厂新村,大北窑南
57,1,12,2019-06-05 07:35:01,1,靛厂新村,广安门内
57,1,1,2019-06-05 07:35:01,1,靛厂新村,靛厂新村
57,1,6,2019-06-05 07:35:01,1,靛厂新村,小井路口东
57,1,5,2019-06-05 07:35:01,1,靛厂新村,白塔村
57,1,8,2019-06-05 07:35:01,1,靛厂新村,六里桥东
57,1,8,2019-06-05 07:35:01,1,靛厂新村,六里桥东
57,1,2,2019-06-05 07:35:01,1,靛厂新村,岳各庄东路北口
57,1,4,2019-06-05 07:35:01,1,靛厂新村,水衙沟路东口
57,1,2,2019-06-05 07:35:01,1,靛厂新村,岳各庄东路北口
57,1,20,2019-06-05 07:35:01,1,靛厂新村,桥湾
57,1,25,2019-06-05 07:35:01,1,靛厂新村,安化楼
57,1,8,2019-06-05 07:35:01,1,靛厂新村,六里桥东
57,1,8,2019-06-05 07:35:01,1,靛厂新村,六里桥东
57,1,14,2019-06-05 07:35:01,1,靛厂新村,菜市口西
57,1,13,2019-06-05 07:35:01,1,靛厂新村,牛街路口东
57,2,7,2019-06-05 07:36:01,1,岳各庄东路北口,六里桥西
57,2,8,2019-06-05 07:36:01,1,岳各庄东路北口,六里桥东
57,2,7,2019-06-05 07:36:01,1,岳各庄东路北口,六里桥西
57,2,7,2019-06-05 07:36:01,1,岳各庄东路北口,六里桥西
57,2,8,2019-06-05 07:36:01,1,岳各庄东路北口,六里桥东
57,2,7,2019-06-05 07:36:01,1,岳各庄东路北口,六里桥西
57,2,7,2019-06-05 07:36:01,1,岳各庄东路北口,六里桥西
57,2,2,2019-06-05 07:36:01,1,岳各庄东路北口,岳各庄东路北口
57,3,11,2019-06-05 07:38:01,1,靛厂村南站,达官营
57,3,7,2019-06-05 07:38:01,1,靛厂村南站,六里桥西
57,3,22,2019-06-05 07:38:01,1,靛厂村南站,磁器口西
57,3,10,2019-06-05 07:38:01,1,靛厂村南站,湾子
57,4,12,2019-06-05 07:39:01,1,水衙沟路东口,广安门内
57,3,11,2019-06-05 07:39:01,1,靛厂村南站,达官营
57,4,12,2019-06-05 07:39:01,1,水衙沟路东口,广安门内
57,4,12,2019-06-05 07:39:01,1,水衙沟路东口,广安门内
57,4,7,2019-06-05 07:39:01,1,水衙沟路东口,六里桥西
57,4,8,2019-06-05 07:39:01,1,水衙沟路东口,六里桥东
57,4,7,2019-06-05 07:39:01,1,水衙沟路东口,六里桥西
57,4,21,2019-06-05 07:39:01,1,水衙沟路东口,水道子
57,4,9,2019-06-05 07:39:01,1,水衙沟路东口,莲花池
57,4,9,2019-06-05 07:39:01,1,水衙沟路东口,莲花池
57,4,15,2019-06-05 07:39:01,1,水衙沟路东口,虎坊桥路口西
57,4,16,2019-06-05 07:39:01,1,水衙沟路东口,虎坊桥路口东
57,4,12,2019-06-05 07:39:01,1,水衙沟路东口,广安门内
57,4,18,2019-06-05 07:40:01,1,水衙沟路东口,过街楼
57,4,13,2019-06-05 07:40:01,1,水衙沟路东口,牛街路口东
57,6,12,2019-06-05 07:46:01,1,小井路口东,广安门内
57,6,12,2019-06-05 07:46:01,1,小井路口东,广安门内
57,6,7,2019-06-05 07:46:01,1,小井路口东,六里桥西
57,6,8,2019-06-05 07:46:01,1,小井路口东,六里桥东
57,6,8,2019-06-05 07:46:01,1,小井路口东,六里桥东
57,6,27,2019-06-05 07:46:01,1,小井路口东,马圈
57,6,26,2019-06-05 07:46:01,1,小井路口东,广渠门内
57,6,23,2019-06-05 07:46:01,1,小井路口东,榄杆市
57,6,22,2019-06-05 07:46:01,1,小井路口东,磁器口西
57,6,34,2019-06-05 07:46:01,1,小井路口东,四惠枢纽站
57,6,8,2019-06-05 07:46:01,1,小井路口东,六里桥东
57,6,13,2019-06-05 07:46:01,1,小井路口东,牛街路口东
57,7,12,2019-06-05 07:49:01,1,六里桥西,广安门内
57,7,11,2019-06-05 07:49:01,1,六里桥西,达官营
57,7,12,2019-06-05 07:49:01,1,六里桥西,广安门内
57,8,11,2019-06-05 07:49:01,1,六里桥东,达官营
57,7,11,2019-06-05 07:49:01,1,六里桥西,达官营
57,7,11,2019-06-05 07:49:01,1,六里桥西,达官营
57,7,8,2019-06-05 07:49:01,1,六里桥西,六里桥东
57,7,8,2019-06-05 07:49:01,1,六里桥西,六里桥东
57,7,10,2019-06-05 07:49:01,1,六里桥西,湾子
57,7,10,2019-06-05 07:49:01,1,六里桥西,湾子
57,7,13,2019-06-05 07:49:01,1,六里桥西,牛街路口东
57,7,16,2019-06-05 07:49:01,1,六里桥西,虎坊桥路口东
57,8,30,2019-06-05 07:53:01,1,六里桥东,双花园
57,8,21,2019-06-05 07:53:01,1,六里桥东,水道子
57,8,20,2019-06-05 07:53:01,1,六里桥东,桥湾
57,8,26,2019-06-05 07:53:01,1,六里桥东,广渠门内
57,8,24,2019-06-05 07:53:01,1,六里桥东,培新街
57,8,26,2019-06-05 07:53:01,1,六里桥东,广渠门内
57,8,10,2019-06-05 07:53:01,1,六里桥东,湾子
57,8,8,2019-06-05 07:53:01,1,六里桥东,六里桥东
57,8,17,2019-06-05 07:53:01,1,六里桥东,板章路
57,8,13,2019-06-05 07:53:01,1,六里桥东,牛街路口东
57,8,16,2019-06-05 07:53:01,1,六里桥东,虎坊桥路口东
57,8,13,2019-06-05 07:53:01,1,六里桥东,牛街路口东
57,8,12,2019-06-05 07:53:01,1,六里桥东,广安门内
57,8,12,2019-06-05 07:53:01,1,六里桥东,广安门内
57,8,11,2019-06-05 07:54:01,1,六里桥东,达官营
57,8,21,2019-06-05 07:54:01,1,六里桥东,水道子
57,8,26,2019-06-05 07:54:01,1,六里桥东,广渠门内
57,8,23,2019-06-05 07:54:01,1,六里桥东,榄杆市
57,8,21,2019-06-05 07:54:01,1,六里桥东,水道子
57,8,23,2019-06-05 07:54:01,1,六里桥东,榄杆市
57,8,13,2019-06-05 07:54:01,1,六里桥东,牛街路口东
57,8,12,2019-06-05 08:00:01,1,六里桥东,广安门内
57,8,14,2019-06-05 08:00:01,1,六里桥东,菜市口西
57,10,22,2019-06-05 08:04:01,1,湾子,磁器口西
57,10,12,2019-06-05 08:04:01,1,湾子,广安门内
57,10,12,2019-06-05 08:05:01,1,湾子,广安门内
57,10,11,2019-06-05 08:05:01,1,湾子,达官营
57,10,11,2019-06-05 08:05:01,1,湾子,达官营
57,10,11,2019-06-05 08:05:01,1,湾子,达官营
57,10,11,2019-06-05 08:05:01,1,湾子,达官营
57,10,13,2019-06-05 08:05:01,1,湾子,牛街路口东
57,10,23,2019-06-05 08:05:01,1,湾子,榄杆市
57,10,13,2019-06-05 08:05:01,1,湾子,牛街路口东
57,10,19,2019-06-05 08:05:01,1,湾子,东城三里河
57,10,13,2019-06-05 08:05:01,1,湾子,牛街路口东
57,11,12,2019-06-05 08:07:01,1,达官营,广安门内
57,11,12,2019-06-05 08:07:01,1,达官营,广安门内
57,11,27,2019-06-05 08:07:01,1,达官营,马圈
57,11,34,2019-06-05 08:07:01,1,达官营,四惠枢纽站
57,11,16,2019-06-05 08:07:01,1,达官营,虎坊桥路口东
57,11,13,2019-06-05 08:07:01,1,达官营,牛街路口东
57,11,12,2019-06-05 08:07:01,1,达官营,广安门内
57,12,24,2019-06-05 08:14:01,1,广安门内,培新街
57,13,32,2019-06-05 08:19:01,1,牛街路口东,大北窑东
57,13,19,2019-06-05 08:19:01,1,牛街路口东,东城三里河
57,13,22,2019-06-05 08:19:01,1,牛街路口东,磁器口西
57,13,15,2019-06-05 08:19:01,1,牛街路口东,虎坊桥路口西
57,14,17,2019-06-05 08:20:01,1,菜市口西,板章路
57,14,27,2019-06-05 08:20:01,1,菜市口西,马圈
57,15,24,2019-06-05 08:23:01,1,虎坊桥路口西,培新街
57,16,31,2019-06-05 08:24:01,1,虎坊桥路口东,大北窑南
57,16,32,2019-06-05 08:24:01,1,虎坊桥路口东,大北窑东
57,16,17,2019-06-05 08:24:01,1,虎坊桥路口东,板章路
57,16,17,2019-06-05 08:24:01,1,虎坊桥路口东,板章路
57,17,19,2019-06-05 08:27:01,1,板章路,东城三里河
57,17,18,2019-06-05 08:27:01,1,板章路,过街楼
57,17,17,2019-06-05 08:27:01,1,板章路,板章路
57,17,23,2019-06-05 08:27:01,1,板章路,榄杆市
57,18,24,2019-06-05 08:29:01,1,过街楼,培新街
57,19,31,2019-06-05 08:30:01,1,东城三里河,大北窑南
57,20,24,2019-06-05 08:30:01,1,桥湾,培新街
57,20,24,2019-06-05 08:31:01,1,桥湾,培新街
57,23,24,2019-06-05 08:35:01,1,榄杆市,培新街
57,24,28,2019-06-05 08:38:01,1,培新街,垂杨柳
57,24,27,2019-06-05 08:38:01,1,培新街,马圈
57,24,34,2019-06-05 08:38:01,1,培新街,四惠枢纽站
57,24,28,2019-06-05 08:38:01,1,培新街,垂杨柳
57,24,27,2019-06-05 08:38:01,1,培新街,马圈
57,24,28,2019-06-05 08:38:01,1,培新街,垂杨柳
57,24,28,2019-06-05 08:38:01,1,培新街,垂杨柳
57,25,31,2019-06-05 08:40:01,1,安化楼,大北窑南
57,25,32,2019-06-05 08:40:01,1,安化楼,大北窑东
57,25,26,2019-06-05 08:40:01,1,安化楼,广渠门内
57,26,32,2019-06-05 08:45:01,1,广渠门内,大北窑东
57,27,31,2019-06-05 08:53:01,1,马圈,大北窑南
57,27,28,2019-06-05 08:53:01,1,马圈,垂杨柳
57,31,34,2019-06-05 09:14:01,1,大北窑南,四惠枢纽站
57,31,34,2019-06-05 09:14:01,1,大北窑南,四惠枢纽站
57,31,34,2019-06-05 09:14:01,1,大北窑南,四惠枢纽站
57,32,34,2019-06-05 09:18:01,1,大北窑东,四惠枢纽站
57,1,2,2019-06-05 07:49:01,1,靛厂新村,岳各庄东路北口
57,1,5,2019-06-05 07:49:01,1,靛厂新村,白塔村
57,1,2,2019-06-05 07:51:01,1,靛厂新村,岳各庄东路北口
57,1,2,2019-06-05 07:51:01,1,靛厂新村,岳各庄东路北口
57,1,2,2019-06-05 07:51:01,1,靛厂新村,岳各庄东路北口
57,1,2,2019-06-05 07:51:01,1,靛厂新村,岳各庄东路北口
57,1,2,2019-06-05 07:51:01,1,靛厂新村,岳各庄东路北口
57,1,2,2019-06-05 07:53:01,1,靛厂新村,岳各庄东路北口
57,1,2,2019-06-05 07:54:01,1,靛厂新村,岳各庄东路北口
57,1,2,2019-06-05 07:54:01,1,靛厂新村,岳各庄东路北口
57,1,2,2019-06-05 07:54:01,1,靛厂新村,岳各庄东路北口
57,1,1,2019-06-05 07:54:01,1,靛厂新村,靛厂新村
57,1,5,2019-06-05 07:54:01,1,靛厂新村,白塔村
57,1,2,2019-06-05 07:54:01,1,靛厂新村,岳各庄东路北口
57,1,7,2019-06-05 07:54:01,1,靛厂新村,六里桥西
57,1,2,2019-06-05 07:54:01,1,靛厂新村,岳各庄东路北口
57,2,5,2019-06-05 07:59:01,1,岳各庄东路北口,白塔村
57,2,2,2019-06-05 07:59:01,1,岳各庄东路北口,岳各庄东路北口
57,2,5,2019-06-05 07:59:01,1,岳各庄东路北口,白塔村
57,2,2,2019-06-05 07:59:01,1,岳各庄东路北口,岳各庄东路北口
57,2,7,2019-06-05 07:59:01,1,岳各庄东路北口,六里桥西
57,2,2,2019-06-05 08:02:01,1,岳各庄东路北口,岳各庄东路北口
57,2,3,2019-06-05 08:02:01,1,岳各庄东路北口,靛厂村南站
57,2,3,2019-06-05 08:02:01,1,岳各庄东路北口,靛厂村南站
57,2,2,2019-06-05 08:02:01,1,岳各庄东路北口,岳各庄东路北口
57,2,2,2019-06-05 08:02:01,1,岳各庄东路北口,岳各庄东路北口
57,2,2,2019-06-05 08:02:01,1,岳各庄东路北口,岳各庄东路北口
57,2,3,2019-06-05 08:05:01,1,岳各庄东路北口,靛厂村南站
57,2,5,2019-06-05 08:05:01,1,岳各庄东路北口,白塔村
57,2,5,2019-06-05 08:05:01,1,岳各庄东路北口,白塔村
57,2,8,2019-06-05 08:05:01,1,岳各庄东路北口,六里桥东
57,2,5,2019-06-05 08:06:01,1,岳各庄东路北口,白塔村
57,2,2,2019-06-05 08:06:01,1,岳各庄东路北口,岳各庄东路北口
57,2,3,2019-06-05 08:06:01,1,岳各庄东路北口,靛厂村南站
57,2,5,2019-06-05 08:06:01,1,岳各庄东路北口,白塔村
57,2,2,2019-06-05 08:06:01,1,岳各庄东路北口,岳各庄东路北口
57,2,3,2019-06-05 08:06:01,1,岳各庄东路北口,靛厂村南站
57,2,3,2019-06-05 08:06:01,1,岳各庄东路北口,靛厂村南站
57,2,2,2019-06-05 08:06:01,1,岳各庄东路北口,岳各庄东路北口
57,2,3,2019-06-05 08:06:01,1,岳各庄东路北口,靛厂村南站
57,2,5,2019-06-05 08:06:01,1,岳各庄东路北口,白塔村
57,2,2,2019-06-05 08:06:01,1,岳各庄东路北口,岳各庄东路北口
57,2,4,2019-06-05 08:06:01,1,岳各庄东路北口,水衙沟路东口
57,2,3,2019-06-05 08:06:01,1,岳各庄东路北口,靛厂村南站
57,2,5,2019-06-05 08:06:01,1,岳各庄东路北口,白塔村
57,2,5,2019-06-05 08:06:01,1,岳各庄东路北口,白塔村
57,2,5,2019-06-05 08:06:01,1,岳各庄东路北口,白塔村
57,2,2,2019-06-05 08:06:01,1,岳各庄东路北口,岳各庄东路北口
57,2,2,2019-06-05 08:06:01,1,岳各庄东路北口,岳各庄东路北口
57,2,5,2019-06-05 08:13:01,1,岳各庄东路北口,白塔村
57,2,2,2019-06-05 08:15:01,1,岳各庄东路北口,岳各庄东路北口
57,2,5,2019-06-05 08:15:01,1,岳各庄东路北口,白塔村
57,2,6,2019-06-05 08:15:01,1,岳各庄东路北口,小井路口东
57,2,3,2019-06-05 08:16:01,1,岳各庄东路北口,靛厂村南站
57,2,2,2019-06-05 08:16:01,1,岳各庄东路北口,岳各庄东路北口
57,2,5,2019-06-05 08:16:01,1,岳各庄东路北口,白塔村
57,2,3,2019-06-05 08:16:01,1,岳各庄东路北口,靛厂村南站
57,2,5,2019-06-05 08:16:01,1,岳各庄东路北口,白塔村
57,2,2,2019-06-05 08:19:01,1,岳各庄东路北口,岳各庄东路北口
57,2,4,2019-06-05 08:19:01,1,岳各庄东路北口,水衙沟路东口
57,2,5,2019-06-05 08:19:01,1,岳各庄东路北口,白塔村
57,2,5,2019-06-05 08:19:01,1,岳各庄东路北口,白塔村
57,2,2,2019-06-05 08:19:01,1,岳各庄东路北口,岳各庄东路北口
57,2,7,2019-06-05 08:19:01,1,岳各庄东路北口,六里桥西
57,3,5,2019-06-05 08:25:01,1,靛厂村南站,白塔村
57,3,5,2019-06-05 08:25:01,1,靛厂村南站,白塔村
57,3,3,2019-06-05 08:30:01,1,靛厂村南站,靛厂村南站
57,3,4,2019-06-05 08:30:01,1,靛厂村南站,水衙沟路东口
57,3,4,2019-06-05 08:30:01,1,靛厂村南站,水衙沟路东口
57,3,5,2019-06-05 08:30:01,1,靛厂村南站,白塔村
57,3,3,2019-06-05 08:30:01,1,靛厂村南站,靛厂村南站
57,3,5,2019-06-05 08:30:01,1,靛厂村南站,白塔村
57,3,5,2019-06-05 08:30:01,1,靛厂村南站,白塔村
57,3,5,2019-06-05 08:30:01,1,靛厂村南站,白塔村
57,3,7,2019-06-05 08:30:01,1,靛厂村南站,六里桥西
57,3,7,2019-06-05 08:30:01,1,靛厂村南站,六里桥西
57,3,5,2019-06-05 08:30:01,1,靛厂村南站,白塔村
57,3,5,2019-06-05 08:30:01,1,靛厂村南站,白塔村
57,3,7,2019-06-05 08:30:01,1,靛厂村南站,六里桥西
57,3,8,2019-06-05 08:30:01,1,靛厂村南站,六里桥东
57,3,3,2019-06-05 08:33:01,1,靛厂村南站,靛厂村南站
57,3,5,2019-06-05 08:33:01,1,靛厂村南站,白塔村
57,3,4,2019-06-05 08:33:01,1,靛厂村南站,水衙沟路东口
57,3,4,2019-06-05 08:33:01,1,靛厂村南站,水衙沟路东口
57,4,5,2019-06-05 08:37:01,1,水衙沟路东口,白塔村
57,4,5,2019-06-05 08:38:01,1,水衙沟路东口,白塔村
57,4,4,2019-06-05 08:38:01,1,水衙沟路东口,水衙沟路东口
57,4,5,2019-06-05 08:38:01,1,水衙沟路东口,白塔村
57,4,5,2019-06-05 08:39:01,1,水衙沟路东口,白塔村
57,5,5,2019-06-05 08:39:01,1,白塔村,白塔村
57,4,5,2019-06-05 08:39:01,1,水衙沟路东口,白塔村
57,4,7,2019-06-05 08:39:01,1,水衙沟路东口,六里桥西
57,4,8,2019-06-05 08:39:01,1,水衙沟路东口,六里桥东
57,5,6,2019-06-05 08:42:01,1,白塔村,小井路口东
57,5,6,2019-06-05 08:42:01,1,白塔村,小井路口东
57,5,5,2019-06-05 08:42:01,1,白塔村,白塔村
57,5,5,2019-06-05 08:43:01,1,白塔村,白塔村
57,5,5,2019-06-05 08:46:01,1,白塔村,白塔村
57,5,5,2019-06-05 08:46:01,1,白塔村,白塔村
57,5,5,2019-06-05 08:49:01,1,白塔村,白塔村
57,5,5,2019-06-05 08:49:01,1,白塔村,白塔村
57,5,5,2019-06-05 08:49:01,1,白塔村,白塔村
57,5,5,2019-06-05 08:49:01,1,白塔村,白塔村
57,5,7,2019-06-05 08:49:01,1,白塔村,六里桥西
57,5,5,2019-06-05 08:49:01,1,白塔村,白塔村
57,5,5,2019-06-05 08:49:01,1,白塔村,白塔村
57,5,5,2019-06-05 08:57:01,1,白塔村,白塔村
57,5,5,2019-06-05 08:57:01,1,白塔村,白塔村
57,5,5,2019-06-05 08:57:01,1,白塔村,白塔村
57,5,8,2019-06-05 08:57:01,1,白塔村,六里桥东
57,5,5,2019-06-05 09:00:01,1,白塔村,白塔村
57,5,5,2019-06-05 09:00:01,1,白塔村,白塔村
57,5,8,2019-06-05 09:00:01,1,白塔村,六里桥东
57,5,5,2019-06-05 09:06:01,1,白塔村,白塔村
57,5,5,2019-06-05 09:06:01,1,白塔村,白塔村
57,5,7,2019-06-05 09:06:01,1,白塔村,六里桥西
57,5,5,2019-06-05 09:06:01,1,白塔村,白塔村
57,5,6,2019-06-05 09:06:01,1,白塔村,小井路口东
57,5,5,2019-06-05 09:08:01,1,白塔村,白塔村
57,5,7,2019-06-05 09:08:01,1,白塔村,六里桥西
57,5,7,2019-06-05 09:08:01,1,白塔村,六里桥西
57,5,6,2019-06-05 09:08:01,1,白塔村,小井路口东
57,5,5,2019-06-05 09:08:01,1,白塔村,白塔村
57,5,5,2019-06-05 09:08:01,1,白塔村,白塔村
57,5,5,2019-06-05 09:08:01,1,白塔村,白塔村
57,5,7,2019-06-05 09:17:01,1,白塔村,六里桥西
57,5,7,2019-06-05 09:17:01,1,白塔村,六里桥西
57,5,6,2019-06-05 09:18:01,1,白塔村,小井路口东
57,5,7,2019-06-05 09:18:01,1,白塔村,六里桥西
57,5,7,2019-06-05 09:19:01,1,白塔村,六里桥西
57,5,7,2019-06-05 09:19:01,1,白塔村,六里桥西
57,5,7,2019-06-05 09:19:01,1,白塔村,六里桥西
57,5,6,2019-06-05 09:19:01,1,白塔村,小井路口东
57,5,8,2019-06-05 09:19:01,1,白塔村,六里桥东
57,5,8,2019-06-05 09:19:01,1,白塔村,六里桥东
57,5,5,2019-06-05 09:20:01,1,白塔村,白塔村
57,5,8,2019-06-05 09:20:01,1,白塔村,六里桥东
57,6,6,2019-06-05 09:24:01,1,小井路口东,小井路口东
57,6,7,2019-06-05 09:24:01,1,小井路口东,六里桥西
57,6,7,2019-06-05 09:24:01,1,小井路口东,六里桥西
57,6,8,2019-06-05 09:24:01,1,小井路口东,六里桥东
57,6,8,2019-06-05 09:24:01,1,小井路口东,六里桥东
57,6,8,2019-06-05 09:24:01,1,小井路口东,六里桥东
57,6,7,2019-06-05 09:24:01,1,小井路口东,六里桥西
57,6,6,2019-06-05 09:25:01,1,小井路口东,小井路口东
57,6,8,2019-06-05 09:25:01,1,小井路口东,六里桥东
57,6,7,2019-06-05 09:25:01,1,小井路口东,六里桥西
57,7,8,2019-06-05 09:27:01,1,六里桥西,六里桥东
57,1,1,2019-06-05 07:26:01,1,靛厂新村,靛厂新村
57,1,7,2019-06-05 07:26:01,1,靛厂新村,六里桥西
57,1,7,2019-06-05 07:26:01,1,靛厂新村,六里桥西
57,1,2,2019-06-05 07:26:01,1,靛厂新村,岳各庄东路北口
57,1,7,2019-06-05 07:26:01,1,靛厂新村,六里桥西
57,1,7,2019-06-05 07:26:01,1,靛厂新村,六里桥西
57,1,7,2019-06-05 07:26:01,1,靛厂新村,六里桥西
57,1,9,2019-06-05 07:26:01,1,靛厂新村,莲花池
57,1,9,2019-06-05 07:26:01,1,靛厂新村,莲花池
57,1,1,2019-06-05 07:26:01,1,靛厂新村,靛厂新村
57,1,7,2019-06-05 07:26:01,1,靛厂新村,六里桥西
57,1,9,2019-06-05 07:26:01,1,靛厂新村,莲花池
57,1,12,2019-06-05 07:26:01,1,靛厂新村,广安门内
57,1,10,2019-06-05 07:26:01,1,靛厂新村,湾子
57,1,13,2019-06-05 07:26:01,1,靛厂新村,牛街路口东
57,1,15,2019-06-05 07:26:01,1,靛厂新村,虎坊桥路口西
57,1,11,2019-06-05 07:26:01,1,靛厂新村,达官营
57,1,19,2019-06-05 07:26:01,1,靛厂新村,东城三里河
57,1,13,2019-06-05 07:26:01,1,靛厂新村,牛街路口东
57,1,15,2019-06-05 07:26:01,1,靛厂新村,虎坊桥路口西
57,1,14,2019-06-05 07:26:01,1,靛厂新村,菜市口西
57,1,13,2019-06-05 07:26:01,1,靛厂新村,牛街路口东
57,1,13,2019-06-05 07:26:01,1,靛厂新村,牛街路口东
57,2,9,2019-06-05 07:27:01,1,岳各庄东路北口,莲花池
57,2,5,2019-06-05 07:27:01,1,岳各庄东路北口,白塔村
57,2,6,2019-06-05 07:27:01,1,岳各庄东路北口,小井路口东
57,2,9,2019-06-05 07:27:01,1,岳各庄东路北口,莲花池
57,2,7,2019-06-05 07:27:01,1,岳各庄东路北口,六里桥西
57,2,7,2019-06-05 07:27:01,1,岳各庄东路北口,六里桥西
57,2,7,2019-06-05 07:27:01,1,岳各庄东路北口,六里桥西
57,2,9,2019-06-05 07:27:01,1,岳各庄东路北口,莲花池
57,2,9,2019-06-05 07:27:01,1,岳各庄东路北口,莲花池
57,2,6,2019-06-05 07:27:01,1,岳各庄东路北口,小井路口东
57,2,7,2019-06-05 07:27:01,1,岳各庄东路北口,六里桥西
57,2,7,2019-06-05 07:27:01,1,岳各庄东路北口,六里桥西
57,2,13,2019-06-05 07:27:01,1,岳各庄东路北口,牛街路口东
57,3,9,2019-06-05 07:29:01,1,靛厂村南站,莲花池
57,3,6,2019-06-05 07:29:01,1,靛厂村南站,小井路口东
57,3,4,2019-06-05 07:29:01,1,靛厂村南站,水衙沟路东口
57,3,14,2019-06-05 07:29:01,1,靛厂村南站,菜市口西
57,4,9,2019-06-05 07:30:01,1,水衙沟路东口,莲花池
57,4,6,2019-06-05 07:30:01,1,水衙沟路东口,小井路口东
57,4,5,2019-06-05 07:30:01,1,水衙沟路东口,白塔村
57,4,9,2019-06-05 07:30:01,1,水衙沟路东口,莲花池
57,4,7,2019-06-05 07:30:01,1,水衙沟路东口,六里桥西
57,4,4,2019-06-05 07:30:01,1,水衙沟路东口,水衙沟路东口
57,4,7,2019-06-05 07:30:01,1,水衙沟路东口,六里桥西
57,4,4,2019-06-05 07:30:01,1,水衙沟路东口,水衙沟路东口
57,4,7,2019-06-05 07:30:01,1,水衙沟路东口,六里桥西
57,4,7,2019-06-05 07:30:01,1,水衙沟路东口,六里桥西
57,4,10,2019-06-05 07:30:01,1,水衙沟路东口,湾子
57,4,12,2019-06-05 07:30:01,1,水衙沟路东口,广安门内
57,4,13,2019-06-05 07:30:01,1,水衙沟路东口,牛街路口东
57,4,31,2019-06-05 07:30:01,1,水衙沟路东口,大北窑南
57,4,14,2019-06-05 07:30:01,1,水衙沟路东口,菜市口西
57,4,14,2019-06-05 07:30:01,1,水衙沟路东口,菜市口西
57,4,7,2019-06-05 07:31:01,1,水衙沟路东口,六里桥西
57,4,7,2019-06-05 07:31:01,1,水衙沟路东口,六里桥西
57,5,6,2019-06-05 07:32:01,1,白塔村,小井路口东
57,5,9,2019-06-05 07:32:01,1,白塔村,莲花池
57,5,13,2019-06-05 07:32:01,1,白塔村,牛街路口东
57,6,33,2019-06-05 07:36:01,1,小井路口东,郎家园
57,6,9,2019-06-05 07:36:01,1,小井路口东,莲花池
57,6,9,2019-06-05 07:36:01,1,小井路口东,莲花池
57,6,9,2019-06-05 07:36:01,1,小井路口东,莲花池
57,6,7,2019-06-05 07:36:01,1,小井路口东,六里桥西
57,6,7,2019-06-05 07:36:01,1,小井路口东,六里桥西
57,6,9,2019-06-05 07:36:01,1,小井路口东,莲花池
57,6,11,2019-06-05 07:36:01,1,小井路口东,达官营
57,6,7,2019-06-05 07:36:01,1,小井路口东,六里桥西
57,6,13,2019-06-05 07:36:01,1,小井路口东,牛街路口东
57,6,9,2019-06-05 07:36:01,1,小井路口东,莲花池
57,6,12,2019-06-05 07:36:01,1,小井路口东,广安门内
57,6,18,2019-06-05 07:36:01,1,小井路口东,过街楼
57,6,15,2019-06-05 07:36:01,1,小井路口东,虎坊桥路口西
57,7,27,2019-06-05 07:41:01,1,六里桥西,马圈
57,9,9,2019-06-05 07:41:01,1,莲花池,莲花池
57,7,11,2019-06-05 07:41:01,1,六里桥西,达官营
57,7,22,2019-06-05 07:41:01,1,六里桥西,磁器口西
57,7,12,2019-06-05 07:41:01,1,六里桥西,广安门内
57,7,12,2019-06-05 07:41:01,1,六里桥西,广安门内
57,7,12,2019-06-05 07:41:01,1,六里桥西,广安门内
57,9,9,2019-06-05 07:45:01,1,莲花池,莲花池
57,9,13,2019-06-05 07:45:01,1,莲花池,牛街路口东
57,9,9,2019-06-05 07:45:01,1,莲花池,莲花池
57,9,18,2019-06-05 07:45:01,1,莲花池,过街楼
57,9,20,2019-06-05 07:45:01,1,莲花池,桥湾
57,9,13,2019-06-05 07:45:01,1,莲花池,牛街路口东
57,9,20,2019-06-05 07:45:01,1,莲花池,桥湾
57,9,13,2019-06-05 07:45:01,1,莲花池,牛街路口东
57,9,13,2019-06-05 07:45:01,1,莲花池,牛街路口东
57,9,9,2019-06-05 07:45:01,1,莲花池,莲花池
57,9,17,2019-06-05 07:45:01,1,莲花池,板章路
57,9,22,2019-06-05 07:45:01,1,莲花池,磁器口西
57,9,13,2019-06-05 07:45:01,1,莲花池,牛街路口东
57,9,14,2019-06-05 07:45:01,1,莲花池,菜市口西
57,9,22,2019-06-05 07:45:01,1,莲花池,磁器口西
57,9,13,2019-06-05 07:45:01,1,莲花池,牛街路口东
57,9,20,2019-06-05 07:45:01,1,莲花池,桥湾
57,9,31,2019-06-05 07:45:01,1,莲花池,大北窑南
57,9,29,2019-06-05 07:45:01,1,莲花池,双井桥北
57,9,13,2019-06-05 07:45:01,1,莲花池,牛街路口东
57,9,13,2019-06-05 07:45:01,1,莲花池,牛街路口东
57,9,14,2019-06-05 07:45:01,1,莲花池,菜市口西
57,9,14,2019-06-05 07:45:01,1,莲花池,菜市口西
57,9,13,2019-06-05 07:45:01,1,莲花池,牛街路口东
57,9,14,2019-06-05 07:45:01,1,莲花池,菜市口西
57,9,10,2019-06-05 07:46:01,1,莲花池,湾子
57,9,20,2019-06-05 07:46:01,1,莲花池,桥湾
57,9,11,2019-06-05 07:55:01,1,莲花池,达官营
57,9,11,2019-06-05 07:55:01,1,莲花池,达官营
57,9,18,2019-06-05 07:55:01,1,莲花池,过街楼
57,9,29,2019-06-05 07:55:01,1,莲花池,双井桥北
57,9,11,2019-06-05 07:55:01,1,莲花池,达官营
57,9,10,2019-06-05 07:55:01,1,莲花池,湾子
57,10,18,2019-06-05 07:58:01,1,湾子,过街楼
57,10,14,2019-06-05 07:58:01,1,湾子,菜市口西
57,10,25,2019-06-05 07:58:01,1,湾子,安化楼
57,10,10,2019-06-05 07:58:01,1,湾子,湾子
57,10,17,2019-06-05 07:58:01,1,湾子,板章路
57,10,11,2019-06-05 07:58:01,1,湾子,达官营
57,10,14,2019-06-05 07:58:01,1,湾子,菜市口西
57,10,28,2019-06-05 07:58:01,1,湾子,垂杨柳
57,10,14,2019-06-05 07:58:01,1,湾子,菜市口西
57,11,29,2019-06-05 08:01:01,1,达官营,双井桥北
57,11,33,2019-06-05 08:01:01,1,达官营,郎家园
57,11,15,2019-06-05 08:01:01,1,达官营,虎坊桥路口西
57,11,16,2019-06-05 08:01:01,1,达官营,虎坊桥路口东
57,11,19,2019-06-05 08:01:01,1,达官营,东城三里河
57,11,13,2019-06-05 08:01:01,1,达官营,牛街路口东
57,11,18,2019-06-05 08:01:01,1,达官营,过街楼
57,11,19,2019-06-05 08:01:01,1,达官营,东城三里河
57,11,12,2019-06-05 08:01:01,1,达官营,广安门内
57,11,22,2019-06-05 08:01:01,1,达官营,磁器口西
57,11,19,2019-06-05 08:01:01,1,达官营,东城三里河
57,11,29,2019-06-05 08:01:01,1,达官营,双井桥北
57,11,31,2019-06-05 08:01:01,1,达官营,大北窑南
57,11,12,2019-06-05 08:01:01,1,达官营,广安门内
57,11,12,2019-06-05 08:01:01,1,达官营,广安门内
57,12,23,2019-06-05 08:07:01,1,广安门内,榄杆市
57,12,25,2019-06-05 08:07:01,1,广安门内,安化楼
57,12,22,2019-06-05 08:07:01,1,广安门内,磁器口西
57,12,22,2019-06-05 08:07:01,1,广安门内,磁器口西
57,12,13,2019-06-05 08:07:01,1,广安门内,牛街路口东
57,12,29,2019-06-05 08:07:01,1,广安门内,双井桥北
57,12,30,2019-06-05 08:07:01,1,广安门内,双花园
57,13,27,2019-06-05 08:09:01,1,牛街路口东,马圈
57,13,27,2019-06-05 08:09:01,1,牛街路口东,马圈
57,13,13,2019-06-05 08:09:01,1,牛街路口东,牛街路口东
57,13,13,2019-06-05 08:09:01,1,牛街路口东,牛街路口东
57,13,26,2019-06-05 08:09:01,1,牛街路口东,广渠门内
57,13,22,2019-06-05 08:09:01,1,牛街路口东,磁器口西
57,13,30,2019-06-05 08:09:01,1,牛街路口东,双花园
57,13,30,2019-06-05 08:10:01,1,牛街路口东,双花园
57,13,31,2019-06-05 08:10:01,1,牛街路口东,大北窑南
57,14,19,2019-06-05 08:11:01,1,菜市口西,东城三里河
57,14,18,2019-06-05 08:11:01,1,菜市口西,过街楼
57,14,14,2019-06-05 08:11:01,1,菜市口西,菜市口西
57,15,27,2019-06-05 08:14:01,1,虎坊桥路口西,马圈
57,15,25,2019-06-05 08:14:01,1,虎坊桥路口西,安化楼
57,15,28,2019-06-05 08:14:01,1,虎坊桥路口西,垂杨柳
57,15,27,2019-06-05 08:14:01,1,虎坊桥路口西,马圈
57,15,15,2019-06-05 08:14:01,1,虎坊桥路口西,虎坊桥路口西
57,17,28,2019-06-05 08:17:01,1,板章路,垂杨柳
57,17,28,2019-06-05 08:17:01,1,板章路,垂杨柳
57,17,29,2019-06-05 08:17:01,1,板章路,双井桥北
57,17,24,2019-06-05 08:18:01,1,板章路,培新街
57,18,23,2019-06-05 08:19:01,1,过街楼,榄杆市
57,18,27,2019-06-05 08:19:01,1,过街楼,马圈
57,18,30,2019-06-05 08:19:01,1,过街楼,双花园
57,19,23,2019-06-05 08:21:01,1,东城三里河,榄杆市
57,20,20,2019-06-05 08:22:01,1,桥湾,桥湾
57,22,27,2019-06-05 08:26:01,1,磁器口西,马圈
57,22,27,2019-06-05 08:26:01,1,磁器口西,马圈
57,22,22,2019-06-05 08:26:01,1,磁器口西,磁器口西
57,22,33,2019-06-05 08:26:01,1,磁器口西,郎家园
57,23,25,2019-06-05 08:27:01,1,榄杆市,安化楼
57,24,27,2019-06-05 08:28:01,1,培新街,马圈
57,24,24,2019-06-05 08:28:01,1,培新街,培新街
57,25,33,2019-06-05 08:30:01,1,安化楼,郎家园
57,25,27,2019-06-05 08:30:01,1,安化楼,马圈
57,26,26,2019-06-05 08:31:01,1,广渠门内,广渠门内
57,26,27,2019-06-05 08:31:01,1,广渠门内,马圈
57,26,28,2019-06-05 08:31:01,1,广渠门内,垂杨柳
57,27,30,2019-06-05 08:38:01,1,马圈,双花园
57,27,30,2019-06-05 08:38:01,1,马圈,双花园
57,27,28,2019-06-05 08:48:01,1,马圈,垂杨柳
57,28,29,2019-06-05 08:49:01,1,垂杨柳,双井桥北
57,28,33,2019-06-05 08:50:01,1,垂杨柳,郎家园
57,28,32,2019-06-05 08:50:01,1,垂杨柳,大北窑东
57,29,29,2019-06-05 09:04:01,1,双井桥北,双井桥北
57,29,32,2019-06-05 09:04:01,1,双井桥北,大北窑东
57,30,33,2019-06-05 09:11:01,1,双花园,郎家园
57,30,33,2019-06-05 09:11:01,1,双花园,郎家园
57,1,4,2019-06-05 09:13:01,1,靛厂新村,水衙沟路东口
57,1,7,2019-06-05 09:13:01,1,靛厂新村,六里桥西
57,1,7,2019-06-05 09:13:01,1,靛厂新村,六里桥西
57,1,7,2019-06-05 09:13:01,1,靛厂新村,六里桥西
57,1,27,2019-06-05 09:13:01,1,靛厂新村,马圈
57,1,16,2019-06-05 09:13:01,1,靛厂新村,虎坊桥路口东
57,2,7,2019-06-05 09:15:01,1,岳各庄东路北口,六里桥西
57,2,4,2019-06-05 09:15:01,1,岳各庄东路北口,水衙沟路东口
57,2,4,2019-06-05 09:15:01,1,岳各庄东路北口,水衙沟路东口
57,2,4,2019-06-05 09:15:01,1,岳各庄东路北口,水衙沟路东口
57,2,7,2019-06-05 09:15:01,1,岳各庄东路北口,六里桥西
57,2,8,2019-06-05 09:17:01,1,岳各庄东路北口,六里桥东
57,2,3,2019-06-05 09:17:01,1,岳各庄东路北口,靛厂村南站
57,2,17,2019-06-05 09:17:01,1,岳各庄东路北口,板章路
57,2,11,2019-06-05 09:17:01,1,岳各庄东路北口,达官营
57,4,7,2019-06-05 09:18:01,1,水衙沟路东口,六里桥西
57,4,13,2019-06-05 09:18:01,1,水衙沟路东口,牛街路口东
57,4,11,2019-06-05 09:18:01,1,水衙沟路东口,达官营
57,4,8,2019-06-05 09:18:01,1,水衙沟路东口,六里桥东
57,5,8,2019-06-05 09:22:01,1,白塔村,六里桥东
57,5,8,2019-06-05 09:22:01,1,白塔村,六里桥东
57,7,11,2019-06-05 09:25:01,1,六里桥西,达官营
57,7,11,2019-06-05 09:25:01,1,六里桥西,达官营
57,8,8,2019-06-05 09:29:01,1,六里桥东,六里桥东
57,8,8,2019-06-05 09:29:01,1,六里桥东,六里桥东
57,8,8,2019-06-05 09:29:01,1,六里桥东,六里桥东
57,8,8,2019-06-05 09:29:01,1,六里桥东,六里桥东
57,8,14,2019-06-05 09:29:01,1,六里桥东,菜市口西
57,8,11,2019-06-05 09:29:01,1,六里桥东,达官营
57,8,11,2019-06-05 09:29:01,1,六里桥东,达官营
57,8,10,2019-06-05 09:29:01,1,六里桥东,湾子
57,8,8,2019-06-05 09:29:01,1,六里桥东,六里桥东
57,8,10,2019-06-05 09:29:01,1,六里桥东,湾子
57,8,10,2019-06-05 09:29:01,1,六里桥东,湾子
57,33,34,2019-06-05 06:30:01,1,郎家园,四惠枢纽站
57,20,21,2019-06-05 07:19:01,1,桥湾,水道子
57,18,21,2019-06-05 07:20:01,1,过街楼,水道子
57,16,21,2019-06-05 07:23:01,1,虎坊桥路口东,水道子
57,16,21,2019-06-05 07:23:01,1,虎坊桥路口东,水道子
57,16,21,2019-06-05 07:23:01,1,虎坊桥路口东,水道子
57,15,21,2019-06-05 07:26:01,1,虎坊桥路口西,水道子
57,15,15,2019-06-05 07:26:01,1,虎坊桥路口西,虎坊桥路口西
57,14,13,2019-06-05 07:30:01,1,菜市口西,牛街路口东
57,14,21,2019-06-05 07:30:01,1,菜市口西,水道子
57,14,21,2019-06-05 07:30:01,1,菜市口西,水道子
57,13,21,2019-06-05 07:35:01,1,牛街路口东,水道子
57,13,21,2019-06-05 07:35:01,1,牛街路口东,水道子
57,12,21,2019-06-05 07:37:01,1,广安门内,水道子
57,12,21,2019-06-05 07:37:01,1,广安门内,水道子
57,12,21,2019-06-05 07:37:01,1,广安门内,水道子
57,12,12,2019-06-05 07:37:01,1,广安门内,广安门内
57,10,10,2019-06-05 07:41:01,1,湾子,湾子
57,7,6,2019-06-05 07:51:01,1,六里桥西,小井路口东
57,1,21,2019-06-05 08:09:01,1,靛厂新村,水道子
57,1,21,2019-06-05 08:09:01,1,靛厂新村,水道子
57,1,21,2019-06-05 08:10:01,1,靛厂新村,水道子
57,1,21,2019-06-05 08:10:01,1,靛厂新村,水道子
57,1,21,2019-06-05 08:10:01,1,靛厂新村,水道子
57,1,21,2019-06-05 08:10:01,1,靛厂新村,水道子
57,1,21,2019-06-05 08:10:01,1,靛厂新村,水道子
57,1,21,2019-06-05 08:10:01,1,靛厂新村,水道子
57,1,12,2019-06-05 08:10:01,1,靛厂新村,广安门内
57,1,12,2019-06-05 08:10:01,1,靛厂新村,广安门内
57,1,21,2019-06-05 08:10:01,1,靛厂新村,水道子
57,1,21,2019-06-05 08:10:01,1,靛厂新村,水道子
57,1,8,2019-06-05 08:10:01,1,靛厂新村,六里桥东
57,1,3,2019-06-05 08:10:01,1,靛厂新村,靛厂村南站
57,2,13,2019-06-05 08:13:01,1,岳各庄东路北口,牛街路口东
57,2,21,2019-06-05 08:13:01,1,岳各庄东路北口,水道子
57,2,21,2019-06-05 08:13:01,1,岳各庄东路北口,水道子
57,2,21,2019-06-05 08:13:01,1,岳各庄东路北口,水道子
57,2,21,2019-06-05 08:13:01,1,岳各庄东路北口,水道子
57,2,17,2019-06-05 08:13:01,1,岳各庄东路北口,板章路
57,2,10,2019-06-05 08:13:01,1,岳各庄东路北口,湾子
57,2,13,2019-06-05 08:13:01,1,岳各庄东路北口,牛街路口东
57,2,4,2019-06-05 08:13:01,1,岳各庄东路北口,水衙沟路东口
57,2,2,2019-06-05 08:13:01,1,岳各庄东路北口,岳各庄东路北口
57,2,8,2019-06-05 08:13:01,1,岳各庄东路北口,六里桥东
57,3,21,2019-06-05 08:14:01,1,靛厂村南站,水道子
57,3,21,2019-06-05 08:14:01,1,靛厂村南站,水道子
57,3,21,2019-06-05 08:14:01,1,靛厂村南站,水道子
57,3,21,2019-06-05 08:14:01,1,靛厂村南站,水道子
57,3,21,2019-06-05 08:14:01,1,靛厂村南站,水道子
57,3,21,2019-06-05 08:14:01,1,靛厂村南站,水道子
57,3,21,2019-06-05 08:14:01,1,靛厂村南站,水道子
57,3,21,2019-06-05 08:14:01,1,靛厂村南站,水道子
57,3,21,2019-06-05 08:14:01,1,靛厂村南站,水道子
57,3,21,2019-06-05 08:14:01,1,靛厂村南站,水道子
57,3,6,2019-06-05 08:14:01,1,靛厂村南站,小井路口东
57,3,7,2019-06-05 08:14:01,1,靛厂村南站,六里桥西
57,5,21,2019-06-05 08:16:01,1,白塔村,水道子
57,5,21,2019-06-05 08:16:01,1,白塔村,水道子
57,5,21,2019-06-05 08:16:01,1,白塔村,水道子
57,6,15,2019-06-05 08:21:01,1,小井路口东,虎坊桥路口西
57,8,21,2019-06-05 08:34:01,1,六里桥东,水道子
57,8,21,2019-06-05 08:34:01,1,六里桥东,水道子
57,8,15,2019-06-05 08:34:01,1,六里桥东,虎坊桥路口西
57,8,9,2019-06-05 08:34:01,1,六里桥东,莲花池
57,8,9,2019-06-05 08:34:01,1,六里桥东,莲花池
57,8,21,2019-06-05 08:34:01,1,六里桥东,水道子
57,8,21,2019-06-05 08:34:01,1,六里桥东,水道子
57,8,21,2019-06-05 08:34:01,1,六里桥东,水道子
57,8,21,2019-06-05 08:35:01,1,六里桥东,水道子
57,8,12,2019-06-05 08:35:01,1,六里桥东,广安门内
57,8,13,2019-06-05 08:35:01,1,六里桥东,牛街路口东
57,8,13,2019-06-05 08:35:01,1,六里桥东,牛街路口东
57,8,13,2019-06-05 08:35:01,1,六里桥东,牛街路口东
57,8,13,2019-06-05 08:35:01,1,六里桥东,牛街路口东
57,8,21,2019-06-05 08:35:01,1,六里桥东,水道子
57,8,21,2019-06-05 08:35:01,1,六里桥东,水道子
57,8,21,2019-06-05 08:35:01,1,六里桥东,水道子
57,8,21,2019-06-05 08:35:01,1,六里桥东,水道子
57,8,27,2019-06-05 08:35:01,1,六里桥东,马圈
57,8,27,2019-06-05 08:35:01,1,六里桥东,马圈
57,8,12,2019-06-05 08:35:01,1,六里桥东,广安门内
57,8,12,2019-06-05 08:35:01,1,六里桥东,广安门内
57,8,10,2019-06-05 08:35:01,1,六里桥东,湾子
57,8,12,2019-06-05 08:35:01,1,六里桥东,广安门内
57,8,8,2019-06-05 08:35:01,1,六里桥东,六里桥东
57,8,21,2019-06-05 08:35:01,1,六里桥东,水道子
57,9,21,2019-06-05 08:41:01,1,莲花池,水道子
57,9,21,2019-06-05 08:41:01,1,莲花池,水道子
57,10,12,2019-06-05 08:45:01,1,湾子,广安门内
57,10,21,2019-06-05 08:45:01,1,湾子,水道子
57,10,21,2019-06-05 08:45:01,1,湾子,水道子
57,10,21,2019-06-05 08:45:01,1,湾子,水道子
57,10,21,2019-06-05 08:45:01,1,湾子,水道子
57,10,26,2019-06-05 08:45:01,1,湾子,广渠门内
57,10,21,2019-06-05 08:45:01,1,湾子,水道子
57,10,21,2019-06-05 08:45:01,1,湾子,水道子
57,11,13,2019-06-05 08:46:01,1,达官营,牛街路口东
57,11,21,2019-06-05 08:46:01,1,达官营,水道子
57,11,21,2019-06-05 08:46:01,1,达官营,水道子
57,11,21,2019-06-05 08:46:01,1,达官营,水道子
57,11,21,2019-06-05 08:46:01,1,达官营,水道子
57,11,21,2019-06-05 08:46:01,1,达官营,水道子
57,11,11,2019-06-05 08:46:01,1,达官营,达官营
57,11,11,2019-06-05 08:46:01,1,达官营,达官营
57,11,11,2019-06-05 08:46:01,1,达官营,达官营
57,11,12,2019-06-05 08:46:01,1,达官营,广安门内
57,11,21,2019-06-05 08:46:01,1,达官营,水道子
57,11,21,2019-06-05 08:46:01,1,达官营,水道子
57,11,12,2019-06-05 08:47:01,1,达官营,广安门内
57,12,13,2019-06-05 08:51:01,1,广安门内,牛街路口东
57,12,13,2019-06-05 08:51:01,1,广安门内,牛街路口东
57,12,21,2019-06-05 08:51:01,1,广安门内,水道子
57,12,21,2019-06-05 08:51:01,1,广安门内,水道子
57,12,24,2019-06-05 08:51:01,1,广安门内,培新街
57,12,21,2019-06-05 08:51:01,1,广安门内,水道子
57,12,21,2019-06-05 08:51:01,1,广安门内,水道子
57,13,21,2019-06-05 08:55:01,1,牛街路口东,水道子
57,13,21,2019-06-05 08:55:01,1,牛街路口东,水道子
57,13,22,2019-06-05 08:55:01,1,牛街路口东,磁器口西
57,13,21,2019-06-05 08:55:01,1,牛街路口东,水道子
57,13,21,2019-06-05 08:55:01,1,牛街路口东,水道子
57,14,15,2019-06-05 08:58:01,1,菜市口西,虎坊桥路口西
57,14,15,2019-06-05 08:58:01,1,菜市口西,虎坊桥路口西
57,14,15,2019-06-05 08:58:01,1,菜市口西,虎坊桥路口西
57,14,21,2019-06-05 08:58:01,1,菜市口西,水道子
57,15,15,2019-06-05 09:00:01,1,虎坊桥路口西,虎坊桥路口西
57,16,21,2019-06-05 09:03:01,1,虎坊桥路口东,水道子
57,16,21,2019-06-05 09:03:01,1,虎坊桥路口东,水道子
57,16,20,2019-06-05 09:03:01,1,虎坊桥路口东,桥湾
57,16,29,2019-06-05 09:03:01,1,虎坊桥路口东,双井桥北
57,16,21,2019-06-05 09:03:01,1,虎坊桥路口东,水道子
57,16,21,2019-06-05 09:03:01,1,虎坊桥路口东,水道子
57,22,22,2019-06-05 09:11:01,1,磁器口西,磁器口西
57,23,23,2019-06-05 09:11:01,1,榄杆市,榄杆市
57,22,24,2019-06-05 09:11:01,1,磁器口西,培新街
57,23,29,2019-06-05 09:12:01,1,榄杆市,双井桥北
57,23,29,2019-06-05 09:12:01,1,榄杆市,双井桥北
57,23,31,2019-06-05 09:12:01,1,榄杆市,大北窑南
57,23,21,2019-06-05 09:12:01,1,榄杆市,水道子
57,24,31,2019-06-05 09:15:01,1,培新街,大北窑南
57,24,21,2019-06-05 09:15:01,1,培新街,水道子
57,25,29,2019-06-05 09:18:01,1,安化楼,双井桥北
57,26,31,2019-06-05 09:21:01,1,广渠门内,大北窑南
57,28,21,2019-06-05 09:29:01,1,垂杨柳,水道子
57,1,7,2019-06-05 06:39:01,1,靛厂新村,六里桥西
57,1,13,2019-06-05 06:39:01,1,靛厂新村,牛街路口东
57,1,10,2019-06-05 06:39:01,1,靛厂新村,湾子
57,2,7,2019-06-05 06:40:01,1,岳各庄东路北口,六里桥西
57,3,13,2019-06-05 06:42:01,1,靛厂村南站,牛街路口东
57,5,5,2019-06-05 06:44:01,1,白塔村,白塔村
57,5,8,2019-06-05 06:44:01,1,白塔村,六里桥东
57,5,8,2019-06-05 06:44:01,1,白塔村,六里桥东
57,5,13,2019-06-05 06:44:01,1,白塔村,牛街路口东
57,6,6,2019-06-05 06:47:01,1,小井路口东,小井路口东
57,6,7,2019-06-05 06:47:01,1,小井路口东,六里桥西
57,6,22,2019-06-05 06:47:01,1,小井路口东,磁器口西
57,7,8,2019-06-05 06:49:01,1,六里桥西,六里桥东
57,7,8,2019-06-05 06:49:01,1,六里桥西,六里桥东
57,9,12,2019-06-05 06:57:01,1,莲花池,广安门内
57,10,13,2019-06-05 07:01:01,1,湾子,牛街路口东
57,10,13,2019-06-05 07:01:01,1,湾子,牛街路口东
57,11,12,2019-06-05 07:03:01,1,达官营,广安门内
57,11,13,2019-06-05 07:03:01,1,达官营,牛街路口东
57,12,12,2019-06-05 07:07:01,1,广安门内,广安门内
57,14,24,2019-06-05 07:13:01,1,菜市口西,培新街
57,15,16,2019-06-05 07:15:01,1,虎坊桥路口西,虎坊桥路口东
57,22,29,2019-06-05 07:27:01,1,磁器口西,双井桥北
57,24,29,2019-06-05 07:31:01,1,培新街,双井桥北
57,25,31,2019-06-05 07:35:01,1,安化楼,大北窑南
57,26,32,2019-06-05 07:36:01,1,广渠门内,大北窑东
57,29,32,2019-06-05 07:45:01,1,双井桥北,大北窑东
57,31,32,2019-06-05 07:48:01,1,大北窑南,大北窑东
57,31,32,2019-06-05 07:48:01,1,大北窑南,大北窑东
57,16,26,2019-06-05 06:31:01,1,虎坊桥路口东,广渠门内
57,16,24,2019-06-05 06:31:01,1,虎坊桥路口东,培新街
57,1,32,2019-06-05 08:26:01,1,靛厂新村,大北窑东
57,1,17,2019-06-05 08:26:01,1,靛厂新村,板章路
57,1,22,2019-06-05 08:26:01,1,靛厂新村,磁器口西
57,1,15,2019-06-05 08:26:01,1,靛厂新村,虎坊桥路口西
57,1,12,2019-06-05 08:26:01,1,靛厂新村,广安门内
57,1,7,2019-06-05 08:26:01,1,靛厂新村,六里桥西
57,1,5,2019-06-05 08:26:01,1,靛厂新村,白塔村
57,1,1,2019-06-05 08:26:01,1,靛厂新村,靛厂新村
57,1,5,2019-06-05 08:26:01,1,靛厂新村,白塔村
57,1,7,2019-06-05 08:26:01,1,靛厂新村,六里桥西
57,1,12,2019-06-05 08:26:01,1,靛厂新村,广安门内
57,1,7,2019-06-05 08:26:01,1,靛厂新村,六里桥西
57,1,2,2019-06-05 08:26:01,1,靛厂新村,岳各庄东路北口
57,1,7,2019-06-05 08:26:01,1,靛厂新村,六里桥西
57,1,7,2019-06-05 08:26:01,1,靛厂新村,六里桥西
57,1,1,2019-06-05 08:26:01,1,靛厂新村,靛厂新村
57,1,6,2019-06-05 08:26:01,1,靛厂新村,小井路口东
57,1,10,2019-06-05 08:26:01,1,靛厂新村,湾子
57,2,13,2019-06-05 08:27:01,1,岳各庄东路北口,牛街路口东
57,2,2,2019-06-05 08:27:01,1,岳各庄东路北口,岳各庄东路北口
57,2,4,2019-06-05 08:27:01,1,岳各庄东路北口,水衙沟路东口
57,2,12,2019-06-05 08:27:01,1,岳各庄东路北口,广安门内
57,2,7,2019-06-05 08:28:01,1,岳各庄东路北口,六里桥西
57,2,2,2019-06-05 08:28:01,1,岳各庄东路北口,岳各庄东路北口
57,2,6,2019-06-05 08:28:01,1,岳各庄东路北口,小井路口东
57,2,5,2019-06-05 08:28:01,1,岳各庄东路北口,白塔村
57,2,7,2019-06-05 08:28:01,1,岳各庄东路北口,六里桥西
57,2,7,2019-06-05 08:28:01,1,岳各庄东路北口,六里桥西
57,2,7,2019-06-05 08:28:01,1,岳各庄东路北口,六里桥西
57,2,12,2019-06-05 08:28:01,1,岳各庄东路北口,广安门内
57,2,10,2019-06-05 08:28:01,1,岳各庄东路北口,湾子
57,3,8,2019-06-05 08:29:01,1,靛厂村南站,六里桥东
57,3,8,2019-06-05 08:29:01,1,靛厂村南站,六里桥东
57,3,7,2019-06-05 08:29:01,1,靛厂村南站,六里桥西
57,3,13,2019-06-05 08:29:01,1,靛厂村南站,牛街路口东
57,3,3,2019-06-05 08:29:01,1,靛厂村南站,靛厂村南站
57,3,4,2019-06-05 08:29:01,1,靛厂村南站,水衙沟路东口
57,3,12,2019-06-05 08:29:01,1,靛厂村南站,广安门内
57,4,34,2019-06-05 08:30:01,1,水衙沟路东口,四惠枢纽站
57,4,8,2019-06-05 08:30:01,1,水衙沟路东口,六里桥东
57,4,10,2019-06-05 08:30:01,1,水衙沟路东口,湾子
57,4,7,2019-06-05 08:30:01,1,水衙沟路东口,六里桥西
57,4,8,2019-06-05 08:30:01,1,水衙沟路东口,六里桥东
57,4,7,2019-06-05 08:30:01,1,水衙沟路东口,六里桥西
57,4,14,2019-06-05 08:30:01,1,水衙沟路东口,菜市口西
57,4,8,2019-06-05 08:30:01,1,水衙沟路东口,六里桥东
57,4,13,2019-06-05 08:30:01,1,水衙沟路东口,牛街路口东
57,4,26,2019-06-05 08:30:01,1,水衙沟路东口,广渠门内
57,4,8,2019-06-05 08:30:01,1,水衙沟路东口,六里桥东
57,4,12,2019-06-05 08:30:01,1,水衙沟路东口,广安门内
57,4,8,2019-06-05 08:30:01,1,水衙沟路东口,六里桥东
57,4,11,2019-06-05 08:30:01,1,水衙沟路东口,达官营
57,5,8,2019-06-05 08:32:01,1,白塔村,六里桥东
57,5,8,2019-06-05 08:32:01,1,白塔村,六里桥东
57,5,5,2019-06-05 08:32:01,1,白塔村,白塔村
57,5,8,2019-06-05 08:32:01,1,白塔村,六里桥东
57,5,11,2019-06-05 08:32:01,1,白塔村,达官营
57,7,10,2019-06-05 08:33:01,1,六里桥西,湾子
57,6,13,2019-06-05 08:33:01,1,小井路口东,牛街路口东
57,6,19,2019-06-05 08:33:01,1,小井路口东,东城三里河
57,7,10,2019-06-05 08:36:01,1,六里桥西,湾子
57,7,14,2019-06-05 08:37:01,1,六里桥西,菜市口西
57,7,12,2019-06-05 08:37:01,1,六里桥西,广安门内
57,8,34,2019-06-05 08:40:01,1,六里桥东,四惠枢纽站
57,8,13,2019-06-05 08:40:01,1,六里桥东,牛街路口东
57,8,15,2019-06-05 08:40:01,1,六里桥东,虎坊桥路口西
57,8,13,2019-06-05 08:40:01,1,六里桥东,牛街路口东
57,8,8,2019-06-05 08:40:01,1,六里桥东,六里桥东
57,8,13,2019-06-05 08:40:01,1,六里桥东,牛街路口东
57,8,12,2019-06-05 08:40:01,1,六里桥东,广安门内
57,9,12,2019-06-05 08:46:01,1,莲花池,广安门内
57,10,34,2019-06-05 08:49:01,1,湾子,四惠枢纽站
57,10,29,2019-06-05 08:49:01,1,湾子,双井桥北
57,10,28,2019-06-05 08:49:01,1,湾子,垂杨柳
57,10,18,2019-06-05 08:49:01,1,湾子,过街楼
57,10,13,2019-06-05 08:49:01,1,湾子,牛街路口东
57,10,13,2019-06-05 08:49:01,1,湾子,牛街路口东
57,10,13,2019-06-05 08:49:01,1,湾子,牛街路口东
57,10,11,2019-06-05 08:49:01,1,湾子,达官营
57,10,12,2019-06-05 08:49:01,1,湾子,广安门内
57,10,10,2019-06-05 08:49:01,1,湾子,湾子
57,10,12,2019-06-05 08:49:01,1,湾子,广安门内
57,10,11,2019-06-05 08:49:01,1,湾子,达官营
57,11,31,2019-06-05 08:51:01,1,达官营,大北窑南
57,11,12,2019-06-05 08:51:01,1,达官营,广安门内
57,11,24,2019-06-05 08:51:01,1,达官营,培新街
57,12,13,2019-06-05 08:57:01,1,广安门内,牛街路口东
57,12,30,2019-06-05 08:57:01,1,广安门内,双花园
57,12,20,2019-06-05 08:57:01,1,广安门内,桥湾
57,12,23,2019-06-05 08:57:01,1,广安门内,榄杆市
57,12,13,2019-06-05 08:57:01,1,广安门内,牛街路口东
57,12,20,2019-06-05 08:57:01,1,广安门内,桥湾
57,12,18,2019-06-05 08:57:01,1,广安门内,过街楼
57,12,26,2019-06-05 08:57:01,1,广安门内,广渠门内
57,12,23,2019-06-05 08:57:01,1,广安门内,榄杆市
57,12,18,2019-06-05 08:57:01,1,广安门内,过街楼
57,12,34,2019-06-05 08:57:01,1,广安门内,四惠枢纽站
57,12,16,2019-06-05 08:57:01,1,广安门内,虎坊桥路口东
57,13,33,2019-06-05 09:02:01,1,牛街路口东,郎家园
57,13,33,2019-06-05 09:02:01,1,牛街路口东,郎家园
57,13,13,2019-06-05 09:02:01,1,牛街路口东,牛街路口东
57,13,34,2019-06-05 09:02:01,1,牛街路口东,四惠枢纽站
57,13,13,2019-06-05 09:02:01,1,牛街路口东,牛街路口东
57,13,29,2019-06-05 09:03:01,1,牛街路口东,双井桥北
57,13,31,2019-06-05 09:03:01,1,牛街路口东,大北窑南
57,13,28,2019-06-05 09:03:01,1,牛街路口东,垂杨柳
57,13,15,2019-06-05 09:03:01,1,牛街路口东,虎坊桥路口西
57,13,14,2019-06-05 09:03:01,1,牛街路口东,菜市口西
57,13,22,2019-06-05 09:03:01,1,牛街路口东,磁器口西
57,13,28,2019-06-05 09:03:01,1,牛街路口东,垂杨柳
57,13,31,2019-06-05 09:03:01,1,牛街路口东,大北窑南
57,13,14,2019-06-05 09:03:01,1,牛街路口东,菜市口西
57,13,14,2019-06-05 09:03:01,1,牛街路口东,菜市口西
57,13,14,2019-06-05 09:03:01,1,牛街路口东,菜市口西
57,13,22,2019-06-05 09:03:01,1,牛街路口东,磁器口西
57,13,31,2019-06-05 09:03:01,1,牛街路口东,大北窑南
57,13,21,2019-06-05 09:03:01,1,牛街路口东,水道子
57,14,34,2019-06-05 09:05:01,1,菜市口西,四惠枢纽站
57,14,34,2019-06-05 09:05:01,1,菜市口西,四惠枢纽站
57,14,32,2019-06-05 09:05:01,1,菜市口西,大北窑东
57,14,26,2019-06-05 09:05:01,1,菜市口西,广渠门内
57,14,24,2019-06-05 09:05:01,1,菜市口西,培新街
57,14,24,2019-06-05 09:05:01,1,菜市口西,培新街
57,14,31,2019-06-05 09:06:01,1,菜市口西,大北窑南
57,15,34,2019-06-05 09:06:01,1,虎坊桥路口西,四惠枢纽站
57,14,15,2019-06-05 09:06:01,1,菜市口西,虎坊桥路口西
57,14,14,2019-06-05 09:06:01,1,菜市口西,菜市口西
57,14,15,2019-06-05 09:06:01,1,菜市口西,虎坊桥路口西
57,15,27,2019-06-05 09:10:01,1,虎坊桥路口西,马圈
57,15,27,2019-06-05 09:10:01,1,虎坊桥路口西,马圈
57,15,27,2019-06-05 09:10:01,1,虎坊桥路口西,马圈
57,15,22,2019-06-05 09:10:01,1,虎坊桥路口西,磁器口西
57,15,27,2019-06-05 09:10:01,1,虎坊桥路口西,马圈
57,15,22,2019-06-05 09:10:01,1,虎坊桥路口西,磁器口西
57,16,32,2019-06-05 09:12:01,1,虎坊桥路口东,大北窑东
57,16,21,2019-06-05 09:12:01,1,虎坊桥路口东,水道子
57,17,34,2019-06-05 09:13:01,1,板章路,四惠枢纽站
57,17,29,2019-06-05 09:13:01,1,板章路,双井桥北
57,17,21,2019-06-05 09:13:01,1,板章路,水道子
57,17,17,2019-06-05 09:13:01,1,板章路,板章路
57,17,18,2019-06-05 09:14:01,1,板章路,过街楼
57,17,21,2019-06-05 09:14:01,1,板章路,水道子
57,18,26,2019-06-05 09:16:01,1,过街楼,广渠门内
57,21,21,2019-06-05 09:20:01,1,水道子,水道子
57,21,22,2019-06-05 09:20:01,1,水道子,磁器口西
57,23,27,2019-06-05 09:21:01,1,榄杆市,马圈
57,23,30,2019-06-05 09:23:01,1,榄杆市,双花园
57,23,30,2019-06-05 09:23:01,1,榄杆市,双花园
57,23,27,2019-06-05 09:23:01,1,榄杆市,马圈
57,23,26,2019-06-05 09:23:01,1,榄杆市,广渠门内
57,23,26,2019-06-05 09:23:01,1,榄杆市,广渠门内
57,23,23,2019-06-05 09:23:01,1,榄杆市,榄杆市
57,24,31,2019-06-05 09:28:01,1,培新街,大北窑南
57,24,31,2019-06-05 09:28:01,1,培新街,大北窑南
57,24,30,2019-06-05 09:28:01,1,培新街,双花园
57,24,32,2019-06-05 09:29:01,1,培新街,大北窑东
57,24,33,2019-06-05 09:29:01,1,培新街,郎家园
57,24,28,2019-06-05 09:29:01,1,培新街,垂杨柳
57,24,26,2019-06-05 09:29:01,1,培新街,广渠门内
57,1,1,2019-06-05 06:50:01,1,靛厂新村,靛厂新村
57,1,7,2019-06-05 06:50:01,1,靛厂新村,六里桥西
57,1,8,2019-06-05 06:50:01,1,靛厂新村,六里桥东
57,1,7,2019-06-05 06:50:01,1,靛厂新村,六里桥西
57,1,8,2019-06-05 06:50:01,1,靛厂新村,六里桥东
57,1,10,2019-06-05 06:50:01,1,靛厂新村,湾子
57,1,7,2019-06-05 06:50:01,1,靛厂新村,六里桥西
57,1,7,2019-06-05 06:50:01,1,靛厂新村,六里桥西
57,1,12,2019-06-05 06:50:01,1,靛厂新村,广安门内
57,1,11,2019-06-05 06:50:01,1,靛厂新村,达官营
57,1,11,2019-06-05 06:50:01,1,靛厂新村,达官营
57,1,11,2019-06-05 06:50:01,1,靛厂新村,达官营
57,1,11,2019-06-05 06:50:01,1,靛厂新村,达官营
57,1,11,2019-06-05 06:50:01,1,靛厂新村,达官营
57,1,17,2019-06-05 06:50:01,1,靛厂新村,板章路
57,1,12,2019-06-05 06:50:01,1,靛厂新村,广安门内
57,1,15,2019-06-05 06:50:01,1,靛厂新村,虎坊桥路口西
57,1,14,2019-06-05 06:50:01,1,靛厂新村,菜市口西
57,1,20,2019-06-05 06:50:01,1,靛厂新村,桥湾
57,1,19,2019-06-05 06:50:01,1,靛厂新村,东城三里河
57,1,15,2019-06-05 06:50:01,1,靛厂新村,虎坊桥路口西
57,1,12,2019-06-05 06:50:01,1,靛厂新村,广安门内
57,1,6,2019-06-05 06:52:01,1,靛厂新村,小井路口东
57,1,2,2019-06-05 06:52:01,1,靛厂新村,岳各庄东路北口
57,1,6,2019-06-05 06:52:01,1,靛厂新村,小井路口东
57,1,10,2019-06-05 06:52:01,1,靛厂新村,湾子
57,1,9,2019-06-05 06:52:01,1,靛厂新村,莲花池
57,1,11,2019-06-05 06:52:01,1,靛厂新村,达官营
57,1,21,2019-06-05 06:52:01,1,靛厂新村,水道子
57,1,13,2019-06-05 06:52:01,1,靛厂新村,牛街路口东
57,1,12,2019-06-05 06:52:01,1,靛厂新村,广安门内
57,1,14,2019-06-05 06:52:01,1,靛厂新村,菜市口西
57,2,4,2019-06-05 06:55:01,1,岳各庄东路北口,水衙沟路东口
57,2,9,2019-06-05 06:55:01,1,岳各庄东路北口,莲花池
57,2,7,2019-06-05 06:55:01,1,岳各庄东路北口,六里桥西
57,2,8,2019-06-05 06:55:01,1,岳各庄东路北口,六里桥东
57,2,11,2019-06-05 06:55:01,1,岳各庄东路北口,达官营
57,3,6,2019-06-05 06:56:01,1,靛厂村南站,小井路口东
57,3,6,2019-06-05 06:56:01,1,靛厂村南站,小井路口东
57,3,6,2019-06-05 06:56:01,1,靛厂村南站,小井路口东
57,3,6,2019-06-05 06:56:01,1,靛厂村南站,小井路口东
57,3,7,2019-06-05 06:56:01,1,靛厂村南站,六里桥西
57,3,7,2019-06-05 06:56:01,1,靛厂村南站,六里桥西
57,3,6,2019-06-05 06:56:01,1,靛厂村南站,小井路口东
57,3,7,2019-06-05 06:56:01,1,靛厂村南站,六里桥西
57,3,8,2019-06-05 06:56:01,1,靛厂村南站,六里桥东
57,3,10,2019-06-05 06:56:01,1,靛厂村南站,湾子
57,3,10,2019-06-05 06:56:01,1,靛厂村南站,湾子
57,4,10,2019-06-05 06:57:01,1,水衙沟路东口,湾子
57,4,12,2019-06-05 06:58:01,1,水衙沟路东口,广安门内
57,5,32,2019-06-05 07:00:01,1,白塔村,大北窑东
57,5,12,2019-06-05 07:00:01,1,白塔村,广安门内
57,5,21,2019-06-05 07:00:01,1,白塔村,水道子
57,5,32,2019-06-05 07:00:01,1,白塔村,大北窑东
57,5,12,2019-06-05 07:00:01,1,白塔村,广安门内
57,5,14,2019-06-05 07:01:01,1,白塔村,菜市口西
57,6,10,2019-06-05 07:03:01,1,小井路口东,湾子
57,6,9,2019-06-05 07:03:01,1,小井路口东,莲花池
57,6,11,2019-06-05 07:03:01,1,小井路口东,达官营
57,6,11,2019-06-05 07:03:01,1,小井路口东,达官营
57,6,11,2019-06-05 07:03:01,1,小井路口东,达官营
57,6,15,2019-06-05 07:03:01,1,小井路口东,虎坊桥路口西
57,7,11,2019-06-05 07:07:01,1,六里桥西,达官营
57,7,30,2019-06-05 07:07:01,1,六里桥西,双花园
57,7,31,2019-06-05 07:07:01,1,六里桥西,大北窑南
57,7,18,2019-06-05 07:07:01,1,六里桥西,过街楼
57,7,14,2019-06-05 07:07:01,1,六里桥西,菜市口西
57,7,22,2019-06-05 07:07:01,1,六里桥西,磁器口西
57,7,24,2019-06-05 07:07:01,1,六里桥西,培新街
57,7,19,2019-06-05 07:07:01,1,六里桥西,东城三里河
57,7,21,2019-06-05 07:07:01,1,六里桥西,水道子
57,7,7,2019-06-05 07:08:01,1,六里桥西,六里桥西
57,7,8,2019-06-05 07:08:01,1,六里桥西,六里桥东
57,7,9,2019-06-05 07:08:01,1,六里桥西,莲花池
57,7,8,2019-06-05 07:08:01,1,六里桥西,六里桥东
57,7,9,2019-06-05 07:08:01,1,六里桥西,莲花池
57,7,8,2019-06-05 07:08:01,1,六里桥西,六里桥东
57,7,11,2019-06-05 07:08:01,1,六里桥西,达官营
57,7,11,2019-06-05 07:08:01,1,六里桥西,达官营
57,7,21,2019-06-05 07:08:01,1,六里桥西,水道子
57,7,11,2019-06-05 07:08:01,1,六里桥西,达官营
57,7,11,2019-06-05 07:08:01,1,六里桥西,达官营
57,7,11,2019-06-05 07:08:01,1,六里桥西,达官营
57,7,29,2019-06-05 07:08:01,1,六里桥西,双井桥北
57,7,28,2019-06-05 07:08:01,1,六里桥西,垂杨柳
57,7,29,2019-06-05 07:08:01,1,六里桥西,双井桥北
57,7,29,2019-06-05 07:08:01,1,六里桥西,双井桥北
57,7,11,2019-06-05 07:08:01,1,六里桥西,达官营
57,7,14,2019-06-05 07:08:01,1,六里桥西,菜市口西
57,7,13,2019-06-05 07:08:01,1,六里桥西,牛街路口东
57,7,12,2019-06-05 07:08:01,1,六里桥西,广安门内
57,7,13,2019-06-05 07:08:01,1,六里桥西,牛街路口东
57,7,21,2019-06-05 07:08:01,1,六里桥西,水道子
57,7,21,2019-06-05 07:08:01,1,六里桥西,水道子
57,7,23,2019-06-05 07:08:01,1,六里桥西,榄杆市
57,7,15,2019-06-05 07:08:01,1,六里桥西,虎坊桥路口西
57,7,12,2019-06-05 07:08:01,1,六里桥西,广安门内
57,8,12,2019-06-05 07:13:01,1,六里桥东,广安门内
57,8,11,2019-06-05 07:13:01,1,六里桥东,达官营
57,8,24,2019-06-05 07:13:01,1,六里桥东,培新街
57,8,24,2019-06-05 07:13:01,1,六里桥东,培新街
57,8,24,2019-06-05 07:13:01,1,六里桥东,培新街
57,8,31,2019-06-05 07:13:01,1,六里桥东,大北窑南
57,9,10,2019-06-05 07:17:01,1,莲花池,湾子
57,9,11,2019-06-05 07:17:01,1,莲花池,达官营
57,9,24,2019-06-05 07:17:01,1,莲花池,培新街
57,9,32,2019-06-05 07:17:01,1,莲花池,大北窑东
57,9,32,2019-06-05 07:17:01,1,莲花池,大北窑东
57,9,16,2019-06-05 07:17:01,1,莲花池,虎坊桥路口东
57,9,20,2019-06-05 07:17:01,1,莲花池,桥湾
57,9,16,2019-06-05 07:17:01,1,莲花池,虎坊桥路口东
57,9,12,2019-06-05 07:17:01,1,莲花池,广安门内
57,9,20,2019-06-05 07:17:01,1,莲花池,桥湾
57,10,16,2019-06-05 07:18:01,1,湾子,虎坊桥路口东
57,10,11,2019-06-05 07:19:01,1,湾子,达官营
57,10,11,2019-06-05 07:19:01,1,湾子,达官营
57,10,11,2019-06-05 07:19:01,1,湾子,达官营
57,10,11,2019-06-05 07:19:01,1,湾子,达官营
57,10,10,2019-06-05 07:19:01,1,湾子,湾子
57,10,10,2019-06-05 07:19:01,1,湾子,湾子
57,10,31,2019-06-05 07:19:01,1,湾子,大北窑南
57,10,26,2019-06-05 07:19:01,1,湾子,广渠门内
57,10,15,2019-06-05 07:19:01,1,湾子,虎坊桥路口西
57,10,17,2019-06-05 07:19:01,1,湾子,板章路
57,10,11,2019-06-05 07:19:01,1,湾子,达官营
57,10,20,2019-06-05 07:19:01,1,湾子,桥湾
57,10,16,2019-06-05 07:19:01,1,湾子,虎坊桥路口东
57,10,15,2019-06-05 07:19:01,1,湾子,虎坊桥路口西
57,10,26,2019-06-05 07:19:01,1,湾子,广渠门内
57,10,11,2019-06-05 07:19:01,1,湾子,达官营
57,10,11,2019-06-05 07:19:01,1,湾子,达官营
57,10,11,2019-06-05 07:19:01,1,湾子,达官营
57,10,11,2019-06-05 07:20:01,1,湾子,达官营
57,11,27,2019-06-05 07:25:01,1,达官营,马圈
57,11,29,2019-06-05 07:25:01,1,达官营,双井桥北
57,11,27,2019-06-05 07:25:01,1,达官营,马圈
57,11,32,2019-06-05 07:25:01,1,达官营,大北窑东
57,12,14,2019-06-05 07:29:01,1,广安门内,菜市口西
57,13,16,2019-06-05 07:30:01,1,牛街路口东,虎坊桥路口东
57,13,31,2019-06-05 07:30:01,1,牛街路口东,大北窑南
57,13,27,2019-06-05 07:30:01,1,牛街路口东,马圈
57,13,23,2019-06-05 07:30:01,1,牛街路口东,榄杆市
57,13,31,2019-06-05 07:30:01,1,牛街路口东,大北窑南
57,14,20,2019-06-05 07:32:01,1,菜市口西,桥湾
57,14,32,2019-06-05 07:32:01,1,菜市口西,大北窑东
57,16,32,2019-06-05 07:37:01,1,虎坊桥路口东,大北窑东
57,18,20,2019-06-05 07:41:01,1,过街楼,桥湾
57,19,26,2019-06-05 07:41:01,1,东城三里河,广渠门内
57,19,25,2019-06-05 07:42:01,1,东城三里河,安化楼
57,20,29,2019-06-05 07:45:01,1,桥湾,双井桥北
57,20,30,2019-06-05 07:45:01,1,桥湾,双花园
57,20,29,2019-06-05 07:45:01,1,桥湾,双井桥北
57,21,21,2019-06-05 07:45:01,1,水道子,水道子
57,20,21,2019-06-05 07:45:01,1,桥湾,水道子
57,21,31,2019-06-05 07:46:01,1,水道子,大北窑南
57,22,29,2019-06-05 07:47:01,1,磁器口西,双井桥北
57,22,31,2019-06-05 07:47:01,1,磁器口西,大北窑南
57,22,29,2019-06-05 07:47:01,1,磁器口西,双井桥北
57,22,31,2019-06-05 07:47:01,1,磁器口西,大北窑南
57,23,29,2019-06-05 07:51:01,1,榄杆市,双井桥北
57,23,28,2019-06-05 07:51:01,1,榄杆市,垂杨柳
57,23,31,2019-06-05 07:51:01,1,榄杆市,大北窑南
57,23,28,2019-06-05 07:51:01,1,榄杆市,垂杨柳
57,23,27,2019-06-05 07:51:01,1,榄杆市,马圈
57,23,29,2019-06-05 07:51:01,1,榄杆市,双井桥北
57,23,29,2019-06-05 07:51:01,1,榄杆市,双井桥北
57,23,29,2019-06-05 07:51:01,1,榄杆市,双井桥北
57,23,32,2019-06-05 07:51:01,1,榄杆市,大北窑东
57,23,29,2019-06-05 07:51:01,1,榄杆市,双井桥北
57,23,27,2019-06-05 07:51:01,1,榄杆市,马圈
57,23,32,2019-06-05 07:51:01,1,榄杆市,大北窑东
57,24,27,2019-06-05 07:52:01,1,培新街,马圈
57,24,30,2019-06-05 07:52:01,1,培新街,双花园
57,24,28,2019-06-05 07:52:01,1,培新街,垂杨柳
57,24,24,2019-06-05 07:52:01,1,培新街,培新街
57,24,31,2019-06-05 07:52:01,1,培新街,大北窑南
57,24,32,2019-06-05 07:52:01,1,培新街,大北窑东
57,24,27,2019-06-05 07:53:01,1,培新街,马圈
57,24,26,2019-06-05 07:53:01,1,培新街,广渠门内
57,24,29,2019-06-05 07:53:01,1,培新街,双井桥北
57,24,29,2019-06-05 07:53:01,1,培新街,双井桥北
57,24,29,2019-06-05 07:53:01,1,培新街,双井桥北
57,24,30,2019-06-05 07:53:01,1,培新街,双花园
57,24,26,2019-06-05 07:53:01,1,培新街,广渠门内
57,24,26,2019-06-05 07:53:01,1,培新街,广渠门内
57,25,29,2019-06-05 07:58:01,1,安化楼,双井桥北
57,25,28,2019-06-05 07:58:01,1,安化楼,垂杨柳
57,25,29,2019-06-05 07:58:01,1,安化楼,双井桥北
57,25,31,2019-06-05 07:58:01,1,安化楼,大北窑南
57,25,28,2019-06-05 07:58:01,1,安化楼,垂杨柳
57,25,28,2019-06-05 07:58:01,1,安化楼,垂杨柳
57,25,28,2019-06-05 07:58:01,1,安化楼,垂杨柳
57,26,31,2019-06-05 07:59:01,1,广渠门内,大北窑南
57,26,29,2019-06-05 07:59:01,1,广渠门内,双井桥北
57,26,28,2019-06-05 07:59:01,1,广渠门内,垂杨柳
57,26,29,2019-06-05 07:59:01,1,广渠门内,双井桥北
57,26,27,2019-06-05 08:00:01,1,广渠门内,马圈
57,26,30,2019-06-05 08:00:01,1,广渠门内,双花园
57,26,27,2019-06-05 08:00:01,1,广渠门内,马圈
57,26,32,2019-06-05 08:00:01,1,广渠门内,大北窑东
57,27,32,2019-06-05 08:04:01,1,马圈,大北窑东
57,27,31,2019-06-05 08:04:01,1,马圈,大北窑南
57,27,31,2019-06-05 08:04:01,1,马圈,大北窑南
57,27,30,2019-06-05 08:04:01,1,马圈,双花园
57,27,31,2019-06-05 08:04:01,1,马圈,大北窑南
57,28,32,2019-06-05 08:05:01,1,垂杨柳,大北窑东
57,28,31,2019-06-05 08:05:01,1,垂杨柳,大北窑南
57,28,32,2019-06-05 08:05:01,1,垂杨柳,大北窑东
57,28,30,2019-06-05 08:05:01,1,垂杨柳,双花园
57,28,30,2019-06-05 08:05:01,1,垂杨柳,双花园
57,28,30,2019-06-05 08:05:01,1,垂杨柳,双花园
57,28,32,2019-06-05 08:05:01,1,垂杨柳,大北窑东
57,28,32,2019-06-05 08:05:01,1,垂杨柳,大北窑东
57,28,32,2019-06-05 08:05:01,1,垂杨柳,大北窑东
57,29,31,2019-06-05 08:11:01,1,双井桥北,大北窑南
57,29,31,2019-06-05 08:11:01,1,双井桥北,大北窑南
57,29,32,2019-06-05 08:11:01,1,双井桥北,大北窑东
57,29,30,2019-06-05 08:11:01,1,双井桥北,双花园
57,29,31,2019-06-05 08:11:01,1,双井桥北,大北窑南
57,29,32,2019-06-05 08:11:01,1,双井桥北,大北窑东
57,29,31,2019-06-05 08:11:01,1,双井桥北,大北窑南
57,29,32,2019-06-05 08:11:01,1,双井桥北,大北窑东
57,29,31,2019-06-05 08:11:01,1,双井桥北,大北窑南
57,29,32,2019-06-05 08:11:01,1,双井桥北,大北窑东
57,29,30,2019-06-05 08:11:01,1,双井桥北,双花园
57,29,31,2019-06-05 08:11:01,1,双井桥北,大北窑南
57,29,32,2019-06-05 08:11:01,1,双井桥北,大北窑东
57,29,31,2019-06-05 08:11:01,1,双井桥北,大北窑南
57,29,32,2019-06-05 08:11:01,1,双井桥北,大北窑东
57,29,32,2019-06-05 08:11:01,1,双井桥北,大北窑东
57,29,30,2019-06-05 08:12:01,1,双井桥北,双花园
57,30,31,2019-06-05 08:13:01,1,双花园,大北窑南
57,30,31,2019-06-05 08:13:01,1,双花园,大北窑南
57,30,32,2019-06-05 08:13:01,1,双花园,大北窑东
57,18,24,2019-06-05 06:30:01,1,过街楼,培新街
57,18,21,2019-06-05 06:30:01,1,过街楼,水道子
57,18,21,2019-06-05 06:30:01,1,过街楼,水道子
57,18,29,2019-06-05 06:30:01,1,过街楼,双井桥北
57,18,32,2019-06-05 06:30:01,1,过街楼,大北窑东
57,20,32,2019-06-05 06:32:01,1,桥湾,大北窑东
57,20,34,2019-06-05 06:32:01,1,桥湾,四惠枢纽站
57,21,27,2019-06-05 06:33:01,1,水道子,马圈
57,21,34,2019-06-05 06:33:01,1,水道子,四惠枢纽站
57,22,23,2019-06-05 06:34:01,1,磁器口西,榄杆市
57,22,31,2019-06-05 06:34:01,1,磁器口西,大北窑南
57,23,23,2019-06-05 06:35:01,1,榄杆市,榄杆市
57,23,23,2019-06-05 06:35:01,1,榄杆市,榄杆市
57,23,24,2019-06-05 06:35:01,1,榄杆市,培新街
57,23,31,2019-06-05 06:35:01,1,榄杆市,大北窑南
57,23,32,2019-06-05 06:35:01,1,榄杆市,大北窑东
57,24,28,2019-06-05 06:38:01,1,培新街,垂杨柳
57,24,28,2019-06-05 06:38:01,1,培新街,垂杨柳
57,24,26,2019-06-05 06:38:01,1,培新街,广渠门内
57,24,29,2019-06-05 06:38:01,1,培新街,双井桥北
57,24,31,2019-06-05 06:38:01,1,培新街,大北窑南
57,25,29,2019-06-05 06:39:01,1,安化楼,双井桥北
57,26,27,2019-06-05 06:40:01,1,广渠门内,马圈
57,26,29,2019-06-05 06:40:01,1,广渠门内,双井桥北
57,26,31,2019-06-05 06:40:01,1,广渠门内,大北窑南
57,26,31,2019-06-05 06:40:01,1,广渠门内,大北窑南
57,26,34,2019-06-05 06:40:01,1,广渠门内,四惠枢纽站
57,26,33,2019-06-05 06:40:01,1,广渠门内,郎家园
57,27,29,2019-06-05 06:43:01,1,马圈,双井桥北
57,27,28,2019-06-05 06:43:01,1,马圈,垂杨柳
57,27,30,2019-06-05 06:43:01,1,马圈,双花园
57,27,31,2019-06-05 06:43:01,1,马圈,大北窑南
57,28,32,2019-06-05 06:45:01,1,垂杨柳,大北窑东
57,28,31,2019-06-05 06:45:01,1,垂杨柳,大北窑南
57,28,31,2019-06-05 06:45:01,1,垂杨柳,大北窑南
57,28,29,2019-06-05 06:45:01,1,垂杨柳,双井桥北
57,28,33,2019-06-05 06:45:01,1,垂杨柳,郎家园
57,28,33,2019-06-05 06:45:01,1,垂杨柳,郎家园
57,29,31,2019-06-05 06:47:01,1,双井桥北,大北窑南
57,29,32,2019-06-05 06:47:01,1,双井桥北,大北窑东
57,30,31,2019-06-05 06:48:01,1,双花园,大北窑南
57,30,32,2019-06-05 06:48:01,1,双花园,大北窑东
57,30,32,2019-06-05 06:48:01,1,双花园,大北窑东
57,30,34,2019-06-05 06:48:01,1,双花园,四惠枢纽站
57,31,34,2019-06-05 06:52:01,1,大北窑南,四惠枢纽站
57,31,33,2019-06-05 06:52:01,1,大北窑南,郎家园
57,31,34,2019-06-05 06:52:01,1,大北窑南,四惠枢纽站
57,31,32,2019-06-05 06:52:01,1,大北窑南,大北窑东
57,31,32,2019-06-05 06:52:01,1,大北窑南,大北窑东
57,31,33,2019-06-05 06:52:01,1,大北窑南,郎家园
57,31,34,2019-06-05 06:52:01,1,大北窑南,四惠枢纽站
57,31,34,2019-06-05 06:52:01,1,大北窑南,四惠枢纽站
57,31,34,2019-06-05 06:52:01,1,大北窑南,四惠枢纽站
57,32,32,2019-06-05 06:54:01,1,大北窑东,大北窑东
57,33,34,2019-06-05 06:55:01,1,郎家园,四惠枢纽站
57,1,7,2019-06-05 09:02:01,1,靛厂新村,六里桥西
57,1,13,2019-06-05 09:03:01,1,靛厂新村,牛街路口东
57,1,5,2019-06-05 09:03:01,1,靛厂新村,白塔村
57,1,5,2019-06-05 09:03:01,1,靛厂新村,白塔村
57,1,1,2019-06-05 09:03:01,1,靛厂新村,靛厂新村
57,1,5,2019-06-05 09:03:01,1,靛厂新村,白塔村
57,1,1,2019-06-05 09:03:01,1,靛厂新村,靛厂新村
57,1,4,2019-06-05 09:03:01,1,靛厂新村,水衙沟路东口
57,1,7,2019-06-05 09:03:01,1,靛厂新村,六里桥西
57,1,5,2019-06-05 09:03:01,1,靛厂新村,白塔村
57,1,7,2019-06-05 09:03:01,1,靛厂新村,六里桥西
57,1,7,2019-06-05 09:03:01,1,靛厂新村,六里桥西
57,1,8,2019-06-05 09:03:01,1,靛厂新村,六里桥东
57,1,7,2019-06-05 09:03:01,1,靛厂新村,六里桥西
57,1,5,2019-06-05 09:03:01,1,靛厂新村,白塔村
57,1,10,2019-06-05 09:03:01,1,靛厂新村,湾子
57,1,11,2019-06-05 09:03:01,1,靛厂新村,达官营
57,1,10,2019-06-05 09:03:01,1,靛厂新村,湾子
57,1,11,2019-06-05 09:03:01,1,靛厂新村,达官营
57,1,3,2019-06-05 09:03:01,1,靛厂新村,靛厂村南站
57,1,12,2019-06-05 09:03:01,1,靛厂新村,广安门内
57,1,10,2019-06-05 09:03:01,1,靛厂新村,湾子
57,2,12,2019-06-05 09:04:01,1,岳各庄东路北口,广安门内
57,2,2,2019-06-05 09:04:01,1,岳各庄东路北口,岳各庄东路北口
57,2,7,2019-06-05 09:04:01,1,岳各庄东路北口,六里桥西
57,2,3,2019-06-05 09:04:01,1,岳各庄东路北口,靛厂村南站
57,2,11,2019-06-05 09:04:01,1,岳各庄东路北口,达官营
57,2,2,2019-06-05 09:05:01,1,岳各庄东路北口,岳各庄东路北口
57,2,7,2019-06-05 09:05:01,1,岳各庄东路北口,六里桥西
57,2,7,2019-06-05 09:05:01,1,岳各庄东路北口,六里桥西
57,2,7,2019-06-05 09:05:01,1,岳各庄东路北口,六里桥西
57,2,2,2019-06-05 09:05:01,1,岳各庄东路北口,岳各庄东路北口
57,2,3,2019-06-05 09:05:01,1,岳各庄东路北口,靛厂村南站
57,3,5,2019-06-05 09:07:01,1,靛厂村南站,白塔村
57,3,8,2019-06-05 09:07:01,1,靛厂村南站,六里桥东
57,3,6,2019-06-05 09:08:01,1,靛厂村南站,小井路口东
57,4,9,2019-06-05 09:08:01,1,水衙沟路东口,莲花池
57,4,21,2019-06-05 09:09:01,1,水衙沟路东口,水道子
57,4,7,2019-06-05 09:09:01,1,水衙沟路东口,六里桥西
57,4,7,2019-06-05 09:09:01,1,水衙沟路东口,六里桥西
57,4,8,2019-06-05 09:09:01,1,水衙沟路东口,六里桥东
57,4,7,2019-06-05 09:09:01,1,水衙沟路东口,六里桥西
57,4,8,2019-06-05 09:09:01,1,水衙沟路东口,六里桥东
57,4,7,2019-06-05 09:09:01,1,水衙沟路东口,六里桥西
57,4,10,2019-06-05 09:09:01,1,水衙沟路东口,湾子
57,4,9,2019-06-05 09:09:01,1,水衙沟路东口,莲花池
57,4,11,2019-06-05 09:09:01,1,水衙沟路东口,达官营
57,5,5,2019-06-05 09:11:01,1,白塔村,白塔村
57,7,18,2019-06-05 09:13:01,1,六里桥西,过街楼
57,6,8,2019-06-05 09:13:01,1,小井路口东,六里桥东
57,6,8,2019-06-05 09:13:01,1,小井路口东,六里桥东
57,7,31,2019-06-05 09:17:01,1,六里桥西,大北窑南
57,7,29,2019-06-05 09:17:01,1,六里桥西,双井桥北
57,7,8,2019-06-05 09:17:01,1,六里桥西,六里桥东
57,7,11,2019-06-05 09:17:01,1,六里桥西,达官营
57,8,31,2019-06-05 09:20:01,1,六里桥东,大北窑南
57,8,24,2019-06-05 09:20:01,1,六里桥东,培新街
57,8,9,2019-06-05 09:20:01,1,六里桥东,莲花池
57,8,8,2019-06-05 09:20:01,1,六里桥东,六里桥东
57,8,18,2019-06-05 09:21:01,1,六里桥东,过街楼
57,8,17,2019-06-05 09:21:01,1,六里桥东,板章路
57,8,34,2019-06-05 09:21:01,1,六里桥东,四惠枢纽站
57,8,31,2019-06-05 09:21:01,1,六里桥东,大北窑南
57,8,9,2019-06-05 09:21:01,1,六里桥东,莲花池
57,8,13,2019-06-05 09:21:01,1,六里桥东,牛街路口东
57,8,8,2019-06-05 09:21:01,1,六里桥东,六里桥东
57,8,13,2019-06-05 09:21:01,1,六里桥东,牛街路口东
57,8,9,2019-06-05 09:21:01,1,六里桥东,莲花池
57,8,10,2019-06-05 09:21:01,1,六里桥东,湾子
57,8,12,2019-06-05 09:21:01,1,六里桥东,广安门内
57,8,10,2019-06-05 09:21:01,1,六里桥东,湾子
57,8,8,2019-06-05 09:21:01,1,六里桥东,六里桥东
57,8,10,2019-06-05 09:21:01,1,六里桥东,湾子
57,8,10,2019-06-05 09:21:01,1,六里桥东,湾子
57,8,8,2019-06-05 09:21:01,1,六里桥东,六里桥东
57,8,9,2019-06-05 09:22:01,1,六里桥东,莲花池
57,9,12,2019-06-05 09:28:01,1,莲花池,广安门内
57,9,12,2019-06-05 09:28:01,1,莲花池,广安门内
57,19,27,2019-06-05 06:33:01,1,东城三里河,马圈
57,21,23,2019-06-05 06:36:01,1,水道子,榄杆市
57,22,23,2019-06-05 06:38:01,1,磁器口西,榄杆市
57,22,25,2019-06-05 06:38:01,1,磁器口西,安化楼
57,22,25,2019-06-05 06:38:01,1,磁器口西,安化楼
57,22,25,2019-06-05 06:38:01,1,磁器口西,安化楼
57,22,25,2019-06-05 06:38:01,1,磁器口西,安化楼
57,23,23,2019-06-05 06:40:01,1,榄杆市,榄杆市
57,23,23,2019-06-05 06:40:01,1,榄杆市,榄杆市
57,23,23,2019-06-05 06:40:01,1,榄杆市,榄杆市
57,23,27,2019-06-05 06:40:01,1,榄杆市,马圈
57,23,27,2019-06-05 06:41:01,1,榄杆市,马圈
57,23,25,2019-06-05 06:41:01,1,榄杆市,安化楼
57,23,27,2019-06-05 06:41:01,1,榄杆市,马圈
57,23,27,2019-06-05 06:41:01,1,榄杆市,马圈
57,23,27,2019-06-05 06:41:01,1,榄杆市,马圈
57,23,27,2019-06-05 06:43:01,1,榄杆市,马圈
57,25,27,2019-06-05 06:51:01,1,安化楼,马圈
57,25,27,2019-06-05 06:51:01,1,安化楼,马圈
57,25,27,2019-06-05 06:51:01,1,安化楼,马圈
57,26,27,2019-06-05 06:52:01,1,广渠门内,马圈
57,26,27,2019-06-05 06:52:01,1,广渠门内,马圈
57,27,27,2019-06-05 06:54:01,1,马圈,马圈
57,27,27,2019-06-05 06:56:01,1,马圈,马圈
57,27,27,2019-06-05 06:56:01,1,马圈,马圈
57,1,4,2019-06-05 08:54:01,1,靛厂新村,水衙沟路东口
57,1,4,2019-06-05 08:54:01,1,靛厂新村,水衙沟路东口
57,2,3,2019-06-05 08:55:01,1,岳各庄东路北口,靛厂村南站
57,2,2,2019-06-05 08:55:01,1,岳各庄东路北口,岳各庄东路北口
57,2,2,2019-06-05 08:55:01,1,岳各庄东路北口,岳各庄东路北口
57,2,4,2019-06-05 08:55:01,1,岳各庄东路北口,水衙沟路东口
57,3,15,2019-06-05 08:57:01,1,靛厂村南站,虎坊桥路口西
57,3,8,2019-06-05 08:57:01,1,靛厂村南站,六里桥东
57,3,8,2019-06-05 08:57:01,1,靛厂村南站,六里桥东
57,3,12,2019-06-05 08:57:01,1,靛厂村南站,广安门内
57,3,4,2019-06-05 08:58:01,1,靛厂村南站,水衙沟路东口
57,3,9,2019-06-05 08:58:01,1,靛厂村南站,莲花池
57,3,10,2019-06-05 08:58:01,1,靛厂村南站,湾子
57,3,9,2019-06-05 08:58:01,1,靛厂村南站,莲花池
57,3,11,2019-06-05 08:58:01,1,靛厂村南站,达官营
57,4,16,2019-06-05 08:59:01,1,水衙沟路东口,虎坊桥路口东
57,4,8,2019-06-05 08:59:01,1,水衙沟路东口,六里桥东
57,4,9,2019-06-05 09:04:01,1,水衙沟路东口,莲花池
57,5,18,2019-06-05 09:13:01,1,白塔村,过街楼
57,5,16,2019-06-05 09:13:01,1,白塔村,虎坊桥路口东
57,5,5,2019-06-05 09:13:01,1,白塔村,白塔村
57,5,7,2019-06-05 09:13:01,1,白塔村,六里桥西
57,5,9,2019-06-05 09:13:01,1,白塔村,莲花池
57,5,9,2019-06-05 09:13:01,1,白塔村,莲花池
57,5,9,2019-06-05 09:13:01,1,白塔村,莲花池
57,5,11,2019-06-05 09:13:01,1,白塔村,达官营
57,5,9,2019-06-05 09:13:01,1,白塔村,莲花池
57,5,17,2019-06-05 09:14:01,1,白塔村,板章路
57,5,16,2019-06-05 09:14:01,1,白塔村,虎坊桥路口东
57,5,7,2019-06-05 09:14:01,1,白塔村,六里桥西
57,5,8,2019-06-05 09:14:01,1,白塔村,六里桥东
57,5,8,2019-06-05 09:14:01,1,白塔村,六里桥东
57,5,7,2019-06-05 09:14:01,1,白塔村,六里桥西
57,5,7,2019-06-05 09:14:01,1,白塔村,六里桥西
57,5,7,2019-06-05 09:14:01,1,白塔村,六里桥西
57,5,7,2019-06-05 09:14:01,1,白塔村,六里桥西
57,5,8,2019-06-05 09:14:01,1,白塔村,六里桥东
57,5,9,2019-06-05 09:14:01,1,白塔村,莲花池
57,5,8,2019-06-05 09:14:01,1,白塔村,六里桥东
57,5,7,2019-06-05 09:14:01,1,白塔村,六里桥西
57,5,9,2019-06-05 09:14:01,1,白塔村,莲花池
57,5,9,2019-06-05 09:14:01,1,白塔村,莲花池
57,5,9,2019-06-05 09:14:01,1,白塔村,莲花池
57,5,9,2019-06-05 09:14:01,1,白塔村,莲花池
57,5,9,2019-06-05 09:14:01,1,白塔村,莲花池
57,5,9,2019-06-05 09:14:01,1,白塔村,莲花池
57,5,9,2019-06-05 09:14:01,1,白塔村,莲花池
57,5,9,2019-06-05 09:14:01,1,白塔村,莲花池
57,5,14,2019-06-05 09:14:01,1,白塔村,菜市口西
57,7,17,2019-06-05 09:23:01,1,六里桥西,板章路
57,7,9,2019-06-05 09:23:01,1,六里桥西,莲花池
57,7,9,2019-06-05 09:23:01,1,六里桥西,莲花池
57,7,9,2019-06-05 09:23:01,1,六里桥西,莲花池
57,8,16,2019-06-05 09:25:01,1,六里桥东,虎坊桥路口东
57,8,18,2019-06-05 09:25:01,1,六里桥东,过街楼
57,8,17,2019-06-05 09:25:01,1,六里桥东,板章路
57,8,8,2019-06-05 09:25:01,1,六里桥东,六里桥东
57,8,8,2019-06-05 09:25:01,1,六里桥东,六里桥东
57,8,12,2019-06-05 09:25:01,1,六里桥东,广安门内
57,29,34,2019-06-05 06:31:01,1,双井桥北,四惠枢纽站
57,29,29,2019-06-05 06:31:01,1,双井桥北,双井桥北
57,31,33,2019-06-05 06:35:01,1,大北窑南,郎家园
57,31,31,2019-06-05 06:35:01,1,大北窑南,大北窑南
57,31,34,2019-06-05 06:36:01,1,大北窑南,四惠枢纽站
57,12,13,2019-06-05 08:28:01,1,广安门内,牛街路口东
57,12,12,2019-06-05 08:28:01,1,广安门内,广安门内
57,12,25,2019-06-05 08:28:01,1,广安门内,安化楼
57,12,14,2019-06-05 08:28:01,1,广安门内,菜市口西
57,12,30,2019-06-05 08:28:01,1,广安门内,双花园
57,12,30,2019-06-05 08:28:01,1,广安门内,双花园
57,13,13,2019-06-05 08:32:01,1,牛街路口东,牛街路口东
57,13,13,2019-06-05 08:32:01,1,牛街路口东,牛街路口东
57,13,13,2019-06-05 08:32:01,1,牛街路口东,牛街路口东
57,13,13,2019-06-05 08:32:01,1,牛街路口东,牛街路口东
57,13,13,2019-06-05 08:33:01,1,牛街路口东,牛街路口东
57,13,23,2019-06-05 08:33:01,1,牛街路口东,榄杆市
57,13,22,2019-06-05 08:33:01,1,牛街路口东,磁器口西
57,13,17,2019-06-05 08:33:01,1,牛街路口东,板章路
57,13,34,2019-06-05 08:33:01,1,牛街路口东,四惠枢纽站
57,13,34,2019-06-05 08:33:01,1,牛街路口东,四惠枢纽站
57,14,17,2019-06-05 08:35:01,1,菜市口西,板章路
57,14,17,2019-06-05 08:35:01,1,菜市口西,板章路
57,14,22,2019-06-05 08:35:01,1,菜市口西,磁器口西
57,14,23,2019-06-05 08:35:01,1,菜市口西,榄杆市
57,14,30,2019-06-05 08:35:01,1,菜市口西,双花园
57,14,33,2019-06-05 08:35:01,1,菜市口西,郎家园
57,14,30,2019-06-05 08:35:01,1,菜市口西,双花园
57,14,30,2019-06-05 08:35:01,1,菜市口西,双花园
57,14,34,2019-06-05 08:35:01,1,菜市口西,四惠枢纽站
57,15,33,2019-06-05 08:37:01,1,虎坊桥路口西,郎家园
57,16,23,2019-06-05 08:39:01,1,虎坊桥路口东,榄杆市
57,16,22,2019-06-05 08:39:01,1,虎坊桥路口东,磁器口西
57,17,17,2019-06-05 08:40:01,1,板章路,板章路
57,17,22,2019-06-05 08:40:01,1,板章路,磁器口西
57,17,22,2019-06-05 08:40:01,1,板章路,磁器口西
57,17,27,2019-06-05 08:41:01,1,板章路,马圈
57,19,24,2019-06-05 08:44:01,1,东城三里河,培新街
57,22,29,2019-06-05 08:46:01,1,磁器口西,双井桥北
57,22,27,2019-06-05 08:47:01,1,磁器口西,马圈
57,22,33,2019-06-05 08:47:01,1,磁器口西,郎家园
57,24,30,2019-06-05 08:57:01,1,培新街,双花园
57,25,27,2019-06-05 09:00:01,1,安化楼,马圈
57,25,31,2019-06-05 09:00:01,1,安化楼,大北窑南
57,25,31,2019-06-05 09:00:01,1,安化楼,大北窑南
57,27,31,2019-06-05 09:07:01,1,马圈,大北窑南
57,27,33,2019-06-05 09:07:01,1,马圈,郎家园
57,28,29,2019-06-05 09:09:01,1,垂杨柳,双井桥北
57,29,31,2019-06-05 09:09:01,1,双井桥北,大北窑南
57,29,34,2019-06-05 09:23:01,1,双井桥北,四惠枢纽站
57,30,33,2019-06-05 09:25:01,1,双花园,郎家园
57,30,33,2019-06-05 09:25:01,1,双花园,郎家园
57,31,34,2019-06-05 09:29:01,1,大北窑南,四惠枢纽站
57,31,33,2019-06-05 09:29:01,1,大北窑南,郎家园
57,31,34,2019-06-05 09:29:01,1,大北窑南,四惠枢纽站
57,31,33,2019-06-05 09:29:01,1,大北窑南,郎家园
57,7,11,2019-06-05 06:30:01,1,六里桥西,达官营
57,7,8,2019-06-05 06:30:01,1,六里桥西,六里桥东
57,7,22,2019-06-05 06:30:01,1,六里桥西,磁器口西
57,7,7,2019-06-05 06:30:01,1,六里桥西,六里桥西
57,7,32,2019-06-05 06:30:01,1,六里桥西,大北窑东
57,7,14,2019-06-05 06:30:01,1,六里桥西,菜市口西
57,7,28,2019-06-05 06:30:01,1,六里桥西,垂杨柳
57,7,30,2019-06-05 06:30:01,1,六里桥西,双花园
57,11,30,2019-06-05 06:41:01,1,达官营,双花园
57,12,29,2019-06-05 06:44:01,1,广安门内,双井桥北
57,12,32,2019-06-05 06:44:01,1,广安门内,大北窑东
57,12,29,2019-06-05 06:44:01,1,广安门内,双井桥北
57,12,29,2019-06-05 06:44:01,1,广安门内,双井桥北
57,15,24,2019-06-05 06:51:01,1,虎坊桥路口西,培新街
57,16,21,2019-06-05 06:52:01,1,虎坊桥路口东,水道子
57,17,20,2019-06-05 06:55:01,1,板章路,桥湾
57,17,21,2019-06-05 06:55:01,1,板章路,水道子
57,18,22,2019-06-05 06:55:01,1,过街楼,磁器口西
57,18,22,2019-06-05 06:55:01,1,过街楼,磁器口西
57,20,31,2019-06-05 06:57:01,1,桥湾,大北窑南
57,24,30,2019-06-05 07:04:01,1,培新街,双花园
57,29,31,2019-06-05 07:20:01,1,双井桥北,大北窑南
57,29,32,2019-06-05 07:20:01,1,双井桥北,大北窑东
57,29,32,2019-06-05 07:20:01,1,双井桥北,大北窑东
57,1,31,2019-06-05 08:18:01,1,靛厂新村,大北窑南
57,1,9,2019-06-05 08:18:01,1,靛厂新村,莲花池
57,1,10,2019-06-05 08:18:01,1,靛厂新村,湾子
57,1,11,2019-06-05 08:18:01,1,靛厂新村,达官营
57,1,10,2019-06-05 08:18:01,1,靛厂新村,湾子
57,1,11,2019-06-05 08:18:01,1,靛厂新村,达官营
57,1,11,2019-06-05 08:18:01,1,靛厂新村,达官营
57,1,15,2019-06-05 08:18:01,1,靛厂新村,虎坊桥路口西
57,1,11,2019-06-05 08:18:01,1,靛厂新村,达官营
57,1,11,2019-06-05 08:18:01,1,靛厂新村,达官营
57,1,6,2019-06-05 08:18:01,1,靛厂新村,小井路口东
57,1,6,2019-06-05 08:18:01,1,靛厂新村,小井路口东
57,1,6,2019-06-05 08:18:01,1,靛厂新村,小井路口东
57,1,8,2019-06-05 08:18:01,1,靛厂新村,六里桥东
57,1,8,2019-06-05 08:18:01,1,靛厂新村,六里桥东
57,1,7,2019-06-05 08:18:01,1,靛厂新村,六里桥西
57,1,6,2019-06-05 08:18:01,1,靛厂新村,小井路口东
57,1,6,2019-06-05 08:18:01,1,靛厂新村,小井路口东
57,1,6,2019-06-05 08:18:01,1,靛厂新村,小井路口东
57,1,24,2019-06-05 08:18:01,1,靛厂新村,培新街
57,1,25,2019-06-05 08:18:01,1,靛厂新村,安化楼
57,1,1,2019-06-05 08:18:01,1,靛厂新村,靛厂新村
57,1,17,2019-06-05 08:18:01,1,靛厂新村,板章路
57,1,16,2019-06-05 08:18:01,1,靛厂新村,虎坊桥路口东
57,2,6,2019-06-05 08:19:01,1,岳各庄东路北口,小井路口东
57,2,6,2019-06-05 08:19:01,1,岳各庄东路北口,小井路口东
57,2,4,2019-06-05 08:19:01,1,岳各庄东路北口,水衙沟路东口
57,1,25,2019-06-05 08:19:01,1,靛厂新村,安化楼
57,4,10,2019-06-05 08:22:01,1,水衙沟路东口,湾子
57,4,10,2019-06-05 08:22:01,1,水衙沟路东口,湾子
57,4,8,2019-06-05 08:22:01,1,水衙沟路东口,六里桥东
57,3,11,2019-06-05 08:22:01,1,靛厂村南站,达官营
57,3,11,2019-06-05 08:22:01,1,靛厂村南站,达官营
57,4,11,2019-06-05 08:22:01,1,水衙沟路东口,达官营
57,4,11,2019-06-05 08:22:01,1,水衙沟路东口,达官营
57,4,8,2019-06-05 08:22:01,1,水衙沟路东口,六里桥东
57,5,32,2019-06-05 08:23:01,1,白塔村,大北窑东
57,5,27,2019-06-05 08:23:01,1,白塔村,马圈
57,4,10,2019-06-05 08:23:01,1,水衙沟路东口,湾子
57,5,10,2019-06-05 08:23:01,1,白塔村,湾子
57,4,10,2019-06-05 08:23:01,1,水衙沟路东口,湾子
57,4,14,2019-06-05 08:23:01,1,水衙沟路东口,菜市口西
57,4,11,2019-06-05 08:23:01,1,水衙沟路东口,达官营
57,5,11,2019-06-05 08:23:01,1,白塔村,达官营
57,4,11,2019-06-05 08:23:01,1,水衙沟路东口,达官营
57,4,14,2019-06-05 08:23:01,1,水衙沟路东口,菜市口西
57,5,8,2019-06-05 08:23:01,1,白塔村,六里桥东
57,5,6,2019-06-05 08:23:01,1,白塔村,小井路口东
57,5,7,2019-06-05 08:23:01,1,白塔村,六里桥西
57,5,6,2019-06-05 08:23:01,1,白塔村,小井路口东
57,5,7,2019-06-05 08:23:01,1,白塔村,六里桥西
57,5,5,2019-06-05 08:23:01,1,白塔村,白塔村
57,5,8,2019-06-05 08:25:01,1,白塔村,六里桥东
57,6,11,2019-06-05 08:29:01,1,小井路口东,达官营
57,6,11,2019-06-05 08:29:01,1,小井路口东,达官营
57,6,19,2019-06-05 08:29:01,1,小井路口东,东城三里河
57,6,21,2019-06-05 08:29:01,1,小井路口东,水道子
57,6,19,2019-06-05 08:29:01,1,小井路口东,东城三里河
57,6,8,2019-06-05 08:30:01,1,小井路口东,六里桥东
57,6,6,2019-06-05 08:30:01,1,小井路口东,小井路口东
57,6,8,2019-06-05 08:30:01,1,小井路口东,六里桥东
57,6,8,2019-06-05 08:30:01,1,小井路口东,六里桥东
57,6,21,2019-06-05 08:30:01,1,小井路口东,水道子
57,6,17,2019-06-05 08:30:01,1,小井路口东,板章路
57,6,16,2019-06-05 08:30:01,1,小井路口东,虎坊桥路口东
57,7,11,2019-06-05 08:33:01,1,六里桥西,达官营
57,7,8,2019-06-05 08:33:01,1,六里桥西,六里桥东
57,7,10,2019-06-05 08:33:01,1,六里桥西,湾子
57,7,11,2019-06-05 08:33:01,1,六里桥西,达官营
57,7,15,2019-06-05 08:33:01,1,六里桥西,虎坊桥路口西
57,7,15,2019-06-05 08:33:01,1,六里桥西,虎坊桥路口西
57,7,11,2019-06-05 08:33:01,1,六里桥西,达官营
57,7,8,2019-06-05 08:33:01,1,六里桥西,六里桥东
57,6,24,2019-06-05 08:33:01,1,小井路口东,培新街
57,7,24,2019-06-05 08:33:01,1,六里桥西,培新街
57,6,18,2019-06-05 08:33:01,1,小井路口东,过街楼
57,8,25,2019-06-05 08:39:01,1,六里桥东,安化楼
57,8,11,2019-06-05 08:39:01,1,六里桥东,达官营
57,8,11,2019-06-05 08:39:01,1,六里桥东,达官营
57,8,10,2019-06-05 08:39:01,1,六里桥东,湾子
57,8,10,2019-06-05 08:39:01,1,六里桥东,湾子
57,8,10,2019-06-05 08:39:01,1,六里桥东,湾子
57,8,9,2019-06-05 08:39:01,1,六里桥东,莲花池
57,8,8,2019-06-05 08:39:01,1,六里桥东,六里桥东
57,8,11,2019-06-05 08:39:01,1,六里桥东,达官营
57,8,11,2019-06-05 08:39:01,1,六里桥东,达官营
57,8,11,2019-06-05 08:39:01,1,六里桥东,达官营
57,8,11,2019-06-05 08:39:01,1,六里桥东,达官营
57,8,11,2019-06-05 08:39:01,1,六里桥东,达官营
57,8,11,2019-06-05 08:39:01,1,六里桥东,达官营
57,8,11,2019-06-05 08:39:01,1,六里桥东,达官营
57,8,11,2019-06-05 08:39:01,1,六里桥东,达官营
57,8,21,2019-06-05 08:39:01,1,六里桥东,水道子
57,8,25,2019-06-05 08:39:01,1,六里桥东,安化楼
57,8,22,2019-06-05 08:39:01,1,六里桥东,磁器口西
57,10,20,2019-06-05 08:48:01,1,湾子,桥湾
57,10,11,2019-06-05 08:49:01,1,湾子,达官营
57,11,31,2019-06-05 08:51:01,1,达官营,大北窑南
57,11,11,2019-06-05 08:51:01,1,达官营,达官营
57,11,11,2019-06-05 08:51:01,1,达官营,达官营
57,11,11,2019-06-05 08:51:01,1,达官营,达官营
57,11,15,2019-06-05 08:51:01,1,达官营,虎坊桥路口西
57,11,11,2019-06-05 08:51:01,1,达官营,达官营
57,11,11,2019-06-05 08:51:01,1,达官营,达官营
57,11,11,2019-06-05 08:51:01,1,达官营,达官营
57,11,17,2019-06-05 08:51:01,1,达官营,板章路
57,11,11,2019-06-05 08:58:01,1,达官营,达官营
57,11,19,2019-06-05 08:58:01,1,达官营,东城三里河
57,11,19,2019-06-05 08:58:01,1,达官营,东城三里河
57,11,31,2019-06-05 09:04:01,1,达官营,大北窑南
57,11,27,2019-06-05 09:04:01,1,达官营,马圈
57,11,15,2019-06-05 09:04:01,1,达官营,虎坊桥路口西
57,11,15,2019-06-05 09:04:01,1,达官营,虎坊桥路口西
57,15,15,2019-06-05 09:06:01,1,虎坊桥路口西,虎坊桥路口西
57,14,15,2019-06-05 09:06:01,1,菜市口西,虎坊桥路口西
57,16,20,2019-06-05 09:10:01,1,虎坊桥路口东,桥湾
57,15,21,2019-06-05 09:10:01,1,虎坊桥路口西,水道子
57,15,20,2019-06-05 09:10:01,1,虎坊桥路口西,桥湾
57,16,32,2019-06-05 09:12:01,1,虎坊桥路口东,大北窑东
57,16,23,2019-06-05 09:12:01,1,虎坊桥路口东,榄杆市
57,17,32,2019-06-05 09:14:01,1,板章路,大北窑东
57,17,32,2019-06-05 09:14:01,1,板章路,大北窑东
57,18,24,2019-06-05 09:16:01,1,过街楼,培新街
57,18,19,2019-06-05 09:16:01,1,过街楼,东城三里河
57,18,19,2019-06-05 09:16:01,1,过街楼,东城三里河
57,20,25,2019-06-05 09:17:01,1,桥湾,安化楼
57,19,24,2019-06-05 09:17:01,1,东城三里河,培新街
57,20,22,2019-06-05 09:18:01,1,桥湾,磁器口西
57,20,32,2019-06-05 09:19:01,1,桥湾,大北窑东
57,20,23,2019-06-05 09:19:01,1,桥湾,榄杆市
57,21,25,2019-06-05 09:19:01,1,水道子,安化楼
57,21,21,2019-06-05 09:19:01,1,水道子,水道子
57,22,25,2019-06-05 09:20:01,1,磁器口西,安化楼
57,22,23,2019-06-05 09:20:01,1,磁器口西,榄杆市
57,22,22,2019-06-05 09:20:01,1,磁器口西,磁器口西
57,22,23,2019-06-05 09:20:01,1,磁器口西,榄杆市
57,22,24,2019-06-05 09:20:01,1,磁器口西,培新街
57,22,23,2019-06-05 09:20:01,1,磁器口西,榄杆市
57,23,26,2019-06-05 09:23:01,1,榄杆市,广渠门内
57,23,27,2019-06-05 09:23:01,1,榄杆市,马圈
57,23,31,2019-06-05 09:23:01,1,榄杆市,大北窑南
57,23,32,2019-06-05 09:23:01,1,榄杆市,大北窑东
57,23,23,2019-06-05 09:23:01,1,榄杆市,榄杆市
57,23,23,2019-06-05 09:23:01,1,榄杆市,榄杆市
57,23,25,2019-06-05 09:23:01,1,榄杆市,安化楼
57,24,25,2019-06-05 09:28:01,1,培新街,安化楼
57,24,27,2019-06-05 09:28:01,1,培新街,马圈
57,24,31,2019-06-05 09:28:01,1,培新街,大北窑南
57,24,31,2019-06-05 09:28:01,1,培新街,大北窑南
57,24,32,2019-06-05 09:28:01,1,培新街,大北窑东
57,24,32,2019-06-05 09:28:01,1,培新街,大北窑东
57,24,24,2019-06-05 09:28:01,1,培新街,培新街
57,24,25,2019-06-05 09:28:01,1,培新街,安化楼
57,24,24,2019-06-05 09:28:01,1,培新街,培新街
57,2,8,2019-06-05 07:20:01,1,岳各庄东路北口,六里桥东
57,1,10,2019-06-05 07:20:01,1,靛厂新村,湾子
57,1,7,2019-06-05 07:20:01,1,靛厂新村,六里桥西
57,1,7,2019-06-05 07:20:01,1,靛厂新村,六里桥西
57,1,9,2019-06-05 07:20:01,1,靛厂新村,莲花池
57,1,7,2019-06-05 07:20:01,1,靛厂新村,六里桥西
57,1,1,2019-06-05 07:20:01,1,靛厂新村,靛厂新村
57,1,24,2019-06-05 07:20:01,1,靛厂新村,培新街
57,1,7,2019-06-05 07:20:01,1,靛厂新村,六里桥西
57,1,7,2019-06-05 07:20:01,1,靛厂新村,六里桥西
57,1,17,2019-06-05 07:20:01,1,靛厂新村,板章路
57,2,13,2019-06-05 07:20:01,1,岳各庄东路北口,牛街路口东
57,1,14,2019-06-05 07:20:01,1,靛厂新村,菜市口西
57,1,22,2019-06-05 07:20:01,1,靛厂新村,磁器口西
57,1,15,2019-06-05 07:20:01,1,靛厂新村,虎坊桥路口西
57,2,8,2019-06-05 07:21:01,1,岳各庄东路北口,六里桥东
57,2,7,2019-06-05 07:21:01,1,岳各庄东路北口,六里桥西
57,2,4,2019-06-05 07:21:01,1,岳各庄东路北口,水衙沟路东口
57,2,27,2019-06-05 07:21:01,1,岳各庄东路北口,马圈
57,2,31,2019-06-05 07:21:01,1,岳各庄东路北口,大北窑南
57,2,7,2019-06-05 07:21:01,1,岳各庄东路北口,六里桥西
57,2,7,2019-06-05 07:21:01,1,岳各庄东路北口,六里桥西
57,2,7,2019-06-05 07:21:01,1,岳各庄东路北口,六里桥西
57,2,7,2019-06-05 07:21:01,1,岳各庄东路北口,六里桥西
57,2,9,2019-06-05 07:22:01,1,岳各庄东路北口,莲花池
57,2,2,2019-06-05 07:22:01,1,岳各庄东路北口,岳各庄东路北口
57,2,6,2019-06-05 07:22:01,1,岳各庄东路北口,小井路口东
57,2,7,2019-06-05 07:22:01,1,岳各庄东路北口,六里桥西
57,2,7,2019-06-05 07:22:01,1,岳各庄东路北口,六里桥西
57,2,6,2019-06-05 07:22:01,1,岳各庄东路北口,小井路口东
57,2,7,2019-06-05 07:22:01,1,岳各庄东路北口,六里桥西
57,2,9,2019-06-05 07:22:01,1,岳各庄东路北口,莲花池
57,3,7,2019-06-05 07:24:01,1,靛厂村南站,六里桥西
57,3,3,2019-06-05 07:24:01,1,靛厂村南站,靛厂村南站
57,3,6,2019-06-05 07:24:01,1,靛厂村南站,小井路口东
57,3,10,2019-06-05 07:24:01,1,靛厂村南站,湾子
57,4,7,2019-06-05 07:25:01,1,水衙沟路东口,六里桥西
57,4,7,2019-06-05 07:25:01,1,水衙沟路东口,六里桥西
57,4,7,2019-06-05 07:25:01,1,水衙沟路东口,六里桥西
57,4,7,2019-06-05 07:25:01,1,水衙沟路东口,六里桥西
57,4,7,2019-06-05 07:25:01,1,水衙沟路东口,六里桥西
57,4,7,2019-06-05 07:25:01,1,水衙沟路东口,六里桥西
57,4,7,2019-06-05 07:25:01,1,水衙沟路东口,六里桥西
57,4,7,2019-06-05 07:25:01,1,水衙沟路东口,六里桥西
57,4,13,2019-06-05 07:25:01,1,水衙沟路东口,牛街路口东
57,4,22,2019-06-05 07:25:01,1,水衙沟路东口,磁器口西
57,4,15,2019-06-05 07:25:01,1,水衙沟路东口,虎坊桥路口西
57,4,13,2019-06-05 07:25:01,1,水衙沟路东口,牛街路口东
57,5,13,2019-06-05 07:26:01,1,白塔村,牛街路口东
57,6,8,2019-06-05 07:29:01,1,小井路口东,六里桥东
57,6,10,2019-06-05 07:29:01,1,小井路口东,湾子
57,6,13,2019-06-05 07:29:01,1,小井路口东,牛街路口东
57,6,10,2019-06-05 07:29:01,1,小井路口东,湾子
57,7,13,2019-06-05 07:32:01,1,六里桥西,牛街路口东
57,7,8,2019-06-05 07:32:01,1,六里桥西,六里桥东
57,7,14,2019-06-05 07:32:01,1,六里桥西,菜市口西
57,7,13,2019-06-05 07:32:01,1,六里桥西,牛街路口东
57,7,10,2019-06-05 07:32:01,1,六里桥西,湾子
57,8,8,2019-06-05 07:38:01,1,六里桥东,六里桥东
57,8,8,2019-06-05 07:38:01,1,六里桥东,六里桥东
57,8,8,2019-06-05 07:38:01,1,六里桥东,六里桥东
57,8,8,2019-06-05 07:38:01,1,六里桥东,六里桥东
57,8,27,2019-06-05 07:38:01,1,六里桥东,马圈
57,8,10,2019-06-05 07:38:01,1,六里桥东,湾子
57,8,10,2019-06-05 07:38:01,1,六里桥东,湾子
57,8,18,2019-06-05 07:38:01,1,六里桥东,过街楼
57,8,13,2019-06-05 07:38:01,1,六里桥东,牛街路口东
57,8,14,2019-06-05 07:38:01,1,六里桥东,菜市口西
57,8,13,2019-06-05 07:38:01,1,六里桥东,牛街路口东
57,8,22,2019-06-05 07:38:01,1,六里桥东,磁器口西
57,8,13,2019-06-05 07:38:01,1,六里桥东,牛街路口东
57,8,21,2019-06-05 07:38:01,1,六里桥东,水道子
57,8,22,2019-06-05 07:38:01,1,六里桥东,磁器口西
57,8,14,2019-06-05 07:38:01,1,六里桥东,菜市口西
57,8,21,2019-06-05 07:38:01,1,六里桥东,水道子
57,8,14,2019-06-05 07:38:01,1,六里桥东,菜市口西
57,8,13,2019-06-05 07:38:01,1,六里桥东,牛街路口东
57,8,13,2019-06-05 07:38:01,1,六里桥东,牛街路口东
57,8,14,2019-06-05 07:39:01,1,六里桥东,菜市口西
57,8,14,2019-06-05 07:39:01,1,六里桥东,菜市口西
57,8,9,2019-06-05 07:39:01,1,六里桥东,莲花池
57,8,24,2019-06-05 07:39:01,1,六里桥东,培新街
57,8,25,2019-06-05 07:39:01,1,六里桥东,安化楼
57,8,30,2019-06-05 07:39:01,1,六里桥东,双花园
57,8,31,2019-06-05 07:39:01,1,六里桥东,大北窑南
57,8,10,2019-06-05 07:39:01,1,六里桥东,湾子
57,8,10,2019-06-05 07:39:01,1,六里桥东,湾子
57,8,10,2019-06-05 07:39:01,1,六里桥东,湾子
57,8,10,2019-06-05 07:39:01,1,六里桥东,湾子
57,8,11,2019-06-05 07:39:01,1,六里桥东,达官营
57,8,14,2019-06-05 07:39:01,1,六里桥东,菜市口西
57,8,15,2019-06-05 07:39:01,1,六里桥东,虎坊桥路口西
57,8,24,2019-06-05 07:39:01,1,六里桥东,培新街
57,8,21,2019-06-05 07:39:01,1,六里桥东,水道子
57,8,23,2019-06-05 07:39:01,1,六里桥东,榄杆市
57,8,14,2019-06-05 07:39:01,1,六里桥东,菜市口西
57,8,13,2019-06-05 07:39:01,1,六里桥东,牛街路口东
57,8,14,2019-06-05 07:39:01,1,六里桥东,菜市口西
57,8,24,2019-06-05 07:39:01,1,六里桥东,培新街
57,8,22,2019-06-05 07:39:01,1,六里桥东,磁器口西
57,8,15,2019-06-05 07:39:01,1,六里桥东,虎坊桥路口西
57,8,21,2019-06-05 07:39:01,1,六里桥东,水道子
57,8,26,2019-06-05 07:39:01,1,六里桥东,广渠门内
57,8,13,2019-06-05 07:39:01,1,六里桥东,牛街路口东
57,8,13,2019-06-05 07:39:01,1,六里桥东,牛街路口东
57,8,18,2019-06-05 07:39:01,1,六里桥东,过街楼
57,8,10,2019-06-05 07:39:01,1,六里桥东,湾子
57,8,10,2019-06-05 07:39:01,1,六里桥东,湾子
57,8,16,2019-06-05 07:39:01,1,六里桥东,虎坊桥路口东
57,8,10,2019-06-05 07:39:01,1,六里桥东,湾子
57,8,19,2019-06-05 07:39:01,1,六里桥东,东城三里河
57,8,11,2019-06-05 07:40:01,1,六里桥东,达官营
57,8,11,2019-06-05 07:40:01,1,六里桥东,达官营
57,8,24,2019-06-05 07:40:01,1,六里桥东,培新街
57,8,10,2019-06-05 07:40:01,1,六里桥东,湾子
57,8,24,2019-06-05 07:40:01,1,六里桥东,培新街
57,8,21,2019-06-05 07:40:01,1,六里桥东,水道子
57,8,10,2019-06-05 07:40:01,1,六里桥东,湾子
57,8,16,2019-06-05 07:40:01,1,六里桥东,虎坊桥路口东
57,9,32,2019-06-05 07:46:01,1,莲花池,大北窑东
57,9,31,2019-06-05 07:46:01,1,莲花池,大北窑南
57,9,21,2019-06-05 07:46:01,1,莲花池,水道子
57,10,16,2019-06-05 07:46:01,1,湾子,虎坊桥路口东
57,10,11,2019-06-05 07:53:01,1,湾子,达官营
57,10,11,2019-06-05 07:53:01,1,湾子,达官营
57,10,11,2019-06-05 07:53:01,1,湾子,达官营
57,10,28,2019-06-05 07:53:01,1,湾子,垂杨柳
57,10,25,2019-06-05 07:53:01,1,湾子,安化楼
57,10,31,2019-06-05 07:53:01,1,湾子,大北窑南
57,10,12,2019-06-05 07:53:01,1,湾子,广安门内
57,10,13,2019-06-05 07:53:01,1,湾子,牛街路口东
57,10,21,2019-06-05 07:53:01,1,湾子,水道子
57,10,23,2019-06-05 07:53:01,1,湾子,榄杆市
57,10,22,2019-06-05 07:53:01,1,湾子,磁器口西
57,10,11,2019-06-05 07:53:01,1,湾子,达官营
57,10,26,2019-06-05 07:53:01,1,湾子,广渠门内
57,10,11,2019-06-05 07:53:01,1,湾子,达官营
57,10,21,2019-06-05 07:53:01,1,湾子,水道子
57,10,20,2019-06-05 07:53:01,1,湾子,桥湾
57,10,19,2019-06-05 07:53:01,1,湾子,东城三里河
57,10,17,2019-06-05 07:53:01,1,湾子,板章路
57,10,15,2019-06-05 07:53:01,1,湾子,虎坊桥路口西
57,10,19,2019-06-05 07:53:01,1,湾子,东城三里河
57,10,17,2019-06-05 07:53:01,1,湾子,板章路
57,11,26,2019-06-05 07:55:01,1,达官营,广渠门内
57,11,29,2019-06-05 07:55:01,1,达官营,双井桥北
57,11,27,2019-06-05 07:55:01,1,达官营,马圈
57,11,31,2019-06-05 07:55:01,1,达官营,大北窑南
57,11,13,2019-06-05 07:55:01,1,达官营,牛街路口东
57,11,13,2019-06-05 07:55:01,1,达官营,牛街路口东
57,11,13,2019-06-05 07:55:01,1,达官营,牛街路口东
57,11,13,2019-06-05 07:55:01,1,达官营,牛街路口东
57,11,13,2019-06-05 07:55:01,1,达官营,牛街路口东
57,11,13,2019-06-05 07:56:01,1,达官营,牛街路口东
57,11,26,2019-06-05 07:56:01,1,达官营,广渠门内
57,11,31,2019-06-05 07:56:01,1,达官营,大北窑南
57,11,21,2019-06-05 07:56:01,1,达官营,水道子
57,11,13,2019-06-05 07:56:01,1,达官营,牛街路口东
57,11,17,2019-06-05 07:56:01,1,达官营,板章路
57,13,23,2019-06-05 07:56:01,1,牛街路口东,榄杆市
57,11,22,2019-06-05 07:56:01,1,达官营,磁器口西
57,11,19,2019-06-05 07:56:01,1,达官营,东城三里河
57,11,14,2019-06-05 07:56:01,1,达官营,菜市口西
57,11,13,2019-06-05 07:56:01,1,达官营,牛街路口东
57,11,15,2019-06-05 07:56:01,1,达官营,虎坊桥路口西
57,13,14,2019-06-05 07:56:01,1,牛街路口东,菜市口西
57,11,13,2019-06-05 07:56:01,1,达官营,牛街路口东
57,11,13,2019-06-05 07:56:01,1,达官营,牛街路口东
57,13,29,2019-06-05 08:02:01,1,牛街路口东,双井桥北
57,13,29,2019-06-05 08:02:01,1,牛街路口东,双井桥北
57,13,21,2019-06-05 08:02:01,1,牛街路口东,水道子
57,13,24,2019-06-05 08:03:01,1,牛街路口东,培新街
57,13,26,2019-06-05 08:03:01,1,牛街路口东,广渠门内
57,13,22,2019-06-05 08:03:01,1,牛街路口东,磁器口西
57,13,20,2019-06-05 08:03:01,1,牛街路口东,桥湾
57,13,24,2019-06-05 08:03:01,1,牛街路口东,培新街
57,13,24,2019-06-05 08:03:01,1,牛街路口东,培新街
57,13,24,2019-06-05 08:03:01,1,牛街路口东,培新街
57,13,25,2019-06-05 08:03:01,1,牛街路口东,安化楼
57,13,24,2019-06-05 08:03:01,1,牛街路口东,培新街
57,13,20,2019-06-05 08:03:01,1,牛街路口东,桥湾
57,13,21,2019-06-05 08:03:01,1,牛街路口东,水道子
57,13,20,2019-06-05 08:03:01,1,牛街路口东,桥湾
57,14,14,2019-06-05 08:06:01,1,菜市口西,菜市口西
57,14,29,2019-06-05 08:06:01,1,菜市口西,双井桥北
57,14,27,2019-06-05 08:06:01,1,菜市口西,马圈
57,14,29,2019-06-05 08:06:01,1,菜市口西,双井桥北
57,14,31,2019-06-05 08:06:01,1,菜市口西,大北窑南
57,14,32,2019-06-05 08:06:01,1,菜市口西,大北窑东
57,14,22,2019-06-05 08:06:01,1,菜市口西,磁器口西
57,14,20,2019-06-05 08:06:01,1,菜市口西,桥湾
57,14,27,2019-06-05 08:07:01,1,菜市口西,马圈
57,15,26,2019-06-05 08:10:01,1,虎坊桥路口西,广渠门内
57,15,27,2019-06-05 08:10:01,1,虎坊桥路口西,马圈
57,15,26,2019-06-05 08:10:01,1,虎坊桥路口西,广渠门内
57,15,29,2019-06-05 08:10:01,1,虎坊桥路口西,双井桥北
57,15,24,2019-06-05 08:10:01,1,虎坊桥路口西,培新街
57,15,18,2019-06-05 08:10:01,1,虎坊桥路口西,过街楼
57,15,21,2019-06-05 08:10:01,1,虎坊桥路口西,水道子
57,15,16,2019-06-05 08:10:01,1,虎坊桥路口西,虎坊桥路口东
57,15,19,2019-06-05 08:10:01,1,虎坊桥路口西,东城三里河
57,15,21,2019-06-05 08:10:01,1,虎坊桥路口西,水道子
57,15,17,2019-06-05 08:10:01,1,虎坊桥路口西,板章路
57,15,17,2019-06-05 08:11:01,1,虎坊桥路口西,板章路
57,15,21,2019-06-05 08:11:01,1,虎坊桥路口西,水道子
57,16,21,2019-06-05 08:14:01,1,虎坊桥路口东,水道子
57,16,21,2019-06-05 08:14:01,1,虎坊桥路口东,水道子
57,17,24,2019-06-05 08:15:01,1,板章路,培新街
57,18,29,2019-06-05 08:16:01,1,过街楼,双井桥北
57,18,32,2019-06-05 08:16:01,1,过街楼,大北窑东
57,18,31,2019-06-05 08:16:01,1,过街楼,大北窑南
57,18,31,2019-06-05 08:16:01,1,过街楼,大北窑南
57,18,26,2019-06-05 08:16:01,1,过街楼,广渠门内
57,18,26,2019-06-05 08:16:01,1,过街楼,广渠门内
57,19,27,2019-06-05 08:19:01,1,东城三里河,马圈
57,19,32,2019-06-05 08:19:01,1,东城三里河,大北窑东
57,21,24,2019-06-05 08:20:01,1,水道子,培新街
57,21,24,2019-06-05 08:20:01,1,水道子,培新街
57,21,29,2019-06-05 08:23:01,1,水道子,双井桥北
57,21,31,2019-06-05 08:23:01,1,水道子,大北窑南
57,21,32,2019-06-05 08:23:01,1,水道子,大北窑东
57,21,32,2019-06-05 08:23:01,1,水道子,大北窑东
57,22,28,2019-06-05 08:24:01,1,磁器口西,垂杨柳
57,22,28,2019-06-05 08:24:01,1,磁器口西,垂杨柳
57,22,31,2019-06-05 08:24:01,1,磁器口西,大北窑南
57,22,22,2019-06-05 08:24:01,1,磁器口西,磁器口西
57,22,24,2019-06-05 08:24:01,1,磁器口西,培新街
57,23,27,2019-06-05 08:27:01,1,榄杆市,马圈
57,23,27,2019-06-05 08:27:01,1,榄杆市,马圈
57,23,31,2019-06-05 08:27:01,1,榄杆市,大北窑南
57,24,27,2019-06-05 08:29:01,1,培新街,马圈
57,24,29,2019-06-05 08:29:01,1,培新街,双井桥北
57,24,31,2019-06-05 08:29:01,1,培新街,大北窑南
57,24,31,2019-06-05 08:29:01,1,培新街,大北窑南
57,25,26,2019-06-05 08:31:01,1,安化楼,广渠门内
57,25,27,2019-06-05 08:31:01,1,安化楼,马圈
57,25,26,2019-06-05 08:31:01,1,安化楼,广渠门内
57,25,25,2019-06-05 08:31:01,1,安化楼,安化楼
57,25,31,2019-06-05 08:31:01,1,安化楼,大北窑南
57,25,31,2019-06-05 08:31:01,1,安化楼,大北窑南
57,25,31,2019-06-05 08:31:01,1,安化楼,大北窑南
57,25,25,2019-06-05 08:31:01,1,安化楼,安化楼
57,26,29,2019-06-05 08:37:01,1,广渠门内,双井桥北
57,26,29,2019-06-05 08:37:01,1,广渠门内,双井桥北
57,26,29,2019-06-05 08:37:01,1,广渠门内,双井桥北
57,26,31,2019-06-05 08:37:01,1,广渠门内,大北窑南
57,26,31,2019-06-05 08:37:01,1,广渠门内,大北窑南
57,27,28,2019-06-05 08:40:01,1,马圈,垂杨柳
57,27,29,2019-06-05 08:43:01,1,马圈,双井桥北
57,27,28,2019-06-05 08:43:01,1,马圈,垂杨柳
57,27,31,2019-06-05 08:43:01,1,马圈,大北窑南
57,27,28,2019-06-05 08:44:01,1,马圈,垂杨柳
57,27,29,2019-06-05 08:44:01,1,马圈,双井桥北
57,27,29,2019-06-05 08:44:01,1,马圈,双井桥北
57,27,28,2019-06-05 08:44:01,1,马圈,垂杨柳
57,27,29,2019-06-05 08:44:01,1,马圈,双井桥北
57,28,29,2019-06-05 08:44:01,1,垂杨柳,双井桥北
57,27,28,2019-06-05 08:44:01,1,马圈,垂杨柳
57,27,29,2019-06-05 08:44:01,1,马圈,双井桥北
57,27,28,2019-06-05 08:44:01,1,马圈,垂杨柳
57,27,31,2019-06-05 08:44:01,1,马圈,大北窑南
57,27,30,2019-06-05 08:44:01,1,马圈,双花园
57,27,31,2019-06-05 08:44:01,1,马圈,大北窑南
57,27,30,2019-06-05 08:44:01,1,马圈,双花园
57,27,29,2019-06-05 08:44:01,1,马圈,双井桥北
57,27,31,2019-06-05 08:44:01,1,马圈,大北窑南
57,27,31,2019-06-05 08:44:01,1,马圈,大北窑南
57,27,31,2019-06-05 08:44:01,1,马圈,大北窑南
57,28,29,2019-06-05 08:46:01,1,垂杨柳,双井桥北
57,28,31,2019-06-05 08:46:01,1,垂杨柳,大北窑南
57,28,32,2019-06-05 08:46:01,1,垂杨柳,大北窑东
57,28,31,2019-06-05 08:46:01,1,垂杨柳,大北窑南
57,28,31,2019-06-05 08:46:01,1,垂杨柳,大北窑南
57,28,32,2019-06-05 08:46:01,1,垂杨柳,大北窑东
57,28,31,2019-06-05 08:46:01,1,垂杨柳,大北窑南
57,28,32,2019-06-05 08:46:01,1,垂杨柳,大北窑东
57,29,31,2019-06-05 09:03:01,1,双井桥北,大北窑南
57,29,32,2019-06-05 09:03:01,1,双井桥北,大北窑东
57,29,32,2019-06-05 09:03:01,1,双井桥北,大北窑东
57,29,32,2019-06-05 09:03:01,1,双井桥北,大北窑东
57,30,32,2019-06-05 09:05:01,1,双花园,大北窑东
57,30,33,2019-06-05 09:05:01,1,双花园,郎家园
57,31,32,2019-06-05 09:09:01,1,大北窑南,大北窑东
57,31,31,2019-06-05 09:09:01,1,大北窑南,大北窑南
57,31,32,2019-06-05 09:09:01,1,大北窑南,大北窑东
57,31,32,2019-06-05 09:09:01,1,大北窑南,大北窑东
57,31,32,2019-06-05 09:09:01,1,大北窑南,大北窑东
57,31,32,2019-06-05 09:10:01,1,大北窑南,大北窑东
57,31,31,2019-06-05 09:10:01,1,大北窑南,大北窑南
57,1,16,2019-06-05 07:41:01,1,靛厂新村,虎坊桥路口东
57,1,6,2019-06-05 07:41:01,1,靛厂新村,小井路口东
57,1,6,2019-06-05 07:41:01,1,靛厂新村,小井路口东
57,1,11,2019-06-05 07:41:01,1,靛厂新村,达官营
57,2,12,2019-06-05 07:42:01,1,岳各庄东路北口,广安门内
57,2,5,2019-06-05 07:43:01,1,岳各庄东路北口,白塔村
57,2,2,2019-06-05 07:43:01,1,岳各庄东路北口,岳各庄东路北口
57,2,4,2019-06-05 07:43:01,1,岳各庄东路北口,水衙沟路东口
57,2,15,2019-06-05 07:45:01,1,岳各庄东路北口,虎坊桥路口西
57,2,17,2019-06-05 07:45:01,1,岳各庄东路北口,板章路
57,2,6,2019-06-05 07:46:01,1,岳各庄东路北口,小井路口东
57,2,9,2019-06-05 07:46:01,1,岳各庄东路北口,莲花池
57,2,9,2019-06-05 07:46:01,1,岳各庄东路北口,莲花池
57,4,19,2019-06-05 07:52:01,1,水衙沟路东口,东城三里河
57,4,17,2019-06-05 07:52:01,1,水衙沟路东口,板章路
57,4,6,2019-06-05 07:52:01,1,水衙沟路东口,小井路口东
57,4,11,2019-06-05 07:52:01,1,水衙沟路东口,达官营
57,4,11,2019-06-05 07:52:01,1,水衙沟路东口,达官营
57,5,5,2019-06-05 07:55:01,1,白塔村,白塔村
57,5,9,2019-06-05 07:55:01,1,白塔村,莲花池
57,6,9,2019-06-05 07:58:01,1,小井路口东,莲花池
57,6,17,2019-06-05 07:58:01,1,小井路口东,板章路
57,6,15,2019-06-05 07:58:01,1,小井路口东,虎坊桥路口西
57,6,19,2019-06-05 07:58:01,1,小井路口东,东城三里河
57,6,17,2019-06-05 07:58:01,1,小井路口东,板章路
57,6,19,2019-06-05 07:58:01,1,小井路口东,东城三里河
57,6,17,2019-06-05 07:58:01,1,小井路口东,板章路
57,6,14,2019-06-05 07:58:01,1,小井路口东,菜市口西
57,6,19,2019-06-05 07:58:01,1,小井路口东,东城三里河
57,6,19,2019-06-05 07:58:01,1,小井路口东,东城三里河
57,6,14,2019-06-05 07:58:01,1,小井路口东,菜市口西
57,6,16,2019-06-05 07:58:01,1,小井路口东,虎坊桥路口东
57,6,11,2019-06-05 07:58:01,1,小井路口东,达官营
57,6,21,2019-06-05 07:58:01,1,小井路口东,水道子
57,6,21,2019-06-05 07:58:01,1,小井路口东,水道子
57,6,11,2019-06-05 07:58:01,1,小井路口东,达官营
57,6,11,2019-06-05 07:58:01,1,小井路口东,达官营
57,6,21,2019-06-05 07:58:01,1,小井路口东,水道子
57,6,11,2019-06-05 07:58:01,1,小井路口东,达官营
57,6,12,2019-06-05 07:58:01,1,小井路口东,广安门内
57,6,6,2019-06-05 07:59:01,1,小井路口东,小井路口东
57,6,7,2019-06-05 07:59:01,1,小井路口东,六里桥西
57,6,8,2019-06-05 07:59:01,1,小井路口东,六里桥东
57,6,6,2019-06-05 07:59:01,1,小井路口东,小井路口东
57,6,8,2019-06-05 07:59:01,1,小井路口东,六里桥东
57,6,7,2019-06-05 07:59:01,1,小井路口东,六里桥西
57,6,7,2019-06-05 07:59:01,1,小井路口东,六里桥西
57,6,6,2019-06-05 07:59:01,1,小井路口东,小井路口东
57,6,13,2019-06-05 07:59:01,1,小井路口东,牛街路口东
57,6,19,2019-06-05 07:59:01,1,小井路口东,东城三里河
57,6,14,2019-06-05 07:59:01,1,小井路口东,菜市口西
57,6,9,2019-06-05 08:05:01,1,小井路口东,莲花池
57,6,6,2019-06-05 08:05:01,1,小井路口东,小井路口东
57,6,9,2019-06-05 08:05:01,1,小井路口东,莲花池
57,6,9,2019-06-05 08:05:01,1,小井路口东,莲花池
57,7,15,2019-06-05 08:09:01,1,六里桥西,虎坊桥路口西
57,7,15,2019-06-05 08:09:01,1,六里桥西,虎坊桥路口西
57,7,14,2019-06-05 08:09:01,1,六里桥西,菜市口西
57,7,9,2019-06-05 08:09:01,1,六里桥西,莲花池
57,7,9,2019-06-05 08:09:01,1,六里桥西,莲花池
57,7,10,2019-06-05 08:09:01,1,六里桥西,湾子
57,8,8,2019-06-05 08:12:01,1,六里桥东,六里桥东
57,8,8,2019-06-05 08:12:01,1,六里桥东,六里桥东
57,8,8,2019-06-05 08:12:01,1,六里桥东,六里桥东
57,8,8,2019-06-05 08:12:01,1,六里桥东,六里桥东
57,8,17,2019-06-05 08:12:01,1,六里桥东,板章路
57,8,19,2019-06-05 08:12:01,1,六里桥东,东城三里河
57,8,19,2019-06-05 08:12:01,1,六里桥东,东城三里河
57,8,17,2019-06-05 08:12:01,1,六里桥东,板章路
57,8,14,2019-06-05 08:12:01,1,六里桥东,菜市口西
57,8,17,2019-06-05 08:12:01,1,六里桥东,板章路
57,8,13,2019-06-05 08:12:01,1,六里桥东,牛街路口东
57,8,10,2019-06-05 08:12:01,1,六里桥东,湾子
57,8,13,2019-06-05 08:12:01,1,六里桥东,牛街路口东
57,8,9,2019-06-05 08:12:01,1,六里桥东,莲花池
57,8,9,2019-06-05 08:12:01,1,六里桥东,莲花池
57,8,9,2019-06-05 08:12:01,1,六里桥东,莲花池
57,8,9,2019-06-05 08:12:01,1,六里桥东,莲花池
57,8,12,2019-06-05 08:12:01,1,六里桥东,广安门内
57,8,9,2019-06-05 08:12:01,1,六里桥东,莲花池
57,8,9,2019-06-05 08:12:01,1,六里桥东,莲花池
57,8,9,2019-06-05 08:12:01,1,六里桥东,莲花池
57,8,10,2019-06-05 08:12:01,1,六里桥东,湾子
57,8,10,2019-06-05 08:12:01,1,六里桥东,湾子
57,9,19,2019-06-05 08:17:01,1,莲花池,东城三里河
57,9,12,2019-06-05 08:17:01,1,莲花池,广安门内
57,9,21,2019-06-05 08:17:01,1,莲花池,水道子
57,13,13,2019-06-05 08:28:01,1,牛街路口东,牛街路口东
57,13,21,2019-06-05 08:28:01,1,牛街路口东,水道子
57,14,17,2019-06-05 08:29:01,1,菜市口西,板章路
57,17,19,2019-06-05 08:35:01,1,板章路,东城三里河
57,17,21,2019-06-05 08:36:01,1,板章路,水道子
57,18,19,2019-06-05 08:38:01,1,过街楼,东城三里河
57,18,19,2019-06-05 08:38:01,1,过街楼,东城三里河
57,18,19,2019-06-05 08:38:01,1,过街楼,东城三里河
57,18,19,2019-06-05 08:38:01,1,过街楼,东城三里河
57,18,21,2019-06-05 08:38:01,1,过街楼,水道子
57,19,19,2019-06-05 08:42:01,1,东城三里河,东城三里河
57,19,21,2019-06-05 08:42:01,1,东城三里河,水道子
57,19,21,2019-06-05 08:42:01,1,东城三里河,水道子
57,19,20,2019-06-05 08:42:01,1,东城三里河,桥湾
57,19,21,2019-06-05 08:44:01,1,东城三里河,水道子
57,19,21,2019-06-05 08:44:01,1,东城三里河,水道子
57,19,21,2019-06-05 08:44:01,1,东城三里河,水道子
57,19,21,2019-06-05 08:48:01,1,东城三里河,水道子
57,19,21,2019-06-05 08:48:01,1,东城三里河,水道子
57,19,21,2019-06-05 08:51:01,1,东城三里河,水道子
57,19,21,2019-06-05 08:51:01,1,东城三里河,水道子
57,19,21,2019-06-05 08:57:01,1,东城三里河,水道子
57,19,19,2019-06-05 08:59:01,1,东城三里河,东城三里河
57,19,21,2019-06-05 08:59:01,1,东城三里河,水道子
57,21,21,2019-06-05 09:09:01,1,水道子,水道子
57,21,21,2019-06-05 09:09:01,1,水道子,水道子
57,21,21,2019-06-05 09:10:01,1,水道子,水道子
57,21,21,2019-06-05 09:14:01,1,水道子,水道子
57,21,21,2019-06-05 09:17:01,1,水道子,水道子
57,1,2,2019-06-05 07:02:01,1,靛厂新村,岳各庄东路北口
57,1,7,2019-06-05 07:02:01,1,靛厂新村,六里桥西
57,1,6,2019-06-05 07:02:01,1,靛厂新村,小井路口东
57,1,7,2019-06-05 07:02:01,1,靛厂新村,六里桥西
57,1,4,2019-06-05 07:02:01,1,靛厂新村,水衙沟路东口
57,1,5,2019-06-05 07:02:01,1,靛厂新村,白塔村
57,1,5,2019-06-05 07:02:01,1,靛厂新村,白塔村
57,1,4,2019-06-05 07:02:01,1,靛厂新村,水衙沟路东口
57,1,7,2019-06-05 07:02:01,1,靛厂新村,六里桥西
57,1,7,2019-06-05 07:02:01,1,靛厂新村,六里桥西
57,1,7,2019-06-05 07:02:01,1,靛厂新村,六里桥西
57,1,15,2019-06-05 07:02:01,1,靛厂新村,虎坊桥路口西
57,1,19,2019-06-05 07:02:01,1,靛厂新村,东城三里河
57,1,18,2019-06-05 07:02:01,1,靛厂新村,过街楼
57,1,12,2019-06-05 07:02:01,1,靛厂新村,广安门内
57,1,11,2019-06-05 07:02:01,1,靛厂新村,达官营
57,1,15,2019-06-05 07:02:01,1,靛厂新村,虎坊桥路口西
57,1,9,2019-06-05 07:02:01,1,靛厂新村,莲花池
57,1,10,2019-06-05 07:02:01,1,靛厂新村,湾子
57,1,9,2019-06-05 07:02:01,1,靛厂新村,莲花池
57,1,12,2019-06-05 07:02:01,1,靛厂新村,广安门内
57,1,29,2019-06-05 07:02:01,1,靛厂新村,双井桥北
57,1,28,2019-06-05 07:02:01,1,靛厂新村,垂杨柳
57,2,10,2019-06-05 07:03:01,1,岳各庄东路北口,湾子
57,2,13,2019-06-05 07:03:01,1,岳各庄东路北口,牛街路口东
57,2,28,2019-06-05 07:03:01,1,岳各庄东路北口,垂杨柳
57,2,7,2019-06-05 07:04:01,1,岳各庄东路北口,六里桥西
57,2,7,2019-06-05 07:04:01,1,岳各庄东路北口,六里桥西
57,2,7,2019-06-05 07:04:01,1,岳各庄东路北口,六里桥西
57,2,7,2019-06-05 07:04:01,1,岳各庄东路北口,六里桥西
57,2,14,2019-06-05 07:04:01,1,岳各庄东路北口,菜市口西
57,2,10,2019-06-05 07:04:01,1,岳各庄东路北口,湾子
57,2,12,2019-06-05 07:04:01,1,岳各庄东路北口,广安门内
57,2,10,2019-06-05 07:04:01,1,岳各庄东路北口,湾子
57,3,28,2019-06-05 07:05:01,1,靛厂村南站,垂杨柳
57,3,7,2019-06-05 07:06:01,1,靛厂村南站,六里桥西
57,4,8,2019-06-05 07:06:01,1,水衙沟路东口,六里桥东
57,4,4,2019-06-05 07:06:01,1,水衙沟路东口,水衙沟路东口
57,4,15,2019-06-05 07:06:01,1,水衙沟路东口,虎坊桥路口西
57,4,16,2019-06-05 07:06:01,1,水衙沟路东口,虎坊桥路口东
57,3,17,2019-06-05 07:06:01,1,靛厂村南站,板章路
57,3,15,2019-06-05 07:06:01,1,靛厂村南站,虎坊桥路口西
57,4,10,2019-06-05 07:06:01,1,水衙沟路东口,湾子
57,4,10,2019-06-05 07:06:01,1,水衙沟路东口,湾子
57,4,13,2019-06-05 07:06:01,1,水衙沟路东口,牛街路口东
57,4,9,2019-06-05 07:06:01,1,水衙沟路东口,莲花池
57,4,10,2019-06-05 07:06:01,1,水衙沟路东口,湾子
57,3,13,2019-06-05 07:06:01,1,靛厂村南站,牛街路口东
57,4,12,2019-06-05 07:06:01,1,水衙沟路东口,广安门内
57,4,6,2019-06-05 07:07:01,1,水衙沟路东口,小井路口东
57,4,7,2019-06-05 07:07:01,1,水衙沟路东口,六里桥西
57,4,7,2019-06-05 07:07:01,1,水衙沟路东口,六里桥西
57,4,7,2019-06-05 07:07:01,1,水衙沟路东口,六里桥西
57,4,6,2019-06-05 07:07:01,1,水衙沟路东口,小井路口东
57,4,7,2019-06-05 07:07:01,1,水衙沟路东口,六里桥西
57,4,7,2019-06-05 07:07:01,1,水衙沟路东口,六里桥西
57,4,11,2019-06-05 07:07:01,1,水衙沟路东口,达官营
57,4,13,2019-06-05 07:07:01,1,水衙沟路东口,牛街路口东
57,4,12,2019-06-05 07:07:01,1,水衙沟路东口,广安门内
57,5,7,2019-06-05 07:08:01,1,白塔村,六里桥西
57,5,23,2019-06-05 07:08:01,1,白塔村,榄杆市
57,5,23,2019-06-05 07:08:01,1,白塔村,榄杆市
57,5,9,2019-06-05 07:08:01,1,白塔村,莲花池
57,6,15,2019-06-05 07:10:01,1,小井路口东,虎坊桥路口西
57,6,9,2019-06-05 07:10:01,1,小井路口东,莲花池
57,6,11,2019-06-05 07:10:01,1,小井路口东,达官营
57,6,30,2019-06-05 07:10:01,1,小井路口东,双花园
57,7,8,2019-06-05 07:13:01,1,六里桥西,六里桥东
57,7,17,2019-06-05 07:13:01,1,六里桥西,板章路
57,7,10,2019-06-05 07:13:01,1,六里桥西,湾子
57,7,13,2019-06-05 07:13:01,1,六里桥西,牛街路口东
57,8,15,2019-06-05 07:19:01,1,六里桥东,虎坊桥路口西
57,8,24,2019-06-05 07:19:01,1,六里桥东,培新街
57,8,26,2019-06-05 07:19:01,1,六里桥东,广渠门内
57,8,23,2019-06-05 07:19:01,1,六里桥东,榄杆市
57,8,23,2019-06-05 07:19:01,1,六里桥东,榄杆市
57,8,15,2019-06-05 07:19:01,1,六里桥东,虎坊桥路口西
57,8,22,2019-06-05 07:19:01,1,六里桥东,磁器口西
57,8,23,2019-06-05 07:19:01,1,六里桥东,榄杆市
57,8,13,2019-06-05 07:19:01,1,六里桥东,牛街路口东
57,8,12,2019-06-05 07:19:01,1,六里桥东,广安门内
57,8,13,2019-06-05 07:19:01,1,六里桥东,牛街路口东
57,8,11,2019-06-05 07:19:01,1,六里桥东,达官营
57,8,13,2019-06-05 07:19:01,1,六里桥东,牛街路口东
57,8,13,2019-06-05 07:19:01,1,六里桥东,牛街路口东
57,8,8,2019-06-05 07:19:01,1,六里桥东,六里桥东
57,8,12,2019-06-05 07:19:01,1,六里桥东,广安门内
57,8,12,2019-06-05 07:19:01,1,六里桥东,广安门内
57,8,13,2019-06-05 07:19:01,1,六里桥东,牛街路口东
57,8,12,2019-06-05 07:19:01,1,六里桥东,广安门内
57,8,15,2019-06-05 07:19:01,1,六里桥东,虎坊桥路口西
57,8,14,2019-06-05 07:19:01,1,六里桥东,菜市口西
57,8,29,2019-06-05 07:19:01,1,六里桥东,双井桥北
57,8,28,2019-06-05 07:19:01,1,六里桥东,垂杨柳
57,8,26,2019-06-05 07:19:01,1,六里桥东,广渠门内
57,8,28,2019-06-05 07:19:01,1,六里桥东,垂杨柳
57,8,16,2019-06-05 07:20:01,1,六里桥东,虎坊桥路口东
57,8,25,2019-06-05 07:20:01,1,六里桥东,安化楼
57,8,20,2019-06-05 07:20:01,1,六里桥东,桥湾
57,8,11,2019-06-05 07:20:01,1,六里桥东,达官营
57,8,13,2019-06-05 07:20:01,1,六里桥东,牛街路口东
57,8,11,2019-06-05 07:20:01,1,六里桥东,达官营
57,8,13,2019-06-05 07:20:01,1,六里桥东,牛街路口东
57,8,11,2019-06-05 07:20:01,1,六里桥东,达官营
57,8,13,2019-06-05 07:20:01,1,六里桥东,牛街路口东
57,8,9,2019-06-05 07:20:01,1,六里桥东,莲花池
57,8,12,2019-06-05 07:20:01,1,六里桥东,广安门内
57,8,9,2019-06-05 07:20:01,1,六里桥东,莲花池
57,8,33,2019-06-05 07:20:01,1,六里桥东,郎家园
57,8,13,2019-06-05 07:20:01,1,六里桥东,牛街路口东
57,8,24,2019-06-05 07:20:01,1,六里桥东,培新街
57,8,29,2019-06-05 07:20:01,1,六里桥东,双井桥北
57,9,22,2019-06-05 07:25:01,1,莲花池,磁器口西
57,9,26,2019-06-05 07:25:01,1,莲花池,广渠门内
57,10,19,2019-06-05 07:27:01,1,湾子,东城三里河
57,10,20,2019-06-05 07:27:01,1,湾子,桥湾
57,10,16,2019-06-05 07:27:01,1,湾子,虎坊桥路口东
57,11,18,2019-06-05 07:27:01,1,达官营,过街楼
57,10,20,2019-06-05 07:27:01,1,湾子,桥湾
57,10,32,2019-06-05 07:27:01,1,湾子,大北窑东
57,10,27,2019-06-05 07:27:01,1,湾子,马圈
57,11,15,2019-06-05 07:29:01,1,达官营,虎坊桥路口西
57,11,24,2019-06-05 07:29:01,1,达官营,培新街
57,11,17,2019-06-05 07:29:01,1,达官营,板章路
57,11,22,2019-06-05 07:29:01,1,达官营,磁器口西
57,11,21,2019-06-05 07:29:01,1,达官营,水道子
57,11,24,2019-06-05 07:29:01,1,达官营,培新街
57,11,16,2019-06-05 07:29:01,1,达官营,虎坊桥路口东
57,11,19,2019-06-05 07:29:01,1,达官营,东城三里河
57,11,12,2019-06-05 07:29:01,1,达官营,广安门内
57,11,31,2019-06-05 07:29:01,1,达官营,大北窑南
57,11,28,2019-06-05 07:29:01,1,达官营,垂杨柳
57,12,22,2019-06-05 07:34:01,1,广安门内,磁器口西
57,12,23,2019-06-05 07:35:01,1,广安门内,榄杆市
57,12,17,2019-06-05 07:35:01,1,广安门内,板章路
57,12,13,2019-06-05 07:35:01,1,广安门内,牛街路口东
57,13,23,2019-06-05 07:38:01,1,牛街路口东,榄杆市
57,13,23,2019-06-05 07:38:01,1,牛街路口东,榄杆市
57,13,14,2019-06-05 07:38:01,1,牛街路口东,菜市口西
57,13,27,2019-06-05 07:38:01,1,牛街路口东,马圈
57,13,28,2019-06-05 07:38:01,1,牛街路口东,垂杨柳
57,13,28,2019-06-05 07:38:01,1,牛街路口东,垂杨柳
57,13,29,2019-06-05 07:38:01,1,牛街路口东,双井桥北
57,14,19,2019-06-05 07:40:01,1,菜市口西,东城三里河
57,14,32,2019-06-05 07:40:01,1,菜市口西,大北窑东
57,14,32,2019-06-05 07:40:01,1,菜市口西,大北窑东
57,14,27,2019-06-05 07:40:01,1,菜市口西,马圈
57,15,19,2019-06-05 07:41:01,1,虎坊桥路口西,东城三里河
57,15,17,2019-06-05 07:41:01,1,虎坊桥路口西,板章路
57,17,20,2019-06-05 07:47:01,1,板章路,桥湾
57,17,20,2019-06-05 07:47:01,1,板章路,桥湾
57,17,32,2019-06-05 07:47:01,1,板章路,大北窑东
57,18,32,2019-06-05 07:50:01,1,过街楼,大北窑东
57,19,31,2019-06-05 07:51:01,1,东城三里河,大北窑南
57,19,31,2019-06-05 07:51:01,1,东城三里河,大北窑南
57,19,31,2019-06-05 07:51:01,1,东城三里河,大北窑南
57,21,21,2019-06-05 07:52:01,1,水道子,水道子
57,21,32,2019-06-05 07:55:01,1,水道子,大北窑东
57,22,23,2019-06-05 07:55:01,1,磁器口西,榄杆市
57,22,24,2019-06-05 07:55:01,1,磁器口西,培新街
57,21,24,2019-06-05 07:55:01,1,水道子,培新街
57,23,23,2019-06-05 07:56:01,1,榄杆市,榄杆市
57,23,23,2019-06-05 07:56:01,1,榄杆市,榄杆市
57,23,29,2019-06-05 07:56:01,1,榄杆市,双井桥北
57,24,33,2019-06-05 07:58:01,1,培新街,郎家园
57,24,31,2019-06-05 07:58:01,1,培新街,大北窑南
57,24,31,2019-06-05 07:58:01,1,培新街,大北窑南
57,24,30,2019-06-05 07:58:01,1,培新街,双花园
57,24,31,2019-06-05 07:58:01,1,培新街,大北窑南
57,25,29,2019-06-05 07:59:01,1,安化楼,双井桥北
57,25,29,2019-06-05 07:59:01,1,安化楼,双井桥北
57,25,31,2019-06-05 07:59:01,1,安化楼,大北窑南
57,25,29,2019-06-05 07:59:01,1,安化楼,双井桥北
57,26,32,2019-06-05 08:03:01,1,广渠门内,大北窑东
57,26,33,2019-06-05 08:03:01,1,广渠门内,郎家园
57,26,32,2019-06-05 08:03:01,1,广渠门内,大北窑东
57,26,31,2019-06-05 08:03:01,1,广渠门内,大北窑南
57,26,29,2019-06-05 08:03:01,1,广渠门内,双井桥北
57,26,31,2019-06-05 08:03:01,1,广渠门内,大北窑南
57,26,31,2019-06-05 08:03:01,1,广渠门内,大北窑南
57,27,30,2019-06-05 08:03:01,1,马圈,双花园
57,26,28,2019-06-05 08:03:01,1,广渠门内,垂杨柳
57,26,28,2019-06-05 08:03:01,1,广渠门内,垂杨柳
57,26,27,2019-06-05 08:03:01,1,广渠门内,马圈
57,26,27,2019-06-05 08:03:01,1,广渠门内,马圈
57,26,30,2019-06-05 08:03:01,1,广渠门内,双花园
57,27,32,2019-06-05 08:10:01,1,马圈,大北窑东
57,27,33,2019-06-05 08:10:01,1,马圈,郎家园
57,27,32,2019-06-05 08:10:01,1,马圈,大北窑东
57,27,29,2019-06-05 08:10:01,1,马圈,双井桥北
57,27,31,2019-06-05 08:10:01,1,马圈,大北窑南
57,27,28,2019-06-05 08:10:01,1,马圈,垂杨柳
57,27,29,2019-06-05 08:10:01,1,马圈,双井桥北
57,28,32,2019-06-05 08:12:01,1,垂杨柳,大北窑东
57,28,32,2019-06-05 08:12:01,1,垂杨柳,大北窑东
57,28,33,2019-06-05 08:12:01,1,垂杨柳,郎家园
57,28,31,2019-06-05 08:12:01,1,垂杨柳,大北窑南
57,28,31,2019-06-05 08:12:01,1,垂杨柳,大北窑南
57,28,28,2019-06-05 08:12:01,1,垂杨柳,垂杨柳
57,29,32,2019-06-05 08:17:01,1,双井桥北,大北窑东
57,29,32,2019-06-05 08:18:01,1,双井桥北,大北窑东
57,30,31,2019-06-05 08:18:01,1,双花园,大北窑南
57,30,32,2019-06-05 08:19:01,1,双花园,大北窑东
57,30,32,2019-06-05 08:19:01,1,双花园,大北窑东
57,30,33,2019-06-05 08:19:01,1,双花园,郎家园
57,30,32,2019-06-05 08:19:01,1,双花园,大北窑东
57,30,31,2019-06-05 08:19:01,1,双花园,大北窑南
57,31,33,2019-06-05 08:24:01,1,大北窑南,郎家园
57,31,32,2019-06-05 08:24:01,1,大北窑南,大北窑东
57,31,33,2019-06-05 08:25:01,1,大北窑南,郎家园
57,31,33,2019-06-05 08:25:01,1,大北窑南,郎家园
57,32,33,2019-06-05 08:27:01,1,大北窑东,郎家园
57,32,33,2019-06-05 08:27:01,1,大北窑东,郎家园
57,2,4,2019-06-05 06:32:01,1,岳各庄东路北口,水衙沟路东口
57,2,4,2019-06-05 06:36:01,1,岳各庄东路北口,水衙沟路东口
57,2,2,2019-06-05 06:36:01,1,岳各庄东路北口,岳各庄东路北口
57,2,3,2019-06-05 06:36:01,1,岳各庄东路北口,靛厂村南站
57,2,3,2019-06-05 06:36:01,1,岳各庄东路北口,靛厂村南站
57,2,4,2019-06-05 06:36:01,1,岳各庄东路北口,水衙沟路东口
57,2,4,2019-06-05 06:38:01,1,岳各庄东路北口,水衙沟路东口
57,2,4,2019-06-05 06:38:01,1,岳各庄东路北口,水衙沟路东口
57,2,4,2019-06-05 06:38:01,1,岳各庄东路北口,水衙沟路东口
57,2,5,2019-06-05 06:38:01,1,岳各庄东路北口,白塔村
57,2,4,2019-06-05 06:38:01,1,岳各庄东路北口,水衙沟路东口
57,3,3,2019-06-05 06:40:01,1,靛厂村南站,靛厂村南站
57,3,5,2019-06-05 06:41:01,1,靛厂村南站,白塔村
57,3,4,2019-06-05 06:41:01,1,靛厂村南站,水衙沟路东口
57,3,4,2019-06-05 06:41:01,1,靛厂村南站,水衙沟路东口
57,3,7,2019-06-05 06:41:01,1,靛厂村南站,六里桥西
57,3,7,2019-06-05 06:41:01,1,靛厂村南站,六里桥西
57,4,5,2019-06-05 06:43:01,1,水衙沟路东口,白塔村
57,4,5,2019-06-05 06:43:01,1,水衙沟路东口,白塔村
57,4,4,2019-06-05 06:44:01,1,水衙沟路东口,水衙沟路东口
57,4,6,2019-06-05 06:44:01,1,水衙沟路东口,小井路口东
57,4,6,2019-06-05 06:44:01,1,水衙沟路东口,小井路口东
57,4,7,2019-06-05 06:44:01,1,水衙沟路东口,六里桥西
57,4,4,2019-06-05 06:45:01,1,水衙沟路东口,水衙沟路东口
57,4,5,2019-06-05 06:45:01,1,水衙沟路东口,白塔村
57,4,4,2019-06-05 06:49:01,1,水衙沟路东口,水衙沟路东口
57,4,5,2019-06-05 06:50:01,1,水衙沟路东口,白塔村
57,4,4,2019-06-05 06:50:01,1,水衙沟路东口,水衙沟路东口
57,4,5,2019-06-05 07:00:01,1,水衙沟路东口,白塔村
57,4,8,2019-06-05 07:00:01,1,水衙沟路东口,六里桥东
57,4,4,2019-06-05 07:02:01,1,水衙沟路东口,水衙沟路东口
57,4,7,2019-06-05 07:02:01,1,水衙沟路东口,六里桥西
57,4,5,2019-06-05 07:02:01,1,水衙沟路东口,白塔村
57,4,7,2019-06-05 07:02:01,1,水衙沟路东口,六里桥西
57,5,6,2019-06-05 07:04:01,1,白塔村,小井路口东
57,5,7,2019-06-05 07:04:01,1,白塔村,六里桥西
57,5,7,2019-06-05 07:04:01,1,白塔村,六里桥西
57,5,7,2019-06-05 07:04:01,1,白塔村,六里桥西
57,5,7,2019-06-05 07:04:01,1,白塔村,六里桥西
57,6,7,2019-06-05 07:15:01,1,小井路口东,六里桥西
57,6,7,2019-06-05 07:15:01,1,小井路口东,六里桥西
57,6,8,2019-06-05 07:15:01,1,小井路口东,六里桥东
57,7,7,2019-06-05 07:20:01,1,六里桥西,六里桥西
57,7,7,2019-06-05 07:20:01,1,六里桥西,六里桥西
57,7,7,2019-06-05 07:20:01,1,六里桥西,六里桥西
57,7,7,2019-06-05 07:20:01,1,六里桥西,六里桥西
57,7,7,2019-06-05 07:20:01,1,六里桥西,六里桥西
57,7,7,2019-06-05 07:20:01,1,六里桥西,六里桥西
57,7,8,2019-06-05 07:22:01,1,六里桥西,六里桥东
57,7,7,2019-06-05 07:23:01,1,六里桥西,六里桥西
57,1,7,2019-06-05 07:05:01,1,靛厂新村,六里桥西
57,1,24,2019-06-05 07:05:01,1,靛厂新村,培新街
57,4,4,2019-06-05 07:08:01,1,水衙沟路东口,水衙沟路东口
57,5,8,2019-06-05 07:09:01,1,白塔村,六里桥东
57,4,8,2019-06-05 07:09:01,1,水衙沟路东口,六里桥东
57,6,6,2019-06-05 07:13:01,1,小井路口东,小井路口东
57,6,6,2019-06-05 07:13:01,1,小井路口东,小井路口东
57,8,21,2019-06-05 07:20:01,1,六里桥东,水道子
57,8,15,2019-06-05 07:20:01,1,六里桥东,虎坊桥路口西
57,8,11,2019-06-05 07:20:01,1,六里桥东,达官营
57,8,28,2019-06-05 07:20:01,1,六里桥东,垂杨柳
57,8,34,2019-06-05 07:20:01,1,六里桥东,四惠枢纽站
57,8,34,2019-06-05 07:20:01,1,六里桥东,四惠枢纽站
57,8,19,2019-06-05 07:20:01,1,六里桥东,东城三里河
57,8,10,2019-06-05 07:21:01,1,六里桥东,湾子
57,8,11,2019-06-05 07:21:01,1,六里桥东,达官营
57,8,16,2019-06-05 07:21:01,1,六里桥东,虎坊桥路口东
57,8,14,2019-06-05 07:21:01,1,六里桥东,菜市口西
57,8,10,2019-06-05 07:21:01,1,六里桥东,湾子
57,8,11,2019-06-05 07:21:01,1,六里桥东,达官营
57,8,10,2019-06-05 07:21:01,1,六里桥东,湾子
57,8,15,2019-06-05 07:21:01,1,六里桥东,虎坊桥路口西
57,8,10,2019-06-05 07:21:01,1,六里桥东,湾子
57,8,12,2019-06-05 07:21:01,1,六里桥东,广安门内
57,8,8,2019-06-05 07:21:01,1,六里桥东,六里桥东
57,8,8,2019-06-05 07:21:01,1,六里桥东,六里桥东
57,8,32,2019-06-05 07:21:01,1,六里桥东,大北窑东
57,8,28,2019-06-05 07:21:01,1,六里桥东,垂杨柳
57,8,24,2019-06-05 07:21:01,1,六里桥东,培新街
57,8,21,2019-06-05 07:21:01,1,六里桥东,水道子
57,8,16,2019-06-05 07:21:01,1,六里桥东,虎坊桥路口东
57,8,26,2019-06-05 07:21:01,1,六里桥东,广渠门内
57,8,23,2019-06-05 07:21:01,1,六里桥东,榄杆市
57,8,26,2019-06-05 07:21:01,1,六里桥东,广渠门内
57,8,21,2019-06-05 07:21:01,1,六里桥东,水道子
57,8,17,2019-06-05 07:22:01,1,六里桥东,板章路
57,9,33,2019-06-05 07:25:01,1,莲花池,郎家园
57,9,28,2019-06-05 07:25:01,1,莲花池,垂杨柳
57,9,31,2019-06-05 07:25:01,1,莲花池,大北窑南
57,10,11,2019-06-05 07:29:01,1,湾子,达官营
57,10,11,2019-06-05 07:29:01,1,湾子,达官营
57,10,11,2019-06-05 07:29:01,1,湾子,达官营
57,10,21,2019-06-05 07:29:01,1,湾子,水道子
57,10,21,2019-06-05 07:29:01,1,湾子,水道子
57,10,21,2019-06-05 07:29:01,1,湾子,水道子
57,10,21,2019-06-05 07:29:01,1,湾子,水道子
57,10,17,2019-06-05 07:29:01,1,湾子,板章路
57,11,16,2019-06-05 07:30:01,1,达官营,虎坊桥路口东
57,11,16,2019-06-05 07:30:01,1,达官营,虎坊桥路口东
57,11,16,2019-06-05 07:30:01,1,达官营,虎坊桥路口东
57,11,11,2019-06-05 07:30:01,1,达官营,达官营
57,11,33,2019-06-05 07:30:01,1,达官营,郎家园
57,11,28,2019-06-05 07:30:01,1,达官营,垂杨柳
57,11,30,2019-06-05 07:30:01,1,达官营,双花园
57,11,31,2019-06-05 07:30:01,1,达官营,大北窑南
57,11,16,2019-06-05 07:30:01,1,达官营,虎坊桥路口东
57,11,17,2019-06-05 07:30:01,1,达官营,板章路
57,11,16,2019-06-05 07:30:01,1,达官营,虎坊桥路口东
57,11,17,2019-06-05 07:30:01,1,达官营,板章路
57,11,31,2019-06-05 07:30:01,1,达官营,大北窑南
57,11,11,2019-06-05 07:31:01,1,达官营,达官营
57,11,15,2019-06-05 07:31:01,1,达官营,虎坊桥路口西
57,11,21,2019-06-05 07:35:01,1,达官营,水道子
57,11,22,2019-06-05 07:35:01,1,达官营,磁器口西
57,11,14,2019-06-05 07:36:01,1,达官营,菜市口西
57,13,31,2019-06-05 07:38:01,1,牛街路口东,大北窑南
57,13,33,2019-06-05 07:38:01,1,牛街路口东,郎家园
57,13,22,2019-06-05 07:38:01,1,牛街路口东,磁器口西
57,13,23,2019-06-05 07:38:01,1,牛街路口东,榄杆市
57,13,22,2019-06-05 07:38:01,1,牛街路口东,磁器口西
57,14,34,2019-06-05 07:40:01,1,菜市口西,四惠枢纽站
57,15,25,2019-06-05 07:42:01,1,虎坊桥路口西,安化楼
57,16,23,2019-06-05 07:46:01,1,虎坊桥路口东,榄杆市
57,20,31,2019-06-05 07:52:01,1,桥湾,大北窑南
57,21,31,2019-06-05 07:55:01,1,水道子,大北窑南
57,22,27,2019-06-05 07:56:01,1,磁器口西,马圈
57,24,27,2019-06-05 08:00:01,1,培新街,马圈
57,24,30,2019-06-05 08:00:01,1,培新街,双花园
57,24,28,2019-06-05 08:00:01,1,培新街,垂杨柳
57,24,34,2019-06-05 08:00:01,1,培新街,四惠枢纽站
57,24,25,2019-06-05 08:00:01,1,培新街,安化楼
57,26,33,2019-06-05 08:03:01,1,广渠门内,郎家园
57,26,33,2019-06-05 08:03:01,1,广渠门内,郎家园
57,26,34,2019-06-05 08:10:01,1,广渠门内,四惠枢纽站
57,26,27,2019-06-05 08:10:01,1,广渠门内,马圈
57,26,33,2019-06-05 08:10:01,1,广渠门内,郎家园
57,26,32,2019-06-05 08:10:01,1,广渠门内,大北窑东
57,27,32,2019-06-05 08:12:01,1,马圈,大北窑东
57,29,32,2019-06-05 08:19:01,1,双井桥北,大北窑东
57,1,1,2019-06-05 06:30:01,1,靛厂新村,靛厂新村
57,1,1,2019-06-05 06:31:01,1,靛厂新村,靛厂新村
57,1,1,2019-06-05 06:31:01,1,靛厂新村,靛厂新村
57,1,1,2019-06-05 06:31:01,1,靛厂新村,靛厂新村
57,1,1,2019-06-05 06:34:01,1,靛厂新村,靛厂新村
57,1,1,2019-06-05 06:34:01,1,靛厂新村,靛厂新村
57,1,1,2019-06-05 07:14:01,1,靛厂新村,靛厂新村
57,1,1,2019-06-05 07:14:01,1,靛厂新村,靛厂新村
57,1,1,2019-06-05 07:15:01,1,靛厂新村,靛厂新村
57,1,1,2019-06-05 07:15:01,1,靛厂新村,靛厂新村
57,1,1,2019-06-05 07:15:01,1,靛厂新村,靛厂新村
57,1,1,2019-06-05 07:17:01,1,靛厂新村,靛厂新村
57,1,1,2019-06-05 07:17:01,1,靛厂新村,靛厂新村
57,1,1,2019-06-05 07:17:01,1,靛厂新村,靛厂新村
57,1,1,2019-06-05 07:17:01,1,靛厂新村,靛厂新村
57,1,1,2019-06-05 07:17:01,1,靛厂新村,靛厂新村
57,1,1,2019-06-05 07:17:01,1,靛厂新村,靛厂新村
57,1,1,2019-06-05 07:17:01,1,靛厂新村,靛厂新村
57,1,1,2019-06-05 07:17:01,1,靛厂新村,靛厂新村
57,1,1,2019-06-05 07:17:01,1,靛厂新村,靛厂新村
57,1,1,2019-06-05 07:18:01,1,靛厂新村,靛厂新村
57,1,1,2019-06-05 07:18:01,1,靛厂新村,靛厂新村
57,1,1,2019-06-05 07:18:01,1,靛厂新村,靛厂新村
57,1,1,2019-06-05 07:18:01,1,靛厂新村,靛厂新村
57,1,1,2019-06-05 07:20:01,1,靛厂新村,靛厂新村
57,1,1,2019-06-05 07:20:01,1,靛厂新村,靛厂新村
57,1,1,2019-06-05 07:23:01,1,靛厂新村,靛厂新村
57,1,1,2019-06-05 07:23:01,1,靛厂新村,靛厂新村
57,1,1,2019-06-05 07:23:01,1,靛厂新村,靛厂新村
57,1,1,2019-06-05 07:23:01,1,靛厂新村,靛厂新村
57,1,1,2019-06-05 07:23:01,1,靛厂新村,靛厂新村
57,1,1,2019-06-05 07:23:01,1,靛厂新村,靛厂新村
57,1,1,2019-06-05 07:23:01,1,靛厂新村,靛厂新村
57,1,1,2019-06-05 07:27:01,1,靛厂新村,靛厂新村
57,1,1,2019-06-05 07:27:01,1,靛厂新村,靛厂新村
57,1,1,2019-06-05 07:27:01,1,靛厂新村,靛厂新村
57,1,1,2019-06-05 07:27:01,1,靛厂新村,靛厂新村
57,1,1,2019-06-05 07:27:01,1,靛厂新村,靛厂新村
57,1,1,2019-06-05 07:27:01,1,靛厂新村,靛厂新村
57,1,1,2019-06-05 07:27:01,1,靛厂新村,靛厂新村
57,1,1,2019-06-05 07:30:01,1,靛厂新村,靛厂新村
57,1,1,2019-06-05 07:30:01,1,靛厂新村,靛厂新村
57,1,1,2019-06-05 07:30:01,1,靛厂新村,靛厂新村
57,1,1,2019-06-05 07:30:01,1,靛厂新村,靛厂新村
57,1,1,2019-06-05 07:30:01,1,靛厂新村,靛厂新村
57,1,1,2019-06-05 07:30:01,1,靛厂新村,靛厂新村
57,1,1,2019-06-05 07:30:01,1,靛厂新村,靛厂新村
57,1,1,2019-06-05 07:30:01,1,靛厂新村,靛厂新村
57,1,1,2019-06-05 07:30:01,1,靛厂新村,靛厂新村
57,1,1,2019-06-05 07:30:01,1,靛厂新村,靛厂新村
57,1,1,2019-06-05 07:30:01,1,靛厂新村,靛厂新村
57,1,1,2019-06-05 07:30:01,1,靛厂新村,靛厂新村
57,1,1,2019-06-05 07:30:01,1,靛厂新村,靛厂新村
57,1,1,2019-06-05 07:30:01,1,靛厂新村,靛厂新村
57,1,1,2019-06-05 07:30:01,1,靛厂新村,靛厂新村
57,1,1,2019-06-05 07:30:01,1,靛厂新村,靛厂新村
57,1,1,2019-06-05 07:30:01,1,靛厂新村,靛厂新村
57,1,1,2019-06-05 07:30:01,1,靛厂新村,靛厂新村
57,1,1,2019-06-05 07:30:01,1,靛厂新村,靛厂新村
57,1,1,2019-06-05 07:30:01,1,靛厂新村,靛厂新村
57,1,1,2019-06-05 07:30:01,1,靛厂新村,靛厂新村
57,1,1,2019-06-05 07:31:01,1,靛厂新村,靛厂新村
57,1,1,2019-06-05 07:34:01,1,靛厂新村,靛厂新村
57,1,1,2019-06-05 07:39:01,1,靛厂新村,靛厂新村
57,1,1,2019-06-05 07:39:01,1,靛厂新村,靛厂新村
57,1,1,2019-06-05 07:39:01,1,靛厂新村,靛厂新村
57,1,1,2019-06-05 07:41:01,1,靛厂新村,靛厂新村
57,1,1,2019-06-05 07:47:01,1,靛厂新村,靛厂新村
57,1,1,2019-06-05 07:47:01,1,靛厂新村,靛厂新村
57,1,1,2019-06-05 07:48:01,1,靛厂新村,靛厂新村
57,1,1,2019-06-05 07:53:01,1,靛厂新村,靛厂新村
57,1,1,2019-06-05 07:53:01,1,靛厂新村,靛厂新村
57,1,1,2019-06-05 07:53:01,1,靛厂新村,靛厂新村
57,1,1,2019-06-05 07:53:01,1,靛厂新村,靛厂新村
57,1,1,2019-06-05 07:53:01,1,靛厂新村,靛厂新村
57,1,1,2019-06-05 07:53:01,1,靛厂新村,靛厂新村
57,1,1,2019-06-05 07:53:01,1,靛厂新村,靛厂新村
57,1,1,2019-06-05 07:54:01,1,靛厂新村,靛厂新村
57,1,1,2019-06-05 07:55:01,1,靛厂新村,靛厂新村
57,1,1,2019-06-05 07:58:01,1,靛厂新村,靛厂新村
57,1,1,2019-06-05 07:58:01,1,靛厂新村,靛厂新村
57,1,1,2019-06-05 08:00:01,1,靛厂新村,靛厂新村
57,1,1,2019-06-05 08:00:01,1,靛厂新村,靛厂新村
57,1,1,2019-06-05 08:00:01,1,靛厂新村,靛厂新村
57,1,1,2019-06-05 08:00:01,1,靛厂新村,靛厂新村
57,1,1,2019-06-05 08:00:01,1,靛厂新村,靛厂新村
57,1,1,2019-06-05 08:00:01,1,靛厂新村,靛厂新村
57,1,1,2019-06-05 08:01:01,1,靛厂新村,靛厂新村
57,1,1,2019-06-05 08:01:01,1,靛厂新村,靛厂新村
57,1,1,2019-06-05 08:04:01,1,靛厂新村,靛厂新村
57,1,1,2019-06-05 08:05:01,1,靛厂新村,靛厂新村
57,1,1,2019-06-05 08:12:01,1,靛厂新村,靛厂新村
57,1,1,2019-06-05 08:25:01,1,靛厂新村,靛厂新村
57,1,1,2019-06-05 08:27:01,1,靛厂新村,靛厂新村
57,1,1,2019-06-05 08:27:01,1,靛厂新村,靛厂新村
57,1,1,2019-06-05 08:27:01,1,靛厂新村,靛厂新村
57,1,1,2019-06-05 08:27:01,1,靛厂新村,靛厂新村
57,1,1,2019-06-05 08:27:01,1,靛厂新村,靛厂新村
57,1,7,2019-06-05 07:55:01,1,靛厂新村,六里桥西
57,1,7,2019-06-05 07:55:01,1,靛厂新村,六里桥西
57,1,7,2019-06-05 07:55:01,1,靛厂新村,六里桥西
57,1,7,2019-06-05 07:55:01,1,靛厂新村,六里桥西
57,1,7,2019-06-05 07:55:01,1,靛厂新村,六里桥西
57,1,7,2019-06-05 07:55:01,1,靛厂新村,六里桥西
57,1,7,2019-06-05 07:55:01,1,靛厂新村,六里桥西
57,1,13,2019-06-05 07:55:01,1,靛厂新村,牛街路口东
57,1,12,2019-06-05 07:55:01,1,靛厂新村,广安门内
57,1,13,2019-06-05 07:55:01,1,靛厂新村,牛街路口东
57,1,3,2019-06-05 07:55:01,1,靛厂新村,靛厂村南站
57,1,1,2019-06-05 07:55:01,1,靛厂新村,靛厂新村
57,1,2,2019-06-05 07:55:01,1,靛厂新村,岳各庄东路北口
57,1,1,2019-06-05 07:55:01,1,靛厂新村,靛厂新村
57,1,12,2019-06-05 07:55:01,1,靛厂新村,广安门内
57,1,10,2019-06-05 07:55:01,1,靛厂新村,湾子
57,1,11,2019-06-05 07:55:01,1,靛厂新村,达官营
57,1,9,2019-06-05 07:55:01,1,靛厂新村,莲花池
57,2,7,2019-06-05 07:56:01,1,岳各庄东路北口,六里桥西
57,2,2,2019-06-05 07:56:01,1,岳各庄东路北口,岳各庄东路北口
57,2,7,2019-06-05 07:56:01,1,岳各庄东路北口,六里桥西
57,2,7,2019-06-05 07:57:01,1,岳各庄东路北口,六里桥西
57,2,12,2019-06-05 07:57:01,1,岳各庄东路北口,广安门内
57,2,7,2019-06-05 07:57:01,1,岳各庄东路北口,六里桥西
57,2,3,2019-06-05 07:57:01,1,岳各庄东路北口,靛厂村南站
57,2,3,2019-06-05 07:57:01,1,岳各庄东路北口,靛厂村南站
57,2,12,2019-06-05 07:57:01,1,岳各庄东路北口,广安门内
57,2,8,2019-06-05 07:58:01,1,岳各庄东路北口,六里桥东
57,3,7,2019-06-05 07:59:01,1,靛厂村南站,六里桥西
57,3,13,2019-06-05 07:59:01,1,靛厂村南站,牛街路口东
57,6,19,2019-06-05 08:02:01,1,小井路口东,东城三里河
57,6,14,2019-06-05 08:02:01,1,小井路口东,菜市口西
57,6,16,2019-06-05 08:02:01,1,小井路口东,虎坊桥路口东
57,6,17,2019-06-05 08:02:01,1,小井路口东,板章路
57,6,24,2019-06-05 08:02:01,1,小井路口东,培新街
57,6,23,2019-06-05 08:02:01,1,小井路口东,榄杆市
57,6,25,2019-06-05 08:02:01,1,小井路口东,安化楼
57,6,22,2019-06-05 08:02:01,1,小井路口东,磁器口西
57,7,12,2019-06-05 08:06:01,1,六里桥西,广安门内
57,7,11,2019-06-05 08:06:01,1,六里桥西,达官营
57,7,10,2019-06-05 08:06:01,1,六里桥西,湾子
57,7,10,2019-06-05 08:06:01,1,六里桥西,湾子
57,8,13,2019-06-05 08:13:01,1,六里桥东,牛街路口东
57,8,12,2019-06-05 08:13:01,1,六里桥东,广安门内
57,8,28,2019-06-05 08:13:01,1,六里桥东,垂杨柳
57,8,28,2019-06-05 08:13:01,1,六里桥东,垂杨柳
57,8,31,2019-06-05 08:14:01,1,六里桥东,大北窑南
57,8,12,2019-06-05 08:14:01,1,六里桥东,广安门内
57,8,14,2019-06-05 08:14:01,1,六里桥东,菜市口西
57,8,13,2019-06-05 08:14:01,1,六里桥东,牛街路口东
57,8,12,2019-06-05 08:14:01,1,六里桥东,广安门内
57,8,13,2019-06-05 08:14:01,1,六里桥东,牛街路口东
57,8,13,2019-06-05 08:14:01,1,六里桥东,牛街路口东
57,8,17,2019-06-05 08:14:01,1,六里桥东,板章路
57,8,16,2019-06-05 08:14:01,1,六里桥东,虎坊桥路口东
57,8,15,2019-06-05 08:14:01,1,六里桥东,虎坊桥路口西
57,8,14,2019-06-05 08:14:01,1,六里桥东,菜市口西
57,8,21,2019-06-05 08:14:01,1,六里桥东,水道子
57,8,26,2019-06-05 08:14:01,1,六里桥东,广渠门内
57,8,24,2019-06-05 08:14:01,1,六里桥东,培新街
57,8,18,2019-06-05 08:14:01,1,六里桥东,过街楼
57,8,24,2019-06-05 08:14:01,1,六里桥东,培新街
57,8,25,2019-06-05 08:14:01,1,六里桥东,安化楼
57,8,18,2019-06-05 08:14:01,1,六里桥东,过街楼
57,8,26,2019-06-05 08:14:01,1,六里桥东,广渠门内
57,8,22,2019-06-05 08:14:01,1,六里桥东,磁器口西
57,8,19,2019-06-05 08:14:01,1,六里桥东,东城三里河
57,8,22,2019-06-05 08:14:01,1,六里桥东,磁器口西
57,8,22,2019-06-05 08:14:01,1,六里桥东,磁器口西
57,8,11,2019-06-05 08:14:01,1,六里桥东,达官营
57,8,10,2019-06-05 08:14:01,1,六里桥东,湾子
57,8,11,2019-06-05 08:14:01,1,六里桥东,达官营
57,8,12,2019-06-05 08:14:01,1,六里桥东,广安门内
57,8,11,2019-06-05 08:14:01,1,六里桥东,达官营
57,8,9,2019-06-05 08:14:01,1,六里桥东,莲花池
57,8,9,2019-06-05 08:14:01,1,六里桥东,莲花池
57,8,8,2019-06-05 08:14:01,1,六里桥东,六里桥东
57,8,32,2019-06-05 08:15:01,1,六里桥东,大北窑东
57,8,31,2019-06-05 08:15:01,1,六里桥东,大北窑南
57,8,13,2019-06-05 08:15:01,1,六里桥东,牛街路口东
57,8,14,2019-06-05 08:15:01,1,六里桥东,菜市口西
57,8,8,2019-06-05 08:15:01,1,六里桥东,六里桥东
57,8,8,2019-06-05 08:15:01,1,六里桥东,六里桥东
57,8,9,2019-06-05 08:15:01,1,六里桥东,莲花池
57,9,20,2019-06-05 08:24:01,1,莲花池,桥湾
57,9,24,2019-06-05 08:24:01,1,莲花池,培新街
57,9,9,2019-06-05 08:24:01,1,莲花池,莲花池
57,10,31,2019-06-05 08:27:01,1,湾子,大北窑南
57,10,29,2019-06-05 08:27:01,1,湾子,双井桥北
57,10,21,2019-06-05 08:27:01,1,湾子,水道子
57,10,17,2019-06-05 08:27:01,1,湾子,板章路
57,10,20,2019-06-05 08:27:01,1,湾子,桥湾
57,10,20,2019-06-05 08:27:01,1,湾子,桥湾
57,10,15,2019-06-05 08:27:01,1,湾子,虎坊桥路口西
57,10,26,2019-06-05 08:27:01,1,湾子,广渠门内
57,10,22,2019-06-05 08:27:01,1,湾子,磁器口西
57,10,13,2019-06-05 08:28:01,1,湾子,牛街路口东
57,10,13,2019-06-05 08:28:01,1,湾子,牛街路口东
57,10,24,2019-06-05 08:28:01,1,湾子,培新街
57,10,11,2019-06-05 08:28:01,1,湾子,达官营
57,10,11,2019-06-05 08:28:01,1,湾子,达官营
57,11,33,2019-06-05 08:31:01,1,达官营,郎家园
57,11,13,2019-06-05 08:31:01,1,达官营,牛街路口东
57,11,12,2019-06-05 08:31:01,1,达官营,广安门内
57,11,12,2019-06-05 08:31:01,1,达官营,广安门内
57,11,12,2019-06-05 08:31:01,1,达官营,广安门内
57,11,16,2019-06-05 08:31:01,1,达官营,虎坊桥路口东
57,11,17,2019-06-05 08:31:01,1,达官营,板章路
57,11,14,2019-06-05 08:31:01,1,达官营,菜市口西
57,11,16,2019-06-05 08:31:01,1,达官营,虎坊桥路口东
57,11,15,2019-06-05 08:31:01,1,达官营,虎坊桥路口西
57,11,28,2019-06-05 08:31:01,1,达官营,垂杨柳
57,11,19,2019-06-05 08:31:01,1,达官营,东城三里河
57,11,26,2019-06-05 08:31:01,1,达官营,广渠门内
57,11,22,2019-06-05 08:31:01,1,达官营,磁器口西
57,11,22,2019-06-05 08:31:01,1,达官营,磁器口西
57,11,11,2019-06-05 08:31:01,1,达官营,达官营
57,12,31,2019-06-05 08:37:01,1,广安门内,大北窑南
57,12,29,2019-06-05 08:38:01,1,广安门内,双井桥北
57,12,33,2019-06-05 08:38:01,1,广安门内,郎家园
57,12,22,2019-06-05 08:38:01,1,广安门内,磁器口西
57,12,18,2019-06-05 08:38:01,1,广安门内,过街楼
57,12,13,2019-06-05 08:38:01,1,广安门内,牛街路口东
57,12,22,2019-06-05 08:38:01,1,广安门内,磁器口西
57,12,22,2019-06-05 08:38:01,1,广安门内,磁器口西
57,12,22,2019-06-05 08:38:01,1,广安门内,磁器口西
57,12,22,2019-06-05 08:38:01,1,广安门内,磁器口西
57,12,26,2019-06-05 08:38:01,1,广安门内,广渠门内
57,12,27,2019-06-05 08:38:01,1,广安门内,马圈
57,12,23,2019-06-05 08:38:01,1,广安门内,榄杆市
57,12,13,2019-06-05 08:39:01,1,广安门内,牛街路口东
57,12,12,2019-06-05 08:39:01,1,广安门内,广安门内
57,13,34,2019-06-05 08:44:01,1,牛街路口东,四惠枢纽站
57,13,31,2019-06-05 08:44:01,1,牛街路口东,大北窑南
57,13,16,2019-06-05 08:44:01,1,牛街路口东,虎坊桥路口东
57,13,16,2019-06-05 08:44:01,1,牛街路口东,虎坊桥路口东
57,13,22,2019-06-05 08:44:01,1,牛街路口东,磁器口西
57,13,22,2019-06-05 08:44:01,1,牛街路口东,磁器口西
57,13,26,2019-06-05 08:44:01,1,牛街路口东,广渠门内
57,13,24,2019-06-05 08:44:01,1,牛街路口东,培新街
57,13,23,2019-06-05 08:44:01,1,牛街路口东,榄杆市
57,13,24,2019-06-05 08:44:01,1,牛街路口东,培新街
57,13,29,2019-06-05 08:45:01,1,牛街路口东,双井桥北
57,13,14,2019-06-05 08:45:01,1,牛街路口东,菜市口西
57,13,21,2019-06-05 08:45:01,1,牛街路口东,水道子
57,13,16,2019-06-05 08:45:01,1,牛街路口东,虎坊桥路口东
57,13,16,2019-06-05 08:45:01,1,牛街路口东,虎坊桥路口东
57,13,15,2019-06-05 08:45:01,1,牛街路口东,虎坊桥路口西
57,13,22,2019-06-05 08:45:01,1,牛街路口东,磁器口西
57,14,16,2019-06-05 08:46:01,1,菜市口西,虎坊桥路口东
57,14,21,2019-06-05 08:46:01,1,菜市口西,水道子
57,14,22,2019-06-05 08:46:01,1,菜市口西,磁器口西
57,14,27,2019-06-05 08:46:01,1,菜市口西,马圈
57,15,21,2019-06-05 08:47:01,1,虎坊桥路口西,水道子
57,15,22,2019-06-05 08:50:01,1,虎坊桥路口西,磁器口西
57,15,29,2019-06-05 08:50:01,1,虎坊桥路口西,双井桥北
57,15,29,2019-06-05 08:50:01,1,虎坊桥路口西,双井桥北
57,16,31,2019-06-05 08:52:01,1,虎坊桥路口东,大北窑南
57,16,34,2019-06-05 08:52:01,1,虎坊桥路口东,四惠枢纽站
57,17,22,2019-06-05 08:53:01,1,板章路,磁器口西
57,17,25,2019-06-05 08:54:01,1,板章路,安化楼
57,17,24,2019-06-05 08:54:01,1,板章路,培新街
57,19,19,2019-06-05 08:57:01,1,东城三里河,东城三里河
57,21,31,2019-06-05 08:59:01,1,水道子,大北窑南
57,21,23,2019-06-05 08:59:01,1,水道子,榄杆市
57,22,26,2019-06-05 09:00:01,1,磁器口西,广渠门内
57,23,31,2019-06-05 09:02:01,1,榄杆市,大北窑南
57,23,33,2019-06-05 09:02:01,1,榄杆市,郎家园
57,23,23,2019-06-05 09:02:01,1,榄杆市,榄杆市
57,24,34,2019-06-05 09:06:01,1,培新街,四惠枢纽站
57,24,34,2019-06-05 09:06:01,1,培新街,四惠枢纽站
57,24,31,2019-06-05 09:07:01,1,培新街,大北窑南
57,25,27,2019-06-05 09:11:01,1,安化楼,马圈
57,25,28,2019-06-05 09:11:01,1,安化楼,垂杨柳
57,26,34,2019-06-05 09:18:01,1,广渠门内,四惠枢纽站
57,26,31,2019-06-05 09:18:01,1,广渠门内,大北窑南
57,26,31,2019-06-05 09:18:01,1,广渠门内,大北窑南
57,26,28,2019-06-05 09:18:01,1,广渠门内,垂杨柳
57,26,26,2019-06-05 09:18:01,1,广渠门内,广渠门内
57,26,26,2019-06-05 09:18:01,1,广渠门内,广渠门内
57,26,26,2019-06-05 09:18:01,1,广渠门内,广渠门内
57,27,34,2019-06-05 09:23:01,1,马圈,四惠枢纽站
57,27,31,2019-06-05 09:23:01,1,马圈,大北窑南
57,27,27,2019-06-05 09:23:01,1,马圈,马圈
57,27,27,2019-06-05 09:23:01,1,马圈,马圈
57,28,33,2019-06-05 09:25:01,1,垂杨柳,郎家园
57,28,34,2019-06-05 09:25:01,1,垂杨柳,四惠枢纽站
57,28,34,2019-06-05 09:25:01,1,垂杨柳,四惠枢纽站
57,5,17,2019-06-05 06:30:01,1,白塔村,板章路
57,6,8,2019-06-05 06:32:01,1,小井路口东,六里桥东
57,6,14,2019-06-05 06:32:01,1,小井路口东,菜市口西
57,6,9,2019-06-05 06:32:01,1,小井路口东,莲花池
57,6,25,2019-06-05 06:32:01,1,小井路口东,安化楼
57,6,17,2019-06-05 06:32:01,1,小井路口东,板章路
57,6,27,2019-06-05 06:32:01,1,小井路口东,马圈
57,6,31,2019-06-05 06:32:01,1,小井路口东,大北窑南
57,7,15,2019-06-05 06:34:01,1,六里桥西,虎坊桥路口西
57,7,12,2019-06-05 06:34:01,1,六里桥西,广安门内
57,7,10,2019-06-05 06:34:01,1,六里桥西,湾子
57,7,26,2019-06-05 06:34:01,1,六里桥西,广渠门内
57,7,26,2019-06-05 06:34:01,1,六里桥西,广渠门内
57,7,19,2019-06-05 06:34:01,1,六里桥西,东城三里河
57,7,26,2019-06-05 06:34:01,1,六里桥西,广渠门内
57,7,34,2019-06-05 06:34:01,1,六里桥西,四惠枢纽站
57,8,9,2019-06-05 06:37:01,1,六里桥东,莲花池
57,8,8,2019-06-05 06:37:01,1,六里桥东,六里桥东
57,8,13,2019-06-05 06:37:01,1,六里桥东,牛街路口东
57,8,14,2019-06-05 06:37:01,1,六里桥东,菜市口西
57,8,13,2019-06-05 06:37:01,1,六里桥东,牛街路口东
57,8,12,2019-06-05 06:37:01,1,六里桥东,广安门内
57,8,11,2019-06-05 06:37:01,1,六里桥东,达官营
57,8,12,2019-06-05 06:37:01,1,六里桥东,广安门内
57,8,10,2019-06-05 06:37:01,1,六里桥东,湾子
57,8,22,2019-06-05 06:37:01,1,六里桥东,磁器口西
57,8,22,2019-06-05 06:37:01,1,六里桥东,磁器口西
57,8,18,2019-06-05 06:37:01,1,六里桥东,过街楼
57,8,24,2019-06-05 06:37:01,1,六里桥东,培新街
57,8,26,2019-06-05 06:37:01,1,六里桥东,广渠门内
57,8,29,2019-06-05 06:37:01,1,六里桥东,双井桥北
57,8,31,2019-06-05 06:37:01,1,六里桥东,大北窑南
57,8,31,2019-06-05 06:37:01,1,六里桥东,大北窑南
57,8,31,2019-06-05 06:37:01,1,六里桥东,大北窑南
57,8,31,2019-06-05 06:37:01,1,六里桥东,大北窑南
57,8,31,2019-06-05 06:37:01,1,六里桥东,大北窑南
57,8,31,2019-06-05 06:37:01,1,六里桥东,大北窑南
57,8,13,2019-06-05 06:38:01,1,六里桥东,牛街路口东
57,8,9,2019-06-05 06:38:01,1,六里桥东,莲花池
57,8,12,2019-06-05 06:38:01,1,六里桥东,广安门内
57,8,10,2019-06-05 06:38:01,1,六里桥东,湾子
57,8,21,2019-06-05 06:38:01,1,六里桥东,水道子
57,8,16,2019-06-05 06:38:01,1,六里桥东,虎坊桥路口东
57,9,10,2019-06-05 06:41:01,1,莲花池,湾子
57,9,9,2019-06-05 06:41:01,1,莲花池,莲花池
57,9,10,2019-06-05 06:41:01,1,莲花池,湾子
57,9,25,2019-06-05 06:41:01,1,莲花池,安化楼
57,10,12,2019-06-05 06:44:01,1,湾子,广安门内
57,10,16,2019-06-05 06:44:01,1,湾子,虎坊桥路口东
57,10,12,2019-06-05 06:44:01,1,湾子,广安门内
57,10,15,2019-06-05 06:44:01,1,湾子,虎坊桥路口西
57,10,12,2019-06-05 06:44:01,1,湾子,广安门内
57,10,13,2019-06-05 06:44:01,1,湾子,牛街路口东
57,10,13,2019-06-05 06:44:01,1,湾子,牛街路口东
57,10,16,2019-06-05 06:44:01,1,湾子,虎坊桥路口东
57,10,10,2019-06-05 06:44:01,1,湾子,湾子
57,10,22,2019-06-05 06:44:01,1,湾子,磁器口西
57,10,34,2019-06-05 06:44:01,1,湾子,四惠枢纽站
57,11,13,2019-06-05 06:46:01,1,达官营,牛街路口东
57,11,13,2019-06-05 06:46:01,1,达官营,牛街路口东
57,11,15,2019-06-05 06:46:01,1,达官营,虎坊桥路口西
57,11,13,2019-06-05 06:46:01,1,达官营,牛街路口东
57,11,13,2019-06-05 06:46:01,1,达官营,牛街路口东
57,11,13,2019-06-05 06:46:01,1,达官营,牛街路口东
57,11,24,2019-06-05 06:46:01,1,达官营,培新街
57,11,22,2019-06-05 06:46:01,1,达官营,磁器口西
57,11,29,2019-06-05 06:46:01,1,达官营,双井桥北
57,11,22,2019-06-05 06:47:01,1,达官营,磁器口西
57,11,27,2019-06-05 06:47:01,1,达官营,马圈
57,12,17,2019-06-05 06:49:01,1,广安门内,板章路
57,12,12,2019-06-05 06:49:01,1,广安门内,广安门内
57,12,18,2019-06-05 06:49:01,1,广安门内,过街楼
57,12,18,2019-06-05 06:49:01,1,广安门内,过街楼
57,12,22,2019-06-05 06:50:01,1,广安门内,磁器口西
57,13,23,2019-06-05 06:53:01,1,牛街路口东,榄杆市
57,13,28,2019-06-05 06:53:01,1,牛街路口东,垂杨柳
57,13,32,2019-06-05 06:53:01,1,牛街路口东,大北窑东
57,14,21,2019-06-05 06:54:01,1,菜市口西,水道子
57,14,21,2019-06-05 06:54:01,1,菜市口西,水道子
57,14,29,2019-06-05 06:54:01,1,菜市口西,双井桥北
57,15,16,2019-06-05 06:58:01,1,虎坊桥路口西,虎坊桥路口东
57,15,27,2019-06-05 06:58:01,1,虎坊桥路口西,马圈
57,15,31,2019-06-05 06:58:01,1,虎坊桥路口西,大北窑南
57,16,24,2019-06-05 07:00:01,1,虎坊桥路口东,培新街
57,16,22,2019-06-05 07:00:01,1,虎坊桥路口东,磁器口西
57,16,21,2019-06-05 07:00:01,1,虎坊桥路口东,水道子
57,16,23,2019-06-05 07:00:01,1,虎坊桥路口东,榄杆市
57,16,31,2019-06-05 07:00:01,1,虎坊桥路口东,大北窑南
57,16,31,2019-06-05 07:00:01,1,虎坊桥路口东,大北窑南
57,16,33,2019-06-05 07:00:01,1,虎坊桥路口东,郎家园
57,17,17,2019-06-05 07:01:01,1,板章路,板章路
57,17,24,2019-06-05 07:01:01,1,板章路,培新街
57,17,26,2019-06-05 07:01:01,1,板章路,广渠门内
57,17,27,2019-06-05 07:01:01,1,板章路,马圈
57,17,31,2019-06-05 07:01:01,1,板章路,大北窑南
57,18,18,2019-06-05 07:04:01,1,过街楼,过街楼
57,20,21,2019-06-05 07:06:01,1,桥湾,水道子
57,21,21,2019-06-05 07:08:01,1,水道子,水道子
57,21,22,2019-06-05 07:08:01,1,水道子,磁器口西
57,21,21,2019-06-05 07:08:01,1,水道子,水道子
57,21,21,2019-06-05 07:08:01,1,水道子,水道子
57,21,22,2019-06-05 07:08:01,1,水道子,磁器口西
57,21,28,2019-06-05 07:08:01,1,水道子,垂杨柳
57,21,32,2019-06-05 07:08:01,1,水道子,大北窑东
57,22,27,2019-06-05 07:09:01,1,磁器口西,马圈
57,22,28,2019-06-05 07:09:01,1,磁器口西,垂杨柳
57,23,26,2019-06-05 07:10:01,1,榄杆市,广渠门内
57,23,27,2019-06-05 07:10:01,1,榄杆市,马圈
57,23,24,2019-06-05 07:10:01,1,榄杆市,培新街
57,23,24,2019-06-05 07:10:01,1,榄杆市,培新街
57,23,28,2019-06-05 07:10:01,1,榄杆市,垂杨柳
57,23,27,2019-06-05 07:10:01,1,榄杆市,马圈
57,23,33,2019-06-05 07:10:01,1,榄杆市,郎家园
57,23,34,2019-06-05 07:10:01,1,榄杆市,四惠枢纽站
57,23,33,2019-06-05 07:10:01,1,榄杆市,郎家园
57,24,27,2019-06-05 07:13:01,1,培新街,马圈
57,24,26,2019-06-05 07:13:01,1,培新街,广渠门内
57,24,26,2019-06-05 07:14:01,1,培新街,广渠门内
57,24,27,2019-06-05 07:14:01,1,培新街,马圈
57,24,29,2019-06-05 07:14:01,1,培新街,双井桥北
57,25,29,2019-06-05 07:14:01,1,安化楼,双井桥北
57,25,29,2019-06-05 07:14:01,1,安化楼,双井桥北
57,25,29,2019-06-05 07:14:01,1,安化楼,双井桥北
57,25,29,2019-06-05 07:14:01,1,安化楼,双井桥北
57,24,27,2019-06-05 07:14:01,1,培新街,马圈
57,24,27,2019-06-05 07:14:01,1,培新街,马圈
57,24,29,2019-06-05 07:14:01,1,培新街,双井桥北
57,24,27,2019-06-05 07:14:01,1,培新街,马圈
57,25,34,2019-06-05 07:14:01,1,安化楼,四惠枢纽站
57,25,33,2019-06-05 07:14:01,1,安化楼,郎家园
57,25,33,2019-06-05 07:14:01,1,安化楼,郎家园
57,25,34,2019-06-05 07:14:01,1,安化楼,四惠枢纽站
57,26,29,2019-06-05 07:15:01,1,广渠门内,双井桥北
57,26,31,2019-06-05 07:15:01,1,广渠门内,大北窑南
57,26,31,2019-06-05 07:15:01,1,广渠门内,大北窑南
57,26,31,2019-06-05 07:15:01,1,广渠门内,大北窑南
57,26,31,2019-06-05 07:15:01,1,广渠门内,大北窑南
57,26,29,2019-06-05 07:16:01,1,广渠门内,双井桥北
57,26,33,2019-06-05 07:16:01,1,广渠门内,郎家园
57,26,30,2019-06-05 07:16:01,1,广渠门内,双花园
57,27,29,2019-06-05 07:18:01,1,马圈,双井桥北
57,27,27,2019-06-05 07:18:01,1,马圈,马圈
57,27,29,2019-06-05 07:18:01,1,马圈,双井桥北
57,27,32,2019-06-05 07:18:01,1,马圈,大北窑东
57,27,31,2019-06-05 07:18:01,1,马圈,大北窑南
57,27,31,2019-06-05 07:18:01,1,马圈,大北窑南
57,27,34,2019-06-05 07:18:01,1,马圈,四惠枢纽站
57,28,29,2019-06-05 07:21:01,1,垂杨柳,双井桥北
57,28,28,2019-06-05 07:21:01,1,垂杨柳,垂杨柳
57,28,31,2019-06-05 07:21:01,1,垂杨柳,大北窑南
57,28,34,2019-06-05 07:21:01,1,垂杨柳,四惠枢纽站
57,29,31,2019-06-05 07:24:01,1,双井桥北,大北窑南
57,29,34,2019-06-05 07:24:01,1,双井桥北,四惠枢纽站
57,31,31,2019-06-05 07:29:01,1,大北窑南,大北窑南
57,31,33,2019-06-05 07:29:01,1,大北窑南,郎家园
57,31,31,2019-06-05 07:29:01,1,大北窑南,大北窑南
57,31,32,2019-06-05 07:29:01,1,大北窑南,大北窑东
57,31,33,2019-06-05 07:29:01,1,大北窑南,郎家园
57,1,12,2019-06-05 08:50:01,1,靛厂新村,广安门内
57,1,13,2019-06-05 08:50:01,1,靛厂新村,牛街路口东
57,1,12,2019-06-05 08:50:01,1,靛厂新村,广安门内
57,1,13,2019-06-05 08:50:01,1,靛厂新村,牛街路口东
57,1,32,2019-06-05 08:50:01,1,靛厂新村,大北窑东
57,1,1,2019-06-05 08:50:01,1,靛厂新村,靛厂新村
57,1,1,2019-06-05 08:50:01,1,靛厂新村,靛厂新村
57,1,1,2019-06-05 08:50:01,1,靛厂新村,靛厂新村
57,1,10,2019-06-05 08:50:01,1,靛厂新村,湾子
57,1,10,2019-06-05 08:50:01,1,靛厂新村,湾子
57,1,14,2019-06-05 08:50:01,1,靛厂新村,菜市口西
57,1,7,2019-06-05 08:50:01,1,靛厂新村,六里桥西
57,1,6,2019-06-05 08:50:01,1,靛厂新村,小井路口东
57,1,7,2019-06-05 08:50:01,1,靛厂新村,六里桥西
57,1,6,2019-06-05 08:50:01,1,靛厂新村,小井路口东
57,1,9,2019-06-05 08:50:01,1,靛厂新村,莲花池
57,2,7,2019-06-05 08:51:01,1,岳各庄东路北口,六里桥西
57,2,7,2019-06-05 08:51:01,1,岳各庄东路北口,六里桥西
57,2,11,2019-06-05 08:52:01,1,岳各庄东路北口,达官营
57,2,15,2019-06-05 08:52:01,1,岳各庄东路北口,虎坊桥路口西
57,2,14,2019-06-05 08:52:01,1,岳各庄东路北口,菜市口西
57,2,3,2019-06-05 08:52:01,1,岳各庄东路北口,靛厂村南站
57,2,6,2019-06-05 08:52:01,1,岳各庄东路北口,小井路口东
57,2,6,2019-06-05 08:52:01,1,岳各庄东路北口,小井路口东
57,2,5,2019-06-05 08:52:01,1,岳各庄东路北口,白塔村
57,2,6,2019-06-05 08:52:01,1,岳各庄东路北口,小井路口东
57,2,7,2019-06-05 08:52:01,1,岳各庄东路北口,六里桥西
57,2,5,2019-06-05 08:52:01,1,岳各庄东路北口,白塔村
57,2,9,2019-06-05 08:52:01,1,岳各庄东路北口,莲花池
57,2,5,2019-06-05 08:52:01,1,岳各庄东路北口,白塔村
57,2,2,2019-06-05 08:52:01,1,岳各庄东路北口,岳各庄东路北口
57,2,2,2019-06-05 08:52:01,1,岳各庄东路北口,岳各庄东路北口
57,2,2,2019-06-05 08:52:01,1,岳各庄东路北口,岳各庄东路北口
57,3,12,2019-06-05 08:55:01,1,靛厂村南站,广安门内
57,3,13,2019-06-05 08:55:01,1,靛厂村南站,牛街路口东
57,3,13,2019-06-05 08:55:01,1,靛厂村南站,牛街路口东
57,3,14,2019-06-05 08:55:01,1,靛厂村南站,菜市口西
57,3,13,2019-06-05 08:55:01,1,靛厂村南站,牛街路口东
57,4,13,2019-06-05 08:56:01,1,水衙沟路东口,牛街路口东
57,4,13,2019-06-05 08:56:01,1,水衙沟路东口,牛街路口东
57,4,10,2019-06-05 08:56:01,1,水衙沟路东口,湾子
57,4,7,2019-06-05 08:56:01,1,水衙沟路东口,六里桥西
57,4,7,2019-06-05 08:56:01,1,水衙沟路东口,六里桥西
57,4,7,2019-06-05 08:56:01,1,水衙沟路东口,六里桥西
57,4,10,2019-06-05 08:56:01,1,水衙沟路东口,湾子
57,4,5,2019-06-05 08:56:01,1,水衙沟路东口,白塔村
57,4,11,2019-06-05 08:56:01,1,水衙沟路东口,达官营
57,4,6,2019-06-05 08:56:01,1,水衙沟路东口,小井路口东
57,4,9,2019-06-05 08:56:01,1,水衙沟路东口,莲花池
57,5,5,2019-06-05 08:58:01,1,白塔村,白塔村
57,5,6,2019-06-05 08:58:01,1,白塔村,小井路口东
57,5,13,2019-06-05 08:58:01,1,白塔村,牛街路口东
57,5,6,2019-06-05 08:58:01,1,白塔村,小井路口东
57,5,7,2019-06-05 08:58:01,1,白塔村,六里桥西
57,5,5,2019-06-05 08:58:01,1,白塔村,白塔村
57,5,16,2019-06-05 09:00:01,1,白塔村,虎坊桥路口东
57,5,17,2019-06-05 09:00:01,1,白塔村,板章路
57,5,17,2019-06-05 09:00:01,1,白塔村,板章路
57,6,13,2019-06-05 09:03:01,1,小井路口东,牛街路口东
57,6,17,2019-06-05 09:03:01,1,小井路口东,板章路
57,6,13,2019-06-05 09:03:01,1,小井路口东,牛街路口东
57,6,26,2019-06-05 09:03:01,1,小井路口东,广渠门内
57,6,27,2019-06-05 09:03:01,1,小井路口东,马圈
57,7,13,2019-06-05 09:11:01,1,六里桥西,牛街路口东
57,7,13,2019-06-05 09:11:01,1,六里桥西,牛街路口东
57,7,13,2019-06-05 09:11:01,1,六里桥西,牛街路口东
57,7,14,2019-06-05 09:11:01,1,六里桥西,菜市口西
57,7,31,2019-06-05 09:11:01,1,六里桥西,大北窑南
57,7,7,2019-06-05 09:11:01,1,六里桥西,六里桥西
57,7,7,2019-06-05 09:11:01,1,六里桥西,六里桥西
57,7,23,2019-06-05 09:11:01,1,六里桥西,榄杆市
57,7,11,2019-06-05 09:12:01,1,六里桥西,达官营
57,7,12,2019-06-05 09:12:01,1,六里桥西,广安门内
57,7,21,2019-06-05 09:12:01,1,六里桥西,水道子
57,7,13,2019-06-05 09:12:01,1,六里桥西,牛街路口东
57,7,21,2019-06-05 09:12:01,1,六里桥西,水道子
57,7,15,2019-06-05 09:12:01,1,六里桥西,虎坊桥路口西
57,7,33,2019-06-05 09:12:01,1,六里桥西,郎家园
57,7,28,2019-06-05 09:12:01,1,六里桥西,垂杨柳
57,7,29,2019-06-05 09:12:01,1,六里桥西,双井桥北
57,7,31,2019-06-05 09:12:01,1,六里桥西,大北窑南
57,7,28,2019-06-05 09:12:01,1,六里桥西,垂杨柳
57,7,10,2019-06-05 09:12:01,1,六里桥西,湾子
57,7,15,2019-06-05 09:12:01,1,六里桥西,虎坊桥路口西
57,9,9,2019-06-05 09:19:01,1,莲花池,莲花池
57,9,9,2019-06-05 09:19:01,1,莲花池,莲花池
57,9,31,2019-06-05 09:19:01,1,莲花池,大北窑南
57,9,12,2019-06-05 09:19:01,1,莲花池,广安门内
57,10,23,2019-06-05 09:22:01,1,湾子,榄杆市
57,10,10,2019-06-05 09:22:01,1,湾子,湾子
57,10,17,2019-06-05 09:22:01,1,湾子,板章路
57,10,28,2019-06-05 09:22:01,1,湾子,垂杨柳
57,10,10,2019-06-05 09:22:01,1,湾子,湾子
57,10,14,2019-06-05 09:22:01,1,湾子,菜市口西
57,11,12,2019-06-05 09:24:01,1,达官营,广安门内
57,11,12,2019-06-05 09:24:01,1,达官营,广安门内
57,11,16,2019-06-05 09:24:01,1,达官营,虎坊桥路口东
57,11,12,2019-06-05 09:24:01,1,达官营,广安门内
57,11,12,2019-06-05 09:24:01,1,达官营,广安门内
57,1,7,2019-06-05 08:34:01,1,靛厂新村,六里桥西
57,1,12,2019-06-05 08:34:01,1,靛厂新村,广安门内
57,1,15,2019-06-05 08:34:01,1,靛厂新村,虎坊桥路口西
57,1,7,2019-06-05 08:35:01,1,靛厂新村,六里桥西
57,1,8,2019-06-05 08:35:01,1,靛厂新村,六里桥东
57,1,4,2019-06-05 08:35:01,1,靛厂新村,水衙沟路东口
57,1,2,2019-06-05 08:35:01,1,靛厂新村,岳各庄东路北口
57,1,5,2019-06-05 08:35:01,1,靛厂新村,白塔村
57,1,7,2019-06-05 08:35:01,1,靛厂新村,六里桥西
57,1,5,2019-06-05 08:35:01,1,靛厂新村,白塔村
57,1,12,2019-06-05 08:35:01,1,靛厂新村,广安门内
57,1,8,2019-06-05 08:35:01,1,靛厂新村,六里桥东
57,1,13,2019-06-05 08:35:01,1,靛厂新村,牛街路口东
57,1,10,2019-06-05 08:35:01,1,靛厂新村,湾子
57,1,12,2019-06-05 08:35:01,1,靛厂新村,广安门内
57,1,10,2019-06-05 08:35:01,1,靛厂新村,湾子
57,1,5,2019-06-05 08:35:01,1,靛厂新村,白塔村
57,1,27,2019-06-05 08:35:01,1,靛厂新村,马圈
57,2,31,2019-06-05 08:36:01,1,岳各庄东路北口,大北窑南
57,2,4,2019-06-05 08:36:01,1,岳各庄东路北口,水衙沟路东口
57,2,7,2019-06-05 08:36:01,1,岳各庄东路北口,六里桥西
57,2,8,2019-06-05 08:36:01,1,岳各庄东路北口,六里桥东
57,2,8,2019-06-05 08:36:01,1,岳各庄东路北口,六里桥东
57,2,5,2019-06-05 08:36:01,1,岳各庄东路北口,白塔村
57,2,7,2019-06-05 08:36:01,1,岳各庄东路北口,六里桥西
57,2,8,2019-06-05 08:36:01,1,岳各庄东路北口,六里桥东
57,2,8,2019-06-05 08:36:01,1,岳各庄东路北口,六里桥东
57,2,7,2019-06-05 08:36:01,1,岳各庄东路北口,六里桥西
57,2,6,2019-06-05 08:36:01,1,岳各庄东路北口,小井路口东
57,2,7,2019-06-05 08:36:01,1,岳各庄东路北口,六里桥西
57,3,7,2019-06-05 08:38:01,1,靛厂村南站,六里桥西
57,3,7,2019-06-05 08:38:01,1,靛厂村南站,六里桥西
57,3,7,2019-06-05 08:38:01,1,靛厂村南站,六里桥西
57,3,11,2019-06-05 08:38:01,1,靛厂村南站,达官营
57,3,10,2019-06-05 08:38:01,1,靛厂村南站,湾子
57,3,21,2019-06-05 08:38:01,1,靛厂村南站,水道子
57,3,13,2019-06-05 08:38:01,1,靛厂村南站,牛街路口东
57,3,15,2019-06-05 08:38:01,1,靛厂村南站,虎坊桥路口西
57,4,6,2019-06-05 08:39:01,1,水衙沟路东口,小井路口东
57,4,5,2019-06-05 08:39:01,1,水衙沟路东口,白塔村
57,4,8,2019-06-05 08:39:01,1,水衙沟路东口,六里桥东
57,4,8,2019-06-05 08:39:01,1,水衙沟路东口,六里桥东
57,4,7,2019-06-05 08:39:01,1,水衙沟路东口,六里桥西
57,4,7,2019-06-05 08:39:01,1,水衙沟路东口,六里桥西
57,4,7,2019-06-05 08:39:01,1,水衙沟路东口,六里桥西
57,4,10,2019-06-05 08:39:01,1,水衙沟路东口,湾子
57,4,12,2019-06-05 08:39:01,1,水衙沟路东口,广安门内
57,4,24,2019-06-05 08:39:01,1,水衙沟路东口,培新街
57,4,14,2019-06-05 08:39:01,1,水衙沟路东口,菜市口西
57,4,7,2019-06-05 08:40:01,1,水衙沟路东口,六里桥西
57,4,7,2019-06-05 08:40:01,1,水衙沟路东口,六里桥西
57,5,7,2019-06-05 08:40:01,1,白塔村,六里桥西
57,4,13,2019-06-05 08:40:01,1,水衙沟路东口,牛街路口东
57,4,13,2019-06-05 08:40:01,1,水衙沟路东口,牛街路口东
57,4,12,2019-06-05 08:40:01,1,水衙沟路东口,广安门内
57,4,7,2019-06-05 08:40:01,1,水衙沟路东口,六里桥西
57,4,12,2019-06-05 08:40:01,1,水衙沟路东口,广安门内
57,4,22,2019-06-05 08:40:01,1,水衙沟路东口,磁器口西
57,5,8,2019-06-05 08:41:01,1,白塔村,六里桥东
57,5,13,2019-06-05 08:41:01,1,白塔村,牛街路口东
57,6,16,2019-06-05 08:45:01,1,小井路口东,虎坊桥路口东
57,6,17,2019-06-05 08:45:01,1,小井路口东,板章路
57,7,13,2019-06-05 08:47:01,1,六里桥西,牛街路口东
57,7,11,2019-06-05 08:47:01,1,六里桥西,达官营
57,7,7,2019-06-05 08:47:01,1,六里桥西,六里桥西
57,8,12,2019-06-05 08:49:01,1,六里桥东,广安门内
57,8,8,2019-06-05 08:49:01,1,六里桥东,六里桥东
57,8,12,2019-06-05 08:49:01,1,六里桥东,广安门内
57,8,9,2019-06-05 08:49:01,1,六里桥东,莲花池
57,8,17,2019-06-05 08:49:01,1,六里桥东,板章路
57,8,13,2019-06-05 08:49:01,1,六里桥东,牛街路口东
57,8,13,2019-06-05 08:49:01,1,六里桥东,牛街路口东
57,8,19,2019-06-05 08:49:01,1,六里桥东,东城三里河
57,8,16,2019-06-05 08:49:01,1,六里桥东,虎坊桥路口东
57,8,17,2019-06-05 08:49:01,1,六里桥东,板章路
57,8,26,2019-06-05 08:49:01,1,六里桥东,广渠门内
57,8,33,2019-06-05 08:50:01,1,六里桥东,郎家园
57,8,31,2019-06-05 08:50:01,1,六里桥东,大北窑南
57,8,8,2019-06-05 08:50:01,1,六里桥东,六里桥东
57,8,9,2019-06-05 08:50:01,1,六里桥东,莲花池
57,8,8,2019-06-05 08:50:01,1,六里桥东,六里桥东
57,8,12,2019-06-05 08:50:01,1,六里桥东,广安门内
57,8,11,2019-06-05 08:50:01,1,六里桥东,达官营
57,8,9,2019-06-05 08:50:01,1,六里桥东,莲花池
57,8,9,2019-06-05 08:50:01,1,六里桥东,莲花池
57,8,12,2019-06-05 08:50:01,1,六里桥东,广安门内
57,8,13,2019-06-05 08:50:01,1,六里桥东,牛街路口东
57,8,12,2019-06-05 08:50:01,1,六里桥东,广安门内
57,8,10,2019-06-05 08:50:01,1,六里桥东,湾子
57,8,13,2019-06-05 08:50:01,1,六里桥东,牛街路口东
57,8,13,2019-06-05 08:50:01,1,六里桥东,牛街路口东
57,8,12,2019-06-05 08:50:01,1,六里桥东,广安门内
57,8,12,2019-06-05 08:50:01,1,六里桥东,广安门内
57,8,19,2019-06-05 08:50:01,1,六里桥东,东城三里河
57,8,13,2019-06-05 08:50:01,1,六里桥东,牛街路口东
57,8,24,2019-06-05 08:50:01,1,六里桥东,培新街
57,8,13,2019-06-05 08:50:01,1,六里桥东,牛街路口东
57,8,20,2019-06-05 08:50:01,1,六里桥东,桥湾
57,8,16,2019-06-05 08:50:01,1,六里桥东,虎坊桥路口东
57,8,16,2019-06-05 08:50:01,1,六里桥东,虎坊桥路口东
57,8,19,2019-06-05 08:50:01,1,六里桥东,东城三里河
57,8,21,2019-06-05 08:50:01,1,六里桥东,水道子
57,8,14,2019-06-05 08:50:01,1,六里桥东,菜市口西
57,8,20,2019-06-05 08:50:01,1,六里桥东,桥湾
57,8,13,2019-06-05 08:50:01,1,六里桥东,牛街路口东
57,8,13,2019-06-05 08:50:01,1,六里桥东,牛街路口东
57,8,20,2019-06-05 08:50:01,1,六里桥东,桥湾
57,8,18,2019-06-05 08:50:01,1,六里桥东,过街楼
57,8,13,2019-06-05 08:50:01,1,六里桥东,牛街路口东
57,9,12,2019-06-05 08:54:01,1,莲花池,广安门内
57,10,12,2019-06-05 08:55:01,1,湾子,广安门内
57,9,12,2019-06-05 08:55:01,1,莲花池,广安门内
57,10,31,2019-06-05 08:57:01,1,湾子,大北窑南
57,10,12,2019-06-05 08:57:01,1,湾子,广安门内
57,10,13,2019-06-05 08:57:01,1,湾子,牛街路口东
57,10,22,2019-06-05 08:57:01,1,湾子,磁器口西
57,11,31,2019-06-05 08:58:01,1,达官营,大北窑南
57,10,31,2019-06-05 08:58:01,1,湾子,大北窑南
57,10,31,2019-06-05 08:58:01,1,湾子,大北窑南
57,11,12,2019-06-05 09:00:01,1,达官营,广安门内
57,11,12,2019-06-05 09:00:01,1,达官营,广安门内
57,11,12,2019-06-05 09:00:01,1,达官营,广安门内
57,11,12,2019-06-05 09:00:01,1,达官营,广安门内
57,11,12,2019-06-05 09:00:01,1,达官营,广安门内
57,11,28,2019-06-05 09:00:01,1,达官营,垂杨柳
57,11,26,2019-06-05 09:00:01,1,达官营,广渠门内
57,12,29,2019-06-05 09:05:01,1,广安门内,双井桥北
57,12,13,2019-06-05 09:05:01,1,广安门内,牛街路口东
57,12,20,2019-06-05 09:05:01,1,广安门内,桥湾
57,12,13,2019-06-05 09:05:01,1,广安门内,牛街路口东
57,12,18,2019-06-05 09:05:01,1,广安门内,过街楼
57,12,13,2019-06-05 09:05:01,1,广安门内,牛街路口东
57,12,17,2019-06-05 09:05:01,1,广安门内,板章路
57,12,28,2019-06-05 09:05:01,1,广安门内,垂杨柳
57,12,28,2019-06-05 09:05:01,1,广安门内,垂杨柳
57,13,34,2019-06-05 09:12:01,1,牛街路口东,四惠枢纽站
57,13,34,2019-06-05 09:12:01,1,牛街路口东,四惠枢纽站
57,13,17,2019-06-05 09:12:01,1,牛街路口东,板章路
57,13,16,2019-06-05 09:12:01,1,牛街路口东,虎坊桥路口东
57,13,21,2019-06-05 09:12:01,1,牛街路口东,水道子
57,13,16,2019-06-05 09:12:01,1,牛街路口东,虎坊桥路口东
57,13,15,2019-06-05 09:12:01,1,牛街路口东,虎坊桥路口西
57,13,14,2019-06-05 09:12:01,1,牛街路口东,菜市口西
57,13,22,2019-06-05 09:12:01,1,牛街路口东,磁器口西
57,13,14,2019-06-05 09:12:01,1,牛街路口东,菜市口西
57,13,13,2019-06-05 09:12:01,1,牛街路口东,牛街路口东
57,13,14,2019-06-05 09:12:01,1,牛街路口东,菜市口西
57,14,15,2019-06-05 09:12:01,1,菜市口西,虎坊桥路口西
57,13,16,2019-06-05 09:12:01,1,牛街路口东,虎坊桥路口东
57,14,15,2019-06-05 09:12:01,1,菜市口西,虎坊桥路口西
57,13,27,2019-06-05 09:12:01,1,牛街路口东,马圈
57,13,28,2019-06-05 09:12:01,1,牛街路口东,垂杨柳
57,13,26,2019-06-05 09:12:01,1,牛街路口东,广渠门内
57,13,28,2019-06-05 09:12:01,1,牛街路口东,垂杨柳
57,13,29,2019-06-05 09:12:01,1,牛街路口东,双井桥北
57,14,33,2019-06-05 09:13:01,1,菜市口西,郎家园
57,14,31,2019-06-05 09:13:01,1,菜市口西,大北窑南
57,14,33,2019-06-05 09:13:01,1,菜市口西,郎家园
57,14,34,2019-06-05 09:13:01,1,菜市口西,四惠枢纽站
57,14,34,2019-06-05 09:13:01,1,菜市口西,四惠枢纽站
57,14,33,2019-06-05 09:13:01,1,菜市口西,郎家园
57,14,15,2019-06-05 09:13:01,1,菜市口西,虎坊桥路口西
57,14,15,2019-06-05 09:13:01,1,菜市口西,虎坊桥路口西
57,14,16,2019-06-05 09:13:01,1,菜市口西,虎坊桥路口东
57,14,15,2019-06-05 09:13:01,1,菜市口西,虎坊桥路口西
57,14,15,2019-06-05 09:13:01,1,菜市口西,虎坊桥路口西
57,14,15,2019-06-05 09:13:01,1,菜市口西,虎坊桥路口西
57,14,15,2019-06-05 09:13:01,1,菜市口西,虎坊桥路口西
57,14,22,2019-06-05 09:13:01,1,菜市口西,磁器口西
57,14,15,2019-06-05 09:13:01,1,菜市口西,虎坊桥路口西
57,14,15,2019-06-05 09:13:01,1,菜市口西,虎坊桥路口西
57,14,21,2019-06-05 09:14:01,1,菜市口西,水道子
57,15,29,2019-06-05 09:17:01,1,虎坊桥路口西,双井桥北
57,16,33,2019-06-05 09:18:01,1,虎坊桥路口东,郎家园
57,16,33,2019-06-05 09:18:01,1,虎坊桥路口东,郎家园
57,16,33,2019-06-05 09:18:01,1,虎坊桥路口东,郎家园
57,17,31,2019-06-05 09:20:01,1,板章路,大北窑南
57,17,24,2019-06-05 09:20:01,1,板章路,培新街
57,17,28,2019-06-05 09:20:01,1,板章路,垂杨柳
57,17,25,2019-06-05 09:20:01,1,板章路,安化楼
57,17,29,2019-06-05 09:20:01,1,板章路,双井桥北
57,18,25,2019-06-05 09:23:01,1,过街楼,安化楼
57,19,23,2019-06-05 09:24:01,1,东城三里河,榄杆市
57,19,27,2019-06-05 09:24:01,1,东城三里河,马圈
57,21,24,2019-06-05 09:27:01,1,水道子,培新街
57,21,23,2019-06-05 09:27:01,1,水道子,榄杆市
57,21,21,2019-06-05 09:27:01,1,水道子,水道子
57,21,21,2019-06-05 09:27:01,1,水道子,水道子
57,21,34,2019-06-05 09:28:01,1,水道子,四惠枢纽站
57,21,23,2019-06-05 09:28:01,1,水道子,榄杆市
57,21,21,2019-06-05 09:28:01,1,水道子,水道子
57,21,23,2019-06-05 09:28:01,1,水道子,榄杆市
57,22,29,2019-06-05 09:29:01,1,磁器口西,双井桥北
57,22,23,2019-06-05 09:29:01,1,磁器口西,榄杆市
57,22,25,2019-06-05 09:29:01,1,磁器口西,安化楼
57,22,27,2019-06-05 09:29:01,1,磁器口西,马圈
57,12,12,2019-06-05 07:15:01,1,广安门内,广安门内
57,12,16,2019-06-05 07:26:01,1,广安门内,虎坊桥路口东
57,12,17,2019-06-05 07:26:01,1,广安门内,板章路
57,12,20,2019-06-05 07:26:01,1,广安门内,桥湾
57,12,24,2019-06-05 07:26:01,1,广安门内,培新街
57,12,23,2019-06-05 07:26:01,1,广安门内,榄杆市
57,12,17,2019-06-05 07:26:01,1,广安门内,板章路
57,12,19,2019-06-05 07:26:01,1,广安门内,东城三里河
57,12,12,2019-06-05 07:26:01,1,广安门内,广安门内
57,12,17,2019-06-05 07:26:01,1,广安门内,板章路
57,12,12,2019-06-05 07:26:01,1,广安门内,广安门内
57,12,29,2019-06-05 07:26:01,1,广安门内,双井桥北
57,12,12,2019-06-05 07:26:01,1,广安门内,广安门内
57,12,21,2019-06-05 07:27:01,1,广安门内,水道子
57,11,26,2019-06-05 07:29:01,1,达官营,广渠门内
57,11,15,2019-06-05 07:29:01,1,达官营,虎坊桥路口西
57,11,18,2019-06-05 07:29:01,1,达官营,过街楼
57,11,26,2019-06-05 07:29:01,1,达官营,广渠门内
57,11,18,2019-06-05 07:29:01,1,达官营,过街楼
57,11,11,2019-06-05 07:29:01,1,达官营,达官营
57,11,18,2019-06-05 07:29:01,1,达官营,过街楼
57,14,35,2019-06-05 07:30:01,1,菜市口西,四惠枢纽站
57,14,25,2019-06-05 07:30:01,1,菜市口西,安化楼
57,14,21,2019-06-05 07:30:01,1,菜市口西,水道子
57,14,35,2019-06-05 07:30:01,1,菜市口西,四惠枢纽站
57,14,15,2019-06-05 07:30:01,1,菜市口西,虎坊桥路口西
57,15,16,2019-06-05 07:31:01,1,虎坊桥路口西,虎坊桥路口东
57,15,17,2019-06-05 07:31:01,1,虎坊桥路口西,板章路
57,15,15,2019-06-05 07:34:01,1,虎坊桥路口西,虎坊桥路口西
57,15,21,2019-06-05 07:34:01,1,虎坊桥路口西,水道子
57,15,31,2019-06-05 07:34:01,1,虎坊桥路口西,大北窑南
57,15,20,2019-06-05 07:34:01,1,虎坊桥路口西,桥湾
57,17,22,2019-06-05 07:38:01,1,板章路,磁器口西
57,17,22,2019-06-05 07:38:01,1,板章路,磁器口西
57,21,21,2019-06-05 07:47:01,1,水道子,水道子
57,23,26,2019-06-05 07:50:01,1,榄杆市,广渠门内
57,23,26,2019-06-05 07:50:01,1,榄杆市,广渠门内
57,24,29,2019-06-05 07:52:01,1,培新街,双井桥北
57,24,35,2019-06-05 07:52:01,1,培新街,四惠枢纽站
57,24,29,2019-06-05 07:52:01,1,培新街,双井桥北
57,24,24,2019-06-05 07:52:01,1,培新街,培新街
57,24,29,2019-06-05 07:52:01,1,培新街,双井桥北
57,24,29,2019-06-05 07:52:01,1,培新街,双井桥北
57,24,29,2019-06-05 07:53:01,1,培新街,双井桥北
57,26,32,2019-06-05 08:00:01,1,广渠门内,大北窑东
57,26,31,2019-06-05 08:00:01,1,广渠门内,大北窑南
57,26,33,2019-06-05 08:00:01,1,广渠门内,郎家园
57,26,33,2019-06-05 08:00:01,1,广渠门内,郎家园
57,26,26,2019-06-05 08:00:01,1,广渠门内,广渠门内
57,28,31,2019-06-05 08:02:01,1,垂杨柳,大北窑南
57,28,33,2019-06-05 08:02:01,1,垂杨柳,郎家园
57,29,29,2019-06-05 08:03:01,1,双井桥北,双井桥北
57,30,35,2019-06-05 08:05:01,1,双花园,四惠枢纽站
57,31,35,2019-06-05 08:11:01,1,大北窑南,四惠枢纽站
57,31,35,2019-06-05 08:11:01,1,大北窑南,四惠枢纽站
57,31,33,2019-06-05 08:11:01,1,大北窑南,郎家园
57,31,35,2019-06-05 08:12:01,1,大北窑南,四惠枢纽站
57,31,31,2019-06-05 08:12:01,1,大北窑南,大北窑南
57,32,33,2019-06-05 08:14:01,1,大北窑东,郎家园
57,11,21,2019-06-05 07:43:01,1,达官营,水道子
57,11,15,2019-06-05 07:43:01,1,达官营,虎坊桥路口西
57,11,18,2019-06-05 07:43:01,1,达官营,过街楼
57,11,29,2019-06-05 07:43:01,1,达官营,双井桥北
57,11,28,2019-06-05 07:43:01,1,达官营,垂杨柳
57,11,29,2019-06-05 07:46:01,1,达官营,双井桥北
57,14,26,2019-06-05 07:50:01,1,菜市口西,广渠门内
57,15,21,2019-06-05 07:50:01,1,虎坊桥路口西,水道子
57,15,21,2019-06-05 07:50:01,1,虎坊桥路口西,水道子
57,15,26,2019-06-05 07:50:01,1,虎坊桥路口西,广渠门内
57,14,30,2019-06-05 07:50:01,1,菜市口西,双花园
57,15,35,2019-06-05 07:50:01,1,虎坊桥路口西,四惠枢纽站
57,15,30,2019-06-05 07:50:01,1,虎坊桥路口西,双花园
57,15,35,2019-06-05 07:50:01,1,虎坊桥路口西,四惠枢纽站
57,15,15,2019-06-05 07:50:01,1,虎坊桥路口西,虎坊桥路口西
57,16,25,2019-06-05 07:56:01,1,虎坊桥路口东,安化楼
57,16,16,2019-06-05 07:57:01,1,虎坊桥路口东,虎坊桥路口东
57,16,17,2019-06-05 07:58:01,1,虎坊桥路口东,板章路
57,16,29,2019-06-05 07:58:01,1,虎坊桥路口东,双井桥北
57,18,27,2019-06-05 08:00:01,1,过街楼,马圈
57,18,32,2019-06-05 08:01:01,1,过街楼,大北窑东
57,20,31,2019-06-05 08:05:01,1,桥湾,大北窑南
57,20,32,2019-06-05 08:05:01,1,桥湾,大北窑东
57,20,29,2019-06-05 08:05:01,1,桥湾,双井桥北
57,21,28,2019-06-05 08:05:01,1,水道子,垂杨柳
57,21,32,2019-06-05 08:06:01,1,水道子,大北窑东
57,22,28,2019-06-05 08:06:01,1,磁器口西,垂杨柳
57,24,24,2019-06-05 08:07:01,1,培新街,培新街
57,24,29,2019-06-05 08:11:01,1,培新街,双井桥北
57,25,28,2019-06-05 08:11:01,1,安化楼,垂杨柳
57,26,30,2019-06-05 08:12:01,1,广渠门内,双花园
57,26,30,2019-06-05 08:13:01,1,广渠门内,双花园
57,26,30,2019-06-05 08:13:01,1,广渠门内,双花园
57,27,35,2019-06-05 08:16:01,1,马圈,四惠枢纽站
57,27,30,2019-06-05 08:17:01,1,马圈,双花园
57,27,32,2019-06-05 08:17:01,1,马圈,大北窑东
57,27,29,2019-06-05 08:17:01,1,马圈,双井桥北
57,27,29,2019-06-05 08:17:01,1,马圈,双井桥北
57,27,29,2019-06-05 08:17:01,1,马圈,双井桥北
57,27,29,2019-06-05 08:17:01,1,马圈,双井桥北
57,27,29,2019-06-05 08:17:01,1,马圈,双井桥北
57,28,29,2019-06-05 08:25:01,1,垂杨柳,双井桥北
57,27,29,2019-06-05 08:25:01,1,马圈,双井桥北
57,27,32,2019-06-05 08:25:01,1,马圈,大北窑东
57,28,32,2019-06-05 08:25:01,1,垂杨柳,大北窑东
57,27,32,2019-06-05 08:25:01,1,马圈,大北窑东
57,28,29,2019-06-05 08:25:01,1,垂杨柳,双井桥北
57,28,29,2019-06-05 08:25:01,1,垂杨柳,双井桥北
57,28,28,2019-06-05 08:25:01,1,垂杨柳,垂杨柳
57,29,29,2019-06-05 08:31:01,1,双井桥北,双井桥北
57,29,29,2019-06-05 08:31:01,1,双井桥北,双井桥北
57,29,31,2019-06-05 08:31:01,1,双井桥北,大北窑南
57,29,30,2019-06-05 08:31:01,1,双井桥北,双花园
57,29,31,2019-06-05 08:31:01,1,双井桥北,大北窑南
57,29,32,2019-06-05 08:31:01,1,双井桥北,大北窑东
57,29,31,2019-06-05 08:31:01,1,双井桥北,大北窑南
57,29,35,2019-06-05 08:31:01,1,双井桥北,四惠枢纽站
57,29,32,2019-06-05 08:31:01,1,双井桥北,大北窑东
57,29,31,2019-06-05 08:31:01,1,双井桥北,大北窑南
57,29,29,2019-06-05 08:31:01,1,双井桥北,双井桥北
57,29,29,2019-06-05 08:31:01,1,双井桥北,双井桥北
57,29,30,2019-06-05 08:32:01,1,双井桥北,双花园
57,29,30,2019-06-05 08:33:01,1,双井桥北,双花园
57,29,29,2019-06-05 08:33:01,1,双井桥北,双井桥北
57,29,29,2019-06-05 08:33:01,1,双井桥北,双井桥北
57,29,29,2019-06-05 08:33:01,1,双井桥北,双井桥北
57,29,29,2019-06-05 08:33:01,1,双井桥北,双井桥北
57,29,29,2019-06-05 08:33:01,1,双井桥北,双井桥北
57,29,30,2019-06-05 08:33:01,1,双井桥北,双花园
57,29,32,2019-06-05 08:33:01,1,双井桥北,大北窑东
57,29,35,2019-06-05 08:33:01,1,双井桥北,四惠枢纽站
57,30,30,2019-06-05 08:54:01,1,双花园,双花园
57,30,32,2019-06-05 08:54:01,1,双花园,大北窑东
57,30,31,2019-06-05 08:54:01,1,双花园,大北窑南
57,30,31,2019-06-05 08:54:01,1,双花园,大北窑南
57,30,31,2019-06-05 08:54:01,1,双花园,大北窑南
57,30,31,2019-06-05 08:54:01,1,双花园,大北窑南
57,29,35,2019-06-05 08:54:01,1,双井桥北,四惠枢纽站
57,30,32,2019-06-05 08:54:01,1,双花园,大北窑东
57,15,15,2019-06-05 07:05:01,1,虎坊桥路口西,虎坊桥路口西
57,15,18,2019-06-05 07:05:01,1,虎坊桥路口西,过街楼
57,15,15,2019-06-05 07:05:01,1,虎坊桥路口西,虎坊桥路口西
57,15,15,2019-06-05 07:05:01,1,虎坊桥路口西,虎坊桥路口西
57,15,15,2019-06-05 07:05:01,1,虎坊桥路口西,虎坊桥路口西
57,15,15,2019-06-05 07:06:01,1,虎坊桥路口西,虎坊桥路口西
57,15,16,2019-06-05 07:06:01,1,虎坊桥路口西,虎坊桥路口东
57,15,15,2019-06-05 07:06:01,1,虎坊桥路口西,虎坊桥路口西
57,15,15,2019-06-05 07:07:01,1,虎坊桥路口西,虎坊桥路口西
57,15,15,2019-06-05 07:07:01,1,虎坊桥路口西,虎坊桥路口西
57,15,15,2019-06-05 07:07:01,1,虎坊桥路口西,虎坊桥路口西
57,15,15,2019-06-05 07:07:01,1,虎坊桥路口西,虎坊桥路口西
57,15,15,2019-06-05 07:08:01,1,虎坊桥路口西,虎坊桥路口西
57,15,15,2019-06-05 07:08:01,1,虎坊桥路口西,虎坊桥路口西
57,15,15,2019-06-05 07:08:01,1,虎坊桥路口西,虎坊桥路口西
57,15,15,2019-06-05 07:09:01,1,虎坊桥路口西,虎坊桥路口西
57,15,15,2019-06-05 07:09:01,1,虎坊桥路口西,虎坊桥路口西
57,15,17,2019-06-05 07:10:01,1,虎坊桥路口西,板章路
57,15,15,2019-06-05 07:13:01,1,虎坊桥路口西,虎坊桥路口西
57,15,15,2019-06-05 07:16:01,1,虎坊桥路口西,虎坊桥路口西
57,15,15,2019-06-05 07:16:01,1,虎坊桥路口西,虎坊桥路口西
57,15,15,2019-06-05 07:16:01,1,虎坊桥路口西,虎坊桥路口西
57,15,17,2019-06-05 07:16:01,1,虎坊桥路口西,板章路
57,15,17,2019-06-05 07:22:01,1,虎坊桥路口西,板章路
57,15,15,2019-06-05 07:22:01,1,虎坊桥路口西,虎坊桥路口西
57,15,18,2019-06-05 07:22:01,1,虎坊桥路口西,过街楼
57,15,18,2019-06-05 07:22:01,1,虎坊桥路口西,过街楼
57,15,15,2019-06-05 07:22:01,1,虎坊桥路口西,虎坊桥路口西
57,15,18,2019-06-05 07:22:01,1,虎坊桥路口西,过街楼
57,15,18,2019-06-05 07:22:01,1,虎坊桥路口西,过街楼
57,15,17,2019-06-05 07:22:01,1,虎坊桥路口西,板章路
57,15,17,2019-06-05 07:22:01,1,虎坊桥路口西,板章路
57,15,15,2019-06-05 07:22:01,1,虎坊桥路口西,虎坊桥路口西
57,15,15,2019-06-05 07:22:01,1,虎坊桥路口西,虎坊桥路口西
57,15,15,2019-06-05 07:22:01,1,虎坊桥路口西,虎坊桥路口西
57,15,15,2019-06-05 07:22:01,1,虎坊桥路口西,虎坊桥路口西
57,15,18,2019-06-05 07:22:01,1,虎坊桥路口西,过街楼
57,15,18,2019-06-05 07:22:01,1,虎坊桥路口西,过街楼
57,15,18,2019-06-05 07:26:01,1,虎坊桥路口西,过街楼
57,15,17,2019-06-05 07:26:01,1,虎坊桥路口西,板章路
57,15,15,2019-06-05 07:30:01,1,虎坊桥路口西,虎坊桥路口西
57,15,15,2019-06-05 07:31:01,1,虎坊桥路口西,虎坊桥路口西
57,15,17,2019-06-05 07:31:01,1,虎坊桥路口西,板章路
57,15,17,2019-06-05 07:31:01,1,虎坊桥路口西,板章路
57,15,15,2019-06-05 07:31:01,1,虎坊桥路口西,虎坊桥路口西
57,15,18,2019-06-05 07:32:01,1,虎坊桥路口西,过街楼
57,15,15,2019-06-05 07:38:01,1,虎坊桥路口西,虎坊桥路口西
57,15,15,2019-06-05 07:38:01,1,虎坊桥路口西,虎坊桥路口西
57,15,18,2019-06-05 07:39:01,1,虎坊桥路口西,过街楼
57,16,18,2019-06-05 07:42:01,1,虎坊桥路口东,过街楼
57,16,18,2019-06-05 07:42:01,1,虎坊桥路口东,过街楼
57,16,18,2019-06-05 07:42:01,1,虎坊桥路口东,过街楼
57,17,17,2019-06-05 07:43:01,1,板章路,板章路
57,17,17,2019-06-05 07:43:01,1,板章路,板章路
57,17,17,2019-06-05 07:43:01,1,板章路,板章路
57,17,18,2019-06-05 07:44:01,1,板章路,过街楼
57,17,17,2019-06-05 07:44:01,1,板章路,板章路
57,17,17,2019-06-05 07:44:01,1,板章路,板章路
57,17,17,2019-06-05 07:44:01,1,板章路,板章路
57,17,18,2019-06-05 07:44:01,1,板章路,过街楼
57,17,18,2019-06-05 07:47:01,1,板章路,过街楼
57,17,18,2019-06-05 07:47:01,1,板章路,过街楼
57,17,17,2019-06-05 07:51:01,1,板章路,板章路
57,17,18,2019-06-05 07:51:01,1,板章路,过街楼
57,17,18,2019-06-05 07:51:01,1,板章路,过街楼
57,17,18,2019-06-05 07:51:01,1,板章路,过街楼
57,17,18,2019-06-05 07:52:01,1,板章路,过街楼
57,17,18,2019-06-05 07:52:01,1,板章路,过街楼
57,17,18,2019-06-05 07:52:01,1,板章路,过街楼
57,17,18,2019-06-05 07:52:01,1,板章路,过街楼
57,17,18,2019-06-05 07:52:01,1,板章路,过街楼
57,17,17,2019-06-05 07:52:01,1,板章路,板章路
57,17,18,2019-06-05 07:57:01,1,板章路,过街楼
57,18,18,2019-06-05 07:57:01,1,过街楼,过街楼
57,18,18,2019-06-05 07:57:01,1,过街楼,过街楼
57,17,17,2019-06-05 07:57:01,1,板章路,板章路
57,17,18,2019-06-05 07:57:01,1,板章路,过街楼
57,18,18,2019-06-05 08:01:01,1,过街楼,过街楼
57,18,18,2019-06-05 08:01:01,1,过街楼,过街楼
57,18,18,2019-06-05 08:02:01,1,过街楼,过街楼
57,18,18,2019-06-05 08:02:01,1,过街楼,过街楼
57,18,18,2019-06-05 08:02:01,1,过街楼,过街楼
57,18,18,2019-06-05 08:02:01,1,过街楼,过街楼
57,18,18,2019-06-05 08:04:01,1,过街楼,过街楼
57,18,18,2019-06-05 08:04:01,1,过街楼,过街楼
57,18,18,2019-06-05 08:06:01,1,过街楼,过街楼
57,1,3,2019-06-05 09:25:01,1,靛厂新村,靛厂村南站
57,1,4,2019-06-05 09:25:01,1,靛厂新村,水衙沟路东口
57,1,1,2019-06-05 09:25:01,1,靛厂新村,靛厂新村
57,1,4,2019-06-05 09:25:01,1,靛厂新村,水衙沟路东口
57,1,3,2019-06-05 09:25:01,1,靛厂新村,靛厂村南站
57,1,4,2019-06-05 09:25:01,1,靛厂新村,水衙沟路东口
57,1,6,2019-06-05 09:25:01,1,靛厂新村,小井路口东
57,3,3,2019-06-05 09:27:01,1,靛厂村南站,靛厂村南站
57,3,3,2019-06-05 09:27:01,1,靛厂村南站,靛厂村南站
57,3,7,2019-06-05 09:27:01,1,靛厂村南站,六里桥西
57,4,4,2019-06-05 09:29:01,1,水衙沟路东口,水衙沟路东口
57,3,9,2019-06-05 09:29:01,1,靛厂村南站,莲花池
57,4,9,2019-06-05 09:29:01,1,水衙沟路东口,莲花池
57,1,12,2019-06-05 06:41:01,1,靛厂新村,广安门内
57,1,7,2019-06-05 06:41:01,1,靛厂新村,六里桥西
57,1,8,2019-06-05 06:41:01,1,靛厂新村,六里桥东
57,1,4,2019-06-05 06:41:01,1,靛厂新村,水衙沟路东口
57,1,4,2019-06-05 06:41:01,1,靛厂新村,水衙沟路东口
57,1,4,2019-06-05 06:41:01,1,靛厂新村,水衙沟路东口
57,1,14,2019-06-05 06:41:01,1,靛厂新村,菜市口西
57,1,21,2019-06-05 06:41:01,1,靛厂新村,水道子
57,1,17,2019-06-05 06:41:01,1,靛厂新村,板章路
57,2,8,2019-06-05 06:42:01,1,岳各庄东路北口,六里桥东
57,2,12,2019-06-05 06:42:01,1,岳各庄东路北口,广安门内
57,2,34,2019-06-05 06:42:01,1,岳各庄东路北口,四惠枢纽站
57,3,3,2019-06-05 06:44:01,1,靛厂村南站,靛厂村南站
57,3,16,2019-06-05 06:44:01,1,靛厂村南站,虎坊桥路口东
57,3,16,2019-06-05 06:44:01,1,靛厂村南站,虎坊桥路口东
57,3,13,2019-06-05 06:45:01,1,靛厂村南站,牛街路口东
57,3,15,2019-06-05 06:45:01,1,靛厂村南站,虎坊桥路口西
57,5,5,2019-06-05 06:48:01,1,白塔村,白塔村
57,8,8,2019-06-05 06:53:01,1,六里桥东,六里桥东
57,8,12,2019-06-05 06:53:01,1,六里桥东,广安门内
57,8,10,2019-06-05 06:53:01,1,六里桥东,湾子
57,8,12,2019-06-05 06:53:01,1,六里桥东,广安门内
57,8,12,2019-06-05 06:53:01,1,六里桥东,广安门内
57,8,10,2019-06-05 06:53:01,1,六里桥东,湾子
57,8,11,2019-06-05 06:53:01,1,六里桥东,达官营
57,8,13,2019-06-05 06:53:01,1,六里桥东,牛街路口东
57,8,13,2019-06-05 06:53:01,1,六里桥东,牛街路口东
57,8,13,2019-06-05 06:53:01,1,六里桥东,牛街路口东
57,8,22,2019-06-05 06:53:01,1,六里桥东,磁器口西
57,8,17,2019-06-05 06:53:01,1,六里桥东,板章路
57,8,26,2019-06-05 06:53:01,1,六里桥东,广渠门内
57,8,22,2019-06-05 06:53:01,1,六里桥东,磁器口西
57,8,22,2019-06-05 06:53:01,1,六里桥东,磁器口西
57,8,25,2019-06-05 06:53:01,1,六里桥东,安化楼
57,8,20,2019-06-05 06:53:01,1,六里桥东,桥湾
57,8,22,2019-06-05 06:53:01,1,六里桥东,磁器口西
57,8,29,2019-06-05 06:53:01,1,六里桥东,双井桥北
57,8,32,2019-06-05 06:53:01,1,六里桥东,大北窑东
57,8,34,2019-06-05 06:53:01,1,六里桥东,四惠枢纽站
57,8,29,2019-06-05 06:53:01,1,六里桥东,双井桥北
57,8,32,2019-06-05 06:53:01,1,六里桥东,大北窑东
57,8,31,2019-06-05 06:53:01,1,六里桥东,大北窑南
57,8,34,2019-06-05 06:53:01,1,六里桥东,四惠枢纽站
57,9,13,2019-06-05 06:57:01,1,莲花池,牛街路口东
57,9,13,2019-06-05 06:57:01,1,莲花池,牛街路口东
57,9,15,2019-06-05 06:57:01,1,莲花池,虎坊桥路口西
57,10,15,2019-06-05 06:59:01,1,湾子,虎坊桥路口西
57,10,15,2019-06-05 06:59:01,1,湾子,虎坊桥路口西
57,10,34,2019-06-05 06:59:01,1,湾子,四惠枢纽站
57,10,34,2019-06-05 06:59:01,1,湾子,四惠枢纽站
57,10,11,2019-06-05 07:00:01,1,湾子,达官营
57,10,11,2019-06-05 07:00:01,1,湾子,达官营
57,10,12,2019-06-05 07:00:01,1,湾子,广安门内
57,10,11,2019-06-05 07:00:01,1,湾子,达官营
57,10,12,2019-06-05 07:00:01,1,湾子,广安门内
57,10,11,2019-06-05 07:00:01,1,湾子,达官营
57,10,13,2019-06-05 07:00:01,1,湾子,牛街路口东
57,10,28,2019-06-05 07:00:01,1,湾子,垂杨柳
57,10,31,2019-06-05 07:00:01,1,湾子,大北窑南
57,10,31,2019-06-05 07:00:01,1,湾子,大北窑南
57,10,28,2019-06-05 07:00:01,1,湾子,垂杨柳
57,11,12,2019-06-05 07:02:01,1,达官营,广安门内
57,11,13,2019-06-05 07:02:01,1,达官营,牛街路口东
57,11,13,2019-06-05 07:02:01,1,达官营,牛街路口东
57,11,14,2019-06-05 07:02:01,1,达官营,菜市口西
57,11,16,2019-06-05 07:02:01,1,达官营,虎坊桥路口东
57,11,22,2019-06-05 07:02:01,1,达官营,磁器口西
57,11,26,2019-06-05 07:02:01,1,达官营,广渠门内
57,11,32,2019-06-05 07:02:01,1,达官营,大北窑东
57,11,31,2019-06-05 07:02:01,1,达官营,大北窑南
57,12,15,2019-06-05 07:05:01,1,广安门内,虎坊桥路口西
57,12,15,2019-06-05 07:05:01,1,广安门内,虎坊桥路口西
57,12,22,2019-06-05 07:05:01,1,广安门内,磁器口西
57,12,21,2019-06-05 07:05:01,1,广安门内,水道子
57,12,31,2019-06-05 07:05:01,1,广安门内,大北窑南
57,13,15,2019-06-05 07:10:01,1,牛街路口东,虎坊桥路口西
57,13,14,2019-06-05 07:10:01,1,牛街路口东,菜市口西
57,13,22,2019-06-05 07:10:01,1,牛街路口东,磁器口西
57,13,22,2019-06-05 07:10:01,1,牛街路口东,磁器口西
57,13,34,2019-06-05 07:10:01,1,牛街路口东,四惠枢纽站
57,14,16,2019-06-05 07:12:01,1,菜市口西,虎坊桥路口东
57,14,15,2019-06-05 07:12:01,1,菜市口西,虎坊桥路口西
57,14,16,2019-06-05 07:12:01,1,菜市口西,虎坊桥路口东
57,14,15,2019-06-05 07:12:01,1,菜市口西,虎坊桥路口西
57,14,15,2019-06-05 07:12:01,1,菜市口西,虎坊桥路口西
57,14,21,2019-06-05 07:12:01,1,菜市口西,水道子
57,14,32,2019-06-05 07:12:01,1,菜市口西,大北窑东
57,14,31,2019-06-05 07:12:01,1,菜市口西,大北窑南
57,14,28,2019-06-05 07:13:01,1,菜市口西,垂杨柳
57,15,34,2019-06-05 07:15:01,1,虎坊桥路口西,四惠枢纽站
57,15,31,2019-06-05 07:15:01,1,虎坊桥路口西,大北窑南
57,16,22,2019-06-05 07:18:01,1,虎坊桥路口东,磁器口西
57,16,31,2019-06-05 07:18:01,1,虎坊桥路口东,大北窑南
57,17,34,2019-06-05 07:19:01,1,板章路,四惠枢纽站
57,17,17,2019-06-05 07:19:01,1,板章路,板章路
57,17,17,2019-06-05 07:19:01,1,板章路,板章路
57,17,34,2019-06-05 07:19:01,1,板章路,四惠枢纽站
57,17,31,2019-06-05 07:19:01,1,板章路,大北窑南
57,20,34,2019-06-05 07:23:01,1,桥湾,四惠枢纽站
57,19,32,2019-06-05 07:23:01,1,东城三里河,大北窑东
57,19,33,2019-06-05 07:23:01,1,东城三里河,郎家园
57,21,32,2019-06-05 07:26:01,1,水道子,大北窑东
57,21,29,2019-06-05 07:27:01,1,水道子,双井桥北
57,22,26,2019-06-05 07:28:01,1,磁器口西,广渠门内
57,22,27,2019-06-05 07:28:01,1,磁器口西,马圈
57,22,26,2019-06-05 07:28:01,1,磁器口西,广渠门内
57,22,23,2019-06-05 07:28:01,1,磁器口西,榄杆市
57,22,31,2019-06-05 07:28:01,1,磁器口西,大北窑南
57,22,23,2019-06-05 07:28:01,1,磁器口西,榄杆市
57,22,22,2019-06-05 07:28:01,1,磁器口西,磁器口西
57,22,31,2019-06-05 07:28:01,1,磁器口西,大北窑南
57,22,34,2019-06-05 07:31:01,1,磁器口西,四惠枢纽站
57,22,27,2019-06-05 07:31:01,1,磁器口西,马圈
57,22,32,2019-06-05 07:31:01,1,磁器口西,大北窑东
57,22,31,2019-06-05 07:31:01,1,磁器口西,大北窑南
57,22,32,2019-06-05 07:31:01,1,磁器口西,大北窑东
57,25,28,2019-06-05 07:32:01,1,安化楼,垂杨柳
57,25,26,2019-06-05 07:32:01,1,安化楼,广渠门内
57,25,31,2019-06-05 07:32:01,1,安化楼,大北窑南
57,25,25,2019-06-05 07:32:01,1,安化楼,安化楼
57,25,31,2019-06-05 07:32:01,1,安化楼,大北窑南
57,25,32,2019-06-05 07:32:01,1,安化楼,大北窑东
57,26,34,2019-06-05 07:33:01,1,广渠门内,四惠枢纽站
57,26,28,2019-06-05 07:33:01,1,广渠门内,垂杨柳
57,26,28,2019-06-05 07:33:01,1,广渠门内,垂杨柳
57,26,27,2019-06-05 07:33:01,1,广渠门内,马圈
57,26,28,2019-06-05 07:33:01,1,广渠门内,垂杨柳
57,26,28,2019-06-05 07:33:01,1,广渠门内,垂杨柳
57,26,28,2019-06-05 07:33:01,1,广渠门内,垂杨柳
57,26,28,2019-06-05 07:33:01,1,广渠门内,垂杨柳
57,26,28,2019-06-05 07:33:01,1,广渠门内,垂杨柳
57,26,29,2019-06-05 07:33:01,1,广渠门内,双井桥北
57,26,31,2019-06-05 07:33:01,1,广渠门内,大北窑南
57,26,28,2019-06-05 07:33:01,1,广渠门内,垂杨柳
57,26,31,2019-06-05 07:33:01,1,广渠门内,大北窑南
57,26,28,2019-06-05 07:33:01,1,广渠门内,垂杨柳
57,26,32,2019-06-05 07:33:01,1,广渠门内,大北窑东
57,26,28,2019-06-05 07:33:01,1,广渠门内,垂杨柳
57,26,33,2019-06-05 07:33:01,1,广渠门内,郎家园
57,26,32,2019-06-05 07:33:01,1,广渠门内,大北窑东
57,26,33,2019-06-05 07:33:01,1,广渠门内,郎家园
57,26,28,2019-06-05 07:35:01,1,广渠门内,垂杨柳
57,26,33,2019-06-05 07:35:01,1,广渠门内,郎家园
57,26,29,2019-06-05 07:35:01,1,广渠门内,双井桥北
57,26,32,2019-06-05 07:35:01,1,广渠门内,大北窑东
57,26,34,2019-06-05 07:35:01,1,广渠门内,四惠枢纽站
57,26,32,2019-06-05 07:35:01,1,广渠门内,大北窑东
57,26,33,2019-06-05 07:35:01,1,广渠门内,郎家园
57,26,34,2019-06-05 07:35:01,1,广渠门内,四惠枢纽站
57,26,29,2019-06-05 07:35:01,1,广渠门内,双井桥北
57,27,32,2019-06-05 07:36:01,1,马圈,大北窑东
57,32,34,2019-06-05 07:49:01,1,大北窑东,四惠枢纽站
57,1,1,2019-06-05 09:25:01,1,靛厂新村,靛厂新村
57,1,1,2019-06-05 09:25:01,1,靛厂新村,靛厂新村
57,1,2,2019-06-05 09:25:01,1,靛厂新村,岳各庄东路北口
57,1,2,2019-06-05 06:35:01,1,靛厂新村,岳各庄东路北口
57,2,2,2019-06-05 06:35:01,1,岳各庄东路北口,岳各庄东路北口
57,1,2,2019-06-05 06:35:01,1,靛厂新村,岳各庄东路北口
57,1,7,2019-06-05 06:35:01,1,靛厂新村,六里桥西
57,1,7,2019-06-05 06:35:01,1,靛厂新村,六里桥西
57,1,8,2019-06-05 06:35:01,1,靛厂新村,六里桥东
57,1,15,2019-06-05 06:35:01,1,靛厂新村,虎坊桥路口西
57,1,17,2019-06-05 06:35:01,1,靛厂新村,板章路
57,1,10,2019-06-05 06:35:01,1,靛厂新村,湾子
57,1,11,2019-06-05 06:35:01,1,靛厂新村,达官营
57,1,16,2019-06-05 06:35:01,1,靛厂新村,虎坊桥路口东
57,1,12,2019-06-05 06:35:01,1,靛厂新村,广安门内
57,1,10,2019-06-05 06:35:01,1,靛厂新村,湾子
57,1,15,2019-06-05 06:35:01,1,靛厂新村,虎坊桥路口西
57,1,15,2019-06-05 06:35:01,1,靛厂新村,虎坊桥路口西
57,1,18,2019-06-05 06:35:01,1,靛厂新村,过街楼
57,1,18,2019-06-05 06:35:01,1,靛厂新村,过街楼
57,1,20,2019-06-05 06:35:01,1,靛厂新村,桥湾
57,1,19,2019-06-05 06:35:01,1,靛厂新村,东城三里河
57,1,33,2019-06-05 06:35:01,1,靛厂新村,郎家园
57,2,3,2019-06-05 06:36:01,1,岳各庄东路北口,靛厂村南站
57,2,5,2019-06-05 06:36:01,1,岳各庄东路北口,白塔村
57,2,6,2019-06-05 06:36:01,1,岳各庄东路北口,小井路口东
57,2,8,2019-06-05 06:36:01,1,岳各庄东路北口,六里桥东
57,3,5,2019-06-05 06:38:01,1,靛厂村南站,白塔村
57,3,3,2019-06-05 06:38:01,1,靛厂村南站,靛厂村南站
57,3,7,2019-06-05 06:38:01,1,靛厂村南站,六里桥西
57,3,8,2019-06-05 06:38:01,1,靛厂村南站,六里桥东
57,3,8,2019-06-05 06:38:01,1,靛厂村南站,六里桥东
57,3,8,2019-06-05 06:38:01,1,靛厂村南站,六里桥东
57,3,13,2019-06-05 06:38:01,1,靛厂村南站,牛街路口东
57,3,11,2019-06-05 06:38:01,1,靛厂村南站,达官营
57,3,11,2019-06-05 06:38:01,1,靛厂村南站,达官营
57,3,9,2019-06-05 06:38:01,1,靛厂村南站,莲花池
57,3,10,2019-06-05 06:38:01,1,靛厂村南站,湾子
57,3,10,2019-06-05 06:38:01,1,靛厂村南站,湾子
57,3,30,2019-06-05 06:38:01,1,靛厂村南站,双花园
57,4,11,2019-06-05 06:39:01,1,水衙沟路东口,达官营
57,5,6,2019-06-05 06:41:01,1,白塔村,小井路口东
57,5,26,2019-06-05 06:41:01,1,白塔村,广渠门内
57,6,8,2019-06-05 06:44:01,1,小井路口东,六里桥东
57,6,7,2019-06-05 06:44:01,1,小井路口东,六里桥西
57,6,7,2019-06-05 06:44:01,1,小井路口东,六里桥西
57,6,7,2019-06-05 06:44:01,1,小井路口东,六里桥西
57,6,14,2019-06-05 06:44:01,1,小井路口东,菜市口西
57,6,16,2019-06-05 06:44:01,1,小井路口东,虎坊桥路口东
57,6,16,2019-06-05 06:44:01,1,小井路口东,虎坊桥路口东
57,6,19,2019-06-05 06:44:01,1,小井路口东,东城三里河
57,6,23,2019-06-05 06:44:01,1,小井路口东,榄杆市
57,6,23,2019-06-05 06:44:01,1,小井路口东,榄杆市
57,6,22,2019-06-05 06:44:01,1,小井路口东,磁器口西
57,7,8,2019-06-05 06:47:01,1,六里桥西,六里桥东
57,7,8,2019-06-05 06:47:01,1,六里桥西,六里桥东
57,7,10,2019-06-05 06:47:01,1,六里桥西,湾子
57,7,30,2019-06-05 06:47:01,1,六里桥西,双花园
57,8,8,2019-06-05 06:50:01,1,六里桥东,六里桥东
57,8,12,2019-06-05 06:50:01,1,六里桥东,广安门内
57,8,13,2019-06-05 06:50:01,1,六里桥东,牛街路口东
57,8,12,2019-06-05 06:50:01,1,六里桥东,广安门内
57,8,15,2019-06-05 06:50:01,1,六里桥东,虎坊桥路口西
57,8,15,2019-06-05 06:50:01,1,六里桥东,虎坊桥路口西
57,8,13,2019-06-05 06:50:01,1,六里桥东,牛街路口东
57,8,16,2019-06-05 06:50:01,1,六里桥东,虎坊桥路口东
57,8,16,2019-06-05 06:50:01,1,六里桥东,虎坊桥路口东
57,8,12,2019-06-05 06:50:01,1,六里桥东,广安门内
57,8,13,2019-06-05 06:50:01,1,六里桥东,牛街路口东
57,8,8,2019-06-05 06:50:01,1,六里桥东,六里桥东
57,8,12,2019-06-05 06:50:01,1,六里桥东,广安门内
57,8,18,2019-06-05 06:50:01,1,六里桥东,过街楼
57,8,23,2019-06-05 06:50:01,1,六里桥东,榄杆市
57,8,30,2019-06-05 06:50:01,1,六里桥东,双花园
57,8,30,2019-06-05 06:50:01,1,六里桥东,双花园
57,8,21,2019-06-05 06:50:01,1,六里桥东,水道子
57,8,21,2019-06-05 06:50:01,1,六里桥东,水道子
57,8,28,2019-06-05 06:50:01,1,六里桥东,垂杨柳
57,8,21,2019-06-05 06:50:01,1,六里桥东,水道子
57,8,28,2019-06-05 06:50:01,1,六里桥东,垂杨柳
57,8,21,2019-06-05 06:50:01,1,六里桥东,水道子
57,8,12,2019-06-05 06:51:01,1,六里桥东,广安门内
57,8,9,2019-06-05 06:51:01,1,六里桥东,莲花池
57,8,11,2019-06-05 06:51:01,1,六里桥东,达官营
57,8,15,2019-06-05 06:51:01,1,六里桥东,虎坊桥路口西
57,8,13,2019-06-05 06:51:01,1,六里桥东,牛街路口东
57,8,10,2019-06-05 06:51:01,1,六里桥东,湾子
57,8,13,2019-06-05 06:51:01,1,六里桥东,牛街路口东
57,8,27,2019-06-05 06:51:01,1,六里桥东,马圈
57,9,10,2019-06-05 06:56:01,1,莲花池,湾子
57,9,12,2019-06-05 06:56:01,1,莲花池,广安门内
57,9,23,2019-06-05 06:56:01,1,莲花池,榄杆市
57,9,21,2019-06-05 06:56:01,1,莲花池,水道子
57,10,11,2019-06-05 07:00:01,1,湾子,达官营
57,10,21,2019-06-05 07:00:01,1,湾子,水道子
57,11,12,2019-06-05 07:02:01,1,达官营,广安门内
57,11,16,2019-06-05 07:02:01,1,达官营,虎坊桥路口东
57,11,24,2019-06-05 07:02:01,1,达官营,培新街
57,11,25,2019-06-05 07:02:01,1,达官营,安化楼
57,11,18,2019-06-05 07:02:01,1,达官营,过街楼
57,11,25,2019-06-05 07:02:01,1,达官营,安化楼
57,11,24,2019-06-05 07:02:01,1,达官营,培新街
57,11,28,2019-06-05 07:02:01,1,达官营,垂杨柳
57,11,28,2019-06-05 07:02:01,1,达官营,垂杨柳
57,11,23,2019-06-05 07:02:01,1,达官营,榄杆市
57,11,26,2019-06-05 07:02:01,1,达官营,广渠门内
57,11,25,2019-06-05 07:02:01,1,达官营,安化楼
57,12,15,2019-06-05 07:05:01,1,广安门内,虎坊桥路口西
57,12,30,2019-06-05 07:05:01,1,广安门内,双花园
57,12,21,2019-06-05 07:06:01,1,广安门内,水道子
57,12,33,2019-06-05 07:06:01,1,广安门内,郎家园
57,12,13,2019-06-05 07:07:01,1,广安门内,牛街路口东
57,12,31,2019-06-05 07:07:01,1,广安门内,大北窑南
57,14,33,2019-06-05 07:13:01,1,菜市口西,郎家园
57,17,21,2019-06-05 07:20:01,1,板章路,水道子
57,18,21,2019-06-05 07:23:01,1,过街楼,水道子
57,19,21,2019-06-05 07:24:01,1,东城三里河,水道子
57,27,32,2019-06-05 07:36:01,1,马圈,大北窑东
57,27,31,2019-06-05 07:36:01,1,马圈,大北窑南
57,27,33,2019-06-05 07:36:01,1,马圈,郎家园
57,27,31,2019-06-05 07:36:01,1,马圈,大北窑南
57,27,30,2019-06-05 07:36:01,1,马圈,双花园
57,27,28,2019-06-05 07:36:01,1,马圈,垂杨柳
57,27,30,2019-06-05 07:36:01,1,马圈,双花园
57,27,28,2019-06-05 07:36:01,1,马圈,垂杨柳
57,28,32,2019-06-05 07:40:01,1,垂杨柳,大北窑东
57,29,30,2019-06-05 07:41:01,1,双井桥北,双花园
57,30,33,2019-06-05 07:46:01,1,双花园,郎家园
57,30,33,2019-06-05 07:46:01,1,双花园,郎家园
57,1,3,2019-06-05 07:09:01,1,靛厂新村,靛厂村南站
57,1,2,2019-06-05 07:09:01,1,靛厂新村,岳各庄东路北口
57,1,1,2019-06-05 07:09:01,1,靛厂新村,靛厂新村
57,1,17,2019-06-05 07:09:01,1,靛厂新村,板章路
57,1,16,2019-06-05 07:09:01,1,靛厂新村,虎坊桥路口东
57,1,11,2019-06-05 07:09:01,1,靛厂新村,达官营
57,1,12,2019-06-05 07:09:01,1,靛厂新村,广安门内
57,1,6,2019-06-05 07:09:01,1,靛厂新村,小井路口东
57,1,6,2019-06-05 07:09:01,1,靛厂新村,小井路口东
57,1,11,2019-06-05 07:09:01,1,靛厂新村,达官营
57,1,12,2019-06-05 07:09:01,1,靛厂新村,广安门内
57,1,7,2019-06-05 07:09:01,1,靛厂新村,六里桥西
57,1,8,2019-06-05 07:09:01,1,靛厂新村,六里桥东
57,1,11,2019-06-05 07:09:01,1,靛厂新村,达官营
57,1,8,2019-06-05 07:09:01,1,靛厂新村,六里桥东
57,1,12,2019-06-05 07:09:01,1,靛厂新村,广安门内
57,1,11,2019-06-05 07:09:01,1,靛厂新村,达官营
57,1,12,2019-06-05 07:09:01,1,靛厂新村,广安门内
57,2,6,2019-06-05 07:10:01,1,岳各庄东路北口,小井路口东
57,2,6,2019-06-05 07:10:01,1,岳各庄东路北口,小井路口东
57,2,6,2019-06-05 07:10:01,1,岳各庄东路北口,小井路口东
57,2,6,2019-06-05 07:10:01,1,岳各庄东路北口,小井路口东
57,2,8,2019-06-05 07:10:01,1,岳各庄东路北口,六里桥东
57,2,11,2019-06-05 07:10:01,1,岳各庄东路北口,达官营
57,2,8,2019-06-05 07:10:01,1,岳各庄东路北口,六里桥东
57,3,6,2019-06-05 07:13:01,1,靛厂村南站,小井路口东
57,4,5,2019-06-05 07:13:01,1,水衙沟路东口,白塔村
57,3,5,2019-06-05 07:13:01,1,靛厂村南站,白塔村
57,4,15,2019-06-05 07:13:01,1,水衙沟路东口,虎坊桥路口西
57,3,12,2019-06-05 07:13:01,1,靛厂村南站,广安门内
57,3,6,2019-06-05 07:13:01,1,靛厂村南站,小井路口东
57,3,8,2019-06-05 07:13:01,1,靛厂村南站,六里桥东
57,4,7,2019-06-05 07:13:01,1,水衙沟路东口,六里桥西
57,4,6,2019-06-05 07:14:01,1,水衙沟路东口,小井路口东
57,4,6,2019-06-05 07:14:01,1,水衙沟路东口,小井路口东
57,4,12,2019-06-05 07:14:01,1,水衙沟路东口,广安门内
57,5,11,2019-06-05 07:14:01,1,白塔村,达官营
57,5,12,2019-06-05 07:14:01,1,白塔村,广安门内
57,5,11,2019-06-05 07:14:01,1,白塔村,达官营
57,4,7,2019-06-05 07:14:01,1,水衙沟路东口,六里桥西
57,4,7,2019-06-05 07:14:01,1,水衙沟路东口,六里桥西
57,4,11,2019-06-05 07:14:01,1,水衙沟路东口,达官营
57,4,11,2019-06-05 07:14:01,1,水衙沟路东口,达官营
57,4,17,2019-06-05 07:14:01,1,水衙沟路东口,板章路
57,5,16,2019-06-05 07:15:01,1,白塔村,虎坊桥路口东
57,5,6,2019-06-05 07:15:01,1,白塔村,小井路口东
57,6,16,2019-06-05 07:17:01,1,小井路口东,虎坊桥路口东
57,6,16,2019-06-05 07:17:01,1,小井路口东,虎坊桥路口东
57,6,15,2019-06-05 07:17:01,1,小井路口东,虎坊桥路口西
57,6,8,2019-06-05 07:17:01,1,小井路口东,六里桥东
57,6,11,2019-06-05 07:20:01,1,小井路口东,达官营
57,6,6,2019-06-05 07:20:01,1,小井路口东,小井路口东
57,6,6,2019-06-05 07:20:01,1,小井路口东,小井路口东
57,6,13,2019-06-05 07:20:01,1,小井路口东,牛街路口东
57,6,11,2019-06-05 07:26:01,1,小井路口东,达官营
57,6,16,2019-06-05 07:26:01,1,小井路口东,虎坊桥路口东
57,7,17,2019-06-05 07:26:01,1,六里桥西,板章路
57,7,16,2019-06-05 07:26:01,1,六里桥西,虎坊桥路口东
57,6,13,2019-06-05 07:26:01,1,小井路口东,牛街路口东
57,7,13,2019-06-05 07:26:01,1,六里桥西,牛街路口东
57,6,16,2019-06-05 07:26:01,1,小井路口东,虎坊桥路口东
57,7,15,2019-06-05 07:26:01,1,六里桥西,虎坊桥路口西
57,7,7,2019-06-05 07:26:01,1,六里桥西,六里桥西
57,7,7,2019-06-05 07:26:01,1,六里桥西,六里桥西
57,7,11,2019-06-05 07:26:01,1,六里桥西,达官营
57,7,12,2019-06-05 07:26:01,1,六里桥西,广安门内
57,7,12,2019-06-05 07:26:01,1,六里桥西,广安门内
57,7,12,2019-06-05 07:26:01,1,六里桥西,广安门内
57,7,10,2019-06-05 07:26:01,1,六里桥西,湾子
57,7,12,2019-06-05 07:26:01,1,六里桥西,广安门内
57,6,12,2019-06-05 07:26:01,1,小井路口东,广安门内
57,7,15,2019-06-05 07:26:01,1,六里桥西,虎坊桥路口西
57,6,12,2019-06-05 07:26:01,1,小井路口东,广安门内
57,6,21,2019-06-05 07:26:01,1,小井路口东,水道子
57,7,21,2019-06-05 07:26:01,1,六里桥西,水道子
57,7,20,2019-06-05 07:26:01,1,六里桥西,桥湾
57,7,20,2019-06-05 07:26:01,1,六里桥西,桥湾
57,7,11,2019-06-05 07:27:01,1,六里桥西,达官营
57,7,15,2019-06-05 07:27:01,1,六里桥西,虎坊桥路口西
57,7,12,2019-06-05 07:27:01,1,六里桥西,广安门内
57,7,8,2019-06-05 07:27:01,1,六里桥西,六里桥东
57,7,21,2019-06-05 07:27:01,1,六里桥西,水道子
57,7,21,2019-06-05 07:27:01,1,六里桥西,水道子
57,7,11,2019-06-05 07:30:01,1,六里桥西,达官营
57,7,11,2019-06-05 07:30:01,1,六里桥西,达官营
57,7,11,2019-06-05 07:30:01,1,六里桥西,达官营
57,7,22,2019-06-05 07:30:01,1,六里桥西,磁器口西
57,8,11,2019-06-05 07:34:01,1,六里桥东,达官营
57,8,11,2019-06-05 07:34:01,1,六里桥东,达官营
57,8,10,2019-06-05 07:34:01,1,六里桥东,湾子
57,8,11,2019-06-05 07:34:01,1,六里桥东,达官营
57,8,9,2019-06-05 07:34:01,1,六里桥东,莲花池
57,8,10,2019-06-05 07:34:01,1,六里桥东,湾子
57,8,10,2019-06-05 07:34:01,1,六里桥东,湾子
57,8,22,2019-06-05 07:34:01,1,六里桥东,磁器口西
57,10,15,2019-06-05 07:36:01,1,湾子,虎坊桥路口西
57,10,11,2019-06-05 07:36:01,1,湾子,达官营
57,10,11,2019-06-05 07:36:01,1,湾子,达官营
57,10,15,2019-06-05 07:36:01,1,湾子,虎坊桥路口西
57,10,11,2019-06-05 07:36:01,1,湾子,达官营
57,10,20,2019-06-05 07:36:01,1,湾子,桥湾
57,10,19,2019-06-05 07:36:01,1,湾子,东城三里河
57,11,13,2019-06-05 07:43:01,1,达官营,牛街路口东
57,11,12,2019-06-05 07:43:01,1,达官营,广安门内
57,11,16,2019-06-05 07:43:01,1,达官营,虎坊桥路口东
57,11,15,2019-06-05 07:43:01,1,达官营,虎坊桥路口西
57,11,16,2019-06-05 07:43:01,1,达官营,虎坊桥路口东
57,11,16,2019-06-05 07:43:01,1,达官营,虎坊桥路口东
57,11,13,2019-06-05 07:43:01,1,达官营,牛街路口东
57,12,12,2019-06-05 07:43:01,1,广安门内,广安门内
57,11,20,2019-06-05 07:43:01,1,达官营,桥湾
57,12,13,2019-06-05 07:46:01,1,广安门内,牛街路口东
57,12,12,2019-06-05 07:46:01,1,广安门内,广安门内
57,12,22,2019-06-05 07:46:01,1,广安门内,磁器口西
57,12,12,2019-06-05 07:46:01,1,广安门内,广安门内
57,12,20,2019-06-05 07:46:01,1,广安门内,桥湾
57,12,21,2019-06-05 07:46:01,1,广安门内,水道子
57,12,19,2019-06-05 07:46:01,1,广安门内,东城三里河
57,12,19,2019-06-05 07:46:01,1,广安门内,东城三里河
57,12,14,2019-06-05 07:48:01,1,广安门内,菜市口西
57,12,16,2019-06-05 07:48:01,1,广安门内,虎坊桥路口东
57,12,14,2019-06-05 07:48:01,1,广安门内,菜市口西
57,12,15,2019-06-05 07:48:01,1,广安门内,虎坊桥路口西
57,12,17,2019-06-05 07:48:01,1,广安门内,板章路
57,12,13,2019-06-05 07:48:01,1,广安门内,牛街路口东
57,12,16,2019-06-05 07:48:01,1,广安门内,虎坊桥路口东
57,12,21,2019-06-05 07:48:01,1,广安门内,水道子
57,12,20,2019-06-05 07:48:01,1,广安门内,桥湾
57,12,20,2019-06-05 07:48:01,1,广安门内,桥湾
57,12,20,2019-06-05 07:48:01,1,广安门内,桥湾
57,12,20,2019-06-05 07:48:01,1,广安门内,桥湾
57,12,17,2019-06-05 07:48:01,1,广安门内,板章路
57,12,17,2019-06-05 07:48:01,1,广安门内,板章路
57,12,19,2019-06-05 07:48:01,1,广安门内,东城三里河
57,13,13,2019-06-05 07:51:01,1,牛街路口东,牛街路口东
57,13,21,2019-06-05 07:51:01,1,牛街路口东,水道子
57,13,22,2019-06-05 07:51:01,1,牛街路口东,磁器口西
57,13,21,2019-06-05 07:51:01,1,牛街路口东,水道子
57,13,22,2019-06-05 07:51:01,1,牛街路口东,磁器口西
57,13,21,2019-06-05 07:51:01,1,牛街路口东,水道子
57,13,21,2019-06-05 07:52:01,1,牛街路口东,水道子
57,13,21,2019-06-05 07:52:01,1,牛街路口东,水道子
57,13,14,2019-06-05 07:53:01,1,牛街路口东,菜市口西
57,13,20,2019-06-05 07:53:01,1,牛街路口东,桥湾
57,13,20,2019-06-05 07:53:01,1,牛街路口东,桥湾
57,13,21,2019-06-05 07:53:01,1,牛街路口东,水道子
57,13,19,2019-06-05 07:53:01,1,牛街路口东,东城三里河
57,14,16,2019-06-05 07:57:01,1,菜市口西,虎坊桥路口东
57,16,19,2019-06-05 07:58:01,1,虎坊桥路口东,东城三里河
57,15,19,2019-06-05 08:02:01,1,虎坊桥路口西,东城三里河
57,15,15,2019-06-05 08:03:01,1,虎坊桥路口西,虎坊桥路口西
57,15,17,2019-06-05 08:04:01,1,虎坊桥路口西,板章路
57,15,21,2019-06-05 08:04:01,1,虎坊桥路口西,水道子
57,15,20,2019-06-05 08:04:01,1,虎坊桥路口西,桥湾
57,15,21,2019-06-05 08:04:01,1,虎坊桥路口西,水道子
57,16,20,2019-06-05 08:04:01,1,虎坊桥路口东,桥湾
57,15,19,2019-06-05 08:04:01,1,虎坊桥路口西,东城三里河
57,15,18,2019-06-05 08:04:01,1,虎坊桥路口西,过街楼
57,16,18,2019-06-05 08:06:01,1,虎坊桥路口东,过街楼
57,16,17,2019-06-05 08:07:01,1,虎坊桥路口东,板章路
57,16,17,2019-06-05 08:07:01,1,虎坊桥路口东,板章路
57,16,16,2019-06-05 08:07:01,1,虎坊桥路口东,虎坊桥路口东
57,16,22,2019-06-05 08:07:01,1,虎坊桥路口东,磁器口西
57,16,21,2019-06-05 08:07:01,1,虎坊桥路口东,水道子
57,16,21,2019-06-05 08:07:01,1,虎坊桥路口东,水道子
57,16,21,2019-06-05 08:07:01,1,虎坊桥路口东,水道子
57,16,20,2019-06-05 08:07:01,1,虎坊桥路口东,桥湾
57,16,21,2019-06-05 08:07:01,1,虎坊桥路口东,水道子
57,16,21,2019-06-05 08:07:01,1,虎坊桥路口东,水道子
57,16,20,2019-06-05 08:07:01,1,虎坊桥路口东,桥湾
57,16,18,2019-06-05 08:07:01,1,虎坊桥路口东,过街楼
57,16,19,2019-06-05 08:07:01,1,虎坊桥路口东,东城三里河
57,16,18,2019-06-05 08:07:01,1,虎坊桥路口东,过街楼
57,16,18,2019-06-05 08:07:01,1,虎坊桥路口东,过街楼
57,16,20,2019-06-05 08:07:01,1,虎坊桥路口东,桥湾
57,16,17,2019-06-05 08:08:01,1,虎坊桥路口东,板章路
57,16,21,2019-06-05 08:08:01,1,虎坊桥路口东,水道子
57,16,21,2019-06-05 08:08:01,1,虎坊桥路口东,水道子
57,16,21,2019-06-05 08:08:01,1,虎坊桥路口东,水道子
57,16,20,2019-06-05 08:08:01,1,虎坊桥路口东,桥湾
57,16,20,2019-06-05 08:08:01,1,虎坊桥路口东,桥湾
57,16,18,2019-06-05 08:08:01,1,虎坊桥路口东,过街楼
57,16,19,2019-06-05 08:08:01,1,虎坊桥路口东,东城三里河
57,17,18,2019-06-05 08:10:01,1,板章路,过街楼
57,17,22,2019-06-05 08:10:01,1,板章路,磁器口西
57,17,21,2019-06-05 08:10:01,1,板章路,水道子
57,17,18,2019-06-05 08:10:01,1,板章路,过街楼
57,17,21,2019-06-05 08:10:01,1,板章路,水道子
57,17,20,2019-06-05 08:10:01,1,板章路,桥湾
57,17,21,2019-06-05 08:10:01,1,板章路,水道子
57,17,22,2019-06-05 08:10:01,1,板章路,磁器口西
57,17,18,2019-06-05 08:10:01,1,板章路,过街楼
57,17,21,2019-06-05 08:10:01,1,板章路,水道子
57,17,22,2019-06-05 08:10:01,1,板章路,磁器口西
57,17,20,2019-06-05 08:10:01,1,板章路,桥湾
57,17,20,2019-06-05 08:10:01,1,板章路,桥湾
57,17,20,2019-06-05 08:10:01,1,板章路,桥湾
57,17,18,2019-06-05 08:10:01,1,板章路,过街楼
57,17,18,2019-06-05 08:10:01,1,板章路,过街楼
57,18,18,2019-06-05 08:11:01,1,过街楼,过街楼
57,18,19,2019-06-05 08:11:01,1,过街楼,东城三里河
57,18,20,2019-06-05 08:14:01,1,过街楼,桥湾
57,18,21,2019-06-05 08:14:01,1,过街楼,水道子
57,18,21,2019-06-05 08:14:01,1,过街楼,水道子
57,18,19,2019-06-05 08:14:01,1,过街楼,东城三里河
57,19,21,2019-06-05 08:16:01,1,东城三里河,水道子
57,19,21,2019-06-05 08:16:01,1,东城三里河,水道子
57,19,21,2019-06-05 08:16:01,1,东城三里河,水道子
57,20,21,2019-06-05 08:19:01,1,桥湾,水道子
57,21,22,2019-06-05 08:30:01,1,水道子,磁器口西
57,1,2,2019-06-05 07:40:01,1,靛厂新村,岳各庄东路北口
57,1,9,2019-06-05 07:40:01,1,靛厂新村,莲花池
57,1,6,2019-06-05 07:40:01,1,靛厂新村,小井路口东
57,1,9,2019-06-05 07:40:01,1,靛厂新村,莲花池
57,1,9,2019-06-05 07:40:01,1,靛厂新村,莲花池
57,1,7,2019-06-05 07:40:01,1,靛厂新村,六里桥西
57,1,9,2019-06-05 07:40:01,1,靛厂新村,莲花池
57,1,12,2019-06-05 07:40:01,1,靛厂新村,广安门内
57,1,12,2019-06-05 07:40:01,1,靛厂新村,广安门内
57,1,8,2019-06-05 07:40:01,1,靛厂新村,六里桥东
57,1,11,2019-06-05 07:40:01,1,靛厂新村,达官营
57,1,7,2019-06-05 07:40:01,1,靛厂新村,六里桥西
57,1,9,2019-06-05 07:40:01,1,靛厂新村,莲花池
57,1,4,2019-06-05 07:40:01,1,靛厂新村,水衙沟路东口
57,1,1,2019-06-05 07:40:01,1,靛厂新村,靛厂新村
57,1,7,2019-06-05 07:40:01,1,靛厂新村,六里桥西
57,1,1,2019-06-05 07:40:01,1,靛厂新村,靛厂新村
57,2,6,2019-06-05 07:41:01,1,岳各庄东路北口,小井路口东
57,2,6,2019-06-05 07:41:01,1,岳各庄东路北口,小井路口东
57,2,7,2019-06-05 07:41:01,1,岳各庄东路北口,六里桥西
57,2,2,2019-06-05 07:41:01,1,岳各庄东路北口,岳各庄东路北口
57,2,7,2019-06-05 07:41:01,1,岳各庄东路北口,六里桥西
57,2,9,2019-06-05 07:41:01,1,岳各庄东路北口,莲花池
57,2,6,2019-06-05 07:41:01,1,岳各庄东路北口,小井路口东
57,2,7,2019-06-05 07:42:01,1,岳各庄东路北口,六里桥西
57,3,9,2019-06-05 07:44:01,1,靛厂村南站,莲花池
57,3,11,2019-06-05 07:44:01,1,靛厂村南站,达官营
57,3,6,2019-06-05 07:44:01,1,靛厂村南站,小井路口东
57,3,7,2019-06-05 07:44:01,1,靛厂村南站,六里桥西
57,3,9,2019-06-05 07:44:01,1,靛厂村南站,莲花池
57,3,7,2019-06-05 07:44:01,1,靛厂村南站,六里桥西
57,3,9,2019-06-05 07:44:01,1,靛厂村南站,莲花池
57,3,9,2019-06-05 07:44:01,1,靛厂村南站,莲花池
57,3,9,2019-06-05 07:44:01,1,靛厂村南站,莲花池
57,4,6,2019-06-05 07:45:01,1,水衙沟路东口,小井路口东
57,4,6,2019-06-05 07:45:01,1,水衙沟路东口,小井路口东
57,4,7,2019-06-05 07:45:01,1,水衙沟路东口,六里桥西
57,4,9,2019-06-05 07:45:01,1,水衙沟路东口,莲花池
57,4,4,2019-06-05 07:45:01,1,水衙沟路东口,水衙沟路东口
57,4,6,2019-06-05 07:45:01,1,水衙沟路东口,小井路口东
57,4,9,2019-06-05 07:45:01,1,水衙沟路东口,莲花池
57,4,9,2019-06-05 07:45:01,1,水衙沟路东口,莲花池
57,4,9,2019-06-05 07:45:01,1,水衙沟路东口,莲花池
57,4,9,2019-06-05 07:45:01,1,水衙沟路东口,莲花池
57,4,9,2019-06-05 07:45:01,1,水衙沟路东口,莲花池
57,4,5,2019-06-05 07:45:01,1,水衙沟路东口,白塔村
57,4,6,2019-06-05 07:45:01,1,水衙沟路东口,小井路口东
57,5,7,2019-06-05 07:46:01,1,白塔村,六里桥西
57,5,9,2019-06-05 07:46:01,1,白塔村,莲花池
57,5,9,2019-06-05 07:46:01,1,白塔村,莲花池
57,5,9,2019-06-05 07:46:01,1,白塔村,莲花池
57,5,9,2019-06-05 07:46:01,1,白塔村,莲花池
57,6,10,2019-06-05 07:49:01,1,小井路口东,湾子
57,6,7,2019-06-05 07:49:01,1,小井路口东,六里桥西
57,6,9,2019-06-05 07:49:01,1,小井路口东,莲花池
57,6,9,2019-06-05 07:49:01,1,小井路口东,莲花池
57,6,7,2019-06-05 07:49:01,1,小井路口东,六里桥西
57,6,7,2019-06-05 07:49:01,1,小井路口东,六里桥西
57,6,9,2019-06-05 07:49:01,1,小井路口东,莲花池
57,6,8,2019-06-05 07:49:01,1,小井路口东,六里桥东
57,6,9,2019-06-05 07:49:01,1,小井路口东,莲花池
57,7,9,2019-06-05 07:52:01,1,六里桥西,莲花池
57,7,9,2019-06-05 07:52:01,1,六里桥西,莲花池
57,7,12,2019-06-05 07:52:01,1,六里桥西,广安门内
57,8,12,2019-06-05 07:54:01,1,六里桥东,广安门内
57,8,12,2019-06-05 07:55:01,1,六里桥东,广安门内
57,8,9,2019-06-05 07:55:01,1,六里桥东,莲花池
57,8,12,2019-06-05 07:55:01,1,六里桥东,广安门内
57,8,9,2019-06-05 07:55:01,1,六里桥东,莲花池
57,8,9,2019-06-05 07:55:01,1,六里桥东,莲花池
57,8,12,2019-06-05 07:55:01,1,六里桥东,广安门内
57,8,9,2019-06-05 07:55:01,1,六里桥东,莲花池
57,8,12,2019-06-05 07:55:01,1,六里桥东,广安门内
57,8,10,2019-06-05 07:55:01,1,六里桥东,湾子
57,8,9,2019-06-05 07:55:01,1,六里桥东,莲花池
57,8,9,2019-06-05 07:55:01,1,六里桥东,莲花池
57,8,9,2019-06-05 07:55:01,1,六里桥东,莲花池
57,8,9,2019-06-05 07:55:01,1,六里桥东,莲花池
57,8,9,2019-06-05 07:55:01,1,六里桥东,莲花池
57,8,12,2019-06-05 07:55:01,1,六里桥东,广安门内
57,8,9,2019-06-05 07:55:01,1,六里桥东,莲花池
57,8,9,2019-06-05 07:55:01,1,六里桥东,莲花池
57,9,9,2019-06-05 08:05:01,1,莲花池,莲花池
57,9,9,2019-06-05 08:05:01,1,莲花池,莲花池
57,9,12,2019-06-05 08:05:01,1,莲花池,广安门内
57,9,9,2019-06-05 08:05:01,1,莲花池,莲花池
57,9,9,2019-06-05 08:05:01,1,莲花池,莲花池
57,9,9,2019-06-05 08:05:01,1,莲花池,莲花池
57,9,9,2019-06-05 08:05:01,1,莲花池,莲花池
57,9,9,2019-06-05 08:07:01,1,莲花池,莲花池
57,9,11,2019-06-05 08:07:01,1,莲花池,达官营
57,9,9,2019-06-05 08:07:01,1,莲花池,莲花池
57,9,12,2019-06-05 08:07:01,1,莲花池,广安门内
57,9,9,2019-06-05 08:13:01,1,莲花池,莲花池
57,9,12,2019-06-05 08:14:01,1,莲花池,广安门内
57,9,12,2019-06-05 08:16:01,1,莲花池,广安门内
57,9,9,2019-06-05 08:16:01,1,莲花池,莲花池
57,9,11,2019-06-05 08:16:01,1,莲花池,达官营
57,9,9,2019-06-05 08:16:01,1,莲花池,莲花池
57,9,12,2019-06-05 08:16:01,1,莲花池,广安门内
57,9,12,2019-06-05 08:16:01,1,莲花池,广安门内
57,9,12,2019-06-05 08:16:01,1,莲花池,广安门内
57,9,12,2019-06-05 08:16:01,1,莲花池,广安门内
57,9,9,2019-06-05 08:19:01,1,莲花池,莲花池
57,9,9,2019-06-05 08:19:01,1,莲花池,莲花池
57,9,9,2019-06-05 08:19:01,1,莲花池,莲花池
57,9,9,2019-06-05 08:19:01,1,莲花池,莲花池
57,9,12,2019-06-05 08:21:01,1,莲花池,广安门内
57,9,12,2019-06-05 08:21:01,1,莲花池,广安门内
57,9,11,2019-06-05 08:23:01,1,莲花池,达官营
57,9,12,2019-06-05 08:23:01,1,莲花池,广安门内
57,9,11,2019-06-05 08:23:01,1,莲花池,达官营
57,9,12,2019-06-05 08:24:01,1,莲花池,广安门内
57,9,11,2019-06-05 08:24:01,1,莲花池,达官营
57,9,12,2019-06-05 08:24:01,1,莲花池,广安门内
57,9,12,2019-06-05 08:24:01,1,莲花池,广安门内
57,9,12,2019-06-05 08:24:01,1,莲花池,广安门内
57,10,11,2019-06-05 08:26:01,1,湾子,达官营
57,10,12,2019-06-05 08:27:01,1,湾子,广安门内
57,11,11,2019-06-05 08:27:01,1,达官营,达官营
57,10,12,2019-06-05 08:27:01,1,湾子,广安门内
57,11,11,2019-06-05 08:28:01,1,达官营,达官营
57,11,12,2019-06-05 08:28:01,1,达官营,广安门内
57,11,12,2019-06-05 08:28:01,1,达官营,广安门内
57,11,12,2019-06-05 08:28:01,1,达官营,广安门内
57,11,11,2019-06-05 08:30:01,1,达官营,达官营
57,11,12,2019-06-05 08:30:01,1,达官营,广安门内
57,12,12,2019-06-05 08:31:01,1,广安门内,广安门内
57,12,12,2019-06-05 08:31:01,1,广安门内,广安门内
57,12,12,2019-06-05 08:31:01,1,广安门内,广安门内
57,12,12,2019-06-05 08:31:01,1,广安门内,广安门内
57,12,12,2019-06-05 08:31:01,1,广安门内,广安门内
57,12,12,2019-06-05 08:31:01,1,广安门内,广安门内
57,12,12,2019-06-05 08:31:01,1,广安门内,广安门内
57,12,12,2019-06-05 08:35:01,1,广安门内,广安门内
57,12,12,2019-06-05 08:35:01,1,广安门内,广安门内
57,12,12,2019-06-05 08:35:01,1,广安门内,广安门内
57,12,12,2019-06-05 08:35:01,1,广安门内,广安门内
57,12,12,2019-06-05 08:36:01,1,广安门内,广安门内
57,12,12,2019-06-05 08:40:01,1,广安门内,广安门内
57,12,12,2019-06-05 08:40:01,1,广安门内,广安门内
57,22,23,2019-06-05 07:21:01,1,磁器口西,榄杆市
57,22,23,2019-06-05 07:24:01,1,磁器口西,榄杆市
57,22,22,2019-06-05 07:26:01,1,磁器口西,磁器口西
57,1,3,2019-06-05 07:47:01,1,靛厂新村,靛厂村南站
57,1,3,2019-06-05 07:47:01,1,靛厂新村,靛厂村南站
57,1,4,2019-06-05 07:48:01,1,靛厂新村,水衙沟路东口
57,1,3,2019-06-05 07:48:01,1,靛厂新村,靛厂村南站
57,1,4,2019-06-05 07:48:01,1,靛厂新村,水衙沟路东口
57,1,5,2019-06-05 07:48:01,1,靛厂新村,白塔村
57,1,3,2019-06-05 07:48:01,1,靛厂新村,靛厂村南站
57,1,3,2019-06-05 07:48:01,1,靛厂新村,靛厂村南站
57,1,3,2019-06-05 07:48:01,1,靛厂新村,靛厂村南站
57,1,7,2019-06-05 07:48:01,1,靛厂新村,六里桥西
57,1,7,2019-06-05 07:48:01,1,靛厂新村,六里桥西
57,1,3,2019-06-05 07:48:01,1,靛厂新村,靛厂村南站
57,1,3,2019-06-05 07:48:01,1,靛厂新村,靛厂村南站
57,1,3,2019-06-05 07:48:01,1,靛厂新村,靛厂村南站
57,1,1,2019-06-05 07:48:01,1,靛厂新村,靛厂新村
57,1,7,2019-06-05 07:48:01,1,靛厂新村,六里桥西
57,1,6,2019-06-05 07:48:01,1,靛厂新村,小井路口东
57,1,6,2019-06-05 07:48:01,1,靛厂新村,小井路口东
57,1,6,2019-06-05 07:48:01,1,靛厂新村,小井路口东
57,2,3,2019-06-05 07:49:01,1,岳各庄东路北口,靛厂村南站
57,2,4,2019-06-05 07:49:01,1,岳各庄东路北口,水衙沟路东口
57,2,3,2019-06-05 07:49:01,1,岳各庄东路北口,靛厂村南站
57,2,2,2019-06-05 07:49:01,1,岳各庄东路北口,岳各庄东路北口
57,2,3,2019-06-05 07:49:01,1,岳各庄东路北口,靛厂村南站
57,2,4,2019-06-05 07:49:01,1,岳各庄东路北口,水衙沟路东口
57,2,3,2019-06-05 07:49:01,1,岳各庄东路北口,靛厂村南站
57,2,3,2019-06-05 07:49:01,1,岳各庄东路北口,靛厂村南站
57,2,3,2019-06-05 07:49:01,1,岳各庄东路北口,靛厂村南站
57,2,7,2019-06-05 07:49:01,1,岳各庄东路北口,六里桥西
57,2,2,2019-06-05 07:49:01,1,岳各庄东路北口,岳各庄东路北口
57,2,9,2019-06-05 07:49:01,1,岳各庄东路北口,莲花池
57,2,4,2019-06-05 07:51:01,1,岳各庄东路北口,水衙沟路东口
57,2,5,2019-06-05 07:51:01,1,岳各庄东路北口,白塔村
57,2,9,2019-06-05 07:51:01,1,岳各庄东路北口,莲花池
57,2,2,2019-06-05 07:51:01,1,岳各庄东路北口,岳各庄东路北口
57,2,7,2019-06-05 07:51:01,1,岳各庄东路北口,六里桥西
57,2,7,2019-06-05 07:51:01,1,岳各庄东路北口,六里桥西
57,2,6,2019-06-05 07:51:01,1,岳各庄东路北口,小井路口东
57,2,6,2019-06-05 07:51:01,1,岳各庄东路北口,小井路口东
57,3,4,2019-06-05 07:52:01,1,靛厂村南站,水衙沟路东口
57,3,5,2019-06-05 07:52:01,1,靛厂村南站,白塔村
57,3,5,2019-06-05 07:52:01,1,靛厂村南站,白塔村
57,3,8,2019-06-05 07:52:01,1,靛厂村南站,六里桥东
57,3,3,2019-06-05 07:52:01,1,靛厂村南站,靛厂村南站
57,3,3,2019-06-05 07:52:01,1,靛厂村南站,靛厂村南站
57,3,7,2019-06-05 07:52:01,1,靛厂村南站,六里桥西
57,3,3,2019-06-05 07:52:01,1,靛厂村南站,靛厂村南站
57,3,6,2019-06-05 07:52:01,1,靛厂村南站,小井路口东
57,3,6,2019-06-05 07:52:01,1,靛厂村南站,小井路口东
57,3,6,2019-06-05 07:53:01,1,靛厂村南站,小井路口东
57,3,4,2019-06-05 07:56:01,1,靛厂村南站,水衙沟路东口
57,3,5,2019-06-05 07:56:01,1,靛厂村南站,白塔村
57,3,4,2019-06-05 07:59:01,1,靛厂村南站,水衙沟路东口
57,3,4,2019-06-05 07:59:01,1,靛厂村南站,水衙沟路东口
57,3,4,2019-06-05 07:59:01,1,靛厂村南站,水衙沟路东口
57,3,5,2019-06-05 07:59:01,1,靛厂村南站,白塔村
57,3,7,2019-06-05 07:59:01,1,靛厂村南站,六里桥西
57,3,3,2019-06-05 07:59:01,1,靛厂村南站,靛厂村南站
57,3,4,2019-06-05 07:59:01,1,靛厂村南站,水衙沟路东口
57,4,5,2019-06-05 08:02:01,1,水衙沟路东口,白塔村
57,4,8,2019-06-05 08:02:01,1,水衙沟路东口,六里桥东
57,4,7,2019-06-05 08:02:01,1,水衙沟路东口,六里桥西
57,4,8,2019-06-05 08:02:01,1,水衙沟路东口,六里桥东
57,4,9,2019-06-05 08:02:01,1,水衙沟路东口,莲花池
57,4,8,2019-06-05 08:02:01,1,水衙沟路东口,六里桥东
57,4,9,2019-06-05 08:02:01,1,水衙沟路东口,莲花池
57,4,9,2019-06-05 08:02:01,1,水衙沟路东口,莲花池
57,4,8,2019-06-05 08:02:01,1,水衙沟路东口,六里桥东
57,4,9,2019-06-05 08:02:01,1,水衙沟路东口,莲花池
57,4,8,2019-06-05 08:02:01,1,水衙沟路东口,六里桥东
57,4,7,2019-06-05 08:02:01,1,水衙沟路东口,六里桥西
57,4,7,2019-06-05 08:02:01,1,水衙沟路东口,六里桥西
57,4,7,2019-06-05 08:02:01,1,水衙沟路东口,六里桥西
57,4,6,2019-06-05 08:02:01,1,水衙沟路东口,小井路口东
57,4,8,2019-06-05 08:02:01,1,水衙沟路东口,六里桥东
57,4,7,2019-06-05 08:02:01,1,水衙沟路东口,六里桥西
57,4,9,2019-06-05 08:02:01,1,水衙沟路东口,莲花池
57,5,5,2019-06-05 08:12:01,1,白塔村,白塔村
57,5,5,2019-06-05 08:12:01,1,白塔村,白塔村
57,5,9,2019-06-05 08:12:01,1,白塔村,莲花池
57,5,7,2019-06-05 08:12:01,1,白塔村,六里桥西
57,5,7,2019-06-05 08:12:01,1,白塔村,六里桥西
57,5,6,2019-06-05 08:12:01,1,白塔村,小井路口东
57,5,7,2019-06-05 08:12:01,1,白塔村,六里桥西
57,5,7,2019-06-05 08:12:01,1,白塔村,六里桥西
57,5,8,2019-06-05 08:12:01,1,白塔村,六里桥东
57,5,9,2019-06-05 08:12:01,1,白塔村,莲花池
57,6,9,2019-06-05 08:15:01,1,小井路口东,莲花池
57,6,9,2019-06-05 08:15:01,1,小井路口东,莲花池
57,6,8,2019-06-05 08:15:01,1,小井路口东,六里桥东
57,6,9,2019-06-05 08:15:01,1,小井路口东,莲花池
57,6,8,2019-06-05 08:15:01,1,小井路口东,六里桥东
57,6,7,2019-06-05 08:15:01,1,小井路口东,六里桥西
57,6,7,2019-06-05 08:15:01,1,小井路口东,六里桥西
57,6,7,2019-06-05 08:15:01,1,小井路口东,六里桥西
57,6,7,2019-06-05 08:15:01,1,小井路口东,六里桥西
57,6,7,2019-06-05 08:15:01,1,小井路口东,六里桥西
57,6,6,2019-06-05 08:15:01,1,小井路口东,小井路口东
57,6,6,2019-06-05 08:15:01,1,小井路口东,小井路口东
57,6,6,2019-06-05 08:15:01,1,小井路口东,小井路口东
57,6,7,2019-06-05 08:15:01,1,小井路口东,六里桥西
57,6,7,2019-06-05 08:16:01,1,小井路口东,六里桥西
57,6,9,2019-06-05 08:18:01,1,小井路口东,莲花池
57,6,7,2019-06-05 08:18:01,1,小井路口东,六里桥西
57,6,8,2019-06-05 08:18:01,1,小井路口东,六里桥东
57,6,8,2019-06-05 08:18:01,1,小井路口东,六里桥东
57,6,8,2019-06-05 08:18:01,1,小井路口东,六里桥东
57,6,9,2019-06-05 08:18:01,1,小井路口东,莲花池
57,6,7,2019-06-05 08:18:01,1,小井路口东,六里桥西
57,6,7,2019-06-05 08:18:01,1,小井路口东,六里桥西
57,6,7,2019-06-05 08:18:01,1,小井路口东,六里桥西
57,6,6,2019-06-05 08:18:01,1,小井路口东,小井路口东
57,6,7,2019-06-05 08:18:01,1,小井路口东,六里桥西
57,6,7,2019-06-05 08:18:01,1,小井路口东,六里桥西
57,6,7,2019-06-05 08:18:01,1,小井路口东,六里桥西
57,6,6,2019-06-05 08:18:01,1,小井路口东,小井路口东
57,6,7,2019-06-05 08:18:01,1,小井路口东,六里桥西
57,6,6,2019-06-05 08:18:01,1,小井路口东,小井路口东
57,6,6,2019-06-05 08:18:01,1,小井路口东,小井路口东
57,6,6,2019-06-05 08:18:01,1,小井路口东,小井路口东
57,6,7,2019-06-05 08:18:01,1,小井路口东,六里桥西
57,7,7,2019-06-05 08:24:01,1,六里桥西,六里桥西
57,7,9,2019-06-05 08:24:01,1,六里桥西,莲花池
57,7,9,2019-06-05 08:24:01,1,六里桥西,莲花池
57,7,8,2019-06-05 08:29:01,1,六里桥西,六里桥东
57,7,7,2019-06-05 08:29:01,1,六里桥西,六里桥西
57,7,9,2019-06-05 08:29:01,1,六里桥西,莲花池
57,7,8,2019-06-05 08:29:01,1,六里桥西,六里桥东
57,7,8,2019-06-05 08:29:01,1,六里桥西,六里桥东
57,7,8,2019-06-05 08:29:01,1,六里桥西,六里桥东
57,7,9,2019-06-05 08:29:01,1,六里桥西,莲花池
57,7,8,2019-06-05 08:29:01,1,六里桥西,六里桥东
57,7,8,2019-06-05 08:29:01,1,六里桥西,六里桥东
57,7,7,2019-06-05 08:29:01,1,六里桥西,六里桥西
57,7,7,2019-06-05 08:29:01,1,六里桥西,六里桥西
57,7,8,2019-06-05 08:29:01,1,六里桥西,六里桥东
57,7,7,2019-06-05 08:31:01,1,六里桥西,六里桥西
57,7,9,2019-06-05 08:31:01,1,六里桥西,莲花池
57,7,7,2019-06-05 08:31:01,1,六里桥西,六里桥西
57,7,8,2019-06-05 08:31:01,1,六里桥西,六里桥东
57,7,8,2019-06-05 08:31:01,1,六里桥西,六里桥东
57,7,8,2019-06-05 08:31:01,1,六里桥西,六里桥东
57,7,8,2019-06-05 08:31:01,1,六里桥西,六里桥东
57,7,8,2019-06-05 08:31:01,1,六里桥西,六里桥东
57,7,8,2019-06-05 08:31:01,1,六里桥西,六里桥东
57,7,8,2019-06-05 08:31:01,1,六里桥西,六里桥东
57,7,7,2019-06-05 08:31:01,1,六里桥西,六里桥西
57,7,7,2019-06-05 08:31:01,1,六里桥西,六里桥西
57,7,9,2019-06-05 08:31:01,1,六里桥西,莲花池
57,7,8,2019-06-05 08:31:01,1,六里桥西,六里桥东
57,7,8,2019-06-05 08:31:01,1,六里桥西,六里桥东
57,7,9,2019-06-05 08:31:01,1,六里桥西,莲花池
57,7,8,2019-06-05 08:34:01,1,六里桥西,六里桥东
57,7,8,2019-06-05 08:34:01,1,六里桥西,六里桥东
57,7,8,2019-06-05 08:34:01,1,六里桥西,六里桥东
57,7,8,2019-06-05 08:34:01,1,六里桥西,六里桥东
57,7,8,2019-06-05 08:34:01,1,六里桥西,六里桥东
57,7,9,2019-06-05 08:34:01,1,六里桥西,莲花池
57,7,9,2019-06-05 08:34:01,1,六里桥西,莲花池
57,7,8,2019-06-05 08:37:01,1,六里桥西,六里桥东
57,7,8,2019-06-05 08:37:01,1,六里桥西,六里桥东
57,7,8,2019-06-05 08:37:01,1,六里桥西,六里桥东
57,7,9,2019-06-05 08:37:01,1,六里桥西,莲花池
57,7,9,2019-06-05 08:37:01,1,六里桥西,莲花池
57,8,9,2019-06-05 08:38:01,1,六里桥东,莲花池
57,8,9,2019-06-05 08:38:01,1,六里桥东,莲花池
57,8,8,2019-06-05 08:38:01,1,六里桥东,六里桥东
57,8,9,2019-06-05 08:38:01,1,六里桥东,莲花池
57,8,8,2019-06-05 08:38:01,1,六里桥东,六里桥东
57,8,8,2019-06-05 08:38:01,1,六里桥东,六里桥东
57,8,9,2019-06-05 08:38:01,1,六里桥东,莲花池
57,8,9,2019-06-05 08:38:01,1,六里桥东,莲花池
57,8,9,2019-06-05 08:38:01,1,六里桥东,莲花池
57,8,9,2019-06-05 08:38:01,1,六里桥东,莲花池
57,8,9,2019-06-05 08:38:01,1,六里桥东,莲花池
57,8,8,2019-06-05 08:39:01,1,六里桥东,六里桥东
57,8,9,2019-06-05 08:39:01,1,六里桥东,莲花池
57,8,8,2019-06-05 08:42:01,1,六里桥东,六里桥东
57,8,8,2019-06-05 08:42:01,1,六里桥东,六里桥东
57,8,8,2019-06-05 08:42:01,1,六里桥东,六里桥东
57,8,8,2019-06-05 08:42:01,1,六里桥东,六里桥东
57,8,8,2019-06-05 08:47:01,1,六里桥东,六里桥东
57,8,9,2019-06-05 08:47:01,1,六里桥东,莲花池
57,14,20,2019-06-05 08:53:01,1,菜市口西,桥湾
57,8,8,2019-06-05 08:54:01,1,六里桥东,六里桥东
57,8,9,2019-06-05 08:54:01,1,六里桥东,莲花池
57,8,9,2019-06-05 08:54:01,1,六里桥东,莲花池
57,8,9,2019-06-05 08:54:01,1,六里桥东,莲花池
57,8,8,2019-06-05 08:55:01,1,六里桥东,六里桥东
57,8,9,2019-06-05 08:55:01,1,六里桥东,莲花池
57,8,8,2019-06-05 08:55:01,1,六里桥东,六里桥东
57,8,9,2019-06-05 08:55:01,1,六里桥东,莲花池
57,8,9,2019-06-05 08:55:01,1,六里桥东,莲花池
57,8,8,2019-06-05 08:56:01,1,六里桥东,六里桥东
57,8,8,2019-06-05 08:56:01,1,六里桥东,六里桥东
57,8,8,2019-06-05 08:56:01,1,六里桥东,六里桥东
57,8,9,2019-06-05 08:56:01,1,六里桥东,莲花池
57,8,8,2019-06-05 08:56:01,1,六里桥东,六里桥东
57,8,8,2019-06-05 08:56:01,1,六里桥东,六里桥东
57,8,9,2019-06-05 08:56:01,1,六里桥东,莲花池
57,8,8,2019-06-05 09:00:01,1,六里桥东,六里桥东
57,8,8,2019-06-05 09:00:01,1,六里桥东,六里桥东
57,8,8,2019-06-05 09:00:01,1,六里桥东,六里桥东
57,8,9,2019-06-05 09:00:01,1,六里桥东,莲花池
57,8,9,2019-06-05 09:00:01,1,六里桥东,莲花池
57,8,9,2019-06-05 09:00:01,1,六里桥东,莲花池
57,8,9,2019-06-05 09:00:01,1,六里桥东,莲花池
57,8,9,2019-06-05 09:18:01,1,六里桥东,莲花池
57,8,9,2019-06-05 09:18:01,1,六里桥东,莲花池
57,8,9,2019-06-05 09:20:01,1,六里桥东,莲花池
57,8,9,2019-06-05 09:20:01,1,六里桥东,莲花池
57,8,9,2019-06-05 09:20:01,1,六里桥东,莲花池
57,2,4,2019-06-05 06:45:01,1,岳各庄东路北口,水衙沟路东口
57,2,7,2019-06-05 06:45:01,1,岳各庄东路北口,六里桥西
57,2,8,2019-06-05 06:45:01,1,岳各庄东路北口,六里桥东
57,2,12,2019-06-05 06:45:01,1,岳各庄东路北口,广安门内
57,2,15,2019-06-05 06:45:01,1,岳各庄东路北口,虎坊桥路口西
57,1,23,2019-06-05 06:45:01,1,靛厂新村,榄杆市
57,2,17,2019-06-05 06:45:01,1,岳各庄东路北口,板章路
57,2,7,2019-06-05 06:46:01,1,岳各庄东路北口,六里桥西
57,2,10,2019-06-05 06:46:01,1,岳各庄东路北口,湾子
57,2,8,2019-06-05 06:47:01,1,岳各庄东路北口,六里桥东
57,2,8,2019-06-05 06:47:01,1,岳各庄东路北口,六里桥东
57,2,6,2019-06-05 06:47:01,1,岳各庄东路北口,小井路口东
57,2,8,2019-06-05 06:47:01,1,岳各庄东路北口,六里桥东
57,2,7,2019-06-05 06:47:01,1,岳各庄东路北口,六里桥西
57,2,6,2019-06-05 06:47:01,1,岳各庄东路北口,小井路口东
57,2,8,2019-06-05 06:47:01,1,岳各庄东路北口,六里桥东
57,2,8,2019-06-05 06:47:01,1,岳各庄东路北口,六里桥东
57,2,3,2019-06-05 06:47:01,1,岳各庄东路北口,靛厂村南站
57,3,13,2019-06-05 06:47:01,1,靛厂村南站,牛街路口东
57,2,11,2019-06-05 06:47:01,1,岳各庄东路北口,达官营
57,2,13,2019-06-05 06:47:01,1,岳各庄东路北口,牛街路口东
57,2,10,2019-06-05 06:47:01,1,岳各庄东路北口,湾子
57,3,9,2019-06-05 06:49:01,1,靛厂村南站,莲花池
57,3,7,2019-06-05 06:49:01,1,靛厂村南站,六里桥西
57,3,7,2019-06-05 06:49:01,1,靛厂村南站,六里桥西
57,3,7,2019-06-05 06:49:01,1,靛厂村南站,六里桥西
57,4,7,2019-06-05 06:49:01,1,水衙沟路东口,六里桥西
57,3,13,2019-06-05 06:49:01,1,靛厂村南站,牛街路口东
57,3,12,2019-06-05 06:49:01,1,靛厂村南站,广安门内
57,3,16,2019-06-05 06:49:01,1,靛厂村南站,虎坊桥路口东
57,3,20,2019-06-05 06:49:01,1,靛厂村南站,桥湾
57,3,31,2019-06-05 06:49:01,1,靛厂村南站,大北窑南
57,3,8,2019-06-05 06:50:01,1,靛厂村南站,六里桥东
57,3,7,2019-06-05 06:50:01,1,靛厂村南站,六里桥西
57,4,6,2019-06-05 06:50:01,1,水衙沟路东口,小井路口东
57,3,9,2019-06-05 06:50:01,1,靛厂村南站,莲花池
57,4,9,2019-06-05 06:50:01,1,水衙沟路东口,莲花池
57,3,8,2019-06-05 06:50:01,1,靛厂村南站,六里桥东
57,4,9,2019-06-05 06:50:01,1,水衙沟路东口,莲花池
57,4,11,2019-06-05 06:50:01,1,水衙沟路东口,达官营
57,4,15,2019-06-05 06:50:01,1,水衙沟路东口,虎坊桥路口西
57,4,16,2019-06-05 06:50:01,1,水衙沟路东口,虎坊桥路口东
57,4,16,2019-06-05 06:50:01,1,水衙沟路东口,虎坊桥路口东
57,4,31,2019-06-05 06:50:01,1,水衙沟路东口,大北窑南
57,3,13,2019-06-05 06:51:01,1,靛厂村南站,牛街路口东
57,3,8,2019-06-05 06:52:01,1,靛厂村南站,六里桥东
57,6,8,2019-06-05 06:54:01,1,小井路口东,六里桥东
57,6,8,2019-06-05 06:54:01,1,小井路口东,六里桥东
57,6,8,2019-06-05 06:54:01,1,小井路口东,六里桥东
57,6,8,2019-06-05 06:54:01,1,小井路口东,六里桥东
57,7,11,2019-06-05 06:54:01,1,六里桥西,达官营
57,6,12,2019-06-05 06:54:01,1,小井路口东,广安门内
57,6,14,2019-06-05 06:54:01,1,小井路口东,菜市口西
57,6,13,2019-06-05 06:54:01,1,小井路口东,牛街路口东
57,6,16,2019-06-05 06:54:01,1,小井路口东,虎坊桥路口东
57,7,12,2019-06-05 06:56:01,1,六里桥西,广安门内
57,7,11,2019-06-05 06:56:01,1,六里桥西,达官营
57,7,23,2019-06-05 06:56:01,1,六里桥西,榄杆市
57,7,17,2019-06-05 06:56:01,1,六里桥西,板章路
57,7,23,2019-06-05 06:56:01,1,六里桥西,榄杆市
57,7,18,2019-06-05 06:56:01,1,六里桥西,过街楼
57,8,8,2019-06-05 06:59:01,1,六里桥东,六里桥东
57,8,8,2019-06-05 06:59:01,1,六里桥东,六里桥东
57,8,8,2019-06-05 06:59:01,1,六里桥东,六里桥东
57,8,13,2019-06-05 06:59:01,1,六里桥东,牛街路口东
57,8,13,2019-06-05 06:59:01,1,六里桥东,牛街路口东
57,8,10,2019-06-05 06:59:01,1,六里桥东,湾子
57,8,12,2019-06-05 06:59:01,1,六里桥东,广安门内
57,8,11,2019-06-05 06:59:01,1,六里桥东,达官营
57,8,11,2019-06-05 06:59:01,1,六里桥东,达官营
57,8,16,2019-06-05 06:59:01,1,六里桥东,虎坊桥路口东
57,8,16,2019-06-05 06:59:01,1,六里桥东,虎坊桥路口东
57,8,15,2019-06-05 06:59:01,1,六里桥东,虎坊桥路口西
57,8,17,2019-06-05 06:59:01,1,六里桥东,板章路
57,8,23,2019-06-05 06:59:01,1,六里桥东,榄杆市
57,8,19,2019-06-05 06:59:01,1,六里桥东,东城三里河
57,8,19,2019-06-05 06:59:01,1,六里桥东,东城三里河
57,8,23,2019-06-05 06:59:01,1,六里桥东,榄杆市
57,8,28,2019-06-05 06:59:01,1,六里桥东,垂杨柳
57,8,28,2019-06-05 06:59:01,1,六里桥东,垂杨柳
57,10,12,2019-06-05 07:04:01,1,湾子,广安门内
57,9,13,2019-06-05 07:04:01,1,莲花池,牛街路口东
57,9,15,2019-06-05 07:04:01,1,莲花池,虎坊桥路口西
57,9,14,2019-06-05 07:04:01,1,莲花池,菜市口西
57,9,17,2019-06-05 07:04:01,1,莲花池,板章路
57,9,16,2019-06-05 07:04:01,1,莲花池,虎坊桥路口东
57,9,20,2019-06-05 07:04:01,1,莲花池,桥湾
57,11,13,2019-06-05 07:06:01,1,达官营,牛街路口东
57,10,12,2019-06-05 07:06:01,1,湾子,广安门内
57,10,11,2019-06-05 07:06:01,1,湾子,达官营
57,11,13,2019-06-05 07:06:01,1,达官营,牛街路口东
57,10,24,2019-06-05 07:06:01,1,湾子,培新街
57,11,25,2019-06-05 07:06:01,1,达官营,安化楼
57,10,20,2019-06-05 07:06:01,1,湾子,桥湾
57,10,23,2019-06-05 07:06:01,1,湾子,榄杆市
57,10,15,2019-06-05 07:06:01,1,湾子,虎坊桥路口西
57,10,20,2019-06-05 07:06:01,1,湾子,桥湾
57,11,17,2019-06-05 07:06:01,1,达官营,板章路
57,11,19,2019-06-05 07:06:01,1,达官营,东城三里河
57,12,13,2019-06-05 07:08:01,1,广安门内,牛街路口东
57,11,12,2019-06-05 07:08:01,1,达官营,广安门内
57,11,23,2019-06-05 07:08:01,1,达官营,榄杆市
57,11,21,2019-06-05 07:08:01,1,达官营,水道子
57,12,12,2019-06-05 07:14:01,1,广安门内,广安门内
57,12,27,2019-06-05 07:14:01,1,广安门内,马圈
57,12,17,2019-06-05 07:14:01,1,广安门内,板章路
57,12,31,2019-06-05 07:14:01,1,广安门内,大北窑南
57,14,17,2019-06-05 07:18:01,1,菜市口西,板章路
57,14,28,2019-06-05 07:21:01,1,菜市口西,垂杨柳
57,14,28,2019-06-05 07:21:01,1,菜市口西,垂杨柳
57,14,28,2019-06-05 07:21:01,1,菜市口西,垂杨柳
57,15,17,2019-06-05 07:24:01,1,虎坊桥路口西,板章路
57,15,30,2019-06-05 07:24:01,1,虎坊桥路口西,双花园
57,16,28,2019-06-05 07:26:01,1,虎坊桥路口东,垂杨柳
57,17,25,2019-06-05 07:27:01,1,板章路,安化楼
57,17,22,2019-06-05 07:27:01,1,板章路,磁器口西
57,16,19,2019-06-05 07:27:01,1,虎坊桥路口东,东城三里河
57,17,23,2019-06-05 07:27:01,1,板章路,榄杆市
57,17,19,2019-06-05 07:27:01,1,板章路,东城三里河
57,16,31,2019-06-05 07:27:01,1,虎坊桥路口东,大北窑南
57,17,17,2019-06-05 07:28:01,1,板章路,板章路
57,18,19,2019-06-05 07:31:01,1,过街楼,东城三里河
57,18,24,2019-06-05 07:31:01,1,过街楼,培新街
57,18,19,2019-06-05 07:31:01,1,过街楼,东城三里河
57,19,24,2019-06-05 07:31:01,1,东城三里河,培新街
57,19,19,2019-06-05 07:31:01,1,东城三里河,东城三里河
57,19,24,2019-06-05 07:31:01,1,东城三里河,培新街
57,19,21,2019-06-05 07:32:01,1,东城三里河,水道子
57,19,19,2019-06-05 07:32:01,1,东城三里河,东城三里河
57,19,22,2019-06-05 07:32:01,1,东城三里河,磁器口西
57,19,22,2019-06-05 07:32:01,1,东城三里河,磁器口西
57,19,19,2019-06-05 07:32:01,1,东城三里河,东城三里河
57,19,22,2019-06-05 07:33:01,1,东城三里河,磁器口西
57,19,22,2019-06-05 07:33:01,1,东城三里河,磁器口西
57,20,24,2019-06-05 07:36:01,1,桥湾,培新街
57,20,20,2019-06-05 07:36:01,1,桥湾,桥湾
57,20,25,2019-06-05 07:36:01,1,桥湾,安化楼
57,20,25,2019-06-05 07:36:01,1,桥湾,安化楼
57,20,30,2019-06-05 07:36:01,1,桥湾,双花园
57,21,27,2019-06-05 07:37:01,1,水道子,马圈
57,21,22,2019-06-05 07:37:01,1,水道子,磁器口西
57,21,21,2019-06-05 07:37:01,1,水道子,水道子
57,22,25,2019-06-05 07:38:01,1,磁器口西,安化楼
57,22,27,2019-06-05 07:38:01,1,磁器口西,马圈
57,22,24,2019-06-05 07:38:01,1,磁器口西,培新街
57,22,22,2019-06-05 07:38:01,1,磁器口西,磁器口西
57,22,25,2019-06-05 07:38:01,1,磁器口西,安化楼
57,22,25,2019-06-05 07:38:01,1,磁器口西,安化楼
57,22,23,2019-06-05 07:38:01,1,磁器口西,榄杆市
57,23,23,2019-06-05 07:38:01,1,榄杆市,榄杆市
57,22,23,2019-06-05 07:38:01,1,磁器口西,榄杆市
57,22,23,2019-06-05 07:38:01,1,磁器口西,榄杆市
57,23,28,2019-06-05 07:38:01,1,榄杆市,垂杨柳
57,22,28,2019-06-05 07:38:01,1,磁器口西,垂杨柳
57,23,23,2019-06-05 07:41:01,1,榄杆市,榄杆市
57,23,28,2019-06-05 07:41:01,1,榄杆市,垂杨柳
57,23,28,2019-06-05 07:41:01,1,榄杆市,垂杨柳
57,23,24,2019-06-05 07:41:01,1,榄杆市,培新街
57,23,25,2019-06-05 07:41:01,1,榄杆市,安化楼
57,23,27,2019-06-05 07:41:01,1,榄杆市,马圈
57,23,28,2019-06-05 07:41:01,1,榄杆市,垂杨柳
57,23,24,2019-06-05 07:41:01,1,榄杆市,培新街
57,23,23,2019-06-05 07:41:01,1,榄杆市,榄杆市
57,23,27,2019-06-05 07:41:01,1,榄杆市,马圈
57,23,31,2019-06-05 07:41:01,1,榄杆市,大北窑南
57,23,30,2019-06-05 07:41:01,1,榄杆市,双花园
57,23,28,2019-06-05 07:41:01,1,榄杆市,垂杨柳
57,23,28,2019-06-05 07:41:01,1,榄杆市,垂杨柳
57,23,29,2019-06-05 07:41:01,1,榄杆市,双井桥北
57,23,31,2019-06-05 07:41:01,1,榄杆市,大北窑南
57,23,25,2019-06-05 07:42:01,1,榄杆市,安化楼
57,23,28,2019-06-05 07:42:01,1,榄杆市,垂杨柳
57,23,24,2019-06-05 07:42:01,1,榄杆市,培新街
57,23,28,2019-06-05 07:42:01,1,榄杆市,垂杨柳
57,23,24,2019-06-05 07:42:01,1,榄杆市,培新街
57,23,24,2019-06-05 07:42:01,1,榄杆市,培新街
57,23,24,2019-06-05 07:42:01,1,榄杆市,培新街
57,24,25,2019-06-05 07:43:01,1,培新街,安化楼
57,24,25,2019-06-05 07:43:01,1,培新街,安化楼
57,24,26,2019-06-05 07:43:01,1,培新街,广渠门内
57,24,24,2019-06-05 07:43:01,1,培新街,培新街
57,24,26,2019-06-05 07:43:01,1,培新街,广渠门内
57,24,25,2019-06-05 07:43:01,1,培新街,安化楼
57,24,25,2019-06-05 07:43:01,1,培新街,安化楼
57,24,28,2019-06-05 07:43:01,1,培新街,垂杨柳
57,24,26,2019-06-05 07:43:01,1,培新街,广渠门内
57,24,28,2019-06-05 07:43:01,1,培新街,垂杨柳
57,24,27,2019-06-05 07:43:01,1,培新街,马圈
57,24,27,2019-06-05 07:44:01,1,培新街,马圈
57,24,28,2019-06-05 07:44:01,1,培新街,垂杨柳
57,24,26,2019-06-05 07:44:01,1,培新街,广渠门内
57,24,27,2019-06-05 07:44:01,1,培新街,马圈
57,24,25,2019-06-05 07:44:01,1,培新街,安化楼
57,24,25,2019-06-05 07:44:01,1,培新街,安化楼
57,24,26,2019-06-05 07:44:01,1,培新街,广渠门内
57,24,28,2019-06-05 07:44:01,1,培新街,垂杨柳
57,24,25,2019-06-05 07:44:01,1,培新街,安化楼
57,24,28,2019-06-05 07:44:01,1,培新街,垂杨柳
57,24,27,2019-06-05 07:44:01,1,培新街,马圈
57,24,26,2019-06-05 07:44:01,1,培新街,广渠门内
57,24,31,2019-06-05 07:44:01,1,培新街,大北窑南
57,24,30,2019-06-05 07:44:01,1,培新街,双花园
57,24,30,2019-06-05 07:44:01,1,培新街,双花园
57,24,30,2019-06-05 07:44:01,1,培新街,双花园
57,24,28,2019-06-05 07:44:01,1,培新街,垂杨柳
57,24,31,2019-06-05 07:44:01,1,培新街,大北窑南
57,24,26,2019-06-05 07:44:01,1,培新街,广渠门内
57,24,26,2019-06-05 07:44:01,1,培新街,广渠门内
57,25,28,2019-06-05 07:47:01,1,安化楼,垂杨柳
57,25,27,2019-06-05 07:47:01,1,安化楼,马圈
57,25,27,2019-06-05 07:47:01,1,安化楼,马圈
57,25,28,2019-06-05 07:47:01,1,安化楼,垂杨柳
57,25,31,2019-06-05 07:47:01,1,安化楼,大北窑南
57,25,27,2019-06-05 07:47:01,1,安化楼,马圈
57,25,31,2019-06-05 07:47:01,1,安化楼,大北窑南
57,25,30,2019-06-05 07:47:01,1,安化楼,双花园
57,25,28,2019-06-05 07:47:01,1,安化楼,垂杨柳
57,25,30,2019-06-05 07:47:01,1,安化楼,双花园
57,25,28,2019-06-05 07:48:01,1,安化楼,垂杨柳
57,25,28,2019-06-05 07:48:01,1,安化楼,垂杨柳
57,25,28,2019-06-05 07:48:01,1,安化楼,垂杨柳
57,25,26,2019-06-05 07:48:01,1,安化楼,广渠门内
57,25,30,2019-06-05 07:48:01,1,安化楼,双花园
57,25,28,2019-06-05 07:48:01,1,安化楼,垂杨柳
57,25,29,2019-06-05 07:48:01,1,安化楼,双井桥北
57,25,31,2019-06-05 07:48:01,1,安化楼,大北窑南
57,25,31,2019-06-05 07:48:01,1,安化楼,大北窑南
57,25,31,2019-06-05 07:48:01,1,安化楼,大北窑南
57,1,8,2019-06-05 07:12:01,1,靛厂新村,六里桥东
57,1,15,2019-06-05 07:12:01,1,靛厂新村,虎坊桥路口西
57,1,16,2019-06-05 07:12:01,1,靛厂新村,虎坊桥路口东
57,1,8,2019-06-05 07:12:01,1,靛厂新村,六里桥东
57,1,13,2019-06-05 07:12:01,1,靛厂新村,牛街路口东
57,1,13,2019-06-05 07:12:01,1,靛厂新村,牛街路口东
57,1,7,2019-06-05 07:12:01,1,靛厂新村,六里桥西
57,1,10,2019-06-05 07:12:01,1,靛厂新村,湾子
57,1,1,2019-06-05 07:13:01,1,靛厂新村,靛厂新村
57,1,8,2019-06-05 07:13:01,1,靛厂新村,六里桥东
57,1,13,2019-06-05 07:13:01,1,靛厂新村,牛街路口东
57,1,13,2019-06-05 07:13:01,1,靛厂新村,牛街路口东
57,1,8,2019-06-05 07:13:01,1,靛厂新村,六里桥东
57,1,8,2019-06-05 07:13:01,1,靛厂新村,六里桥东
57,2,13,2019-06-05 07:14:01,1,岳各庄东路北口,牛街路口东
57,2,7,2019-06-05 07:14:01,1,岳各庄东路北口,六里桥西
57,2,7,2019-06-05 07:14:01,1,岳各庄东路北口,六里桥西
57,2,7,2019-06-05 07:14:01,1,岳各庄东路北口,六里桥西
57,2,7,2019-06-05 07:14:01,1,岳各庄东路北口,六里桥西
57,2,7,2019-06-05 07:14:01,1,岳各庄东路北口,六里桥西
57,2,7,2019-06-05 07:14:01,1,岳各庄东路北口,六里桥西
57,2,12,2019-06-05 07:14:01,1,岳各庄东路北口,广安门内
57,3,4,2019-06-05 07:16:01,1,靛厂村南站,水衙沟路东口
57,3,3,2019-06-05 07:16:01,1,靛厂村南站,靛厂村南站
57,3,8,2019-06-05 07:17:01,1,靛厂村南站,六里桥东
57,4,10,2019-06-05 07:17:01,1,水衙沟路东口,湾子
57,4,7,2019-06-05 07:17:01,1,水衙沟路东口,六里桥西
57,4,12,2019-06-05 07:17:01,1,水衙沟路东口,广安门内
57,5,13,2019-06-05 07:19:01,1,白塔村,牛街路口东
57,5,9,2019-06-05 07:19:01,1,白塔村,莲花池
57,6,8,2019-06-05 07:20:01,1,小井路口东,六里桥东
57,6,12,2019-06-05 07:20:01,1,小井路口东,广安门内
57,7,15,2019-06-05 07:23:01,1,六里桥西,虎坊桥路口西
57,7,13,2019-06-05 07:23:01,1,六里桥西,牛街路口东
57,7,13,2019-06-05 07:23:01,1,六里桥西,牛街路口东
57,8,15,2019-06-05 07:28:01,1,六里桥东,虎坊桥路口西
57,8,20,2019-06-05 07:28:01,1,六里桥东,桥湾
57,8,18,2019-06-05 07:28:01,1,六里桥东,过街楼
57,8,16,2019-06-05 07:28:01,1,六里桥东,虎坊桥路口东
57,8,21,2019-06-05 07:28:01,1,六里桥东,水道子
57,8,14,2019-06-05 07:28:01,1,六里桥东,菜市口西
57,8,12,2019-06-05 07:28:01,1,六里桥东,广安门内
57,8,19,2019-06-05 07:28:01,1,六里桥东,东城三里河
57,8,17,2019-06-05 07:28:01,1,六里桥东,板章路
57,8,22,2019-06-05 07:28:01,1,六里桥东,磁器口西
57,8,12,2019-06-05 07:28:01,1,六里桥东,广安门内
57,8,9,2019-06-05 07:28:01,1,六里桥东,莲花池
57,8,11,2019-06-05 07:28:01,1,六里桥东,达官营
57,8,12,2019-06-05 07:28:01,1,六里桥东,广安门内
57,8,30,2019-06-05 07:28:01,1,六里桥东,双花园
57,8,25,2019-06-05 07:28:01,1,六里桥东,安化楼
57,8,26,2019-06-05 07:28:01,1,六里桥东,广渠门内
57,8,25,2019-06-05 07:28:01,1,六里桥东,安化楼
57,8,25,2019-06-05 07:28:01,1,六里桥东,安化楼
57,9,11,2019-06-05 07:29:01,1,莲花池,达官营
57,9,12,2019-06-05 07:34:01,1,莲花池,广安门内
57,9,12,2019-06-05 07:34:01,1,莲花池,广安门内
57,10,22,2019-06-05 07:38:01,1,湾子,磁器口西
57,10,19,2019-06-05 07:38:01,1,湾子,东城三里河
57,10,23,2019-06-05 07:38:01,1,湾子,榄杆市
57,10,12,2019-06-05 07:38:01,1,湾子,广安门内
57,10,13,2019-06-05 07:38:01,1,湾子,牛街路口东
57,10,20,2019-06-05 07:38:01,1,湾子,桥湾
57,10,31,2019-06-05 07:38:01,1,湾子,大北窑南
57,10,21,2019-06-05 07:38:01,1,湾子,水道子
57,10,22,2019-06-05 07:38:01,1,湾子,磁器口西
57,11,12,2019-06-05 07:39:01,1,达官营,广安门内
57,11,12,2019-06-05 07:40:01,1,达官营,广安门内
57,11,22,2019-06-05 07:40:01,1,达官营,磁器口西
57,11,12,2019-06-05 07:40:01,1,达官营,广安门内
57,11,12,2019-06-05 07:40:01,1,达官营,广安门内
57,11,13,2019-06-05 07:40:01,1,达官营,牛街路口东
57,11,13,2019-06-05 07:40:01,1,达官营,牛街路口东
57,11,14,2019-06-05 07:40:01,1,达官营,菜市口西
57,11,31,2019-06-05 07:40:01,1,达官营,大北窑南
57,11,12,2019-06-05 07:40:01,1,达官营,广安门内
57,11,12,2019-06-05 07:40:01,1,达官营,广安门内
57,11,28,2019-06-05 07:40:01,1,达官营,垂杨柳
57,11,21,2019-06-05 07:40:01,1,达官营,水道子
57,12,31,2019-06-05 07:46:01,1,广安门内,大北窑南
57,12,25,2019-06-05 07:46:01,1,广安门内,安化楼
57,13,24,2019-06-05 07:49:01,1,牛街路口东,培新街
57,13,18,2019-06-05 07:50:01,1,牛街路口东,过街楼
57,13,25,2019-06-05 07:50:01,1,牛街路口东,安化楼
57,14,16,2019-06-05 07:51:01,1,菜市口西,虎坊桥路口东
57,14,24,2019-06-05 07:51:01,1,菜市口西,培新街
57,16,16,2019-06-05 07:56:01,1,虎坊桥路口东,虎坊桥路口东
57,16,24,2019-06-05 07:56:01,1,虎坊桥路口东,培新街
57,16,19,2019-06-05 07:56:01,1,虎坊桥路口东,东城三里河
57,16,28,2019-06-05 07:56:01,1,虎坊桥路口东,垂杨柳
57,17,21,2019-06-05 07:56:01,1,板章路,水道子
57,17,23,2019-06-05 07:57:01,1,板章路,榄杆市
57,17,17,2019-06-05 07:57:01,1,板章路,板章路
57,17,17,2019-06-05 07:57:01,1,板章路,板章路
57,17,23,2019-06-05 07:57:01,1,板章路,榄杆市
57,17,31,2019-06-05 07:57:01,1,板章路,大北窑南
57,17,31,2019-06-05 07:57:01,1,板章路,大北窑南
57,17,31,2019-06-05 07:57:01,1,板章路,大北窑南
57,17,26,2019-06-05 07:57:01,1,板章路,广渠门内
57,17,23,2019-06-05 07:57:01,1,板章路,榄杆市
57,18,21,2019-06-05 08:00:01,1,过街楼,水道子
57,18,31,2019-06-05 08:00:01,1,过街楼,大北窑南
57,19,27,2019-06-05 08:01:01,1,东城三里河,马圈
57,19,22,2019-06-05 08:01:01,1,东城三里河,磁器口西
57,22,27,2019-06-05 08:05:01,1,磁器口西,马圈
57,23,31,2019-06-05 08:07:01,1,榄杆市,大北窑南
57,25,31,2019-06-05 08:11:01,1,安化楼,大北窑南
57,24,31,2019-06-05 08:11:01,1,培新街,大北窑南
57,25,31,2019-06-05 08:11:01,1,安化楼,大北窑南
57,24,30,2019-06-05 08:11:01,1,培新街,双花园
57,24,31,2019-06-05 08:11:01,1,培新街,大北窑南
57,24,30,2019-06-05 08:11:01,1,培新街,双花园
57,24,28,2019-06-05 08:11:01,1,培新街,垂杨柳
57,24,26,2019-06-05 08:11:01,1,培新街,广渠门内
57,24,29,2019-06-05 08:11:01,1,培新街,双井桥北
57,26,31,2019-06-05 08:13:01,1,广渠门内,大北窑南
57,26,31,2019-06-05 08:13:01,1,广渠门内,大北窑南
57,26,29,2019-06-05 08:13:01,1,广渠门内,双井桥北
57,26,28,2019-06-05 08:13:01,1,广渠门内,垂杨柳
57,27,31,2019-06-05 08:21:01,1,马圈,大北窑南
57,27,29,2019-06-05 08:21:01,1,马圈,双井桥北
57,27,30,2019-06-05 08:21:01,1,马圈,双花园
57,27,29,2019-06-05 08:21:01,1,马圈,双井桥北
57,27,28,2019-06-05 08:21:01,1,马圈,垂杨柳
57,27,29,2019-06-05 08:21:01,1,马圈,双井桥北
57,27,29,2019-06-05 08:21:01,1,马圈,双井桥北
57,27,29,2019-06-05 08:21:01,1,马圈,双井桥北
57,28,31,2019-06-05 08:23:01,1,垂杨柳,大北窑南
57,28,31,2019-06-05 08:23:01,1,垂杨柳,大北窑南
57,28,31,2019-06-05 08:23:01,1,垂杨柳,大北窑南
57,1,2,2019-06-05 06:55:01,1,靛厂新村,岳各庄东路北口
57,1,4,2019-06-05 06:55:01,1,靛厂新村,水衙沟路东口
57,1,4,2019-06-05 06:55:01,1,靛厂新村,水衙沟路东口
57,1,4,2019-06-05 06:55:01,1,靛厂新村,水衙沟路东口
57,1,4,2019-06-05 06:55:01,1,靛厂新村,水衙沟路东口
57,1,4,2019-06-05 06:55:01,1,靛厂新村,水衙沟路东口
57,1,7,2019-06-05 06:55:01,1,靛厂新村,六里桥西
57,1,7,2019-06-05 06:55:01,1,靛厂新村,六里桥西
57,1,12,2019-06-05 06:55:01,1,靛厂新村,广安门内
57,1,12,2019-06-05 06:55:01,1,靛厂新村,广安门内
57,1,12,2019-06-05 06:55:01,1,靛厂新村,广安门内
57,1,12,2019-06-05 06:55:01,1,靛厂新村,广安门内
57,1,12,2019-06-05 06:55:01,1,靛厂新村,广安门内
57,1,17,2019-06-05 06:55:01,1,靛厂新村,板章路
57,2,2,2019-06-05 06:56:01,1,岳各庄东路北口,岳各庄东路北口
57,2,4,2019-06-05 06:56:01,1,岳各庄东路北口,水衙沟路东口
57,2,12,2019-06-05 06:56:01,1,岳各庄东路北口,广安门内
57,2,7,2019-06-05 06:57:01,1,岳各庄东路北口,六里桥西
57,2,8,2019-06-05 06:57:01,1,岳各庄东路北口,六里桥东
57,3,10,2019-06-05 06:58:01,1,靛厂村南站,湾子
57,3,17,2019-06-05 06:58:01,1,靛厂村南站,板章路
57,3,29,2019-06-05 06:58:01,1,靛厂村南站,双井桥北
57,3,19,2019-06-05 06:58:01,1,靛厂村南站,东城三里河
57,3,7,2019-06-05 06:59:01,1,靛厂村南站,六里桥西
57,4,10,2019-06-05 06:59:01,1,水衙沟路东口,湾子
57,4,21,2019-06-05 06:59:01,1,水衙沟路东口,水道子
57,4,15,2019-06-05 06:59:01,1,水衙沟路东口,虎坊桥路口西
57,4,16,2019-06-05 06:59:01,1,水衙沟路东口,虎坊桥路口东
57,4,27,2019-06-05 06:59:01,1,水衙沟路东口,马圈
57,3,22,2019-06-05 06:59:01,1,靛厂村南站,磁器口西
57,4,26,2019-06-05 06:59:01,1,水衙沟路东口,广渠门内
57,4,12,2019-06-05 07:00:01,1,水衙沟路东口,广安门内
57,4,12,2019-06-05 07:01:01,1,水衙沟路东口,广安门内
57,4,34,2019-06-05 07:01:01,1,水衙沟路东口,四惠枢纽站
57,7,22,2019-06-05 07:04:01,1,六里桥西,磁器口西
57,6,20,2019-06-05 07:04:01,1,小井路口东,桥湾
57,7,34,2019-06-05 07:04:01,1,六里桥西,四惠枢纽站
57,6,31,2019-06-05 07:04:01,1,小井路口东,大北窑南
57,7,26,2019-06-05 07:06:01,1,六里桥西,广渠门内
57,7,23,2019-06-05 07:06:01,1,六里桥西,榄杆市
57,8,10,2019-06-05 07:10:01,1,六里桥东,湾子
57,8,26,2019-06-05 07:10:01,1,六里桥东,广渠门内
57,8,21,2019-06-05 07:10:01,1,六里桥东,水道子
57,8,26,2019-06-05 07:10:01,1,六里桥东,广渠门内
57,8,27,2019-06-05 07:10:01,1,六里桥东,马圈
57,8,10,2019-06-05 07:11:01,1,六里桥东,湾子
57,8,9,2019-06-05 07:11:01,1,六里桥东,莲花池
57,8,10,2019-06-05 07:11:01,1,六里桥东,湾子
57,8,11,2019-06-05 07:11:01,1,六里桥东,达官营
57,8,16,2019-06-05 07:11:01,1,六里桥东,虎坊桥路口东
57,8,15,2019-06-05 07:11:01,1,六里桥东,虎坊桥路口西
57,8,12,2019-06-05 07:11:01,1,六里桥东,广安门内
57,8,15,2019-06-05 07:11:01,1,六里桥东,虎坊桥路口西
57,8,25,2019-06-05 07:11:01,1,六里桥东,安化楼
57,8,17,2019-06-05 07:11:01,1,六里桥东,板章路
57,8,22,2019-06-05 07:11:01,1,六里桥东,磁器口西
57,8,12,2019-06-05 07:11:01,1,六里桥东,广安门内
57,8,22,2019-06-05 07:11:01,1,六里桥东,磁器口西
57,8,24,2019-06-05 07:11:01,1,六里桥东,培新街
57,8,13,2019-06-05 07:11:01,1,六里桥东,牛街路口东
57,8,31,2019-06-05 07:11:01,1,六里桥东,大北窑南
57,8,33,2019-06-05 07:11:01,1,六里桥东,郎家园
57,8,27,2019-06-05 07:11:01,1,六里桥东,马圈
57,8,29,2019-06-05 07:11:01,1,六里桥东,双井桥北
57,8,19,2019-06-05 07:11:01,1,六里桥东,东城三里河
57,8,28,2019-06-05 07:11:01,1,六里桥东,垂杨柳
57,8,23,2019-06-05 07:11:01,1,六里桥东,榄杆市
57,8,26,2019-06-05 07:11:01,1,六里桥东,广渠门内
57,8,12,2019-06-05 07:12:01,1,六里桥东,广安门内
57,8,23,2019-06-05 07:12:01,1,六里桥东,榄杆市
57,8,34,2019-06-05 07:12:01,1,六里桥东,四惠枢纽站
57,8,8,2019-06-05 07:17:01,1,六里桥东,六里桥东
57,8,19,2019-06-05 07:17:01,1,六里桥东,东城三里河
57,8,12,2019-06-05 07:17:01,1,六里桥东,广安门内
57,8,21,2019-06-05 07:17:01,1,六里桥东,水道子
57,8,24,2019-06-05 07:17:01,1,六里桥东,培新街
57,8,19,2019-06-05 07:17:01,1,六里桥东,东城三里河
57,10,12,2019-06-05 07:18:01,1,湾子,广安门内
57,10,15,2019-06-05 07:18:01,1,湾子,虎坊桥路口西
57,10,21,2019-06-05 07:18:01,1,湾子,水道子
57,11,11,2019-06-05 07:19:01,1,达官营,达官营
57,11,11,2019-06-05 07:19:01,1,达官营,达官营
57,11,11,2019-06-05 07:19:01,1,达官营,达官营
57,11,16,2019-06-05 07:19:01,1,达官营,虎坊桥路口东
57,10,25,2019-06-05 07:19:01,1,湾子,安化楼
57,10,28,2019-06-05 07:19:01,1,湾子,垂杨柳
57,11,12,2019-06-05 07:20:01,1,达官营,广安门内
57,11,12,2019-06-05 07:20:01,1,达官营,广安门内
57,11,17,2019-06-05 07:20:01,1,达官营,板章路
57,11,12,2019-06-05 07:20:01,1,达官营,广安门内
57,11,12,2019-06-05 07:20:01,1,达官营,广安门内
57,11,27,2019-06-05 07:20:01,1,达官营,马圈
57,11,26,2019-06-05 07:20:01,1,达官营,广渠门内
57,11,12,2019-06-05 07:21:01,1,达官营,广安门内
57,12,12,2019-06-05 07:22:01,1,广安门内,广安门内
57,12,31,2019-06-05 07:27:01,1,广安门内,大北窑南
57,12,28,2019-06-05 07:27:01,1,广安门内,垂杨柳
57,12,26,2019-06-05 07:28:01,1,广安门内,广渠门内
57,12,26,2019-06-05 07:28:01,1,广安门内,广渠门内
57,13,16,2019-06-05 07:31:01,1,牛街路口东,虎坊桥路口东
57,13,15,2019-06-05 07:31:01,1,牛街路口东,虎坊桥路口西
57,13,22,2019-06-05 07:31:01,1,牛街路口东,磁器口西
57,13,29,2019-06-05 07:31:01,1,牛街路口东,双井桥北
57,13,28,2019-06-05 07:31:01,1,牛街路口东,垂杨柳
57,13,22,2019-06-05 07:32:01,1,牛街路口东,磁器口西
57,13,16,2019-06-05 07:33:01,1,牛街路口东,虎坊桥路口东
57,13,17,2019-06-05 07:33:01,1,牛街路口东,板章路
57,13,13,2019-06-05 07:33:01,1,牛街路口东,牛街路口东
57,13,30,2019-06-05 07:33:01,1,牛街路口东,双花园
57,13,29,2019-06-05 07:33:01,1,牛街路口东,双井桥北
57,13,26,2019-06-05 07:33:01,1,牛街路口东,广渠门内
57,16,31,2019-06-05 07:37:01,1,虎坊桥路口东,大北窑南
57,18,19,2019-06-05 07:42:01,1,过街楼,东城三里河
57,19,29,2019-06-05 07:43:01,1,东城三里河,双井桥北
57,21,26,2019-06-05 07:47:01,1,水道子,广渠门内
57,21,28,2019-06-05 07:47:01,1,水道子,垂杨柳
57,22,33,2019-06-05 07:48:01,1,磁器口西,郎家园
57,24,25,2019-06-05 07:50:01,1,培新街,安化楼
57,23,28,2019-06-05 07:50:01,1,榄杆市,垂杨柳
57,23,31,2019-06-05 07:50:01,1,榄杆市,大北窑南
57,23,27,2019-06-05 07:50:01,1,榄杆市,马圈
57,24,24,2019-06-05 07:51:01,1,培新街,培新街
57,25,31,2019-06-05 07:53:01,1,安化楼,大北窑南
57,25,26,2019-06-05 07:53:01,1,安化楼,广渠门内
57,25,29,2019-06-05 07:53:01,1,安化楼,双井桥北
57,26,31,2019-06-05 07:54:01,1,广渠门内,大北窑南
57,26,28,2019-06-05 07:54:01,1,广渠门内,垂杨柳
57,26,30,2019-06-05 07:54:01,1,广渠门内,双花园
57,26,29,2019-06-05 07:54:01,1,广渠门内,双井桥北
57,29,34,2019-06-05 08:08:01,1,双井桥北,四惠枢纽站
57,29,31,2019-06-05 08:08:01,1,双井桥北,大北窑南
57,29,33,2019-06-05 08:08:01,1,双井桥北,郎家园
57,30,31,2019-06-05 08:08:01,1,双花园,大北窑南
57,30,31,2019-06-05 08:08:01,1,双花园,大北窑南
57,30,31,2019-06-05 08:10:01,1,双花园,大北窑南
57,30,31,2019-06-05 08:10:01,1,双花园,大北窑南
57,30,30,2019-06-05 08:10:01,1,双花园,双花园
57,31,33,2019-06-05 08:16:01,1,大北窑南,郎家园
57,31,31,2019-06-05 08:16:01,1,大北窑南,大北窑南
57,31,34,2019-06-05 08:16:01,1,大北窑南,四惠枢纽站
57,31,31,2019-06-05 08:16:01,1,大北窑南,大北窑南
57,31,31,2019-06-05 08:16:01,1,大北窑南,大北窑南
57,31,32,2019-06-05 08:16:01,1,大北窑南,大北窑东
57,12,26,2019-06-05 07:20:01,1,广安门内,广渠门内
57,12,21,2019-06-05 07:20:01,1,广安门内,水道子
57,12,29,2019-06-05 07:20:01,1,广安门内,双井桥北
57,12,27,2019-06-05 07:20:01,1,广安门内,马圈
57,12,26,2019-06-05 07:20:01,1,广安门内,广渠门内
57,12,32,2019-06-05 07:20:01,1,广安门内,大北窑东
57,12,32,2019-06-05 07:20:01,1,广安门内,大北窑东
57,13,31,2019-06-05 07:23:01,1,牛街路口东,大北窑南
57,13,21,2019-06-05 07:23:01,1,牛街路口东,水道子
57,13,32,2019-06-05 07:23:01,1,牛街路口东,大北窑东
57,13,24,2019-06-05 07:23:01,1,牛街路口东,培新街
57,13,17,2019-06-05 07:23:01,1,牛街路口东,板章路
57,13,21,2019-06-05 07:23:01,1,牛街路口东,水道子
57,13,17,2019-06-05 07:23:01,1,牛街路口东,板章路
57,13,20,2019-06-05 07:24:01,1,牛街路口东,桥湾
57,13,15,2019-06-05 07:24:01,1,牛街路口东,虎坊桥路口西
57,14,31,2019-06-05 07:25:01,1,菜市口西,大北窑南
57,14,27,2019-06-05 07:25:01,1,菜市口西,马圈
57,14,16,2019-06-05 07:25:01,1,菜市口西,虎坊桥路口东
57,15,22,2019-06-05 07:28:01,1,虎坊桥路口西,磁器口西
57,16,22,2019-06-05 07:31:01,1,虎坊桥路口东,磁器口西
57,16,27,2019-06-05 07:31:01,1,虎坊桥路口东,马圈
57,16,24,2019-06-05 07:31:01,1,虎坊桥路口东,培新街
57,16,22,2019-06-05 07:31:01,1,虎坊桥路口东,磁器口西
57,17,26,2019-06-05 07:32:01,1,板章路,广渠门内
57,17,26,2019-06-05 07:32:01,1,板章路,广渠门内
57,17,24,2019-06-05 07:32:01,1,板章路,培新街
57,17,27,2019-06-05 07:32:01,1,板章路,马圈
57,17,25,2019-06-05 07:32:01,1,板章路,安化楼
57,24,26,2019-06-05 07:40:01,1,培新街,广渠门内
57,24,29,2019-06-05 07:40:01,1,培新街,双井桥北
57,24,32,2019-06-05 07:41:01,1,培新街,大北窑东
57,24,32,2019-06-05 07:41:01,1,培新街,大北窑东
57,24,31,2019-06-05 07:41:01,1,培新街,大北窑南
57,25,28,2019-06-05 07:45:01,1,安化楼,垂杨柳
57,25,32,2019-06-05 07:45:01,1,安化楼,大北窑东
57,25,27,2019-06-05 07:45:01,1,安化楼,马圈
57,25,28,2019-06-05 07:45:01,1,安化楼,垂杨柳
57,26,31,2019-06-05 07:47:01,1,广渠门内,大北窑南
57,26,31,2019-06-05 07:47:01,1,广渠门内,大北窑南
57,28,32,2019-06-05 07:50:01,1,垂杨柳,大北窑东
57,28,31,2019-06-05 07:50:01,1,垂杨柳,大北窑南
57,28,29,2019-06-05 07:50:01,1,垂杨柳,双井桥北
57,29,32,2019-06-05 07:53:01,1,双井桥北,大北窑东
57,29,31,2019-06-05 07:53:01,1,双井桥北,大北窑南
57,29,32,2019-06-05 07:53:01,1,双井桥北,大北窑东
57,29,32,2019-06-05 07:53:01,1,双井桥北,大北窑东
57,29,32,2019-06-05 07:54:01,1,双井桥北,大北窑东
57,29,31,2019-06-05 07:54:01,1,双井桥北,大北窑南
57,29,32,2019-06-05 07:54:01,1,双井桥北,大北窑东
57,29,32,2019-06-05 07:54:01,1,双井桥北,大北窑东
57,30,32,2019-06-05 07:55:01,1,双花园,大北窑东
57,30,32,2019-06-05 07:55:01,1,双花园,大北窑东
57,30,32,2019-06-05 07:55:01,1,双花园,大北窑东
57,30,30,2019-06-05 07:55:01,1,双花园,双花园
57,30,32,2019-06-05 07:55:01,1,双花园,大北窑东
57,30,32,2019-06-05 07:55:01,1,双花园,大北窑东
57,30,31,2019-06-05 07:55:01,1,双花园,大北窑南
57,31,32,2019-06-05 07:59:01,1,大北窑南,大北窑东
57,31,32,2019-06-05 07:59:01,1,大北窑南,大北窑东
57,31,32,2019-06-05 07:59:01,1,大北窑南,大北窑东
57,31,32,2019-06-05 07:59:01,1,大北窑南,大北窑东
57,31,32,2019-06-05 07:59:01,1,大北窑南,大北窑东
57,31,31,2019-06-05 08:00:01,1,大北窑南,大北窑南
57,31,32,2019-06-05 08:00:01,1,大北窑南,大北窑东
57,31,32,2019-06-05 08:00:01,1,大北窑南,大北窑东
57,31,32,2019-06-05 08:00:01,1,大北窑南,大北窑东
57,31,32,2019-06-05 08:00:01,1,大北窑南,大北窑东
57,31,32,2019-06-05 08:00:01,1,大北窑南,大北窑东
57,31,31,2019-06-05 08:01:01,1,大北窑南,大北窑南
57,9,14,2019-06-05 06:30:01,1,莲花池,菜市口西
57,9,20,2019-06-05 06:30:01,1,莲花池,桥湾
57,9,13,2019-06-05 06:32:01,1,莲花池,牛街路口东
57,9,13,2019-06-05 06:32:01,1,莲花池,牛街路口东
57,9,22,2019-06-05 06:32:01,1,莲花池,磁器口西
57,9,11,2019-06-05 06:33:01,1,莲花池,达官营
57,11,12,2019-06-05 06:35:01,1,达官营,广安门内
57,11,12,2019-06-05 06:35:01,1,达官营,广安门内
57,11,12,2019-06-05 06:35:01,1,达官营,广安门内
57,11,26,2019-06-05 06:35:01,1,达官营,广渠门内
57,11,23,2019-06-05 06:35:01,1,达官营,榄杆市
57,11,21,2019-06-05 06:35:01,1,达官营,水道子
57,11,19,2019-06-05 06:35:01,1,达官营,东城三里河
57,11,26,2019-06-05 06:35:01,1,达官营,广渠门内
57,11,26,2019-06-05 06:35:01,1,达官营,广渠门内
57,11,27,2019-06-05 06:35:01,1,达官营,马圈
57,11,27,2019-06-05 06:35:01,1,达官营,马圈
57,11,30,2019-06-05 06:35:01,1,达官营,双花园
57,11,27,2019-06-05 06:35:01,1,达官营,马圈
57,11,28,2019-06-05 06:35:01,1,达官营,垂杨柳
57,12,24,2019-06-05 06:38:01,1,广安门内,培新街
57,12,30,2019-06-05 06:38:01,1,广安门内,双花园
57,12,28,2019-06-05 06:38:01,1,广安门内,垂杨柳
57,14,14,2019-06-05 06:41:01,1,菜市口西,菜市口西
57,14,21,2019-06-05 06:41:01,1,菜市口西,水道子
57,14,26,2019-06-05 06:41:01,1,菜市口西,广渠门内
57,14,14,2019-06-05 06:42:01,1,菜市口西,菜市口西
57,14,14,2019-06-05 06:42:01,1,菜市口西,菜市口西
57,14,14,2019-06-05 06:45:01,1,菜市口西,菜市口西
57,16,26,2019-06-05 06:47:01,1,虎坊桥路口东,广渠门内
57,16,18,2019-06-05 06:47:01,1,虎坊桥路口东,过街楼
57,16,25,2019-06-05 06:47:01,1,虎坊桥路口东,安化楼
57,16,27,2019-06-05 06:47:01,1,虎坊桥路口东,马圈
57,16,28,2019-06-05 06:47:01,1,虎坊桥路口东,垂杨柳
57,22,26,2019-06-05 06:57:01,1,磁器口西,广渠门内
57,21,26,2019-06-05 06:57:01,1,水道子,广渠门内
57,21,26,2019-06-05 06:57:01,1,水道子,广渠门内
57,22,26,2019-06-05 06:58:01,1,磁器口西,广渠门内
57,23,28,2019-06-05 06:59:01,1,榄杆市,垂杨柳
57,23,30,2019-06-05 06:59:01,1,榄杆市,双花园
57,23,28,2019-06-05 06:59:01,1,榄杆市,垂杨柳
57,24,25,2019-06-05 07:02:01,1,培新街,安化楼
57,25,30,2019-06-05 07:02:01,1,安化楼,双花园
57,25,26,2019-06-05 07:03:01,1,安化楼,广渠门内
57,26,26,2019-06-05 07:03:01,1,广渠门内,广渠门内
57,25,27,2019-06-05 07:03:01,1,安化楼,马圈
57,26,30,2019-06-05 07:03:01,1,广渠门内,双花园
57,27,30,2019-06-05 07:07:01,1,马圈,双花园
57,27,30,2019-06-05 07:07:01,1,马圈,双花园
57,27,30,2019-06-05 07:07:01,1,马圈,双花园
57,1,33,2019-06-05 08:53:01,1,靛厂新村,郎家园
57,1,5,2019-06-05 08:53:01,1,靛厂新村,白塔村
57,1,8,2019-06-05 08:53:01,1,靛厂新村,六里桥东
57,1,12,2019-06-05 08:53:01,1,靛厂新村,广安门内
57,1,12,2019-06-05 08:53:01,1,靛厂新村,广安门内
57,1,8,2019-06-05 08:53:01,1,靛厂新村,六里桥东
57,1,12,2019-06-05 08:53:01,1,靛厂新村,广安门内
57,1,1,2019-06-05 08:53:01,1,靛厂新村,靛厂新村
57,1,12,2019-06-05 08:53:01,1,靛厂新村,广安门内
57,8,12,2019-06-05 09:05:01,1,六里桥东,广安门内
57,8,21,2019-06-05 09:05:01,1,六里桥东,水道子
57,8,27,2019-06-05 09:05:01,1,六里桥东,马圈
57,8,17,2019-06-05 09:05:01,1,六里桥东,板章路
57,8,19,2019-06-05 09:05:01,1,六里桥东,东城三里河
57,8,27,2019-06-05 09:05:01,1,六里桥东,马圈
57,8,23,2019-06-05 09:05:01,1,六里桥东,榄杆市
57,8,27,2019-06-05 09:05:01,1,六里桥东,马圈
57,8,20,2019-06-05 09:05:01,1,六里桥东,桥湾
57,8,19,2019-06-05 09:05:01,1,六里桥东,东城三里河
57,8,20,2019-06-05 09:05:01,1,六里桥东,桥湾
57,8,23,2019-06-05 09:05:01,1,六里桥东,榄杆市
57,8,27,2019-06-05 09:05:01,1,六里桥东,马圈
57,8,12,2019-06-05 09:05:01,1,六里桥东,广安门内
57,8,8,2019-06-05 09:05:01,1,六里桥东,六里桥东
57,8,28,2019-06-05 09:05:01,1,六里桥东,垂杨柳
57,8,27,2019-06-05 09:05:01,1,六里桥东,马圈
57,8,8,2019-06-05 09:05:01,1,六里桥东,六里桥东
57,8,23,2019-06-05 09:05:01,1,六里桥东,榄杆市
57,8,12,2019-06-05 09:05:01,1,六里桥东,广安门内
57,8,12,2019-06-05 09:05:01,1,六里桥东,广安门内
57,8,25,2019-06-05 09:05:01,1,六里桥东,安化楼
57,8,12,2019-06-05 09:05:01,1,六里桥东,广安门内
57,8,13,2019-06-05 09:05:01,1,六里桥东,牛街路口东
57,8,13,2019-06-05 09:05:01,1,六里桥东,牛街路口东
57,8,25,2019-06-05 09:05:01,1,六里桥东,安化楼
57,8,16,2019-06-05 09:05:01,1,六里桥东,虎坊桥路口东
57,8,16,2019-06-05 09:05:01,1,六里桥东,虎坊桥路口东
57,8,18,2019-06-05 09:05:01,1,六里桥东,过街楼
57,8,13,2019-06-05 09:05:01,1,六里桥东,牛街路口东
57,8,17,2019-06-05 09:05:01,1,六里桥东,板章路
57,8,12,2019-06-05 09:05:01,1,六里桥东,广安门内
57,8,12,2019-06-05 09:05:01,1,六里桥东,广安门内
57,8,21,2019-06-05 09:06:01,1,六里桥东,水道子
57,8,20,2019-06-05 09:06:01,1,六里桥东,桥湾
57,8,19,2019-06-05 09:06:01,1,六里桥东,东城三里河
57,8,28,2019-06-05 09:06:01,1,六里桥东,垂杨柳
57,8,12,2019-06-05 09:06:01,1,六里桥东,广安门内
57,8,22,2019-06-05 09:06:01,1,六里桥东,磁器口西
57,8,18,2019-06-05 09:06:01,1,六里桥东,过街楼
57,8,19,2019-06-05 09:06:01,1,六里桥东,东城三里河
57,8,27,2019-06-05 09:06:01,1,六里桥东,马圈
57,8,20,2019-06-05 09:06:01,1,六里桥东,桥湾
57,8,22,2019-06-05 09:06:01,1,六里桥东,磁器口西
57,8,12,2019-06-05 09:06:01,1,六里桥东,广安门内
57,8,12,2019-06-05 09:06:01,1,六里桥东,广安门内
57,8,13,2019-06-05 09:06:01,1,六里桥东,牛街路口东
57,8,14,2019-06-05 09:06:01,1,六里桥东,菜市口西
57,8,15,2019-06-05 09:06:01,1,六里桥东,虎坊桥路口西
57,8,14,2019-06-05 09:06:01,1,六里桥东,菜市口西
57,8,12,2019-06-05 09:06:01,1,六里桥东,广安门内
57,10,21,2019-06-05 09:12:01,1,湾子,水道子
57,10,29,2019-06-05 09:12:01,1,湾子,双井桥北
57,10,29,2019-06-05 09:12:01,1,湾子,双井桥北
57,10,14,2019-06-05 09:12:01,1,湾子,菜市口西
57,10,16,2019-06-05 09:15:01,1,湾子,虎坊桥路口东
57,10,16,2019-06-05 09:15:01,1,湾子,虎坊桥路口东
57,10,29,2019-06-05 09:15:01,1,湾子,双井桥北
57,10,16,2019-06-05 09:15:01,1,湾子,虎坊桥路口东
57,10,12,2019-06-05 09:15:01,1,湾子,广安门内
57,10,11,2019-06-05 09:15:01,1,湾子,达官营
57,10,12,2019-06-05 09:15:01,1,湾子,广安门内
57,10,24,2019-06-05 09:15:01,1,湾子,培新街
57,10,26,2019-06-05 09:15:01,1,湾子,广渠门内
57,10,16,2019-06-05 09:15:01,1,湾子,虎坊桥路口东
57,10,13,2019-06-05 09:15:01,1,湾子,牛街路口东
57,10,16,2019-06-05 09:15:01,1,湾子,虎坊桥路口东
57,10,17,2019-06-05 09:15:01,1,湾子,板章路
57,11,31,2019-06-05 09:17:01,1,达官营,大北窑南
57,11,32,2019-06-05 09:17:01,1,达官营,大北窑东
57,11,31,2019-06-05 09:17:01,1,达官营,大北窑南
57,11,33,2019-06-05 09:17:01,1,达官营,郎家园
57,11,30,2019-06-05 09:17:01,1,达官营,双花园
57,11,19,2019-06-05 09:17:01,1,达官营,东城三里河
57,11,32,2019-06-05 09:17:01,1,达官营,大北窑东
57,11,31,2019-06-05 09:17:01,1,达官营,大北窑南
57,11,33,2019-06-05 09:17:01,1,达官营,郎家园
57,11,25,2019-06-05 09:17:01,1,达官营,安化楼
57,11,24,2019-06-05 09:17:01,1,达官营,培新街
57,11,12,2019-06-05 09:17:01,1,达官营,广安门内
57,11,33,2019-06-05 09:17:01,1,达官营,郎家园
57,11,11,2019-06-05 09:17:01,1,达官营,达官营
57,11,12,2019-06-05 09:17:01,1,达官营,广安门内
57,11,14,2019-06-05 09:17:01,1,达官营,菜市口西
57,11,26,2019-06-05 09:17:01,1,达官营,广渠门内
57,11,14,2019-06-05 09:17:01,1,达官营,菜市口西
57,11,11,2019-06-05 06:33:01,1,达官营,达官营
57,12,15,2019-06-05 06:34:01,1,广安门内,虎坊桥路口西
57,11,14,2019-06-05 06:34:01,1,达官营,菜市口西
57,11,12,2019-06-05 06:34:01,1,达官营,广安门内
57,11,17,2019-06-05 06:34:01,1,达官营,板章路
57,11,19,2019-06-05 06:34:01,1,达官营,东城三里河
57,11,28,2019-06-05 06:34:01,1,达官营,垂杨柳
57,11,27,2019-06-05 06:34:01,1,达官营,马圈
57,11,28,2019-06-05 06:34:01,1,达官营,垂杨柳
57,11,32,2019-06-05 06:34:01,1,达官营,大北窑东
57,11,33,2019-06-05 06:34:01,1,达官营,郎家园
57,11,34,2019-06-05 06:34:01,1,达官营,四惠枢纽站
57,11,34,2019-06-05 06:34:01,1,达官营,四惠枢纽站
57,12,15,2019-06-05 06:37:01,1,广安门内,虎坊桥路口西
57,12,27,2019-06-05 06:37:01,1,广安门内,马圈
57,12,22,2019-06-05 06:37:01,1,广安门内,磁器口西
57,12,17,2019-06-05 06:37:01,1,广安门内,板章路
57,12,17,2019-06-05 06:37:01,1,广安门内,板章路
57,12,33,2019-06-05 06:37:01,1,广安门内,郎家园
57,13,15,2019-06-05 06:40:01,1,牛街路口东,虎坊桥路口西
57,13,15,2019-06-05 06:40:01,1,牛街路口东,虎坊桥路口西
57,13,20,2019-06-05 06:40:01,1,牛街路口东,桥湾
57,13,20,2019-06-05 06:40:01,1,牛街路口东,桥湾
57,13,29,2019-06-05 06:40:01,1,牛街路口东,双井桥北
57,14,27,2019-06-05 06:41:01,1,菜市口西,马圈
57,14,25,2019-06-05 06:41:01,1,菜市口西,安化楼
57,14,22,2019-06-05 06:41:01,1,菜市口西,磁器口西
57,14,30,2019-06-05 06:41:01,1,菜市口西,双花园
57,14,31,2019-06-05 06:41:01,1,菜市口西,大北窑南
57,14,29,2019-06-05 06:41:01,1,菜市口西,双井桥北
57,14,33,2019-06-05 06:41:01,1,菜市口西,郎家园
57,16,20,2019-06-05 06:47:01,1,虎坊桥路口东,桥湾
57,16,21,2019-06-05 06:47:01,1,虎坊桥路口东,水道子
57,16,24,2019-06-05 06:47:01,1,虎坊桥路口东,培新街
57,16,29,2019-06-05 06:47:01,1,虎坊桥路口东,双井桥北
57,17,19,2019-06-05 06:48:01,1,板章路,东城三里河
57,17,29,2019-06-05 06:48:01,1,板章路,双井桥北
57,18,29,2019-06-05 06:50:01,1,过街楼,双井桥北
57,19,29,2019-06-05 06:51:01,1,东城三里河,双井桥北
57,20,20,2019-06-05 06:52:01,1,桥湾,桥湾
57,20,26,2019-06-05 06:52:01,1,桥湾,广渠门内
57,20,21,2019-06-05 06:52:01,1,桥湾,水道子
57,21,21,2019-06-05 06:52:01,1,水道子,水道子
57,20,28,2019-06-05 06:52:01,1,桥湾,垂杨柳
57,21,26,2019-06-05 06:54:01,1,水道子,广渠门内
57,21,27,2019-06-05 06:54:01,1,水道子,马圈
57,21,27,2019-06-05 06:54:01,1,水道子,马圈
57,21,28,2019-06-05 06:54:01,1,水道子,垂杨柳
57,22,29,2019-06-05 06:55:01,1,磁器口西,双井桥北
57,22,29,2019-06-05 06:55:01,1,磁器口西,双井桥北
57,22,32,2019-06-05 06:55:01,1,磁器口西,大北窑东
57,22,32,2019-06-05 06:55:01,1,磁器口西,大北窑东
57,23,30,2019-06-05 06:56:01,1,榄杆市,双花园
57,23,34,2019-06-05 06:56:01,1,榄杆市,四惠枢纽站
57,23,34,2019-06-05 06:56:01,1,榄杆市,四惠枢纽站
57,23,31,2019-06-05 06:57:01,1,榄杆市,大北窑南
57,23,34,2019-06-05 06:57:01,1,榄杆市,四惠枢纽站
57,23,33,2019-06-05 06:57:01,1,榄杆市,郎家园
57,23,34,2019-06-05 06:57:01,1,榄杆市,四惠枢纽站
57,23,34,2019-06-05 06:57:01,1,榄杆市,四惠枢纽站
57,23,34,2019-06-05 06:57:01,1,榄杆市,四惠枢纽站
57,24,24,2019-06-05 06:59:01,1,培新街,培新街
57,24,25,2019-06-05 06:59:01,1,培新街,安化楼
57,24,29,2019-06-05 06:59:01,1,培新街,双井桥北
57,24,30,2019-06-05 06:59:01,1,培新街,双花园
57,24,29,2019-06-05 06:59:01,1,培新街,双井桥北
57,24,28,2019-06-05 06:59:01,1,培新街,垂杨柳
57,24,29,2019-06-05 06:59:01,1,培新街,双井桥北
57,24,29,2019-06-05 06:59:01,1,培新街,双井桥北
57,24,29,2019-06-05 06:59:01,1,培新街,双井桥北
57,24,34,2019-06-05 06:59:01,1,培新街,四惠枢纽站
57,24,34,2019-06-05 06:59:01,1,培新街,四惠枢纽站
57,25,27,2019-06-05 07:00:01,1,安化楼,马圈
57,25,29,2019-06-05 07:00:01,1,安化楼,双井桥北
57,25,28,2019-06-05 07:00:01,1,安化楼,垂杨柳
57,25,29,2019-06-05 07:00:01,1,安化楼,双井桥北
57,25,30,2019-06-05 07:00:01,1,安化楼,双花园
57,25,29,2019-06-05 07:00:01,1,安化楼,双井桥北
57,25,29,2019-06-05 07:00:01,1,安化楼,双井桥北
57,25,32,2019-06-05 07:00:01,1,安化楼,大北窑东
57,26,27,2019-06-05 07:01:01,1,广渠门内,马圈
57,25,31,2019-06-05 07:01:01,1,安化楼,大北窑南
57,26,29,2019-06-05 07:01:01,1,广渠门内,双井桥北
57,26,31,2019-06-05 07:01:01,1,广渠门内,大北窑南
57,26,32,2019-06-05 07:01:01,1,广渠门内,大北窑东
57,26,29,2019-06-05 07:01:01,1,广渠门内,双井桥北
57,26,31,2019-06-05 07:01:01,1,广渠门内,大北窑南
57,26,29,2019-06-05 07:01:01,1,广渠门内,双井桥北
57,26,34,2019-06-05 07:01:01,1,广渠门内,四惠枢纽站
57,26,34,2019-06-05 07:01:01,1,广渠门内,四惠枢纽站
57,26,34,2019-06-05 07:01:01,1,广渠门内,四惠枢纽站
57,26,34,2019-06-05 07:01:01,1,广渠门内,四惠枢纽站
57,26,33,2019-06-05 07:01:01,1,广渠门内,郎家园
57,26,34,2019-06-05 07:01:01,1,广渠门内,四惠枢纽站
57,26,34,2019-06-05 07:01:01,1,广渠门内,四惠枢纽站
57,26,31,2019-06-05 07:02:01,1,广渠门内,大北窑南
57,26,31,2019-06-05 07:02:01,1,广渠门内,大北窑南
57,26,29,2019-06-05 07:02:01,1,广渠门内,双井桥北
57,26,31,2019-06-05 07:02:01,1,广渠门内,大北窑南
57,27,28,2019-06-05 07:04:01,1,马圈,垂杨柳
57,28,28,2019-06-05 07:04:01,1,垂杨柳,垂杨柳
57,27,32,2019-06-05 07:04:01,1,马圈,大北窑东
57,28,31,2019-06-05 07:04:01,1,垂杨柳,大北窑南
57,27,29,2019-06-05 07:04:01,1,马圈,双井桥北
57,27,31,2019-06-05 07:04:01,1,马圈,大北窑南
57,28,29,2019-06-05 07:06:01,1,垂杨柳,双井桥北
57,28,29,2019-06-05 07:06:01,1,垂杨柳,双井桥北
57,28,30,2019-06-05 07:06:01,1,垂杨柳,双花园
57,28,34,2019-06-05 07:06:01,1,垂杨柳,四惠枢纽站
57,29,33,2019-06-05 07:11:01,1,双井桥北,郎家园
57,29,34,2019-06-05 07:11:01,1,双井桥北,四惠枢纽站
57,29,34,2019-06-05 07:11:01,1,双井桥北,四惠枢纽站
57,31,31,2019-06-05 07:13:01,1,大北窑南,大北窑南
57,30,31,2019-06-05 07:13:01,1,双花园,大北窑南
57,30,34,2019-06-05 07:13:01,1,双花园,四惠枢纽站
57,31,31,2019-06-05 07:15:01,1,大北窑南,大北窑南
57,31,32,2019-06-05 07:15:01,1,大北窑南,大北窑东
57,31,32,2019-06-05 07:15:01,1,大北窑南,大北窑东
57,31,31,2019-06-05 07:15:01,1,大北窑南,大北窑南
57,31,34,2019-06-05 07:15:01,1,大北窑南,四惠枢纽站
57,31,34,2019-06-05 07:15:01,1,大北窑南,四惠枢纽站
57,31,34,2019-06-05 07:15:01,1,大北窑南,四惠枢纽站
57,31,33,2019-06-05 07:15:01,1,大北窑南,郎家园
57,31,34,2019-06-05 07:15:01,1,大北窑南,四惠枢纽站
57,31,32,2019-06-05 07:16:01,1,大北窑南,大北窑东
57,31,34,2019-06-05 07:16:01,1,大北窑南,四惠枢纽站
57,31,33,2019-06-05 07:16:01,1,大北窑南,郎家园
57,31,32,2019-06-05 07:16:01,1,大北窑南,大北窑东
57,31,33,2019-06-05 07:16:01,1,大北窑南,郎家园
57,32,34,2019-06-05 07:18:01,1,大北窑东,四惠枢纽站
57,32,34,2019-06-05 07:18:01,1,大北窑东,四惠枢纽站
57,1,13,2019-06-05 09:19:01,1,靛厂新村,牛街路口东
57,1,14,2019-06-05 09:19:01,1,靛厂新村,菜市口西
57,1,13,2019-06-05 09:19:01,1,靛厂新村,牛街路口东
57,1,13,2019-06-05 09:19:01,1,靛厂新村,牛街路口东
57,1,17,2019-06-05 09:19:01,1,靛厂新村,板章路
57,1,20,2019-06-05 09:19:01,1,靛厂新村,桥湾
57,1,2,2019-06-05 09:19:01,1,靛厂新村,岳各庄东路北口
57,1,1,2019-06-05 09:19:01,1,靛厂新村,靛厂新村
57,1,10,2019-06-05 09:19:01,1,靛厂新村,湾子
57,1,12,2019-06-05 09:19:01,1,靛厂新村,广安门内
57,2,2,2019-06-05 09:20:01,1,岳各庄东路北口,岳各庄东路北口
57,2,17,2019-06-05 09:21:01,1,岳各庄东路北口,板章路
57,3,3,2019-06-05 09:21:01,1,靛厂村南站,靛厂村南站
57,2,3,2019-06-05 09:21:01,1,岳各庄东路北口,靛厂村南站
57,2,3,2019-06-05 09:21:01,1,岳各庄东路北口,靛厂村南站
57,2,7,2019-06-05 09:21:01,1,岳各庄东路北口,六里桥西
57,3,7,2019-06-05 09:21:01,1,靛厂村南站,六里桥西
57,2,11,2019-06-05 09:21:01,1,岳各庄东路北口,达官营
57,4,14,2019-06-05 09:23:01,1,水衙沟路东口,菜市口西
57,4,14,2019-06-05 09:23:01,1,水衙沟路东口,菜市口西
57,4,11,2019-06-05 09:23:01,1,水衙沟路东口,达官营
57,4,12,2019-06-05 09:23:01,1,水衙沟路东口,广安门内
57,5,8,2019-06-05 09:25:01,1,白塔村,六里桥东
57,6,8,2019-06-05 09:28:01,1,小井路口东,六里桥东
57,6,12,2019-06-05 09:28:01,1,小井路口东,广安门内
57,1,30,2019-06-05 08:08:01,1,靛厂新村,双花园
57,1,12,2019-06-05 08:08:01,1,靛厂新村,广安门内
57,1,12,2019-06-05 08:08:01,1,靛厂新村,广安门内
57,1,11,2019-06-05 08:08:01,1,靛厂新村,达官营
57,1,9,2019-06-05 08:08:01,1,靛厂新村,莲花池
57,1,10,2019-06-05 08:08:01,1,靛厂新村,湾子
57,1,12,2019-06-05 08:08:01,1,靛厂新村,广安门内
57,1,12,2019-06-05 08:08:01,1,靛厂新村,广安门内
57,1,10,2019-06-05 08:08:01,1,靛厂新村,湾子
57,1,12,2019-06-05 08:08:01,1,靛厂新村,广安门内
57,1,11,2019-06-05 08:08:01,1,靛厂新村,达官营
57,1,24,2019-06-05 08:08:01,1,靛厂新村,培新街
57,1,22,2019-06-05 08:08:01,1,靛厂新村,磁器口西
57,1,23,2019-06-05 08:08:01,1,靛厂新村,榄杆市
57,1,12,2019-06-05 08:08:01,1,靛厂新村,广安门内
57,1,12,2019-06-05 08:08:01,1,靛厂新村,广安门内
57,1,20,2019-06-05 08:08:01,1,靛厂新村,桥湾
57,1,22,2019-06-05 08:08:01,1,靛厂新村,磁器口西
57,1,9,2019-06-05 08:08:01,1,靛厂新村,莲花池
57,1,9,2019-06-05 08:08:01,1,靛厂新村,莲花池
57,1,7,2019-06-05 08:08:01,1,靛厂新村,六里桥西
57,1,5,2019-06-05 08:08:01,1,靛厂新村,白塔村
57,1,6,2019-06-05 08:08:01,1,靛厂新村,小井路口东
57,1,6,2019-06-05 08:08:01,1,靛厂新村,小井路口东
57,1,5,2019-06-05 08:08:01,1,靛厂新村,白塔村
57,1,4,2019-06-05 08:08:01,1,靛厂新村,水衙沟路东口
57,1,6,2019-06-05 08:08:01,1,靛厂新村,小井路口东
57,1,1,2019-06-05 08:08:01,1,靛厂新村,靛厂新村
57,1,4,2019-06-05 08:08:01,1,靛厂新村,水衙沟路东口
57,1,6,2019-06-05 08:08:01,1,靛厂新村,小井路口东
57,1,4,2019-06-05 08:08:01,1,靛厂新村,水衙沟路东口
57,1,1,2019-06-05 08:08:01,1,靛厂新村,靛厂新村
57,1,6,2019-06-05 08:08:01,1,靛厂新村,小井路口东
57,1,6,2019-06-05 08:08:01,1,靛厂新村,小井路口东
57,1,4,2019-06-05 08:08:01,1,靛厂新村,水衙沟路东口
57,1,6,2019-06-05 08:08:01,1,靛厂新村,小井路口东
57,1,6,2019-06-05 08:08:01,1,靛厂新村,小井路口东
57,1,6,2019-06-05 08:08:01,1,靛厂新村,小井路口东
57,1,4,2019-06-05 08:08:01,1,靛厂新村,水衙沟路东口
57,1,6,2019-06-05 08:08:01,1,靛厂新村,小井路口东
57,1,7,2019-06-05 08:09:01,1,靛厂新村,六里桥西
57,1,6,2019-06-05 08:10:01,1,靛厂新村,小井路口东
57,1,7,2019-06-05 08:10:01,1,靛厂新村,六里桥西
57,1,7,2019-06-05 08:10:01,1,靛厂新村,六里桥西
57,1,6,2019-06-05 08:10:01,1,靛厂新村,小井路口东
57,1,6,2019-06-05 08:10:01,1,靛厂新村,小井路口东
57,1,6,2019-06-05 08:10:01,1,靛厂新村,小井路口东
57,1,6,2019-06-05 08:10:01,1,靛厂新村,小井路口东
57,1,6,2019-06-05 08:10:01,1,靛厂新村,小井路口东
57,1,6,2019-06-05 08:10:01,1,靛厂新村,小井路口东
57,1,6,2019-06-05 08:10:01,1,靛厂新村,小井路口东
57,1,1,2019-06-05 08:10:01,1,靛厂新村,靛厂新村
57,1,6,2019-06-05 08:10:01,1,靛厂新村,小井路口东
57,1,6,2019-06-05 08:10:01,1,靛厂新村,小井路口东
57,1,6,2019-06-05 08:10:01,1,靛厂新村,小井路口东
57,1,6,2019-06-05 08:10:01,1,靛厂新村,小井路口东
57,1,6,2019-06-05 08:10:01,1,靛厂新村,小井路口东
57,1,5,2019-06-05 08:10:01,1,靛厂新村,白塔村
57,1,6,2019-06-05 08:10:01,1,靛厂新村,小井路口东
57,1,5,2019-06-05 08:10:01,1,靛厂新村,白塔村
57,1,4,2019-06-05 08:10:01,1,靛厂新村,水衙沟路东口
57,1,6,2019-06-05 08:10:01,1,靛厂新村,小井路口东
57,1,28,2019-06-05 08:10:01,1,靛厂新村,垂杨柳
57,3,11,2019-06-05 08:13:01,1,靛厂村南站,达官营
57,2,7,2019-06-05 08:13:01,1,岳各庄东路北口,六里桥西
57,2,25,2019-06-05 08:13:01,1,岳各庄东路北口,安化楼
57,2,6,2019-06-05 08:13:01,1,岳各庄东路北口,小井路口东
57,2,6,2019-06-05 08:13:01,1,岳各庄东路北口,小井路口东
57,2,6,2019-06-05 08:13:01,1,岳各庄东路北口,小井路口东
57,2,6,2019-06-05 08:13:01,1,岳各庄东路北口,小井路口东
57,2,6,2019-06-05 08:13:01,1,岳各庄东路北口,小井路口东
57,3,13,2019-06-05 08:14:01,1,靛厂村南站,牛街路口东
57,3,12,2019-06-05 08:14:01,1,靛厂村南站,广安门内
57,3,13,2019-06-05 08:14:01,1,靛厂村南站,牛街路口东
57,3,10,2019-06-05 08:14:01,1,靛厂村南站,湾子
57,3,16,2019-06-05 08:14:01,1,靛厂村南站,虎坊桥路口东
57,3,7,2019-06-05 08:14:01,1,靛厂村南站,六里桥西
57,3,9,2019-06-05 08:14:01,1,靛厂村南站,莲花池
57,3,7,2019-06-05 08:14:01,1,靛厂村南站,六里桥西
57,3,9,2019-06-05 08:14:01,1,靛厂村南站,莲花池
57,3,5,2019-06-05 08:14:01,1,靛厂村南站,白塔村
57,3,6,2019-06-05 08:14:01,1,靛厂村南站,小井路口东
57,3,7,2019-06-05 08:14:01,1,靛厂村南站,六里桥西
57,3,4,2019-06-05 08:14:01,1,靛厂村南站,水衙沟路东口
57,3,6,2019-06-05 08:14:01,1,靛厂村南站,小井路口东
57,3,6,2019-06-05 08:14:01,1,靛厂村南站,小井路口东
57,4,10,2019-06-05 08:15:01,1,水衙沟路东口,湾子
57,4,17,2019-06-05 08:15:01,1,水衙沟路东口,板章路
57,4,10,2019-06-05 08:16:01,1,水衙沟路东口,湾子
57,4,23,2019-06-05 08:16:01,1,水衙沟路东口,榄杆市
57,4,7,2019-06-05 08:16:01,1,水衙沟路东口,六里桥西
57,5,10,2019-06-05 08:18:01,1,白塔村,湾子
57,7,30,2019-06-05 08:29:01,1,六里桥西,双花园
57,7,30,2019-06-05 08:29:01,1,六里桥西,双花园
57,7,30,2019-06-05 08:29:01,1,六里桥西,双花园
57,7,12,2019-06-05 08:29:01,1,六里桥西,广安门内
57,7,12,2019-06-05 08:29:01,1,六里桥西,广安门内
57,7,10,2019-06-05 08:29:01,1,六里桥西,湾子
57,7,11,2019-06-05 08:29:01,1,六里桥西,达官营
57,7,17,2019-06-05 08:29:01,1,六里桥西,板章路
57,7,12,2019-06-05 08:29:01,1,六里桥西,广安门内
57,7,14,2019-06-05 08:29:01,1,六里桥西,菜市口西
57,7,14,2019-06-05 08:29:01,1,六里桥西,菜市口西
57,7,17,2019-06-05 08:29:01,1,六里桥西,板章路
57,7,20,2019-06-05 08:29:01,1,六里桥西,桥湾
57,7,14,2019-06-05 08:29:01,1,六里桥西,菜市口西
57,7,21,2019-06-05 08:29:01,1,六里桥西,水道子
57,7,17,2019-06-05 08:29:01,1,六里桥西,板章路
57,7,7,2019-06-05 08:29:01,1,六里桥西,六里桥西
57,7,7,2019-06-05 08:29:01,1,六里桥西,六里桥西
57,7,10,2019-06-05 08:30:01,1,六里桥西,湾子
57,7,11,2019-06-05 08:31:01,1,六里桥西,达官营
57,7,12,2019-06-05 08:31:01,1,六里桥西,广安门内
57,7,13,2019-06-05 08:31:01,1,六里桥西,牛街路口东
57,7,14,2019-06-05 08:31:01,1,六里桥西,菜市口西
57,7,11,2019-06-05 08:32:01,1,六里桥西,达官营
57,7,20,2019-06-05 08:32:01,1,六里桥西,桥湾
57,7,29,2019-06-05 08:32:01,1,六里桥西,双井桥北
57,7,29,2019-06-05 08:32:01,1,六里桥西,双井桥北
57,7,11,2019-06-05 08:33:01,1,六里桥西,达官营
57,7,11,2019-06-05 08:33:01,1,六里桥西,达官营
57,7,25,2019-06-05 08:33:01,1,六里桥西,安化楼
57,8,11,2019-06-05 08:37:01,1,六里桥东,达官营
57,8,17,2019-06-05 08:37:01,1,六里桥东,板章路
57,8,20,2019-06-05 08:37:01,1,六里桥东,桥湾
57,8,22,2019-06-05 08:37:01,1,六里桥东,磁器口西
57,8,9,2019-06-05 08:37:01,1,六里桥东,莲花池
57,8,24,2019-06-05 08:37:01,1,六里桥东,培新街
57,9,10,2019-06-05 08:41:01,1,莲花池,湾子
57,9,10,2019-06-05 08:41:01,1,莲花池,湾子
57,9,10,2019-06-05 08:41:01,1,莲花池,湾子
57,9,12,2019-06-05 08:41:01,1,莲花池,广安门内
57,9,14,2019-06-05 08:41:01,1,莲花池,菜市口西
57,9,13,2019-06-05 08:41:01,1,莲花池,牛街路口东
57,9,13,2019-06-05 08:41:01,1,莲花池,牛街路口东
57,9,14,2019-06-05 08:41:01,1,莲花池,菜市口西
57,9,14,2019-06-05 08:41:01,1,莲花池,菜市口西
57,9,14,2019-06-05 08:41:01,1,莲花池,菜市口西
57,9,11,2019-06-05 08:42:01,1,莲花池,达官营
57,10,32,2019-06-05 08:43:01,1,湾子,大北窑东
57,10,12,2019-06-05 08:43:01,1,湾子,广安门内
57,10,11,2019-06-05 08:43:01,1,湾子,达官营
57,10,11,2019-06-05 08:43:01,1,湾子,达官营
57,10,11,2019-06-05 08:43:01,1,湾子,达官营
57,10,10,2019-06-05 08:43:01,1,湾子,湾子
57,10,10,2019-06-05 08:43:01,1,湾子,湾子
57,10,14,2019-06-05 08:43:01,1,湾子,菜市口西
57,10,16,2019-06-05 08:43:01,1,湾子,虎坊桥路口东
57,10,14,2019-06-05 08:43:01,1,湾子,菜市口西
57,10,26,2019-06-05 08:43:01,1,湾子,广渠门内
57,10,11,2019-06-05 08:44:01,1,湾子,达官营
57,10,11,2019-06-05 08:44:01,1,湾子,达官营
57,10,15,2019-06-05 08:44:01,1,湾子,虎坊桥路口西
57,10,13,2019-06-05 08:44:01,1,湾子,牛街路口东
57,10,23,2019-06-05 08:44:01,1,湾子,榄杆市
57,11,32,2019-06-05 08:48:01,1,达官营,大北窑东
57,11,20,2019-06-05 08:48:01,1,达官营,桥湾
57,11,14,2019-06-05 08:48:01,1,达官营,菜市口西
57,11,16,2019-06-05 08:48:01,1,达官营,虎坊桥路口东
57,11,14,2019-06-05 08:48:01,1,达官营,菜市口西
57,11,21,2019-06-05 08:48:01,1,达官营,水道子
57,11,25,2019-06-05 08:48:01,1,达官营,安化楼
57,11,25,2019-06-05 08:48:01,1,达官营,安化楼
57,12,32,2019-06-05 08:52:01,1,广安门内,大北窑东
57,12,32,2019-06-05 08:52:01,1,广安门内,大北窑东
57,12,13,2019-06-05 08:52:01,1,广安门内,牛街路口东
57,12,15,2019-06-05 08:52:01,1,广安门内,虎坊桥路口西
57,12,16,2019-06-05 08:52:01,1,广安门内,虎坊桥路口东
57,12,14,2019-06-05 08:52:01,1,广安门内,菜市口西
57,12,25,2019-06-05 08:52:01,1,广安门内,安化楼
57,12,25,2019-06-05 08:52:01,1,广安门内,安化楼
57,12,25,2019-06-05 08:52:01,1,广安门内,安化楼
57,12,32,2019-06-05 08:53:01,1,广安门内,大北窑东
57,12,12,2019-06-05 08:53:01,1,广安门内,广安门内
57,12,13,2019-06-05 08:53:01,1,广安门内,牛街路口东
57,12,13,2019-06-05 08:53:01,1,广安门内,牛街路口东
57,12,24,2019-06-05 08:53:01,1,广安门内,培新街
57,13,30,2019-06-05 08:54:01,1,牛街路口东,双花园
57,13,30,2019-06-05 08:54:01,1,牛街路口东,双花园
57,13,30,2019-06-05 08:54:01,1,牛街路口东,双花园
57,13,14,2019-06-05 08:54:01,1,牛街路口东,菜市口西
57,13,13,2019-06-05 08:54:01,1,牛街路口东,牛街路口东
57,13,14,2019-06-05 08:54:01,1,牛街路口东,菜市口西
57,13,25,2019-06-05 08:54:01,1,牛街路口东,安化楼
57,13,14,2019-06-05 08:55:01,1,牛街路口东,菜市口西
57,13,25,2019-06-05 08:55:01,1,牛街路口东,安化楼
57,14,32,2019-06-05 08:57:01,1,菜市口西,大北窑东
57,15,23,2019-06-05 08:58:01,1,虎坊桥路口西,榄杆市
57,15,23,2019-06-05 08:58:01,1,虎坊桥路口西,榄杆市
57,16,23,2019-06-05 08:59:01,1,虎坊桥路口东,榄杆市
57,17,20,2019-06-05 09:02:01,1,板章路,桥湾
57,17,25,2019-06-05 09:02:01,1,板章路,安化楼
57,17,27,2019-06-05 09:02:01,1,板章路,马圈
57,18,23,2019-06-05 09:03:01,1,过街楼,榄杆市
57,18,21,2019-06-05 09:03:01,1,过街楼,水道子
57,18,23,2019-06-05 09:03:01,1,过街楼,榄杆市
57,17,19,2019-06-05 09:03:01,1,板章路,东城三里河
57,20,30,2019-06-05 09:05:01,1,桥湾,双花园
57,21,21,2019-06-05 09:05:01,1,水道子,水道子
57,20,26,2019-06-05 09:05:01,1,桥湾,广渠门内
57,20,27,2019-06-05 09:05:01,1,桥湾,马圈
57,21,23,2019-06-05 09:06:01,1,水道子,榄杆市
57,22,25,2019-06-05 09:07:01,1,磁器口西,安化楼
57,22,25,2019-06-05 09:07:01,1,磁器口西,安化楼
57,1,29,2019-06-05 08:12:01,1,靛厂新村,双井桥北
57,1,9,2019-06-05 08:12:01,1,靛厂新村,莲花池
57,1,14,2019-06-05 08:12:01,1,靛厂新村,菜市口西
57,1,14,2019-06-05 08:12:01,1,靛厂新村,菜市口西
57,1,9,2019-06-05 08:12:01,1,靛厂新村,莲花池
57,1,12,2019-06-05 08:12:01,1,靛厂新村,广安门内
57,1,8,2019-06-05 08:12:01,1,靛厂新村,六里桥东
57,1,19,2019-06-05 08:12:01,1,靛厂新村,东城三里河
57,2,11,2019-06-05 08:13:01,1,岳各庄东路北口,达官营
57,2,7,2019-06-05 08:13:01,1,岳各庄东路北口,六里桥西
57,2,2,2019-06-05 08:13:01,1,岳各庄东路北口,岳各庄东路北口
57,2,7,2019-06-05 08:13:01,1,岳各庄东路北口,六里桥西
57,2,7,2019-06-05 08:13:01,1,岳各庄东路北口,六里桥西
57,4,12,2019-06-05 08:15:01,1,水衙沟路东口,广安门内
57,4,18,2019-06-05 08:15:01,1,水衙沟路东口,过街楼
57,6,15,2019-06-05 08:18:01,1,小井路口东,虎坊桥路口西
57,6,10,2019-06-05 08:18:01,1,小井路口东,湾子
57,6,20,2019-06-05 08:18:01,1,小井路口东,桥湾
57,6,19,2019-06-05 08:18:01,1,小井路口东,东城三里河
57,6,17,2019-06-05 08:18:01,1,小井路口东,板章路
57,6,19,2019-06-05 08:18:01,1,小井路口东,东城三里河
57,6,17,2019-06-05 08:18:01,1,小井路口东,板章路
57,6,14,2019-06-05 08:18:01,1,小井路口东,菜市口西
57,7,12,2019-06-05 08:20:01,1,六里桥西,广安门内
57,7,13,2019-06-05 08:20:01,1,六里桥西,牛街路口东
57,7,14,2019-06-05 08:20:01,1,六里桥西,菜市口西
57,7,17,2019-06-05 08:20:01,1,六里桥西,板章路
57,7,22,2019-06-05 08:20:01,1,六里桥西,磁器口西
57,8,32,2019-06-05 08:26:01,1,六里桥东,大北窑东
57,8,27,2019-06-05 08:26:01,1,六里桥东,马圈
57,8,32,2019-06-05 08:26:01,1,六里桥东,大北窑东
57,8,15,2019-06-05 08:26:01,1,六里桥东,虎坊桥路口西
57,8,13,2019-06-05 08:26:01,1,六里桥东,牛街路口东
57,8,16,2019-06-05 08:26:01,1,六里桥东,虎坊桥路口东
57,8,13,2019-06-05 08:26:01,1,六里桥东,牛街路口东
57,8,19,2019-06-05 08:26:01,1,六里桥东,东城三里河
57,8,16,2019-06-05 08:26:01,1,六里桥东,虎坊桥路口东
57,8,22,2019-06-05 08:26:01,1,六里桥东,磁器口西
57,8,32,2019-06-05 08:27:01,1,六里桥东,大北窑东
57,8,33,2019-06-05 08:27:01,1,六里桥东,郎家园
57,8,33,2019-06-05 08:27:01,1,六里桥东,郎家园
57,8,31,2019-06-05 08:27:01,1,六里桥东,大北窑南
57,8,9,2019-06-05 08:27:01,1,六里桥东,莲花池
57,8,9,2019-06-05 08:27:01,1,六里桥东,莲花池
57,8,14,2019-06-05 08:27:01,1,六里桥东,菜市口西
57,8,13,2019-06-05 08:27:01,1,六里桥东,牛街路口东
57,8,9,2019-06-05 08:27:01,1,六里桥东,莲花池
57,8,15,2019-06-05 08:27:01,1,六里桥东,虎坊桥路口西
57,8,13,2019-06-05 08:27:01,1,六里桥东,牛街路口东
57,8,13,2019-06-05 08:27:01,1,六里桥东,牛街路口东
57,8,13,2019-06-05 08:27:01,1,六里桥东,牛街路口东
57,8,13,2019-06-05 08:27:01,1,六里桥东,牛街路口东
57,8,12,2019-06-05 08:27:01,1,六里桥东,广安门内
57,8,13,2019-06-05 08:27:01,1,六里桥东,牛街路口东
57,8,12,2019-06-05 08:27:01,1,六里桥东,广安门内
57,8,14,2019-06-05 08:27:01,1,六里桥东,菜市口西
57,8,12,2019-06-05 08:27:01,1,六里桥东,广安门内
57,8,9,2019-06-05 08:27:01,1,六里桥东,莲花池
57,8,16,2019-06-05 08:27:01,1,六里桥东,虎坊桥路口东
57,8,18,2019-06-05 08:27:01,1,六里桥东,过街楼
57,8,26,2019-06-05 08:27:01,1,六里桥东,广渠门内
57,8,25,2019-06-05 08:27:01,1,六里桥东,安化楼
57,8,16,2019-06-05 08:27:01,1,六里桥东,虎坊桥路口东
57,8,21,2019-06-05 08:27:01,1,六里桥东,水道子
57,8,18,2019-06-05 08:27:01,1,六里桥东,过街楼
57,8,26,2019-06-05 08:27:01,1,六里桥东,广渠门内
57,8,20,2019-06-05 08:27:01,1,六里桥东,桥湾
57,8,18,2019-06-05 08:27:01,1,六里桥东,过街楼
57,8,22,2019-06-05 08:27:01,1,六里桥东,磁器口西
57,8,18,2019-06-05 08:27:01,1,六里桥东,过街楼
57,8,26,2019-06-05 08:27:01,1,六里桥东,广渠门内
57,8,24,2019-06-05 08:27:01,1,六里桥东,培新街
57,8,13,2019-06-05 08:28:01,1,六里桥东,牛街路口东
57,8,13,2019-06-05 08:28:01,1,六里桥东,牛街路口东
57,9,13,2019-06-05 08:33:01,1,莲花池,牛街路口东
57,9,13,2019-06-05 08:33:01,1,莲花池,牛街路口东
57,9,13,2019-06-05 08:33:01,1,莲花池,牛街路口东
57,9,12,2019-06-05 08:33:01,1,莲花池,广安门内
57,9,11,2019-06-05 08:33:01,1,莲花池,达官营
57,9,17,2019-06-05 08:33:01,1,莲花池,板章路
57,10,28,2019-06-05 08:37:01,1,湾子,垂杨柳
57,10,12,2019-06-05 08:37:01,1,湾子,广安门内
57,10,13,2019-06-05 08:37:01,1,湾子,牛街路口东
57,10,14,2019-06-05 08:37:01,1,湾子,菜市口西
57,10,11,2019-06-05 08:37:01,1,湾子,达官营
57,10,11,2019-06-05 08:37:01,1,湾子,达官营
57,10,12,2019-06-05 08:37:01,1,湾子,广安门内
57,10,14,2019-06-05 08:37:01,1,湾子,菜市口西
57,10,28,2019-06-05 08:37:01,1,湾子,垂杨柳
57,10,22,2019-06-05 08:37:01,1,湾子,磁器口西
57,11,26,2019-06-05 08:39:01,1,达官营,广渠门内
57,11,13,2019-06-05 08:39:01,1,达官营,牛街路口东
57,11,12,2019-06-05 08:39:01,1,达官营,广安门内
57,11,14,2019-06-05 08:39:01,1,达官营,菜市口西
57,11,13,2019-06-05 08:39:01,1,达官营,牛街路口东
57,11,12,2019-06-05 08:39:01,1,达官营,广安门内
57,11,12,2019-06-05 08:39:01,1,达官营,广安门内
57,11,26,2019-06-05 08:39:01,1,达官营,广渠门内
57,11,24,2019-06-05 08:39:01,1,达官营,培新街
57,11,19,2019-06-05 08:39:01,1,达官营,东城三里河
57,11,26,2019-06-05 08:39:01,1,达官营,广渠门内
57,11,22,2019-06-05 08:39:01,1,达官营,磁器口西
57,11,28,2019-06-05 08:39:01,1,达官营,垂杨柳
57,11,22,2019-06-05 08:39:01,1,达官营,磁器口西
57,11,22,2019-06-05 08:39:01,1,达官营,磁器口西
57,12,29,2019-06-05 08:44:01,1,广安门内,双井桥北
57,12,29,2019-06-05 08:44:01,1,广安门内,双井桥北
57,13,14,2019-06-05 08:48:01,1,牛街路口东,菜市口西
57,13,20,2019-06-05 08:48:01,1,牛街路口东,桥湾
57,13,28,2019-06-05 08:48:01,1,牛街路口东,垂杨柳
57,14,31,2019-06-05 08:51:01,1,菜市口西,大北窑南
57,14,15,2019-06-05 08:51:01,1,菜市口西,虎坊桥路口西
57,14,33,2019-06-05 08:51:01,1,菜市口西,郎家园
57,14,16,2019-06-05 08:51:01,1,菜市口西,虎坊桥路口东
57,14,22,2019-06-05 08:51:01,1,菜市口西,磁器口西
57,14,18,2019-06-05 08:51:01,1,菜市口西,过街楼
57,15,31,2019-06-05 08:53:01,1,虎坊桥路口西,大北窑南
57,16,33,2019-06-05 08:55:01,1,虎坊桥路口东,郎家园
57,19,19,2019-06-05 08:58:01,1,东城三里河,东城三里河
57,20,22,2019-06-05 08:59:01,1,桥湾,磁器口西
57,22,30,2019-06-05 09:02:01,1,磁器口西,双花园
57,24,34,2019-06-05 09:08:01,1,培新街,四惠枢纽站
57,24,32,2019-06-05 09:08:01,1,培新街,大北窑东
57,24,31,2019-06-05 09:08:01,1,培新街,大北窑南
57,24,31,2019-06-05 09:08:01,1,培新街,大北窑南
57,26,34,2019-06-05 09:18:01,1,广渠门内,四惠枢纽站
57,26,29,2019-06-05 09:18:01,1,广渠门内,双井桥北
57,26,28,2019-06-05 09:18:01,1,广渠门内,垂杨柳
57,26,27,2019-06-05 09:18:01,1,广渠门内,马圈
57,27,33,2019-06-05 09:26:01,1,马圈,郎家园
57,27,27,2019-06-05 09:26:01,1,马圈,马圈
57,28,34,2019-06-05 09:27:01,1,垂杨柳,四惠枢纽站
57,2,2,2019-06-05 06:32:01,1,岳各庄东路北口,岳各庄东路北口
57,2,2,2019-06-05 06:34:01,1,岳各庄东路北口,岳各庄东路北口
57,2,2,2019-06-05 06:34:01,1,岳各庄东路北口,岳各庄东路北口
57,2,2,2019-06-05 06:43:01,1,岳各庄东路北口,岳各庄东路北口
57,2,2,2019-06-05 06:43:01,1,岳各庄东路北口,岳各庄东路北口
57,2,2,2019-06-05 06:43:01,1,岳各庄东路北口,岳各庄东路北口
57,2,2,2019-06-05 06:43:01,1,岳各庄东路北口,岳各庄东路北口
57,2,2,2019-06-05 06:43:01,1,岳各庄东路北口,岳各庄东路北口
57,2,2,2019-06-05 06:48:01,1,岳各庄东路北口,岳各庄东路北口
57,2,2,2019-06-05 06:48:01,1,岳各庄东路北口,岳各庄东路北口
57,8,8,2019-06-05 07:00:01,1,六里桥东,六里桥东
57,8,9,2019-06-05 07:00:01,1,六里桥东,莲花池
57,8,9,2019-06-05 07:00:01,1,六里桥东,莲花池
57,8,9,2019-06-05 07:00:01,1,六里桥东,莲花池
57,8,9,2019-06-05 07:00:01,1,六里桥东,莲花池
57,8,25,2019-06-05 07:00:01,1,六里桥东,安化楼
57,8,31,2019-06-05 07:00:01,1,六里桥东,大北窑南
57,8,30,2019-06-05 07:00:01,1,六里桥东,双花园
57,9,11,2019-06-05 07:06:01,1,莲花池,达官营
57,9,10,2019-06-05 07:06:01,1,莲花池,湾子
57,9,10,2019-06-05 07:06:01,1,莲花池,湾子
57,9,13,2019-06-05 07:06:01,1,莲花池,牛街路口东
57,9,20,2019-06-05 07:06:01,1,莲花池,桥湾
57,9,28,2019-06-05 07:06:01,1,莲花池,垂杨柳
57,11,13,2019-06-05 07:09:01,1,达官营,牛街路口东
57,11,11,2019-06-05 07:09:01,1,达官营,达官营
57,11,13,2019-06-05 07:09:01,1,达官营,牛街路口东
57,11,31,2019-06-05 07:09:01,1,达官营,大北窑南
57,11,25,2019-06-05 07:14:01,1,达官营,安化楼
57,11,32,2019-06-05 07:14:01,1,达官营,大北窑东
57,11,25,2019-06-05 07:15:01,1,达官营,安化楼
57,13,16,2019-06-05 07:19:01,1,牛街路口东,虎坊桥路口东
57,13,27,2019-06-05 07:19:01,1,牛街路口东,马圈
57,13,22,2019-06-05 07:19:01,1,牛街路口东,磁器口西
57,13,34,2019-06-05 07:21:01,1,牛街路口东,四惠枢纽站
57,13,13,2019-06-05 07:21:01,1,牛街路口东,牛街路口东
57,13,27,2019-06-05 07:21:01,1,牛街路口东,马圈
57,13,32,2019-06-05 07:21:01,1,牛街路口东,大北窑东
57,13,32,2019-06-05 07:21:01,1,牛街路口东,大北窑东
57,13,13,2019-06-05 07:22:01,1,牛街路口东,牛街路口东
57,13,13,2019-06-05 07:22:01,1,牛街路口东,牛街路口东
57,13,16,2019-06-05 07:22:01,1,牛街路口东,虎坊桥路口东
57,16,23,2019-06-05 07:27:01,1,虎坊桥路口东,榄杆市
57,16,27,2019-06-05 07:27:01,1,虎坊桥路口东,马圈
57,17,22,2019-06-05 07:29:01,1,板章路,磁器口西
57,17,27,2019-06-05 07:29:01,1,板章路,马圈
57,17,31,2019-06-05 07:29:01,1,板章路,大北窑南
57,17,31,2019-06-05 07:29:01,1,板章路,大北窑南
57,17,17,2019-06-05 07:30:01,1,板章路,板章路
57,17,34,2019-06-05 07:32:01,1,板章路,四惠枢纽站
57,17,34,2019-06-05 07:32:01,1,板章路,四惠枢纽站
57,17,27,2019-06-05 07:32:01,1,板章路,马圈
57,17,22,2019-06-05 07:33:01,1,板章路,磁器口西
57,21,31,2019-06-05 07:36:01,1,水道子,大北窑南
57,21,31,2019-06-05 07:36:01,1,水道子,大北窑南
57,22,22,2019-06-05 07:37:01,1,磁器口西,磁器口西
57,21,22,2019-06-05 07:37:01,1,水道子,磁器口西
57,22,22,2019-06-05 07:37:01,1,磁器口西,磁器口西
57,22,34,2019-06-05 07:40:01,1,磁器口西,四惠枢纽站
57,22,22,2019-06-05 07:40:01,1,磁器口西,磁器口西
57,22,27,2019-06-05 07:40:01,1,磁器口西,马圈
57,23,34,2019-06-05 07:45:01,1,榄杆市,四惠枢纽站
57,23,25,2019-06-05 07:45:01,1,榄杆市,安化楼
57,23,33,2019-06-05 07:45:01,1,榄杆市,郎家园
57,23,31,2019-06-05 07:45:01,1,榄杆市,大北窑南
57,23,31,2019-06-05 07:45:01,1,榄杆市,大北窑南
57,23,32,2019-06-05 07:45:01,1,榄杆市,大北窑东
57,23,31,2019-06-05 07:45:01,1,榄杆市,大北窑南
57,25,27,2019-06-05 07:46:01,1,安化楼,马圈
57,25,27,2019-06-05 07:46:01,1,安化楼,马圈
57,25,32,2019-06-05 07:46:01,1,安化楼,大北窑东
57,25,27,2019-06-05 07:46:01,1,安化楼,马圈
57,25,31,2019-06-05 07:46:01,1,安化楼,大北窑南
57,25,25,2019-06-05 07:47:01,1,安化楼,安化楼
57,25,25,2019-06-05 07:47:01,1,安化楼,安化楼
57,25,25,2019-06-05 07:47:01,1,安化楼,安化楼
57,25,31,2019-06-05 07:47:01,1,安化楼,大北窑南
57,25,31,2019-06-05 07:47:01,1,安化楼,大北窑南
57,26,34,2019-06-05 07:49:01,1,广渠门内,四惠枢纽站
57,27,32,2019-06-05 07:54:01,1,马圈,大北窑东
57,32,33,2019-06-05 08:01:01,1,大北窑东,郎家园
57,16,30,2019-06-05 06:30:01,1,虎坊桥路口东,双花园
57,16,17,2019-06-05 06:30:01,1,虎坊桥路口东,板章路
57,23,31,2019-06-05 06:38:01,1,榄杆市,大北窑南
57,23,31,2019-06-05 06:38:01,1,榄杆市,大北窑南
57,23,32,2019-06-05 06:38:01,1,榄杆市,大北窑东
57,24,31,2019-06-05 06:41:01,1,培新街,大北窑南
57,24,31,2019-06-05 06:41:01,1,培新街,大北窑南
57,26,31,2019-06-05 06:42:01,1,广渠门内,大北窑南
57,26,29,2019-06-05 06:43:01,1,广渠门内,双井桥北
57,26,30,2019-06-05 06:43:01,1,广渠门内,双花园
57,26,30,2019-06-05 06:43:01,1,广渠门内,双花园
57,27,32,2019-06-05 06:45:01,1,马圈,大北窑东
57,28,31,2019-06-05 06:47:01,1,垂杨柳,大北窑南
57,31,31,2019-06-05 06:58:01,1,大北窑南,大北窑南
57,31,31,2019-06-05 06:59:01,1,大北窑南,大北窑南
57,1,1,2019-06-05 09:07:01,1,靛厂新村,靛厂新村
57,1,1,2019-06-05 09:07:01,1,靛厂新村,靛厂新村
57,1,1,2019-06-05 09:07:01,1,靛厂新村,靛厂新村
57,1,1,2019-06-05 09:07:01,1,靛厂新村,靛厂新村
57,1,7,2019-06-05 09:07:01,1,靛厂新村,六里桥西
57,1,13,2019-06-05 09:07:01,1,靛厂新村,牛街路口东
57,1,7,2019-06-05 09:07:01,1,靛厂新村,六里桥西
57,2,5,2019-06-05 09:08:01,1,岳各庄东路北口,白塔村
57,3,9,2019-06-05 09:09:01,1,靛厂村南站,莲花池
57,4,8,2019-06-05 09:10:01,1,水衙沟路东口,六里桥东
57,4,10,2019-06-05 09:10:01,1,水衙沟路东口,湾子
57,4,15,2019-06-05 09:10:01,1,水衙沟路东口,虎坊桥路口西
57,6,11,2019-06-05 09:12:01,1,小井路口东,达官营
57,6,15,2019-06-05 09:15:01,1,小井路口东,虎坊桥路口西
57,7,29,2019-06-05 09:19:01,1,六里桥西,双井桥北
57,7,11,2019-06-05 09:19:01,1,六里桥西,达官营
57,7,11,2019-06-05 09:19:01,1,六里桥西,达官营
57,7,7,2019-06-05 09:19:01,1,六里桥西,六里桥西
57,8,29,2019-06-05 09:22:01,1,六里桥东,双井桥北
57,8,22,2019-06-05 09:22:01,1,六里桥东,磁器口西
57,8,15,2019-06-05 09:22:01,1,六里桥东,虎坊桥路口西
57,8,16,2019-06-05 09:22:01,1,六里桥东,虎坊桥路口东
57,8,26,2019-06-05 09:22:01,1,六里桥东,广渠门内
57,8,16,2019-06-05 09:22:01,1,六里桥东,虎坊桥路口东
57,8,26,2019-06-05 09:22:01,1,六里桥东,广渠门内
57,8,12,2019-06-05 09:22:01,1,六里桥东,广安门内
57,8,11,2019-06-05 09:22:01,1,六里桥东,达官营
57,8,14,2019-06-05 09:22:01,1,六里桥东,菜市口西
57,8,32,2019-06-05 09:22:01,1,六里桥东,大北窑东
57,8,26,2019-06-05 09:22:01,1,六里桥东,广渠门内
57,8,31,2019-06-05 09:22:01,1,六里桥东,大北窑南
57,8,12,2019-06-05 09:22:01,1,六里桥东,广安门内
57,8,29,2019-06-05 09:23:01,1,六里桥东,双井桥北
57,8,26,2019-06-05 09:28:01,1,六里桥东,广渠门内
57,8,11,2019-06-05 09:28:01,1,六里桥东,达官营
57,8,26,2019-06-05 09:28:01,1,六里桥东,广渠门内
57,8,12,2019-06-05 09:28:01,1,六里桥东,广安门内
57,1,15,2019-06-05 06:30:01,1,靛厂新村,虎坊桥路口西
57,2,8,2019-06-05 06:31:01,1,岳各庄东路北口,六里桥东
57,2,5,2019-06-05 06:31:01,1,岳各庄东路北口,白塔村
57,2,8,2019-06-05 06:31:01,1,岳各庄东路北口,六里桥东
57,2,8,2019-06-05 06:31:01,1,岳各庄东路北口,六里桥东
57,2,8,2019-06-05 06:33:01,1,岳各庄东路北口,六里桥东
57,2,7,2019-06-05 06:33:01,1,岳各庄东路北口,六里桥西
57,3,7,2019-06-05 06:33:01,1,靛厂村南站,六里桥西
57,3,7,2019-06-05 06:33:01,1,靛厂村南站,六里桥西
57,2,8,2019-06-05 06:33:01,1,岳各庄东路北口,六里桥东
57,2,18,2019-06-05 06:33:01,1,岳各庄东路北口,过街楼
57,4,7,2019-06-05 06:34:01,1,水衙沟路东口,六里桥西
57,4,7,2019-06-05 06:34:01,1,水衙沟路东口,六里桥西
57,4,11,2019-06-05 06:34:01,1,水衙沟路东口,达官营
57,4,13,2019-06-05 06:34:01,1,水衙沟路东口,牛街路口东
57,4,13,2019-06-05 06:34:01,1,水衙沟路东口,牛街路口东
57,4,10,2019-06-05 06:34:01,1,水衙沟路东口,湾子
57,4,9,2019-06-05 06:34:01,1,水衙沟路东口,莲花池
57,4,9,2019-06-05 06:34:01,1,水衙沟路东口,莲花池
57,4,13,2019-06-05 06:34:01,1,水衙沟路东口,牛街路口东
57,6,6,2019-06-05 06:35:01,1,小井路口东,小井路口东
57,5,16,2019-06-05 06:35:01,1,白塔村,虎坊桥路口东
57,6,12,2019-06-05 06:37:01,1,小井路口东,广安门内
57,6,16,2019-06-05 06:37:01,1,小井路口东,虎坊桥路口东
57,6,25,2019-06-05 06:37:01,1,小井路口东,安化楼
57,7,8,2019-06-05 06:40:01,1,六里桥西,六里桥东
57,7,12,2019-06-05 06:40:01,1,六里桥西,广安门内
57,7,13,2019-06-05 06:40:01,1,六里桥西,牛街路口东
57,7,12,2019-06-05 06:40:01,1,六里桥西,广安门内
57,7,13,2019-06-05 06:40:01,1,六里桥西,牛街路口东
57,7,14,2019-06-05 06:40:01,1,六里桥西,菜市口西
57,7,26,2019-06-05 06:40:01,1,六里桥西,广渠门内
57,8,12,2019-06-05 06:43:01,1,六里桥东,广安门内
57,8,12,2019-06-05 06:43:01,1,六里桥东,广安门内
57,8,8,2019-06-05 06:43:01,1,六里桥东,六里桥东
57,8,10,2019-06-05 06:43:01,1,六里桥东,湾子
57,8,12,2019-06-05 06:43:01,1,六里桥东,广安门内
57,8,13,2019-06-05 06:43:01,1,六里桥东,牛街路口东
57,8,11,2019-06-05 06:43:01,1,六里桥东,达官营
57,8,13,2019-06-05 06:43:01,1,六里桥东,牛街路口东
57,8,13,2019-06-05 06:43:01,1,六里桥东,牛街路口东
57,8,13,2019-06-05 06:43:01,1,六里桥东,牛街路口东
57,8,21,2019-06-05 06:43:01,1,六里桥东,水道子
57,8,16,2019-06-05 06:43:01,1,六里桥东,虎坊桥路口东
57,8,16,2019-06-05 06:43:01,1,六里桥东,虎坊桥路口东
57,8,16,2019-06-05 06:43:01,1,六里桥东,虎坊桥路口东
57,8,20,2019-06-05 06:43:01,1,六里桥东,桥湾
57,8,33,2019-06-05 06:43:01,1,六里桥东,郎家园
57,8,26,2019-06-05 06:43:01,1,六里桥东,广渠门内
57,8,28,2019-06-05 06:43:01,1,六里桥东,垂杨柳
57,8,31,2019-06-05 06:43:01,1,六里桥东,大北窑南
57,8,24,2019-06-05 06:43:01,1,六里桥东,培新街
57,8,27,2019-06-05 06:43:01,1,六里桥东,马圈
57,8,27,2019-06-05 06:43:01,1,六里桥东,马圈
57,8,26,2019-06-05 06:43:01,1,六里桥东,广渠门内
57,8,26,2019-06-05 06:43:01,1,六里桥东,广渠门内
57,8,23,2019-06-05 06:43:01,1,六里桥东,榄杆市
57,8,27,2019-06-05 06:43:01,1,六里桥东,马圈
57,8,34,2019-06-05 06:43:01,1,六里桥东,四惠枢纽站
57,8,32,2019-06-05 06:43:01,1,六里桥东,大北窑东
57,8,31,2019-06-05 06:43:01,1,六里桥东,大北窑南
57,8,31,2019-06-05 06:43:01,1,六里桥东,大北窑南
57,8,34,2019-06-05 06:43:01,1,六里桥东,四惠枢纽站
57,8,21,2019-06-05 06:43:01,1,六里桥东,水道子
57,8,24,2019-06-05 06:43:01,1,六里桥东,培新街
57,8,21,2019-06-05 06:43:01,1,六里桥东,水道子
57,8,21,2019-06-05 06:44:01,1,六里桥东,水道子
57,8,33,2019-06-05 06:44:01,1,六里桥东,郎家园
57,8,24,2019-06-05 06:44:01,1,六里桥东,培新街
57,8,21,2019-06-05 06:44:01,1,六里桥东,水道子
57,9,12,2019-06-05 06:49:01,1,莲花池,广安门内
57,9,13,2019-06-05 06:49:01,1,莲花池,牛街路口东
57,9,21,2019-06-05 06:49:01,1,莲花池,水道子
57,9,25,2019-06-05 06:49:01,1,莲花池,安化楼
57,9,22,2019-06-05 06:49:01,1,莲花池,磁器口西
57,10,12,2019-06-05 06:52:01,1,湾子,广安门内
57,10,12,2019-06-05 06:52:01,1,湾子,广安门内
57,10,13,2019-06-05 06:52:01,1,湾子,牛街路口东
57,10,18,2019-06-05 06:52:01,1,湾子,过街楼
57,10,21,2019-06-05 06:52:01,1,湾子,水道子
57,10,15,2019-06-05 06:52:01,1,湾子,虎坊桥路口西
57,10,31,2019-06-05 06:52:01,1,湾子,大北窑南
57,10,22,2019-06-05 06:52:01,1,湾子,磁器口西
57,10,21,2019-06-05 06:52:01,1,湾子,水道子
57,10,31,2019-06-05 06:52:01,1,湾子,大北窑南
57,10,21,2019-06-05 06:52:01,1,湾子,水道子
57,10,25,2019-06-05 06:52:01,1,湾子,安化楼
57,11,13,2019-06-05 06:53:01,1,达官营,牛街路口东
57,11,12,2019-06-05 06:53:01,1,达官营,广安门内
57,11,13,2019-06-05 06:53:01,1,达官营,牛街路口东
57,11,16,2019-06-05 06:53:01,1,达官营,虎坊桥路口东
57,11,16,2019-06-05 06:53:01,1,达官营,虎坊桥路口东
57,11,16,2019-06-05 06:53:01,1,达官营,虎坊桥路口东
57,11,34,2019-06-05 06:53:01,1,达官营,四惠枢纽站
57,11,31,2019-06-05 06:53:01,1,达官营,大北窑南
57,11,24,2019-06-05 06:53:01,1,达官营,培新街
57,11,22,2019-06-05 06:53:01,1,达官营,磁器口西
57,11,34,2019-06-05 06:53:01,1,达官营,四惠枢纽站
57,12,29,2019-06-05 06:56:01,1,广安门内,双井桥北
57,12,28,2019-06-05 06:56:01,1,广安门内,垂杨柳
57,12,21,2019-06-05 06:56:01,1,广安门内,水道子
57,13,14,2019-06-05 07:03:01,1,牛街路口东,菜市口西
57,13,33,2019-06-05 07:03:01,1,牛街路口东,郎家园
57,13,28,2019-06-05 07:03:01,1,牛街路口东,垂杨柳
57,13,29,2019-06-05 07:03:01,1,牛街路口东,双井桥北
57,13,31,2019-06-05 07:03:01,1,牛街路口东,大北窑南
57,13,21,2019-06-05 07:03:01,1,牛街路口东,水道子
57,13,26,2019-06-05 07:03:01,1,牛街路口东,广渠门内
57,13,32,2019-06-05 07:03:01,1,牛街路口东,大北窑东
57,13,33,2019-06-05 07:03:01,1,牛街路口东,郎家园
57,13,32,2019-06-05 07:03:01,1,牛街路口东,大北窑东
57,13,21,2019-06-05 07:03:01,1,牛街路口东,水道子
57,13,23,2019-06-05 07:03:01,1,牛街路口东,榄杆市
57,14,17,2019-06-05 07:04:01,1,菜市口西,板章路
57,14,29,2019-06-05 07:04:01,1,菜市口西,双井桥北
57,14,31,2019-06-05 07:04:01,1,菜市口西,大北窑南
57,14,31,2019-06-05 07:04:01,1,菜市口西,大北窑南
57,14,31,2019-06-05 07:04:01,1,菜市口西,大北窑南
57,14,33,2019-06-05 07:04:01,1,菜市口西,郎家园
57,14,17,2019-06-05 07:05:01,1,菜市口西,板章路
57,15,20,2019-06-05 07:08:01,1,虎坊桥路口西,桥湾
57,15,26,2019-06-05 07:08:01,1,虎坊桥路口西,广渠门内
57,16,29,2019-06-05 07:08:01,1,虎坊桥路口东,双井桥北
57,16,25,2019-06-05 07:10:01,1,虎坊桥路口东,安化楼
57,16,29,2019-06-05 07:10:01,1,虎坊桥路口东,双井桥北
57,16,27,2019-06-05 07:10:01,1,虎坊桥路口东,马圈
57,16,29,2019-06-05 07:10:01,1,虎坊桥路口东,双井桥北
57,16,32,2019-06-05 07:10:01,1,虎坊桥路口东,大北窑东
57,16,32,2019-06-05 07:10:01,1,虎坊桥路口东,大北窑东
57,17,21,2019-06-05 07:10:01,1,板章路,水道子
57,16,34,2019-06-05 07:10:01,1,虎坊桥路口东,四惠枢纽站
57,17,20,2019-06-05 07:11:01,1,板章路,桥湾
57,17,19,2019-06-05 07:11:01,1,板章路,东城三里河
57,17,26,2019-06-05 07:11:01,1,板章路,广渠门内
57,17,29,2019-06-05 07:11:01,1,板章路,双井桥北
57,17,23,2019-06-05 07:11:01,1,板章路,榄杆市
57,18,31,2019-06-05 07:14:01,1,过街楼,大北窑南
57,19,34,2019-06-05 07:15:01,1,东城三里河,四惠枢纽站
57,19,34,2019-06-05 07:15:01,1,东城三里河,四惠枢纽站
57,20,34,2019-06-05 07:15:01,1,桥湾,四惠枢纽站
57,19,29,2019-06-05 07:15:01,1,东城三里河,双井桥北
57,19,28,2019-06-05 07:15:01,1,东城三里河,垂杨柳
57,19,31,2019-06-05 07:15:01,1,东城三里河,大北窑南
57,19,25,2019-06-05 07:15:01,1,东城三里河,安化楼
57,19,34,2019-06-05 07:15:01,1,东城三里河,四惠枢纽站
57,21,21,2019-06-05 07:18:01,1,水道子,水道子
57,21,26,2019-06-05 07:18:01,1,水道子,广渠门内
57,21,24,2019-06-05 07:18:01,1,水道子,培新街
57,21,22,2019-06-05 07:19:01,1,水道子,磁器口西
57,21,32,2019-06-05 07:19:01,1,水道子,大北窑东
57,21,32,2019-06-05 07:19:01,1,水道子,大北窑东
57,21,21,2019-06-05 07:19:01,1,水道子,水道子
57,23,28,2019-06-05 07:20:01,1,榄杆市,垂杨柳
57,23,29,2019-06-05 07:20:01,1,榄杆市,双井桥北
57,23,27,2019-06-05 07:20:01,1,榄杆市,马圈
57,24,24,2019-06-05 07:20:01,1,培新街,培新街
57,23,26,2019-06-05 07:20:01,1,榄杆市,广渠门内
57,23,26,2019-06-05 07:20:01,1,榄杆市,广渠门内
57,23,34,2019-06-05 07:20:01,1,榄杆市,四惠枢纽站
57,23,31,2019-06-05 07:20:01,1,榄杆市,大北窑南
57,23,34,2019-06-05 07:20:01,1,榄杆市,四惠枢纽站
57,24,31,2019-06-05 07:22:01,1,培新街,大北窑南
57,24,27,2019-06-05 07:22:01,1,培新街,马圈
57,24,27,2019-06-05 07:22:01,1,培新街,马圈
57,24,29,2019-06-05 07:22:01,1,培新街,双井桥北
57,24,26,2019-06-05 07:22:01,1,培新街,广渠门内
57,24,25,2019-06-05 07:22:01,1,培新街,安化楼
57,24,29,2019-06-05 07:22:01,1,培新街,双井桥北
57,25,26,2019-06-05 07:23:01,1,安化楼,广渠门内
57,24,31,2019-06-05 07:23:01,1,培新街,大北窑南
57,24,26,2019-06-05 07:23:01,1,培新街,广渠门内
57,25,25,2019-06-05 07:23:01,1,安化楼,安化楼
57,25,31,2019-06-05 07:23:01,1,安化楼,大北窑南
57,24,28,2019-06-05 07:23:01,1,培新街,垂杨柳
57,25,25,2019-06-05 07:23:01,1,安化楼,安化楼
57,25,31,2019-06-05 07:23:01,1,安化楼,大北窑南
57,25,33,2019-06-05 07:23:01,1,安化楼,郎家园
57,25,31,2019-06-05 07:23:01,1,安化楼,大北窑南
57,24,34,2019-06-05 07:23:01,1,培新街,四惠枢纽站
57,25,29,2019-06-05 07:23:01,1,安化楼,双井桥北
57,26,34,2019-06-05 07:24:01,1,广渠门内,四惠枢纽站
57,26,29,2019-06-05 07:24:01,1,广渠门内,双井桥北
57,26,27,2019-06-05 07:24:01,1,广渠门内,马圈
57,26,29,2019-06-05 07:24:01,1,广渠门内,双井桥北
57,26,29,2019-06-05 07:24:01,1,广渠门内,双井桥北
57,26,28,2019-06-05 07:24:01,1,广渠门内,垂杨柳
57,26,29,2019-06-05 07:24:01,1,广渠门内,双井桥北
57,26,31,2019-06-05 07:24:01,1,广渠门内,大北窑南
57,27,31,2019-06-05 07:25:01,1,马圈,大北窑南
57,27,32,2019-06-05 07:26:01,1,马圈,大北窑东
57,28,29,2019-06-05 07:27:01,1,垂杨柳,双井桥北
57,28,29,2019-06-05 07:27:01,1,垂杨柳,双井桥北
57,29,33,2019-06-05 07:33:01,1,双井桥北,郎家园
57,29,31,2019-06-05 07:33:01,1,双井桥北,大北窑南
57,29,33,2019-06-05 07:33:01,1,双井桥北,郎家园
57,29,29,2019-06-05 07:33:01,1,双井桥北,双井桥北
57,29,34,2019-06-05 07:33:01,1,双井桥北,四惠枢纽站
57,31,33,2019-06-05 07:37:01,1,大北窑南,郎家园
57,31,34,2019-06-05 07:37:01,1,大北窑南,四惠枢纽站
57,31,33,2019-06-05 07:37:01,1,大北窑南,郎家园
57,31,34,2019-06-05 07:37:01,1,大北窑南,四惠枢纽站
57,31,33,2019-06-05 07:37:01,1,大北窑南,郎家园
57,32,33,2019-06-05 07:37:01,1,大北窑东,郎家园
57,31,31,2019-06-05 07:37:01,1,大北窑南,大北窑南
57,31,32,2019-06-05 07:37:01,1,大北窑南,大北窑东
57,31,32,2019-06-05 07:37:01,1,大北窑南,大北窑东
57,31,33,2019-06-05 07:37:01,1,大北窑南,郎家园
57,31,31,2019-06-05 07:37:01,1,大北窑南,大北窑南
57,31,33,2019-06-05 07:37:01,1,大北窑南,郎家园
57,31,32,2019-06-05 07:37:01,1,大北窑南,大北窑东
57,31,33,2019-06-05 07:37:01,1,大北窑南,郎家园
57,31,34,2019-06-05 07:37:01,1,大北窑南,四惠枢纽站
57,31,34,2019-06-05 07:37:01,1,大北窑南,四惠枢纽站
57,32,33,2019-06-05 07:38:01,1,大北窑东,郎家园
57,32,34,2019-06-05 07:38:01,1,大北窑东,四惠枢纽站
57,4,5,2019-06-05 07:39:01,1,水衙沟路东口,白塔村
57,6,13,2019-06-05 07:46:01,1,小井路口东,牛街路口东
57,6,13,2019-06-05 07:46:01,1,小井路口东,牛街路口东
57,8,24,2019-06-05 07:53:01,1,六里桥东,培新街
57,8,11,2019-06-05 07:54:01,1,六里桥东,达官营
57,8,11,2019-06-05 07:54:01,1,六里桥东,达官营
57,8,8,2019-06-05 07:54:01,1,六里桥东,六里桥东
57,11,11,2019-06-05 08:07:01,1,达官营,达官营
57,17,17,2019-06-05 08:27:01,1,板章路,板章路
57,22,27,2019-06-05 08:33:01,1,磁器口西,马圈
57,22,22,2019-06-05 08:34:01,1,磁器口西,磁器口西
57,25,25,2019-06-05 08:40:01,1,安化楼,安化楼
57,25,31,2019-06-05 08:40:01,1,安化楼,大北窑南
57,28,28,2019-06-05 08:55:01,1,垂杨柳,垂杨柳
57,30,30,2019-06-05 09:09:01,1,双花园,双花园
57,30,30,2019-06-05 09:09:01,1,双花园,双花园
57,32,34,2019-06-05 09:17:01,1,大北窑东,四惠枢纽站
57,32,32,2019-06-05 09:17:01,1,大北窑东,大北窑东
57,1,7,2019-06-04 07:12:01,1,靛厂新村,六里桥西
57,1,7,2019-06-04 07:12:01,1,靛厂新村,六里桥西
57,1,8,2019-06-04 07:12:01,1,靛厂新村,六里桥东
57,1,7,2019-06-04 07:12:01,1,靛厂新村,六里桥西
57,1,8,2019-06-04 07:12:01,1,靛厂新村,六里桥东
57,1,7,2019-06-04 07:12:01,1,靛厂新村,六里桥西
57,1,8,2019-06-04 07:12:01,1,靛厂新村,六里桥东
57,1,6,2019-06-04 07:12:01,1,靛厂新村,小井路口东
57,1,6,2019-06-04 07:12:01,1,靛厂新村,小井路口东
57,1,6,2019-06-04 07:12:01,1,靛厂新村,小井路口东
57,1,24,2019-06-04 07:12:01,1,靛厂新村,培新街
57,1,8,2019-06-04 07:12:01,1,靛厂新村,六里桥东
57,1,10,2019-06-04 07:12:01,1,靛厂新村,湾子
57,1,10,2019-06-04 07:12:01,1,靛厂新村,湾子
57,1,8,2019-06-04 07:12:01,1,靛厂新村,六里桥东
57,1,9,2019-06-04 07:12:01,1,靛厂新村,莲花池
57,1,11,2019-06-04 07:12:01,1,靛厂新村,达官营
57,1,11,2019-06-04 07:12:01,1,靛厂新村,达官营
57,1,16,2019-06-04 07:12:01,1,靛厂新村,虎坊桥路口东
57,1,11,2019-06-04 07:12:01,1,靛厂新村,达官营
57,1,11,2019-06-04 07:12:01,1,靛厂新村,达官营
57,1,14,2019-06-04 07:12:01,1,靛厂新村,菜市口西
57,1,19,2019-06-04 07:12:01,1,靛厂新村,东城三里河
57,1,7,2019-06-04 07:14:01,1,靛厂新村,六里桥西
57,1,7,2019-06-04 07:14:01,1,靛厂新村,六里桥西
57,1,6,2019-06-04 07:14:01,1,靛厂新村,小井路口东
57,1,7,2019-06-04 07:14:01,1,靛厂新村,六里桥西
57,1,6,2019-06-04 07:14:01,1,靛厂新村,小井路口东
57,1,1,2019-06-04 07:14:01,1,靛厂新村,靛厂新村
57,1,24,2019-06-04 07:14:01,1,靛厂新村,培新街
57,1,10,2019-06-04 07:14:01,1,靛厂新村,湾子
57,1,10,2019-06-04 07:14:01,1,靛厂新村,湾子
57,1,11,2019-06-04 07:14:01,1,靛厂新村,达官营
57,1,11,2019-06-04 07:14:01,1,靛厂新村,达官营
57,1,11,2019-06-04 07:14:01,1,靛厂新村,达官营
57,1,11,2019-06-04 07:14:01,1,靛厂新村,达官营
57,1,28,2019-06-04 07:14:01,1,靛厂新村,垂杨柳
57,2,4,2019-06-04 07:15:01,1,岳各庄东路北口,水衙沟路东口
57,2,7,2019-06-04 07:15:01,1,岳各庄东路北口,六里桥西
57,2,23,2019-06-04 07:15:01,1,岳各庄东路北口,榄杆市
57,2,8,2019-06-04 07:15:01,1,岳各庄东路北口,六里桥东
57,3,6,2019-06-04 07:16:01,1,靛厂村南站,小井路口东
57,3,6,2019-06-04 07:16:01,1,靛厂村南站,小井路口东
57,3,6,2019-06-04 07:16:01,1,靛厂村南站,小井路口东
57,3,10,2019-06-04 07:16:01,1,靛厂村南站,湾子
57,3,12,2019-06-04 07:16:01,1,靛厂村南站,广安门内
57,6,7,2019-06-04 07:21:01,1,小井路口东,六里桥西
57,6,7,2019-06-04 07:21:01,1,小井路口东,六里桥西
57,6,10,2019-06-04 07:21:01,1,小井路口东,湾子
57,6,21,2019-06-04 07:21:01,1,小井路口东,水道子
57,6,19,2019-06-04 07:21:01,1,小井路口东,东城三里河
57,6,19,2019-06-04 07:21:01,1,小井路口东,东城三里河
57,6,28,2019-06-04 07:21:01,1,小井路口东,垂杨柳
57,7,8,2019-06-04 07:24:01,1,六里桥西,六里桥东
57,7,8,2019-06-04 07:24:01,1,六里桥西,六里桥东
57,7,8,2019-06-04 07:24:01,1,六里桥西,六里桥东
57,7,26,2019-06-04 07:24:01,1,六里桥西,广渠门内
57,7,8,2019-06-04 07:24:01,1,六里桥西,六里桥东
57,7,11,2019-06-04 07:24:01,1,六里桥西,达官营
57,8,24,2019-06-04 07:32:01,1,六里桥东,培新街
57,8,9,2019-06-04 07:32:01,1,六里桥东,莲花池
57,8,8,2019-06-04 07:32:01,1,六里桥东,六里桥东
57,8,8,2019-06-04 07:32:01,1,六里桥东,六里桥东
57,8,8,2019-06-04 07:32:01,1,六里桥东,六里桥东
57,8,8,2019-06-04 07:32:01,1,六里桥东,六里桥东
57,8,8,2019-06-04 07:32:01,1,六里桥东,六里桥东
57,8,16,2019-06-04 07:32:01,1,六里桥东,虎坊桥路口东
57,8,11,2019-06-04 07:32:01,1,六里桥东,达官营
57,8,19,2019-06-04 07:32:01,1,六里桥东,东城三里河
57,8,21,2019-06-04 07:32:01,1,六里桥东,水道子
57,8,21,2019-06-04 07:32:01,1,六里桥东,水道子
57,8,22,2019-06-04 07:32:01,1,六里桥东,磁器口西
57,8,9,2019-06-04 07:33:01,1,六里桥东,莲花池
57,8,8,2019-06-04 07:33:01,1,六里桥东,六里桥东
57,8,8,2019-06-04 07:33:01,1,六里桥东,六里桥东
57,8,10,2019-06-04 07:33:01,1,六里桥东,湾子
57,8,11,2019-06-04 07:33:01,1,六里桥东,达官营
57,9,29,2019-06-04 07:39:01,1,莲花池,双井桥北
57,9,12,2019-06-04 07:40:01,1,莲花池,广安门内
57,10,11,2019-06-04 07:43:01,1,湾子,达官营
57,10,10,2019-06-04 07:43:01,1,湾子,湾子
57,10,20,2019-06-04 07:43:01,1,湾子,桥湾
57,11,11,2019-06-04 07:45:01,1,达官营,达官营
57,11,16,2019-06-04 07:45:01,1,达官营,虎坊桥路口东
57,11,16,2019-06-04 07:45:01,1,达官营,虎坊桥路口东
57,11,16,2019-06-04 07:45:01,1,达官营,虎坊桥路口东
57,11,22,2019-06-04 07:45:01,1,达官营,磁器口西
57,11,19,2019-06-04 07:45:01,1,达官营,东城三里河
57,11,19,2019-06-04 07:45:01,1,达官营,东城三里河
57,11,26,2019-06-04 07:48:01,1,达官营,广渠门内
57,11,27,2019-06-04 07:48:01,1,达官营,马圈
57,11,27,2019-06-04 07:49:01,1,达官营,马圈
57,12,25,2019-06-04 07:53:01,1,广安门内,安化楼
57,12,16,2019-06-04 07:53:01,1,广安门内,虎坊桥路口东
57,12,21,2019-06-04 07:53:01,1,广安门内,水道子
57,12,20,2019-06-04 07:53:01,1,广安门内,桥湾
57,12,28,2019-06-04 07:53:01,1,广安门内,垂杨柳
57,14,16,2019-06-04 07:55:01,1,菜市口西,虎坊桥路口东
57,16,24,2019-06-04 08:01:01,1,虎坊桥路口东,培新街
57,16,17,2019-06-04 08:01:01,1,虎坊桥路口东,板章路
57,16,17,2019-06-04 08:01:01,1,虎坊桥路口东,板章路
57,16,17,2019-06-04 08:01:01,1,虎坊桥路口东,板章路
57,16,28,2019-06-04 08:01:01,1,虎坊桥路口东,垂杨柳
57,19,19,2019-06-04 08:05:01,1,东城三里河,东城三里河
57,19,27,2019-06-04 08:07:01,1,东城三里河,马圈
57,21,27,2019-06-04 08:11:01,1,水道子,马圈
57,21,29,2019-06-04 08:11:01,1,水道子,双井桥北
57,23,23,2019-06-04 08:15:01,1,榄杆市,榄杆市
57,23,29,2019-06-04 08:15:01,1,榄杆市,双井桥北
57,23,27,2019-06-04 08:15:01,1,榄杆市,马圈
57,24,24,2019-06-04 08:16:01,1,培新街,培新街
57,24,25,2019-06-04 08:16:01,1,培新街,安化楼
57,24,26,2019-06-04 08:16:01,1,培新街,广渠门内
57,24,27,2019-06-04 08:16:01,1,培新街,马圈
57,24,28,2019-06-04 08:16:01,1,培新街,垂杨柳
57,24,34,2019-06-04 08:16:01,1,培新街,四惠枢纽站
57,24,28,2019-06-04 08:16:01,1,培新街,垂杨柳
57,24,29,2019-06-04 08:16:01,1,培新街,双井桥北
57,24,28,2019-06-04 08:16:01,1,培新街,垂杨柳
57,24,29,2019-06-04 08:16:01,1,培新街,双井桥北
57,24,28,2019-06-04 08:16:01,1,培新街,垂杨柳
57,24,28,2019-06-04 08:16:01,1,培新街,垂杨柳
57,24,27,2019-06-04 08:16:01,1,培新街,马圈
57,24,28,2019-06-04 08:16:01,1,培新街,垂杨柳
57,24,28,2019-06-04 08:16:01,1,培新街,垂杨柳
57,24,29,2019-06-04 08:16:01,1,培新街,双井桥北
57,24,28,2019-06-04 08:16:01,1,培新街,垂杨柳
57,25,26,2019-06-04 08:18:01,1,安化楼,广渠门内
57,25,26,2019-06-04 08:18:01,1,安化楼,广渠门内
57,25,29,2019-06-04 08:18:01,1,安化楼,双井桥北
57,25,29,2019-06-04 08:18:01,1,安化楼,双井桥北
57,25,26,2019-06-04 08:19:01,1,安化楼,广渠门内
57,25,34,2019-06-04 08:19:01,1,安化楼,四惠枢纽站
57,25,29,2019-06-04 08:19:01,1,安化楼,双井桥北
57,25,28,2019-06-04 08:19:01,1,安化楼,垂杨柳
57,25,28,2019-06-04 08:19:01,1,安化楼,垂杨柳
57,25,28,2019-06-04 08:19:01,1,安化楼,垂杨柳
57,25,29,2019-06-04 08:19:01,1,安化楼,双井桥北
57,25,28,2019-06-04 08:19:01,1,安化楼,垂杨柳
57,25,28,2019-06-04 08:19:01,1,安化楼,垂杨柳
57,26,28,2019-06-04 08:21:01,1,广渠门内,垂杨柳
57,26,28,2019-06-04 08:21:01,1,广渠门内,垂杨柳
57,26,28,2019-06-04 08:21:01,1,广渠门内,垂杨柳
57,26,27,2019-06-04 08:21:01,1,广渠门内,马圈
57,26,28,2019-06-04 08:21:01,1,广渠门内,垂杨柳
57,27,34,2019-06-04 08:28:01,1,马圈,四惠枢纽站
57,27,29,2019-06-04 08:28:01,1,马圈,双井桥北
57,27,28,2019-06-04 08:28:01,1,马圈,垂杨柳
57,28,34,2019-06-04 08:36:01,1,垂杨柳,四惠枢纽站
57,28,34,2019-06-04 08:36:01,1,垂杨柳,四惠枢纽站
57,28,34,2019-06-04 08:36:01,1,垂杨柳,四惠枢纽站
57,28,29,2019-06-04 08:36:01,1,垂杨柳,双井桥北
57,28,29,2019-06-04 08:36:01,1,垂杨柳,双井桥北
57,28,34,2019-06-04 08:36:01,1,垂杨柳,四惠枢纽站
57,28,29,2019-06-04 08:36:01,1,垂杨柳,双井桥北
57,28,34,2019-06-04 08:36:01,1,垂杨柳,四惠枢纽站
57,28,29,2019-06-04 08:36:01,1,垂杨柳,双井桥北
57,28,29,2019-06-04 08:36:01,1,垂杨柳,双井桥北
57,28,29,2019-06-04 08:36:01,1,垂杨柳,双井桥北
57,28,34,2019-06-04 08:36:01,1,垂杨柳,四惠枢纽站
57,28,34,2019-06-04 08:36:01,1,垂杨柳,四惠枢纽站
57,28,29,2019-06-04 08:36:01,1,垂杨柳,双井桥北
57,28,29,2019-06-04 08:36:01,1,垂杨柳,双井桥北
57,1,7,2019-06-04 07:31:01,1,靛厂新村,六里桥西
57,1,6,2019-06-04 07:31:01,1,靛厂新村,小井路口东
57,1,3,2019-06-04 07:31:01,1,靛厂新村,靛厂村南站
57,1,3,2019-06-04 07:31:01,1,靛厂新村,靛厂村南站
57,1,3,2019-06-04 07:31:01,1,靛厂新村,靛厂村南站
57,1,3,2019-06-04 07:31:01,1,靛厂新村,靛厂村南站
57,1,3,2019-06-04 07:31:01,1,靛厂新村,靛厂村南站
57,1,1,2019-06-04 07:31:01,1,靛厂新村,靛厂新村
57,1,1,2019-06-04 07:31:01,1,靛厂新村,靛厂新村
57,1,4,2019-06-04 07:31:01,1,靛厂新村,水衙沟路东口
57,1,4,2019-06-04 07:31:01,1,靛厂新村,水衙沟路东口
57,1,4,2019-06-04 07:31:01,1,靛厂新村,水衙沟路东口
57,1,3,2019-06-04 07:31:01,1,靛厂新村,靛厂村南站
57,1,3,2019-06-04 07:31:01,1,靛厂新村,靛厂村南站
57,1,5,2019-06-04 07:31:01,1,靛厂新村,白塔村
57,1,6,2019-06-04 07:31:01,1,靛厂新村,小井路口东
57,1,6,2019-06-04 07:31:01,1,靛厂新村,小井路口东
57,1,5,2019-06-04 07:31:01,1,靛厂新村,白塔村
57,1,5,2019-06-04 07:31:01,1,靛厂新村,白塔村
57,1,8,2019-06-04 07:31:01,1,靛厂新村,六里桥东
57,1,9,2019-06-04 07:31:01,1,靛厂新村,莲花池
57,2,3,2019-06-04 07:32:01,1,岳各庄东路北口,靛厂村南站
57,2,3,2019-06-04 07:32:01,1,岳各庄东路北口,靛厂村南站
57,2,3,2019-06-04 07:32:01,1,岳各庄东路北口,靛厂村南站
57,2,2,2019-06-04 07:32:01,1,岳各庄东路北口,岳各庄东路北口
57,2,2,2019-06-04 07:32:01,1,岳各庄东路北口,岳各庄东路北口
57,2,3,2019-06-04 07:32:01,1,岳各庄东路北口,靛厂村南站
57,2,3,2019-06-04 07:32:01,1,岳各庄东路北口,靛厂村南站
57,2,3,2019-06-04 07:32:01,1,岳各庄东路北口,靛厂村南站
57,2,4,2019-06-04 07:32:01,1,岳各庄东路北口,水衙沟路东口
57,2,4,2019-06-04 07:32:01,1,岳各庄东路北口,水衙沟路东口
57,2,7,2019-06-04 07:33:01,1,岳各庄东路北口,六里桥西
57,2,3,2019-06-04 07:33:01,1,岳各庄东路北口,靛厂村南站
57,2,7,2019-06-04 07:34:01,1,岳各庄东路北口,六里桥西
57,2,6,2019-06-04 07:34:01,1,岳各庄东路北口,小井路口东
57,2,3,2019-06-04 07:34:01,1,岳各庄东路北口,靛厂村南站
57,2,3,2019-06-04 07:34:01,1,岳各庄东路北口,靛厂村南站
57,2,3,2019-06-04 07:34:01,1,岳各庄东路北口,靛厂村南站
57,2,3,2019-06-04 07:34:01,1,岳各庄东路北口,靛厂村南站
57,2,3,2019-06-04 07:34:01,1,岳各庄东路北口,靛厂村南站
57,2,3,2019-06-04 07:34:01,1,岳各庄东路北口,靛厂村南站
57,2,2,2019-06-04 07:34:01,1,岳各庄东路北口,岳各庄东路北口
57,2,4,2019-06-04 07:34:01,1,岳各庄东路北口,水衙沟路东口
57,2,5,2019-06-04 07:34:01,1,岳各庄东路北口,白塔村
57,2,6,2019-06-04 07:34:01,1,岳各庄东路北口,小井路口东
57,2,6,2019-06-04 07:35:01,1,岳各庄东路北口,小井路口东
57,2,3,2019-06-04 07:35:01,1,岳各庄东路北口,靛厂村南站
57,2,4,2019-06-04 07:36:01,1,岳各庄东路北口,水衙沟路东口
57,2,6,2019-06-04 07:36:01,1,岳各庄东路北口,小井路口东
57,3,7,2019-06-04 07:40:01,1,靛厂村南站,六里桥西
57,3,8,2019-06-04 07:40:01,1,靛厂村南站,六里桥东
57,3,3,2019-06-04 07:40:01,1,靛厂村南站,靛厂村南站
57,3,3,2019-06-04 07:40:01,1,靛厂村南站,靛厂村南站
57,3,3,2019-06-04 07:40:01,1,靛厂村南站,靛厂村南站
57,3,3,2019-06-04 07:40:01,1,靛厂村南站,靛厂村南站
57,3,3,2019-06-04 07:40:01,1,靛厂村南站,靛厂村南站
57,3,3,2019-06-04 07:40:01,1,靛厂村南站,靛厂村南站
57,3,4,2019-06-04 07:40:01,1,靛厂村南站,水衙沟路东口
57,3,6,2019-06-04 07:40:01,1,靛厂村南站,小井路口东
57,3,5,2019-06-04 07:40:01,1,靛厂村南站,白塔村
57,3,8,2019-06-04 07:40:01,1,靛厂村南站,六里桥东
57,3,8,2019-06-04 07:43:01,1,靛厂村南站,六里桥东
57,3,6,2019-06-04 07:43:01,1,靛厂村南站,小井路口东
57,3,3,2019-06-04 07:43:01,1,靛厂村南站,靛厂村南站
57,3,9,2019-06-04 07:43:01,1,靛厂村南站,莲花池
57,3,4,2019-06-04 07:43:01,1,靛厂村南站,水衙沟路东口
57,3,5,2019-06-04 07:43:01,1,靛厂村南站,白塔村
57,3,9,2019-06-04 07:43:01,1,靛厂村南站,莲花池
57,3,8,2019-06-04 07:50:01,1,靛厂村南站,六里桥东
57,3,8,2019-06-04 07:50:01,1,靛厂村南站,六里桥东
57,3,7,2019-06-04 07:50:01,1,靛厂村南站,六里桥西
57,3,7,2019-06-04 07:50:01,1,靛厂村南站,六里桥西
57,3,8,2019-06-04 07:50:01,1,靛厂村南站,六里桥东
57,3,7,2019-06-04 07:50:01,1,靛厂村南站,六里桥西
57,3,8,2019-06-04 07:50:01,1,靛厂村南站,六里桥东
57,3,8,2019-06-04 07:50:01,1,靛厂村南站,六里桥东
57,3,9,2019-06-04 07:50:01,1,靛厂村南站,莲花池
57,3,10,2019-06-04 07:50:01,1,靛厂村南站,湾子
57,3,9,2019-06-04 07:50:01,1,靛厂村南站,莲花池
57,3,4,2019-06-04 07:50:01,1,靛厂村南站,水衙沟路东口
57,3,3,2019-06-04 07:50:01,1,靛厂村南站,靛厂村南站
57,3,4,2019-06-04 07:50:01,1,靛厂村南站,水衙沟路东口
57,3,4,2019-06-04 07:50:01,1,靛厂村南站,水衙沟路东口
57,3,4,2019-06-04 07:50:01,1,靛厂村南站,水衙沟路东口
57,3,3,2019-06-04 07:50:01,1,靛厂村南站,靛厂村南站
57,3,4,2019-06-04 07:50:01,1,靛厂村南站,水衙沟路东口
57,3,4,2019-06-04 07:50:01,1,靛厂村南站,水衙沟路东口
57,3,6,2019-06-04 07:50:01,1,靛厂村南站,小井路口东
57,3,6,2019-06-04 07:50:01,1,靛厂村南站,小井路口东
57,3,6,2019-06-04 07:50:01,1,靛厂村南站,小井路口东
57,3,6,2019-06-04 07:50:01,1,靛厂村南站,小井路口东
57,3,5,2019-06-04 07:50:01,1,靛厂村南站,白塔村
57,3,5,2019-06-04 07:50:01,1,靛厂村南站,白塔村
57,3,6,2019-06-04 07:50:01,1,靛厂村南站,小井路口东
57,3,6,2019-06-04 07:50:01,1,靛厂村南站,小井路口东
57,3,6,2019-06-04 07:50:01,1,靛厂村南站,小井路口东
57,3,5,2019-06-04 07:50:01,1,靛厂村南站,白塔村
57,3,8,2019-06-04 07:50:01,1,靛厂村南站,六里桥东
57,3,9,2019-06-04 07:50:01,1,靛厂村南站,莲花池
57,3,9,2019-06-04 07:50:01,1,靛厂村南站,莲花池
57,3,8,2019-06-04 07:50:01,1,靛厂村南站,六里桥东
57,3,9,2019-06-04 07:50:01,1,靛厂村南站,莲花池
57,3,9,2019-06-04 07:50:01,1,靛厂村南站,莲花池
57,3,9,2019-06-04 07:50:01,1,靛厂村南站,莲花池
57,3,4,2019-06-04 07:51:01,1,靛厂村南站,水衙沟路东口
57,3,5,2019-06-04 07:51:01,1,靛厂村南站,白塔村
57,4,8,2019-06-04 07:56:01,1,水衙沟路东口,六里桥东
57,4,4,2019-06-04 07:56:01,1,水衙沟路东口,水衙沟路东口
57,4,5,2019-06-04 07:56:01,1,水衙沟路东口,白塔村
57,4,6,2019-06-04 07:56:01,1,水衙沟路东口,小井路口东
57,4,9,2019-06-04 07:56:01,1,水衙沟路东口,莲花池
57,4,9,2019-06-04 07:56:01,1,水衙沟路东口,莲花池
57,4,7,2019-06-04 07:59:01,1,水衙沟路东口,六里桥西
57,4,7,2019-06-04 07:59:01,1,水衙沟路东口,六里桥西
57,4,7,2019-06-04 07:59:01,1,水衙沟路东口,六里桥西
57,4,7,2019-06-04 07:59:01,1,水衙沟路东口,六里桥西
57,4,7,2019-06-04 07:59:01,1,水衙沟路东口,六里桥西
57,4,7,2019-06-04 07:59:01,1,水衙沟路东口,六里桥西
57,4,4,2019-06-04 07:59:01,1,水衙沟路东口,水衙沟路东口
57,4,5,2019-06-04 07:59:01,1,水衙沟路东口,白塔村
57,4,5,2019-06-04 07:59:01,1,水衙沟路东口,白塔村
57,4,5,2019-06-04 07:59:01,1,水衙沟路东口,白塔村
57,4,5,2019-06-04 07:59:01,1,水衙沟路东口,白塔村
57,4,9,2019-06-04 07:59:01,1,水衙沟路东口,莲花池
57,4,9,2019-06-04 07:59:01,1,水衙沟路东口,莲花池
57,5,6,2019-06-04 08:01:01,1,白塔村,小井路口东
57,5,10,2019-06-04 08:01:01,1,白塔村,湾子
57,5,10,2019-06-04 08:01:01,1,白塔村,湾子
57,5,9,2019-06-04 08:01:01,1,白塔村,莲花池
57,5,5,2019-06-04 08:01:01,1,白塔村,白塔村
57,5,5,2019-06-04 08:01:01,1,白塔村,白塔村
57,5,8,2019-06-04 08:01:01,1,白塔村,六里桥东
57,5,9,2019-06-04 08:01:01,1,白塔村,莲花池
57,5,9,2019-06-04 08:01:01,1,白塔村,莲花池
57,5,9,2019-06-04 08:01:01,1,白塔村,莲花池
57,5,7,2019-06-04 08:05:01,1,白塔村,六里桥西
57,5,7,2019-06-04 08:05:01,1,白塔村,六里桥西
57,6,7,2019-06-04 08:09:01,1,小井路口东,六里桥西
57,6,6,2019-06-04 08:09:01,1,小井路口东,小井路口东
57,6,8,2019-06-04 08:09:01,1,小井路口东,六里桥东
57,6,9,2019-06-04 08:09:01,1,小井路口东,莲花池
57,6,9,2019-06-04 08:10:01,1,小井路口东,莲花池
57,6,9,2019-06-04 08:11:01,1,小井路口东,莲花池
57,6,9,2019-06-04 08:11:01,1,小井路口东,莲花池
57,7,9,2019-06-04 08:14:01,1,六里桥西,莲花池
57,7,8,2019-06-04 08:16:01,1,六里桥西,六里桥东
57,7,9,2019-06-04 08:17:01,1,六里桥西,莲花池
57,7,7,2019-06-04 08:18:01,1,六里桥西,六里桥西
57,7,9,2019-06-04 08:18:01,1,六里桥西,莲花池
57,7,9,2019-06-04 08:18:01,1,六里桥西,莲花池
57,7,9,2019-06-04 08:18:01,1,六里桥西,莲花池
57,7,9,2019-06-04 08:18:01,1,六里桥西,莲花池
57,7,9,2019-06-04 08:18:01,1,六里桥西,莲花池
57,7,9,2019-06-04 08:18:01,1,六里桥西,莲花池
57,7,9,2019-06-04 08:18:01,1,六里桥西,莲花池
57,7,9,2019-06-04 08:18:01,1,六里桥西,莲花池
57,7,9,2019-06-04 08:18:01,1,六里桥西,莲花池
57,7,9,2019-06-04 08:20:01,1,六里桥西,莲花池
57,8,9,2019-06-04 08:25:01,1,六里桥东,莲花池
57,8,9,2019-06-04 08:25:01,1,六里桥东,莲花池
57,8,9,2019-06-04 08:27:01,1,六里桥东,莲花池
57,9,9,2019-06-04 08:31:01,1,莲花池,莲花池
57,9,9,2019-06-04 08:32:01,1,莲花池,莲花池
57,9,9,2019-06-04 08:32:01,1,莲花池,莲花池
57,9,9,2019-06-04 08:32:01,1,莲花池,莲花池
57,9,9,2019-06-04 08:32:01,1,莲花池,莲花池
57,9,9,2019-06-04 08:32:01,1,莲花池,莲花池
57,9,9,2019-06-04 08:32:01,1,莲花池,莲花池
57,9,9,2019-06-04 08:32:01,1,莲花池,莲花池
57,9,9,2019-06-04 08:32:01,1,莲花池,莲花池
57,9,9,2019-06-04 08:32:01,1,莲花池,莲花池
57,9,9,2019-06-04 08:32:01,1,莲花池,莲花池
57,9,9,2019-06-04 08:32:01,1,莲花池,莲花池
57,9,9,2019-06-04 08:32:01,1,莲花池,莲花池
57,9,9,2019-06-04 08:32:01,1,莲花池,莲花池
57,9,9,2019-06-04 08:33:01,1,莲花池,莲花池
57,9,9,2019-06-04 08:33:01,1,莲花池,莲花池
57,9,9,2019-06-04 08:33:01,1,莲花池,莲花池
57,9,9,2019-06-04 08:33:01,1,莲花池,莲花池
57,9,9,2019-06-04 08:33:01,1,莲花池,莲花池
57,9,9,2019-06-04 08:33:01,1,莲花池,莲花池
57,9,9,2019-06-04 08:33:01,1,莲花池,莲花池
57,9,9,2019-06-04 08:33:01,1,莲花池,莲花池
57,9,9,2019-06-04 08:36:01,1,莲花池,莲花池
57,9,9,2019-06-04 08:36:01,1,莲花池,莲花池
57,9,9,2019-06-04 08:36:01,1,莲花池,莲花池
57,9,9,2019-06-04 08:36:01,1,莲花池,莲花池
57,9,9,2019-06-04 08:36:01,1,莲花池,莲花池
57,9,9,2019-06-04 08:36:01,1,莲花池,莲花池
57,9,9,2019-06-04 08:38:01,1,莲花池,莲花池
57,9,9,2019-06-04 08:38:01,1,莲花池,莲花池
57,9,9,2019-06-04 08:41:01,1,莲花池,莲花池
57,9,9,2019-06-04 08:41:01,1,莲花池,莲花池
57,9,9,2019-06-04 08:41:01,1,莲花池,莲花池
57,9,9,2019-06-04 08:43:01,1,莲花池,莲花池
57,1,12,2019-06-04 07:48:01,1,靛厂新村,广安门内
57,1,11,2019-06-04 07:48:01,1,靛厂新村,达官营
57,1,11,2019-06-04 07:48:01,1,靛厂新村,达官营
57,1,6,2019-06-04 07:48:01,1,靛厂新村,小井路口东
57,1,6,2019-06-04 07:48:01,1,靛厂新村,小井路口东
57,1,8,2019-06-04 07:48:01,1,靛厂新村,六里桥东
57,1,5,2019-06-04 07:48:01,1,靛厂新村,白塔村
57,1,28,2019-06-04 07:48:01,1,靛厂新村,垂杨柳
57,1,12,2019-06-04 07:48:01,1,靛厂新村,广安门内
57,1,16,2019-06-04 07:48:01,1,靛厂新村,虎坊桥路口东
57,1,23,2019-06-04 07:48:01,1,靛厂新村,榄杆市
57,1,15,2019-06-04 07:48:01,1,靛厂新村,虎坊桥路口西
57,1,4,2019-06-04 07:49:01,1,靛厂新村,水衙沟路东口
57,1,2,2019-06-04 07:49:01,1,靛厂新村,岳各庄东路北口
57,2,5,2019-06-04 07:50:01,1,岳各庄东路北口,白塔村
57,2,6,2019-06-04 07:50:01,1,岳各庄东路北口,小井路口东
57,2,4,2019-06-04 07:50:01,1,岳各庄东路北口,水衙沟路东口
57,2,10,2019-06-04 07:52:01,1,岳各庄东路北口,湾子
57,2,21,2019-06-04 07:52:01,1,岳各庄东路北口,水道子
57,4,11,2019-06-04 07:53:01,1,水衙沟路东口,达官营
57,4,5,2019-06-04 07:53:01,1,水衙沟路东口,白塔村
57,4,4,2019-06-04 07:53:01,1,水衙沟路东口,水衙沟路东口
57,4,12,2019-06-04 07:53:01,1,水衙沟路东口,广安门内
57,4,18,2019-06-04 07:53:01,1,水衙沟路东口,过街楼
57,5,9,2019-06-04 07:56:01,1,白塔村,莲花池
57,5,10,2019-06-04 07:56:01,1,白塔村,湾子
57,5,11,2019-06-04 07:56:01,1,白塔村,达官营
57,5,5,2019-06-04 07:56:01,1,白塔村,白塔村
57,5,18,2019-06-04 07:56:01,1,白塔村,过街楼
57,5,21,2019-06-04 07:56:01,1,白塔村,水道子
57,5,18,2019-06-04 07:56:01,1,白塔村,过街楼
57,5,25,2019-06-04 07:56:01,1,白塔村,安化楼
57,8,31,2019-06-04 08:11:01,1,六里桥东,大北窑南
57,8,8,2019-06-04 08:11:01,1,六里桥东,六里桥东
57,8,25,2019-06-04 08:11:01,1,六里桥东,安化楼
57,8,12,2019-06-04 08:11:01,1,六里桥东,广安门内
57,8,24,2019-06-04 08:11:01,1,六里桥东,培新街
57,8,21,2019-06-04 08:11:01,1,六里桥东,水道子
57,8,21,2019-06-04 08:11:01,1,六里桥东,水道子
57,8,20,2019-06-04 08:11:01,1,六里桥东,桥湾
57,8,21,2019-06-04 08:11:01,1,六里桥东,水道子
57,8,25,2019-06-04 08:11:01,1,六里桥东,安化楼
57,8,26,2019-06-04 08:11:01,1,六里桥东,广渠门内
57,8,25,2019-06-04 08:11:01,1,六里桥东,安化楼
57,8,21,2019-06-04 08:11:01,1,六里桥东,水道子
57,8,13,2019-06-04 08:11:01,1,六里桥东,牛街路口东
57,8,33,2019-06-04 08:11:01,1,六里桥东,郎家园
57,8,31,2019-06-04 08:11:01,1,六里桥东,大北窑南
57,8,9,2019-06-04 08:12:01,1,六里桥东,莲花池
57,8,9,2019-06-04 08:12:01,1,六里桥东,莲花池
57,8,10,2019-06-04 08:12:01,1,六里桥东,湾子
57,8,11,2019-06-04 08:12:01,1,六里桥东,达官营
57,8,10,2019-06-04 08:12:01,1,六里桥东,湾子
57,8,29,2019-06-04 08:12:01,1,六里桥东,双井桥北
57,8,9,2019-06-04 08:12:01,1,六里桥东,莲花池
57,8,14,2019-06-04 08:12:01,1,六里桥东,菜市口西
57,8,26,2019-06-04 08:12:01,1,六里桥东,广渠门内
57,8,15,2019-06-04 08:12:01,1,六里桥东,虎坊桥路口西
57,8,13,2019-06-04 08:12:01,1,六里桥东,牛街路口东
57,8,15,2019-06-04 08:12:01,1,六里桥东,虎坊桥路口西
57,8,29,2019-06-04 08:12:01,1,六里桥东,双井桥北
57,8,32,2019-06-04 08:12:01,1,六里桥东,大北窑东
57,9,9,2019-06-04 08:18:01,1,莲花池,莲花池
57,9,11,2019-06-04 08:18:01,1,莲花池,达官营
57,9,10,2019-06-04 08:18:01,1,莲花池,湾子
57,9,18,2019-06-04 08:18:01,1,莲花池,过街楼
57,9,18,2019-06-04 08:18:01,1,莲花池,过街楼
57,9,12,2019-06-04 08:18:01,1,莲花池,广安门内
57,10,16,2019-06-04 08:21:01,1,湾子,虎坊桥路口东
57,10,14,2019-06-04 08:21:01,1,湾子,菜市口西
57,10,16,2019-06-04 08:21:01,1,湾子,虎坊桥路口东
57,10,17,2019-06-04 08:21:01,1,湾子,板章路
57,11,11,2019-06-04 08:24:01,1,达官营,达官营
57,11,11,2019-06-04 08:24:01,1,达官营,达官营
57,11,11,2019-06-04 08:24:01,1,达官营,达官营
57,11,11,2019-06-04 08:24:01,1,达官营,达官营
57,11,11,2019-06-04 08:24:01,1,达官营,达官营
57,11,11,2019-06-04 08:24:01,1,达官营,达官营
57,11,11,2019-06-04 08:24:01,1,达官营,达官营
57,11,12,2019-06-04 08:24:01,1,达官营,广安门内
57,11,21,2019-06-04 08:24:01,1,达官营,水道子
57,11,13,2019-06-04 08:24:01,1,达官营,牛街路口东
57,11,12,2019-06-04 08:24:01,1,达官营,广安门内
57,11,34,2019-06-04 08:24:01,1,达官营,四惠枢纽站
57,11,31,2019-06-04 08:24:01,1,达官营,大北窑南
57,11,31,2019-06-04 08:24:01,1,达官营,大北窑南
57,11,21,2019-06-04 08:25:01,1,达官营,水道子
57,11,21,2019-06-04 08:25:01,1,达官营,水道子
57,11,14,2019-06-04 08:25:01,1,达官营,菜市口西
57,11,12,2019-06-04 08:25:01,1,达官营,广安门内
57,11,15,2019-06-04 08:25:01,1,达官营,虎坊桥路口西
57,11,12,2019-06-04 08:25:01,1,达官营,广安门内
57,12,16,2019-06-04 08:28:01,1,广安门内,虎坊桥路口东
57,12,12,2019-06-04 08:28:01,1,广安门内,广安门内
57,12,15,2019-06-04 08:28:01,1,广安门内,虎坊桥路口西
57,12,20,2019-06-04 08:28:01,1,广安门内,桥湾
57,12,32,2019-06-04 08:28:01,1,广安门内,大北窑东
57,12,29,2019-06-04 08:28:01,1,广安门内,双井桥北
57,12,30,2019-06-04 08:28:01,1,广安门内,双花园
57,13,21,2019-06-04 08:32:01,1,牛街路口东,水道子
57,14,14,2019-06-04 08:33:01,1,菜市口西,菜市口西
57,14,32,2019-06-04 08:34:01,1,菜市口西,大北窑东
57,14,26,2019-06-04 08:34:01,1,菜市口西,广渠门内
57,14,25,2019-06-04 08:34:01,1,菜市口西,安化楼
57,14,25,2019-06-04 08:34:01,1,菜市口西,安化楼
57,14,26,2019-06-04 08:34:01,1,菜市口西,广渠门内
57,14,18,2019-06-04 08:34:01,1,菜市口西,过街楼
57,14,24,2019-06-04 08:34:01,1,菜市口西,培新街
57,14,31,2019-06-04 08:34:01,1,菜市口西,大北窑南
57,15,23,2019-06-04 08:37:01,1,虎坊桥路口西,榄杆市
57,16,23,2019-06-04 08:38:01,1,虎坊桥路口东,榄杆市
57,16,30,2019-06-04 08:38:01,1,虎坊桥路口东,双花园
57,17,26,2019-06-04 08:39:01,1,板章路,广渠门内
57,17,30,2019-06-04 08:39:01,1,板章路,双花园
57,18,31,2019-06-04 08:42:01,1,过街楼,大北窑南
57,18,31,2019-06-04 08:42:01,1,过街楼,大北窑南
57,23,24,2019-06-04 08:50:01,1,榄杆市,培新街
57,24,33,2019-06-04 08:53:01,1,培新街,郎家园
57,24,33,2019-06-04 08:53:01,1,培新街,郎家园
57,24,31,2019-06-04 08:53:01,1,培新街,大北窑南
57,26,29,2019-06-04 08:55:01,1,广渠门内,双井桥北
57,26,28,2019-06-04 08:55:01,1,广渠门内,垂杨柳
57,26,26,2019-06-04 08:55:01,1,广渠门内,广渠门内
57,26,26,2019-06-04 08:55:01,1,广渠门内,广渠门内
57,26,33,2019-06-04 08:55:01,1,广渠门内,郎家园
57,27,28,2019-06-04 08:57:01,1,马圈,垂杨柳
57,27,28,2019-06-04 08:57:01,1,马圈,垂杨柳
57,27,32,2019-06-04 08:57:01,1,马圈,大北窑东
57,27,32,2019-06-04 08:57:01,1,马圈,大北窑东
57,28,32,2019-06-04 08:58:01,1,垂杨柳,大北窑东
57,29,33,2019-06-04 09:02:01,1,双井桥北,郎家园
57,31,32,2019-06-04 09:09:01,1,大北窑南,大北窑东
57,31,33,2019-06-04 09:10:01,1,大北窑南,郎家园
57,31,34,2019-06-04 09:10:01,1,大北窑南,四惠枢纽站
57,31,31,2019-06-04 09:10:01,1,大北窑南,大北窑南
57,31,31,2019-06-04 09:10:01,1,大北窑南,大北窑南
57,32,34,2019-06-04 09:12:01,1,大北窑东,四惠枢纽站
57,32,32,2019-06-04 09:12:01,1,大北窑东,大北窑东
57,1,9,2019-06-04 07:55:01,1,靛厂新村,莲花池
57,1,9,2019-06-04 07:55:01,1,靛厂新村,莲花池
57,1,9,2019-06-04 07:55:01,1,靛厂新村,莲花池
57,1,10,2019-06-04 07:55:01,1,靛厂新村,湾子
57,1,9,2019-06-04 07:55:01,1,靛厂新村,莲花池
57,1,28,2019-06-04 07:55:01,1,靛厂新村,垂杨柳
57,1,1,2019-06-04 07:55:01,1,靛厂新村,靛厂新村
57,1,4,2019-06-04 07:55:01,1,靛厂新村,水衙沟路东口
57,1,7,2019-06-04 07:55:01,1,靛厂新村,六里桥西
57,1,7,2019-06-04 07:55:01,1,靛厂新村,六里桥西
57,1,6,2019-06-04 07:55:01,1,靛厂新村,小井路口东
57,1,5,2019-06-04 07:55:01,1,靛厂新村,白塔村
57,1,11,2019-06-04 07:55:01,1,靛厂新村,达官营
57,1,14,2019-06-04 07:55:01,1,靛厂新村,菜市口西
57,1,14,2019-06-04 07:55:01,1,靛厂新村,菜市口西
57,1,11,2019-06-04 07:55:01,1,靛厂新村,达官营
57,2,8,2019-06-04 07:56:01,1,岳各庄东路北口,六里桥东
57,2,8,2019-06-04 07:56:01,1,岳各庄东路北口,六里桥东
57,2,8,2019-06-04 07:56:01,1,岳各庄东路北口,六里桥东
57,2,2,2019-06-04 07:56:01,1,岳各庄东路北口,岳各庄东路北口
57,2,3,2019-06-04 07:56:01,1,岳各庄东路北口,靛厂村南站
57,2,7,2019-06-04 07:56:01,1,岳各庄东路北口,六里桥西
57,2,7,2019-06-04 07:56:01,1,岳各庄东路北口,六里桥西
57,2,7,2019-06-04 07:56:01,1,岳各庄东路北口,六里桥西
57,2,7,2019-06-04 07:56:01,1,岳各庄东路北口,六里桥西
57,2,7,2019-06-04 07:56:01,1,岳各庄东路北口,六里桥西
57,2,3,2019-06-04 07:56:01,1,岳各庄东路北口,靛厂村南站
57,2,7,2019-06-04 07:56:01,1,岳各庄东路北口,六里桥西
57,2,11,2019-06-04 07:56:01,1,岳各庄东路北口,达官营
57,3,8,2019-06-04 07:59:01,1,靛厂村南站,六里桥东
57,3,9,2019-06-04 07:59:01,1,靛厂村南站,莲花池
57,3,9,2019-06-04 07:59:01,1,靛厂村南站,莲花池
57,3,5,2019-06-04 07:59:01,1,靛厂村南站,白塔村
57,3,21,2019-06-04 07:59:01,1,靛厂村南站,水道子
57,3,16,2019-06-04 07:59:01,1,靛厂村南站,虎坊桥路口东
57,4,8,2019-06-04 08:00:01,1,水衙沟路东口,六里桥东
57,4,9,2019-06-04 08:00:01,1,水衙沟路东口,莲花池
57,4,8,2019-06-04 08:00:01,1,水衙沟路东口,六里桥东
57,4,8,2019-06-04 08:00:01,1,水衙沟路东口,六里桥东
57,4,9,2019-06-04 08:00:01,1,水衙沟路东口,莲花池
57,4,25,2019-06-04 08:00:01,1,水衙沟路东口,安化楼
57,4,7,2019-06-04 08:00:01,1,水衙沟路东口,六里桥西
57,4,6,2019-06-04 08:00:01,1,水衙沟路东口,小井路口东
57,4,6,2019-06-04 08:00:01,1,水衙沟路东口,小井路口东
57,4,7,2019-06-04 08:00:01,1,水衙沟路东口,六里桥西
57,4,14,2019-06-04 08:00:01,1,水衙沟路东口,菜市口西
57,4,12,2019-06-04 08:00:01,1,水衙沟路东口,广安门内
57,4,12,2019-06-04 08:00:01,1,水衙沟路东口,广安门内
57,5,8,2019-06-04 08:02:01,1,白塔村,六里桥东
57,5,8,2019-06-04 08:02:01,1,白塔村,六里桥东
57,6,9,2019-06-04 08:05:01,1,小井路口东,莲花池
57,6,13,2019-06-04 08:05:01,1,小井路口东,牛街路口东
57,6,12,2019-06-04 08:05:01,1,小井路口东,广安门内
57,6,16,2019-06-04 08:05:01,1,小井路口东,虎坊桥路口东
57,6,8,2019-06-04 08:06:01,1,小井路口东,六里桥东
57,7,9,2019-06-04 08:09:01,1,六里桥西,莲花池
57,7,18,2019-06-04 08:09:01,1,六里桥西,过街楼
57,7,8,2019-06-04 08:10:01,1,六里桥西,六里桥东
57,7,8,2019-06-04 08:10:01,1,六里桥西,六里桥东
57,7,12,2019-06-04 08:10:01,1,六里桥西,广安门内
57,7,10,2019-06-04 08:10:01,1,六里桥西,湾子
57,7,13,2019-06-04 08:10:01,1,六里桥西,牛街路口东
57,7,10,2019-06-04 08:10:01,1,六里桥西,湾子
57,8,12,2019-06-04 08:10:01,1,六里桥东,广安门内
57,8,31,2019-06-04 08:18:01,1,六里桥东,大北窑南
57,8,10,2019-06-04 08:18:01,1,六里桥东,湾子
57,8,9,2019-06-04 08:19:01,1,六里桥东,莲花池
57,8,8,2019-06-04 08:19:01,1,六里桥东,六里桥东
57,8,29,2019-06-04 08:19:01,1,六里桥东,双井桥北
57,8,19,2019-06-04 08:19:01,1,六里桥东,东城三里河
57,8,12,2019-06-04 08:19:01,1,六里桥东,广安门内
57,8,19,2019-06-04 08:19:01,1,六里桥东,东城三里河
57,9,10,2019-06-04 08:27:01,1,莲花池,湾子
57,9,10,2019-06-04 08:27:01,1,莲花池,湾子
57,9,11,2019-06-04 08:27:01,1,莲花池,达官营
57,9,13,2019-06-04 08:28:01,1,莲花池,牛街路口东
57,10,19,2019-06-04 08:29:01,1,湾子,东城三里河
57,13,31,2019-06-04 08:38:01,1,牛街路口东,大北窑南
57,13,27,2019-06-04 08:38:01,1,牛街路口东,马圈
57,13,20,2019-06-04 08:38:01,1,牛街路口东,桥湾
57,13,20,2019-06-04 08:38:01,1,牛街路口东,桥湾
57,13,22,2019-06-04 08:38:01,1,牛街路口东,磁器口西
57,14,27,2019-06-04 08:41:01,1,菜市口西,马圈
57,14,28,2019-06-04 08:41:01,1,菜市口西,垂杨柳
57,16,26,2019-06-04 08:43:01,1,虎坊桥路口东,广渠门内
57,19,25,2019-06-04 08:46:01,1,东城三里河,安化楼
57,19,30,2019-06-04 08:49:01,1,东城三里河,双花园
57,19,19,2019-06-04 08:49:01,1,东城三里河,东城三里河
57,19,20,2019-06-04 08:49:01,1,东城三里河,桥湾
57,22,31,2019-06-04 08:57:01,1,磁器口西,大北窑南
57,22,25,2019-06-04 08:57:01,1,磁器口西,安化楼
57,22,22,2019-06-04 08:57:01,1,磁器口西,磁器口西
57,22,28,2019-06-04 08:58:01,1,磁器口西,垂杨柳
57,23,24,2019-06-04 08:58:01,1,榄杆市,培新街
57,23,23,2019-06-04 08:58:01,1,榄杆市,榄杆市
57,24,31,2019-06-04 08:59:01,1,培新街,大北窑南
57,24,28,2019-06-04 08:59:01,1,培新街,垂杨柳
57,24,27,2019-06-04 08:59:01,1,培新街,马圈
57,26,28,2019-06-04 09:02:01,1,广渠门内,垂杨柳
57,26,27,2019-06-04 09:02:01,1,广渠门内,马圈
57,27,28,2019-06-04 09:08:01,1,马圈,垂杨柳
57,28,29,2019-06-04 09:14:01,1,垂杨柳,双井桥北
57,28,30,2019-06-04 09:14:01,1,垂杨柳,双花园
57,28,31,2019-06-04 09:14:01,1,垂杨柳,大北窑南
57,28,30,2019-06-04 09:14:01,1,垂杨柳,双花园
57,29,29,2019-06-04 09:15:01,1,双井桥北,双井桥北
57,29,30,2019-06-04 09:15:01,1,双井桥北,双花园
57,29,30,2019-06-04 09:15:01,1,双井桥北,双花园
57,1,24,2019-06-04 06:38:01,1,靛厂新村,培新街
57,1,1,2019-06-04 06:38:01,1,靛厂新村,靛厂新村
57,1,7,2019-06-04 06:38:01,1,靛厂新村,六里桥西
57,1,29,2019-06-04 06:38:01,1,靛厂新村,双井桥北
57,1,29,2019-06-04 06:38:01,1,靛厂新村,双井桥北
57,1,15,2019-06-04 06:38:01,1,靛厂新村,虎坊桥路口西
57,1,11,2019-06-04 06:38:01,1,靛厂新村,达官营
57,1,13,2019-06-04 06:38:01,1,靛厂新村,牛街路口东
57,1,13,2019-06-04 06:38:01,1,靛厂新村,牛街路口东
57,1,12,2019-06-04 06:38:01,1,靛厂新村,广安门内
57,1,15,2019-06-04 06:38:01,1,靛厂新村,虎坊桥路口西
57,1,11,2019-06-04 06:38:01,1,靛厂新村,达官营
57,1,11,2019-06-04 06:38:01,1,靛厂新村,达官营
57,1,11,2019-06-04 06:38:01,1,靛厂新村,达官营
57,2,7,2019-06-04 06:39:01,1,岳各庄东路北口,六里桥西
57,2,10,2019-06-04 06:39:01,1,岳各庄东路北口,湾子
57,2,3,2019-06-04 06:40:01,1,岳各庄东路北口,靛厂村南站
57,2,3,2019-06-04 06:40:01,1,岳各庄东路北口,靛厂村南站
57,2,7,2019-06-04 06:40:01,1,岳各庄东路北口,六里桥西
57,3,8,2019-06-04 06:41:01,1,靛厂村南站,六里桥东
57,3,13,2019-06-04 06:41:01,1,靛厂村南站,牛街路口东
57,3,13,2019-06-04 06:41:01,1,靛厂村南站,牛街路口东
57,3,17,2019-06-04 06:42:01,1,靛厂村南站,板章路
57,3,12,2019-06-04 06:42:01,1,靛厂村南站,广安门内
57,6,18,2019-06-04 06:45:01,1,小井路口东,过街楼
57,7,11,2019-06-04 06:47:01,1,六里桥西,达官营
57,7,14,2019-06-04 06:47:01,1,六里桥西,菜市口西
57,7,17,2019-06-04 06:49:01,1,六里桥西,板章路
57,7,23,2019-06-04 06:49:01,1,六里桥西,榄杆市
57,7,18,2019-06-04 06:49:01,1,六里桥西,过街楼
57,7,18,2019-06-04 06:49:01,1,六里桥西,过街楼
57,7,23,2019-06-04 06:49:01,1,六里桥西,榄杆市
57,7,7,2019-06-04 06:49:01,1,六里桥西,六里桥西
57,7,33,2019-06-04 06:49:01,1,六里桥西,郎家园
57,7,15,2019-06-04 06:49:01,1,六里桥西,虎坊桥路口西
57,7,11,2019-06-04 06:49:01,1,六里桥西,达官营
57,7,11,2019-06-04 06:49:01,1,六里桥西,达官营
57,7,24,2019-06-04 06:50:01,1,六里桥西,培新街
57,7,24,2019-06-04 06:50:01,1,六里桥西,培新街
57,7,19,2019-06-04 06:50:01,1,六里桥西,东城三里河
57,8,8,2019-06-04 06:50:01,1,六里桥东,六里桥东
57,7,29,2019-06-04 06:50:01,1,六里桥西,双井桥北
57,7,11,2019-06-04 06:50:01,1,六里桥西,达官营
57,7,11,2019-06-04 06:50:01,1,六里桥西,达官营
57,7,11,2019-06-04 06:50:01,1,六里桥西,达官营
57,9,18,2019-06-04 06:54:01,1,莲花池,过街楼
57,9,10,2019-06-04 06:55:01,1,莲花池,湾子
57,9,15,2019-06-04 06:55:01,1,莲花池,虎坊桥路口西
57,9,13,2019-06-04 06:55:01,1,莲花池,牛街路口东
57,10,18,2019-06-04 06:58:01,1,湾子,过街楼
57,10,18,2019-06-04 06:58:01,1,湾子,过街楼
57,10,23,2019-06-04 06:58:01,1,湾子,榄杆市
57,10,23,2019-06-04 06:58:01,1,湾子,榄杆市
57,10,18,2019-06-04 06:58:01,1,湾子,过街楼
57,10,18,2019-06-04 06:58:01,1,湾子,过街楼
57,10,10,2019-06-04 06:58:01,1,湾子,湾子
57,10,33,2019-06-04 06:58:01,1,湾子,郎家园
57,10,11,2019-06-04 06:58:01,1,湾子,达官营
57,10,12,2019-06-04 06:58:01,1,湾子,广安门内
57,10,11,2019-06-04 06:58:01,1,湾子,达官营
57,10,11,2019-06-04 06:58:01,1,湾子,达官营
57,10,11,2019-06-04 06:58:01,1,湾子,达官营
57,10,10,2019-06-04 06:58:01,1,湾子,湾子
57,10,15,2019-06-04 06:58:01,1,湾子,虎坊桥路口西
57,10,30,2019-06-04 06:59:01,1,湾子,双花园
57,11,24,2019-06-04 07:00:01,1,达官营,培新街
57,11,24,2019-06-04 07:00:01,1,达官营,培新街
57,11,23,2019-06-04 07:00:01,1,达官营,榄杆市
57,11,23,2019-06-04 07:00:01,1,达官营,榄杆市
57,11,32,2019-06-04 07:00:01,1,达官营,大北窑东
57,11,15,2019-06-04 07:00:01,1,达官营,虎坊桥路口西
57,11,15,2019-06-04 07:00:01,1,达官营,虎坊桥路口西
57,11,23,2019-06-04 07:01:01,1,达官营,榄杆市
57,11,23,2019-06-04 07:01:01,1,达官营,榄杆市
57,11,11,2019-06-04 07:01:01,1,达官营,达官营
57,11,15,2019-06-04 07:01:01,1,达官营,虎坊桥路口西
57,11,18,2019-06-04 07:03:01,1,达官营,过街楼
57,11,30,2019-06-04 07:03:01,1,达官营,双花园
57,11,15,2019-06-04 07:03:01,1,达官营,虎坊桥路口西
57,11,15,2019-06-04 07:03:01,1,达官营,虎坊桥路口西
57,13,24,2019-06-04 07:07:01,1,牛街路口东,培新街
57,13,19,2019-06-04 07:07:01,1,牛街路口东,东城三里河
57,13,23,2019-06-04 07:07:01,1,牛街路口东,榄杆市
57,13,30,2019-06-04 07:07:01,1,牛街路口东,双花园
57,13,14,2019-06-04 07:07:01,1,牛街路口东,菜市口西
57,13,34,2019-06-04 07:07:01,1,牛街路口东,四惠枢纽站
57,13,34,2019-06-04 07:07:01,1,牛街路口东,四惠枢纽站
57,14,18,2019-06-04 07:08:01,1,菜市口西,过街楼
57,14,18,2019-06-04 07:08:01,1,菜市口西,过街楼
57,14,17,2019-06-04 07:08:01,1,菜市口西,板章路
57,14,15,2019-06-04 07:08:01,1,菜市口西,虎坊桥路口西
57,14,34,2019-06-04 07:08:01,1,菜市口西,四惠枢纽站
57,14,34,2019-06-04 07:08:01,1,菜市口西,四惠枢纽站
57,15,18,2019-06-04 07:13:01,1,虎坊桥路口西,过街楼
57,15,30,2019-06-04 07:13:01,1,虎坊桥路口西,双花园
57,15,23,2019-06-04 07:14:01,1,虎坊桥路口西,榄杆市
57,15,18,2019-06-04 07:14:01,1,虎坊桥路口西,过街楼
57,15,18,2019-06-04 07:14:01,1,虎坊桥路口西,过街楼
57,15,18,2019-06-04 07:14:01,1,虎坊桥路口西,过街楼
57,16,30,2019-06-04 07:15:01,1,虎坊桥路口东,双花园
57,16,16,2019-06-04 07:16:01,1,虎坊桥路口东,虎坊桥路口东
57,17,33,2019-06-04 07:16:01,1,板章路,郎家园
57,17,18,2019-06-04 07:17:01,1,板章路,过街楼
57,18,23,2019-06-04 07:18:01,1,过街楼,榄杆市
57,18,23,2019-06-04 07:18:01,1,过街楼,榄杆市
57,18,30,2019-06-04 07:18:01,1,过街楼,双花园
57,18,30,2019-06-04 07:19:01,1,过街楼,双花园
57,23,24,2019-06-04 07:21:01,1,榄杆市,培新街
57,23,24,2019-06-04 07:21:01,1,榄杆市,培新街
57,23,23,2019-06-04 07:21:01,1,榄杆市,榄杆市
57,23,23,2019-06-04 07:21:01,1,榄杆市,榄杆市
57,23,24,2019-06-04 07:21:01,1,榄杆市,培新街
57,23,24,2019-06-04 07:21:01,1,榄杆市,培新街
57,23,24,2019-06-04 07:21:01,1,榄杆市,培新街
57,23,32,2019-06-04 07:21:01,1,榄杆市,大北窑东
57,23,29,2019-06-04 07:21:01,1,榄杆市,双井桥北
57,23,23,2019-06-04 07:24:01,1,榄杆市,榄杆市
57,23,29,2019-06-04 07:24:01,1,榄杆市,双井桥北
57,23,24,2019-06-04 07:24:01,1,榄杆市,培新街
57,23,24,2019-06-04 07:24:01,1,榄杆市,培新街
57,23,24,2019-06-04 07:24:01,1,榄杆市,培新街
57,23,30,2019-06-04 07:24:01,1,榄杆市,双花园
57,23,30,2019-06-04 07:24:01,1,榄杆市,双花园
57,23,29,2019-06-04 07:24:01,1,榄杆市,双井桥北
57,23,29,2019-06-04 07:24:01,1,榄杆市,双井桥北
57,23,34,2019-06-04 07:24:01,1,榄杆市,四惠枢纽站
57,23,23,2019-06-04 07:25:01,1,榄杆市,榄杆市
57,23,29,2019-06-04 07:25:01,1,榄杆市,双井桥北
57,24,28,2019-06-04 07:26:01,1,培新街,垂杨柳
57,24,34,2019-06-04 07:26:01,1,培新街,四惠枢纽站
57,24,34,2019-06-04 07:26:01,1,培新街,四惠枢纽站
57,24,30,2019-06-04 07:28:01,1,培新街,双花园
57,24,34,2019-06-04 07:28:01,1,培新街,四惠枢纽站
57,29,30,2019-06-04 07:30:01,1,双井桥北,双花园
57,29,34,2019-06-04 07:36:01,1,双井桥北,四惠枢纽站
57,29,33,2019-06-04 07:37:01,1,双井桥北,郎家园
57,30,33,2019-06-04 07:42:01,1,双花园,郎家园
57,30,32,2019-06-04 07:42:01,1,双花园,大北窑东
57,30,34,2019-06-04 07:42:01,1,双花园,四惠枢纽站
57,30,30,2019-06-04 07:43:01,1,双花园,双花园
57,1,1,2019-06-04 06:31:01,1,靛厂新村,靛厂新村
57,15,1,2019-06-04 06:32:01,1,虎坊桥路口西,靛厂新村
57,1,1,2019-06-04 06:32:01,1,靛厂新村,靛厂新村
57,1,1,2019-06-04 06:33:01,1,靛厂新村,靛厂新村
57,1,1,2019-06-04 06:34:01,1,靛厂新村,靛厂新村
57,1,1,2019-06-04 06:34:01,1,靛厂新村,靛厂新村
57,1,1,2019-06-04 06:38:01,1,靛厂新村,靛厂新村
57,1,1,2019-06-04 06:38:01,1,靛厂新村,靛厂新村
57,1,1,2019-06-04 06:38:01,1,靛厂新村,靛厂新村
57,1,1,2019-06-04 06:38:01,1,靛厂新村,靛厂新村
57,1,1,2019-06-04 06:38:01,1,靛厂新村,靛厂新村
57,1,1,2019-06-04 06:38:01,1,靛厂新村,靛厂新村
57,1,1,2019-06-04 06:38:01,1,靛厂新村,靛厂新村
57,1,1,2019-06-04 06:39:01,1,靛厂新村,靛厂新村
57,1,1,2019-06-04 06:39:01,1,靛厂新村,靛厂新村
57,1,1,2019-06-04 06:40:01,1,靛厂新村,靛厂新村
57,1,1,2019-06-04 06:40:01,1,靛厂新村,靛厂新村
57,1,1,2019-06-04 06:40:01,1,靛厂新村,靛厂新村
57,1,1,2019-06-04 06:40:01,1,靛厂新村,靛厂新村
57,1,1,2019-06-04 06:40:01,1,靛厂新村,靛厂新村
57,1,1,2019-06-04 06:40:01,1,靛厂新村,靛厂新村
57,1,1,2019-06-04 06:40:01,1,靛厂新村,靛厂新村
57,1,1,2019-06-04 06:42:01,1,靛厂新村,靛厂新村
57,1,1,2019-06-04 06:42:01,1,靛厂新村,靛厂新村
57,1,1,2019-06-04 06:43:01,1,靛厂新村,靛厂新村
57,8,1,2019-06-04 06:47:01,1,六里桥东,靛厂新村
57,1,1,2019-06-04 06:49:01,1,靛厂新村,靛厂新村
57,1,1,2019-06-04 06:50:01,1,靛厂新村,靛厂新村
57,1,1,2019-06-04 07:03:01,1,靛厂新村,靛厂新村
57,1,1,2019-06-04 07:03:01,1,靛厂新村,靛厂新村
57,1,1,2019-06-04 07:03:01,1,靛厂新村,靛厂新村
57,1,1,2019-06-04 07:03:01,1,靛厂新村,靛厂新村
57,1,1,2019-06-04 07:10:01,1,靛厂新村,靛厂新村
57,1,1,2019-06-04 07:10:01,1,靛厂新村,靛厂新村
57,1,1,2019-06-04 07:10:01,1,靛厂新村,靛厂新村
57,1,1,2019-06-04 07:10:01,1,靛厂新村,靛厂新村
57,1,1,2019-06-04 07:10:01,1,靛厂新村,靛厂新村
57,1,1,2019-06-04 07:10:01,1,靛厂新村,靛厂新村
57,1,1,2019-06-04 07:10:01,1,靛厂新村,靛厂新村
57,1,1,2019-06-04 07:10:01,1,靛厂新村,靛厂新村
57,1,1,2019-06-04 07:10:01,1,靛厂新村,靛厂新村
57,1,1,2019-06-04 07:12:01,1,靛厂新村,靛厂新村
57,1,1,2019-06-04 07:12:01,1,靛厂新村,靛厂新村
57,1,1,2019-06-04 07:12:01,1,靛厂新村,靛厂新村
57,1,1,2019-06-04 07:12:01,1,靛厂新村,靛厂新村
57,1,1,2019-06-04 07:12:01,1,靛厂新村,靛厂新村
57,1,1,2019-06-04 07:12:01,1,靛厂新村,靛厂新村
57,1,1,2019-06-04 07:12:01,1,靛厂新村,靛厂新村
57,1,1,2019-06-04 07:12:01,1,靛厂新村,靛厂新村
57,1,1,2019-06-04 07:12:01,1,靛厂新村,靛厂新村
57,1,1,2019-06-04 07:12:01,1,靛厂新村,靛厂新村
57,1,1,2019-06-04 07:12:01,1,靛厂新村,靛厂新村
57,1,1,2019-06-04 07:12:01,1,靛厂新村,靛厂新村
57,1,1,2019-06-04 07:12:01,1,靛厂新村,靛厂新村
57,1,1,2019-06-04 07:13:01,1,靛厂新村,靛厂新村
57,1,1,2019-06-04 07:14:01,1,靛厂新村,靛厂新村
57,1,1,2019-06-04 07:14:01,1,靛厂新村,靛厂新村
57,1,1,2019-06-04 07:14:01,1,靛厂新村,靛厂新村
57,1,1,2019-06-04 07:16:01,1,靛厂新村,靛厂新村
57,1,1,2019-06-04 07:16:01,1,靛厂新村,靛厂新村
57,1,1,2019-06-04 07:21:01,1,靛厂新村,靛厂新村
57,1,1,2019-06-04 07:23:01,1,靛厂新村,靛厂新村
57,1,1,2019-06-04 07:23:01,1,靛厂新村,靛厂新村
57,1,1,2019-06-04 07:23:01,1,靛厂新村,靛厂新村
57,1,1,2019-06-04 07:23:01,1,靛厂新村,靛厂新村
57,1,1,2019-06-04 07:28:01,1,靛厂新村,靛厂新村
57,1,1,2019-06-04 07:31:01,1,靛厂新村,靛厂新村
57,1,1,2019-06-04 07:31:01,1,靛厂新村,靛厂新村
57,1,1,2019-06-04 07:31:01,1,靛厂新村,靛厂新村
57,1,1,2019-06-04 07:31:01,1,靛厂新村,靛厂新村
57,1,1,2019-06-04 07:31:01,1,靛厂新村,靛厂新村
57,1,1,2019-06-04 07:34:01,1,靛厂新村,靛厂新村
57,1,1,2019-06-04 07:34:01,1,靛厂新村,靛厂新村
57,1,1,2019-06-04 07:34:01,1,靛厂新村,靛厂新村
57,1,1,2019-06-04 07:34:01,1,靛厂新村,靛厂新村
57,1,1,2019-06-04 07:34:01,1,靛厂新村,靛厂新村
57,1,1,2019-06-04 07:34:01,1,靛厂新村,靛厂新村
57,1,1,2019-06-04 07:34:01,1,靛厂新村,靛厂新村
57,1,1,2019-06-04 07:34:01,1,靛厂新村,靛厂新村
57,1,1,2019-06-04 07:35:01,1,靛厂新村,靛厂新村
57,1,1,2019-06-04 07:35:01,1,靛厂新村,靛厂新村
57,1,1,2019-06-04 07:36:01,1,靛厂新村,靛厂新村
57,1,1,2019-06-04 07:36:01,1,靛厂新村,靛厂新村
57,1,1,2019-06-04 07:37:01,1,靛厂新村,靛厂新村
57,1,1,2019-06-04 07:38:01,1,靛厂新村,靛厂新村
57,1,1,2019-06-04 07:38:01,1,靛厂新村,靛厂新村
57,1,1,2019-06-04 07:38:01,1,靛厂新村,靛厂新村
57,1,1,2019-06-04 07:40:01,1,靛厂新村,靛厂新村
57,1,1,2019-06-04 07:40:01,1,靛厂新村,靛厂新村
57,1,1,2019-06-04 07:40:01,1,靛厂新村,靛厂新村
57,1,1,2019-06-04 07:40:01,1,靛厂新村,靛厂新村
57,1,1,2019-06-04 07:40:01,1,靛厂新村,靛厂新村
57,1,1,2019-06-04 07:40:01,1,靛厂新村,靛厂新村
57,1,1,2019-06-04 07:40:01,1,靛厂新村,靛厂新村
57,1,1,2019-06-04 07:40:01,1,靛厂新村,靛厂新村
57,1,1,2019-06-04 07:41:01,1,靛厂新村,靛厂新村
57,1,1,2019-06-04 07:41:01,1,靛厂新村,靛厂新村
57,1,1,2019-06-04 07:41:01,1,靛厂新村,靛厂新村
57,1,1,2019-06-04 07:42:01,1,靛厂新村,靛厂新村
57,1,1,2019-06-04 07:44:01,1,靛厂新村,靛厂新村
57,1,1,2019-06-04 07:44:01,1,靛厂新村,靛厂新村
57,1,1,2019-06-04 07:44:01,1,靛厂新村,靛厂新村
57,1,1,2019-06-04 07:44:01,1,靛厂新村,靛厂新村
57,1,1,2019-06-04 07:47:01,1,靛厂新村,靛厂新村
57,1,1,2019-06-04 07:47:01,1,靛厂新村,靛厂新村
57,1,1,2019-06-04 07:47:01,1,靛厂新村,靛厂新村
57,1,1,2019-06-04 07:47:01,1,靛厂新村,靛厂新村
57,1,1,2019-06-04 07:48:01,1,靛厂新村,靛厂新村
57,1,1,2019-06-04 07:52:01,1,靛厂新村,靛厂新村
57,1,1,2019-06-04 07:52:01,1,靛厂新村,靛厂新村
57,1,1,2019-06-04 07:52:01,1,靛厂新村,靛厂新村
57,1,1,2019-06-04 07:52:01,1,靛厂新村,靛厂新村
57,1,1,2019-06-04 07:52:01,1,靛厂新村,靛厂新村
57,1,1,2019-06-04 07:52:01,1,靛厂新村,靛厂新村
57,1,1,2019-06-04 07:52:01,1,靛厂新村,靛厂新村
57,1,1,2019-06-04 07:53:01,1,靛厂新村,靛厂新村
57,1,1,2019-06-04 07:53:01,1,靛厂新村,靛厂新村
57,1,1,2019-06-04 07:53:01,1,靛厂新村,靛厂新村
57,1,1,2019-06-04 07:53:01,1,靛厂新村,靛厂新村
57,1,1,2019-06-04 07:55:01,1,靛厂新村,靛厂新村
57,1,1,2019-06-04 07:55:01,1,靛厂新村,靛厂新村
57,1,1,2019-06-04 07:55:01,1,靛厂新村,靛厂新村
57,1,1,2019-06-04 07:55:01,1,靛厂新村,靛厂新村
57,1,1,2019-06-04 07:58:01,1,靛厂新村,靛厂新村
57,1,1,2019-06-04 07:58:01,1,靛厂新村,靛厂新村
57,1,1,2019-06-04 07:58:01,1,靛厂新村,靛厂新村
57,1,1,2019-06-04 07:58:01,1,靛厂新村,靛厂新村
57,1,1,2019-06-04 07:58:01,1,靛厂新村,靛厂新村
57,1,1,2019-06-04 07:59:01,1,靛厂新村,靛厂新村
57,1,1,2019-06-04 07:59:01,1,靛厂新村,靛厂新村
57,1,1,2019-06-04 07:59:01,1,靛厂新村,靛厂新村
57,1,1,2019-06-04 07:59:01,1,靛厂新村,靛厂新村
57,1,1,2019-06-04 07:59:01,1,靛厂新村,靛厂新村
57,1,1,2019-06-04 07:59:01,1,靛厂新村,靛厂新村
57,1,1,2019-06-04 07:59:01,1,靛厂新村,靛厂新村
57,1,1,2019-06-04 08:06:01,1,靛厂新村,靛厂新村
57,1,1,2019-06-04 08:06:01,1,靛厂新村,靛厂新村
57,1,1,2019-06-04 08:08:01,1,靛厂新村,靛厂新村
57,1,1,2019-06-04 08:29:01,1,靛厂新村,靛厂新村
57,1,1,2019-06-04 08:29:01,1,靛厂新村,靛厂新村
57,1,1,2019-06-04 08:29:01,1,靛厂新村,靛厂新村
57,1,1,2019-06-04 08:29:01,1,靛厂新村,靛厂新村
57,1,1,2019-06-04 08:29:01,1,靛厂新村,靛厂新村
57,1,1,2019-06-04 08:29:01,1,靛厂新村,靛厂新村
57,1,1,2019-06-04 08:29:01,1,靛厂新村,靛厂新村
57,1,1,2019-06-04 08:29:01,1,靛厂新村,靛厂新村
57,1,1,2019-06-04 08:29:01,1,靛厂新村,靛厂新村
57,1,1,2019-06-04 08:29:01,1,靛厂新村,靛厂新村
57,1,1,2019-06-04 08:29:01,1,靛厂新村,靛厂新村
57,1,1,2019-06-04 08:29:01,1,靛厂新村,靛厂新村
57,1,1,2019-06-04 08:29:01,1,靛厂新村,靛厂新村
57,1,1,2019-06-04 08:30:01,1,靛厂新村,靛厂新村
57,1,1,2019-06-04 08:30:01,1,靛厂新村,靛厂新村
57,1,1,2019-06-04 08:30:01,1,靛厂新村,靛厂新村
57,1,1,2019-06-04 08:30:01,1,靛厂新村,靛厂新村
57,1,1,2019-06-04 08:30:01,1,靛厂新村,靛厂新村
57,1,1,2019-06-04 08:31:01,1,靛厂新村,靛厂新村
57,1,1,2019-06-04 08:31:01,1,靛厂新村,靛厂新村
57,1,1,2019-06-04 08:31:01,1,靛厂新村,靛厂新村
57,1,1,2019-06-04 08:31:01,1,靛厂新村,靛厂新村
57,1,1,2019-06-04 08:31:01,1,靛厂新村,靛厂新村
57,1,1,2019-06-04 08:31:01,1,靛厂新村,靛厂新村
57,1,1,2019-06-04 08:31:01,1,靛厂新村,靛厂新村
57,1,1,2019-06-04 08:31:01,1,靛厂新村,靛厂新村
57,1,1,2019-06-04 08:32:01,1,靛厂新村,靛厂新村
57,1,1,2019-06-04 08:32:01,1,靛厂新村,靛厂新村
57,1,1,2019-06-04 08:32:01,1,靛厂新村,靛厂新村
57,1,1,2019-06-04 08:32:01,1,靛厂新村,靛厂新村
57,1,1,2019-06-04 08:32:01,1,靛厂新村,靛厂新村
57,1,1,2019-06-04 08:32:01,1,靛厂新村,靛厂新村
57,1,1,2019-06-04 08:32:01,1,靛厂新村,靛厂新村
57,1,1,2019-06-04 08:32:01,1,靛厂新村,靛厂新村
57,1,1,2019-06-04 08:32:01,1,靛厂新村,靛厂新村
57,1,1,2019-06-04 08:32:01,1,靛厂新村,靛厂新村
57,1,1,2019-06-04 08:32:01,1,靛厂新村,靛厂新村
57,1,1,2019-06-04 08:32:01,1,靛厂新村,靛厂新村
57,1,1,2019-06-04 08:32:01,1,靛厂新村,靛厂新村
57,1,1,2019-06-04 08:34:01,1,靛厂新村,靛厂新村
57,1,1,2019-06-04 08:36:01,1,靛厂新村,靛厂新村
57,1,1,2019-06-04 08:36:01,1,靛厂新村,靛厂新村
57,1,1,2019-06-04 08:45:01,1,靛厂新村,靛厂新村
57,1,1,2019-06-04 08:45:01,1,靛厂新村,靛厂新村
57,1,1,2019-06-04 08:45:01,1,靛厂新村,靛厂新村
57,1,1,2019-06-04 08:45:01,1,靛厂新村,靛厂新村
57,1,1,2019-06-04 08:45:01,1,靛厂新村,靛厂新村
57,1,1,2019-06-04 08:45:01,1,靛厂新村,靛厂新村
57,1,1,2019-06-04 08:45:01,1,靛厂新村,靛厂新村
57,1,1,2019-06-04 08:45:01,1,靛厂新村,靛厂新村
57,1,1,2019-06-04 08:45:01,1,靛厂新村,靛厂新村
57,1,1,2019-06-04 08:45:01,1,靛厂新村,靛厂新村
57,1,1,2019-06-04 08:45:01,1,靛厂新村,靛厂新村
57,1,1,2019-06-04 08:46:01,1,靛厂新村,靛厂新村
57,1,1,2019-06-04 08:46:01,1,靛厂新村,靛厂新村
57,1,1,2019-06-04 08:46:01,1,靛厂新村,靛厂新村
57,1,1,2019-06-04 08:46:01,1,靛厂新村,靛厂新村
57,1,1,2019-06-04 08:46:01,1,靛厂新村,靛厂新村
57,1,1,2019-06-04 08:46:01,1,靛厂新村,靛厂新村
57,1,1,2019-06-04 08:53:01,1,靛厂新村,靛厂新村
57,1,1,2019-06-04 08:55:01,1,靛厂新村,靛厂新村
57,1,1,2019-06-04 08:55:01,1,靛厂新村,靛厂新村
57,1,1,2019-06-04 08:55:01,1,靛厂新村,靛厂新村
57,1,1,2019-06-04 08:55:01,1,靛厂新村,靛厂新村
57,1,1,2019-06-04 08:55:01,1,靛厂新村,靛厂新村
57,1,1,2019-06-04 08:55:01,1,靛厂新村,靛厂新村
57,1,1,2019-06-04 08:58:01,1,靛厂新村,靛厂新村
57,1,1,2019-06-04 08:59:01,1,靛厂新村,靛厂新村
57,1,1,2019-06-04 08:59:01,1,靛厂新村,靛厂新村
57,1,1,2019-06-04 08:59:01,1,靛厂新村,靛厂新村
57,1,1,2019-06-04 08:59:01,1,靛厂新村,靛厂新村
57,1,1,2019-06-04 08:59:01,1,靛厂新村,靛厂新村
57,1,1,2019-06-04 08:59:01,1,靛厂新村,靛厂新村
57,1,1,2019-06-04 09:01:01,1,靛厂新村,靛厂新村
57,1,1,2019-06-04 09:02:01,1,靛厂新村,靛厂新村
57,1,1,2019-06-04 09:02:01,1,靛厂新村,靛厂新村
57,1,1,2019-06-04 09:02:01,1,靛厂新村,靛厂新村
57,1,1,2019-06-04 09:02:01,1,靛厂新村,靛厂新村
57,12,1,2019-06-04 09:03:01,1,广安门内,靛厂新村
57,1,1,2019-06-04 09:04:01,1,靛厂新村,靛厂新村
57,1,1,2019-06-04 09:04:01,1,靛厂新村,靛厂新村
57,1,1,2019-06-04 09:04:01,1,靛厂新村,靛厂新村
57,1,1,2019-06-04 09:08:01,1,靛厂新村,靛厂新村
57,1,1,2019-06-04 09:11:01,1,靛厂新村,靛厂新村
57,1,1,2019-06-04 09:11:01,1,靛厂新村,靛厂新村
57,1,1,2019-06-04 09:13:01,1,靛厂新村,靛厂新村
57,1,1,2019-06-04 09:13:01,1,靛厂新村,靛厂新村
57,1,1,2019-06-04 09:17:01,1,靛厂新村,靛厂新村
57,1,1,2019-06-04 09:17:01,1,靛厂新村,靛厂新村
57,1,1,2019-06-04 09:20:01,1,靛厂新村,靛厂新村
57,1,1,2019-06-04 09:20:01,1,靛厂新村,靛厂新村
57,1,1,2019-06-04 09:22:01,1,靛厂新村,靛厂新村
57,1,1,2019-06-04 09:22:01,1,靛厂新村,靛厂新村
57,1,1,2019-06-04 09:23:01,1,靛厂新村,靛厂新村
57,1,1,2019-06-04 09:25:01,1,靛厂新村,靛厂新村
57,1,1,2019-06-04 09:25:01,1,靛厂新村,靛厂新村
57,1,1,2019-06-04 09:27:01,1,靛厂新村,靛厂新村
57,1,1,2019-06-04 09:27:01,1,靛厂新村,靛厂新村
57,1,1,2019-06-04 09:27:01,1,靛厂新村,靛厂新村
57,1,1,2019-06-04 09:27:01,1,靛厂新村,靛厂新村
57,1,1,2019-06-04 09:27:01,1,靛厂新村,靛厂新村
57,5,29,2019-06-04 06:30:01,1,白塔村,双井桥北
57,5,13,2019-06-04 06:30:01,1,白塔村,牛街路口东
57,5,16,2019-06-04 06:30:01,1,白塔村,虎坊桥路口东
57,6,11,2019-06-04 06:32:01,1,小井路口东,达官营
57,6,11,2019-06-04 06:32:01,1,小井路口东,达官营
57,6,11,2019-06-04 06:32:01,1,小井路口东,达官营
57,6,11,2019-06-04 06:32:01,1,小井路口东,达官营
57,7,16,2019-06-04 06:32:01,1,六里桥西,虎坊桥路口东
57,7,28,2019-06-04 06:34:01,1,六里桥西,垂杨柳
57,7,28,2019-06-04 06:34:01,1,六里桥西,垂杨柳
57,7,11,2019-06-04 06:34:01,1,六里桥西,达官营
57,7,11,2019-06-04 06:34:01,1,六里桥西,达官营
57,7,10,2019-06-04 06:34:01,1,六里桥西,湾子
57,7,14,2019-06-04 06:34:01,1,六里桥西,菜市口西
57,7,14,2019-06-04 06:34:01,1,六里桥西,菜市口西
57,7,10,2019-06-04 06:34:01,1,六里桥西,湾子
57,7,14,2019-06-04 06:34:01,1,六里桥西,菜市口西
57,7,21,2019-06-04 06:34:01,1,六里桥西,水道子
57,7,20,2019-06-04 06:34:01,1,六里桥西,桥湾
57,7,17,2019-06-04 06:34:01,1,六里桥西,板章路
57,7,21,2019-06-04 06:34:01,1,六里桥西,水道子
57,7,7,2019-06-04 06:34:01,1,六里桥西,六里桥西
57,7,8,2019-06-04 06:34:01,1,六里桥西,六里桥东
57,8,14,2019-06-04 06:39:01,1,六里桥东,菜市口西
57,8,22,2019-06-04 06:39:01,1,六里桥东,磁器口西
57,8,22,2019-06-04 06:39:01,1,六里桥东,磁器口西
57,8,15,2019-06-04 06:39:01,1,六里桥东,虎坊桥路口西
57,8,23,2019-06-04 06:39:01,1,六里桥东,榄杆市
57,9,14,2019-06-04 06:42:01,1,莲花池,菜市口西
57,10,26,2019-06-04 06:44:01,1,湾子,广渠门内
57,10,29,2019-06-04 06:44:01,1,湾子,双井桥北
57,10,11,2019-06-04 06:44:01,1,湾子,达官营
57,10,16,2019-06-04 06:44:01,1,湾子,虎坊桥路口东
57,10,16,2019-06-04 06:44:01,1,湾子,虎坊桥路口东
57,10,21,2019-06-04 06:44:01,1,湾子,水道子
57,11,28,2019-06-04 06:47:01,1,达官营,垂杨柳
57,11,26,2019-06-04 06:47:01,1,达官营,广渠门内
57,11,26,2019-06-04 06:47:01,1,达官营,广渠门内
57,11,24,2019-06-04 06:47:01,1,达官营,培新街
57,11,20,2019-06-04 06:47:01,1,达官营,桥湾
57,11,15,2019-06-04 06:48:01,1,达官营,虎坊桥路口西
57,11,11,2019-06-04 06:48:01,1,达官营,达官营
57,11,16,2019-06-04 06:48:01,1,达官营,虎坊桥路口东
57,12,29,2019-06-04 06:50:01,1,广安门内,双井桥北
57,12,31,2019-06-04 06:50:01,1,广安门内,大北窑南
57,12,21,2019-06-04 06:50:01,1,广安门内,水道子
57,12,20,2019-06-04 06:50:01,1,广安门内,桥湾
57,13,26,2019-06-04 06:52:01,1,牛街路口东,广渠门内
57,13,28,2019-06-04 06:52:01,1,牛街路口东,垂杨柳
57,13,26,2019-06-04 06:52:01,1,牛街路口东,广渠门内
57,13,15,2019-06-04 06:52:01,1,牛街路口东,虎坊桥路口西
57,13,20,2019-06-04 06:52:01,1,牛街路口东,桥湾
57,14,21,2019-06-04 06:55:01,1,菜市口西,水道子
57,15,26,2019-06-04 06:57:01,1,虎坊桥路口西,广渠门内
57,15,26,2019-06-04 06:57:01,1,虎坊桥路口西,广渠门内
57,15,26,2019-06-04 06:57:01,1,虎坊桥路口西,广渠门内
57,15,23,2019-06-04 06:57:01,1,虎坊桥路口西,榄杆市
57,15,21,2019-06-04 06:57:01,1,虎坊桥路口西,水道子
57,16,25,2019-06-04 06:58:01,1,虎坊桥路口东,安化楼
57,16,24,2019-06-04 06:58:01,1,虎坊桥路口东,培新街
57,16,16,2019-06-04 06:58:01,1,虎坊桥路口东,虎坊桥路口东
57,17,28,2019-06-04 07:02:01,1,板章路,垂杨柳
57,20,24,2019-06-04 07:05:01,1,桥湾,培新街
57,21,24,2019-06-04 07:06:01,1,水道子,培新街
57,22,24,2019-06-04 07:07:01,1,磁器口西,培新街
57,21,28,2019-06-04 07:10:01,1,水道子,垂杨柳
57,21,31,2019-06-04 07:10:01,1,水道子,大北窑南
57,21,24,2019-06-04 07:10:01,1,水道子,培新街
57,21,24,2019-06-04 07:10:01,1,水道子,培新街
57,21,25,2019-06-04 07:10:01,1,水道子,安化楼
57,21,21,2019-06-04 07:10:01,1,水道子,水道子
57,21,21,2019-06-04 07:10:01,1,水道子,水道子
57,21,24,2019-06-04 07:10:01,1,水道子,培新街
57,21,24,2019-06-04 07:10:01,1,水道子,培新街
57,22,26,2019-06-04 07:11:01,1,磁器口西,广渠门内
57,22,25,2019-06-04 07:11:01,1,磁器口西,安化楼
57,23,25,2019-06-04 07:12:01,1,榄杆市,安化楼
57,25,30,2019-06-04 07:13:01,1,安化楼,双花园
57,24,26,2019-06-04 07:13:01,1,培新街,广渠门内
57,24,26,2019-06-04 07:13:01,1,培新街,广渠门内
57,24,24,2019-06-04 07:13:01,1,培新街,培新街
57,24,25,2019-06-04 07:13:01,1,培新街,安化楼
57,27,31,2019-06-04 07:22:01,1,马圈,大北窑南
57,28,29,2019-06-04 07:25:01,1,垂杨柳,双井桥北
57,28,29,2019-06-04 07:25:01,1,垂杨柳,双井桥北
57,28,31,2019-06-04 07:25:01,1,垂杨柳,大北窑南
57,1,28,2019-06-04 09:15:01,1,靛厂新村,垂杨柳
57,1,4,2019-06-04 09:15:01,1,靛厂新村,水衙沟路东口
57,1,7,2019-06-04 09:15:01,1,靛厂新村,六里桥西
57,1,5,2019-06-04 09:15:01,1,靛厂新村,白塔村
57,1,5,2019-06-04 09:15:01,1,靛厂新村,白塔村
57,1,20,2019-06-04 09:15:01,1,靛厂新村,桥湾
57,1,10,2019-06-04 09:15:01,1,靛厂新村,湾子
57,1,9,2019-06-04 09:15:01,1,靛厂新村,莲花池
57,1,7,2019-06-04 09:15:01,1,靛厂新村,六里桥西
57,1,8,2019-06-04 09:15:01,1,靛厂新村,六里桥东
57,1,7,2019-06-04 09:15:01,1,靛厂新村,六里桥西
57,1,9,2019-06-04 09:15:01,1,靛厂新村,莲花池
57,1,9,2019-06-04 09:15:01,1,靛厂新村,莲花池
57,1,7,2019-06-04 09:15:01,1,靛厂新村,六里桥西
57,1,7,2019-06-04 09:15:01,1,靛厂新村,六里桥西
57,2,2,2019-06-04 09:16:01,1,岳各庄东路北口,岳各庄东路北口
57,2,2,2019-06-04 09:16:01,1,岳各庄东路北口,岳各庄东路北口
57,2,4,2019-06-04 09:16:01,1,岳各庄东路北口,水衙沟路东口
57,2,16,2019-06-04 09:16:01,1,岳各庄东路北口,虎坊桥路口东
57,2,14,2019-06-04 09:16:01,1,岳各庄东路北口,菜市口西
57,2,12,2019-06-04 09:16:01,1,岳各庄东路北口,广安门内
57,2,11,2019-06-04 09:16:01,1,岳各庄东路北口,达官营
57,2,10,2019-06-04 09:16:01,1,岳各庄东路北口,湾子
57,2,11,2019-06-04 09:16:01,1,岳各庄东路北口,达官营
57,2,7,2019-06-04 09:16:01,1,岳各庄东路北口,六里桥西
57,2,8,2019-06-04 09:16:01,1,岳各庄东路北口,六里桥东
57,2,8,2019-06-04 09:16:01,1,岳各庄东路北口,六里桥东
57,2,2,2019-06-04 09:16:01,1,岳各庄东路北口,岳各庄东路北口
57,2,7,2019-06-04 09:16:01,1,岳各庄东路北口,六里桥西
57,2,5,2019-06-04 09:16:01,1,岳各庄东路北口,白塔村
57,3,3,2019-06-04 09:17:01,1,靛厂村南站,靛厂村南站
57,3,7,2019-06-04 09:19:01,1,靛厂村南站,六里桥西
57,4,13,2019-06-04 09:19:01,1,水衙沟路东口,牛街路口东
57,4,12,2019-06-04 09:19:01,1,水衙沟路东口,广安门内
57,4,22,2019-06-04 09:19:01,1,水衙沟路东口,磁器口西
57,3,12,2019-06-04 09:19:01,1,靛厂村南站,广安门内
57,3,19,2019-06-04 09:19:01,1,靛厂村南站,东城三里河
57,4,12,2019-06-04 09:19:01,1,水衙沟路东口,广安门内
57,3,11,2019-06-04 09:19:01,1,靛厂村南站,达官营
57,3,9,2019-06-04 09:19:01,1,靛厂村南站,莲花池
57,3,8,2019-06-04 09:19:01,1,靛厂村南站,六里桥东
57,4,12,2019-06-04 09:20:01,1,水衙沟路东口,广安门内
57,4,9,2019-06-04 09:20:01,1,水衙沟路东口,莲花池
57,6,12,2019-06-04 09:21:01,1,小井路口东,广安门内
57,5,8,2019-06-04 09:21:01,1,白塔村,六里桥东
57,6,7,2019-06-04 09:22:01,1,小井路口东,六里桥西
57,7,20,2019-06-04 09:28:01,1,六里桥西,桥湾
57,7,20,2019-06-04 09:28:01,1,六里桥西,桥湾
57,7,20,2019-06-04 09:28:01,1,六里桥西,桥湾
57,7,20,2019-06-04 09:28:01,1,六里桥西,桥湾
57,7,20,2019-06-04 09:28:01,1,六里桥西,桥湾
57,7,9,2019-06-04 09:28:01,1,六里桥西,莲花池
57,7,9,2019-06-04 09:28:01,1,六里桥西,莲花池
57,1,12,2019-06-04 06:33:01,1,靛厂新村,广安门内
57,1,13,2019-06-04 06:33:01,1,靛厂新村,牛街路口东
57,1,8,2019-06-04 06:34:01,1,靛厂新村,六里桥东
57,1,8,2019-06-04 06:34:01,1,靛厂新村,六里桥东
57,1,4,2019-06-04 06:34:01,1,靛厂新村,水衙沟路东口
57,1,10,2019-06-04 06:34:01,1,靛厂新村,湾子
57,1,11,2019-06-04 06:34:01,1,靛厂新村,达官营
57,1,10,2019-06-04 06:34:01,1,靛厂新村,湾子
57,1,7,2019-06-04 06:34:01,1,靛厂新村,六里桥西
57,1,10,2019-06-04 06:34:01,1,靛厂新村,湾子
57,1,4,2019-06-04 06:34:01,1,靛厂新村,水衙沟路东口
57,1,14,2019-06-04 06:34:01,1,靛厂新村,菜市口西
57,1,1,2019-06-04 06:34:01,1,靛厂新村,靛厂新村
57,2,6,2019-06-04 06:35:01,1,岳各庄东路北口,小井路口东
57,2,8,2019-06-04 06:35:01,1,岳各庄东路北口,六里桥东
57,2,7,2019-06-04 06:35:01,1,岳各庄东路北口,六里桥西
57,2,7,2019-06-04 06:35:01,1,岳各庄东路北口,六里桥西
57,2,10,2019-06-04 06:35:01,1,岳各庄东路北口,湾子
57,2,7,2019-06-04 06:35:01,1,岳各庄东路北口,六里桥西
57,2,8,2019-06-04 06:35:01,1,岳各庄东路北口,六里桥东
57,2,13,2019-06-04 06:35:01,1,岳各庄东路北口,牛街路口东
57,2,13,2019-06-04 06:35:01,1,岳各庄东路北口,牛街路口东
57,2,12,2019-06-04 06:35:01,1,岳各庄东路北口,广安门内
57,2,34,2019-06-04 06:35:01,1,岳各庄东路北口,四惠枢纽站
57,3,15,2019-06-04 06:37:01,1,靛厂村南站,虎坊桥路口西
57,3,10,2019-06-04 06:37:01,1,靛厂村南站,湾子
57,4,4,2019-06-04 06:37:01,1,水衙沟路东口,水衙沟路东口
57,3,4,2019-06-04 06:37:01,1,靛厂村南站,水衙沟路东口
57,3,4,2019-06-04 06:37:01,1,靛厂村南站,水衙沟路东口
57,3,11,2019-06-04 06:37:01,1,靛厂村南站,达官营
57,4,19,2019-06-04 06:38:01,1,水衙沟路东口,东城三里河
57,4,9,2019-06-04 06:38:01,1,水衙沟路东口,莲花池
57,4,10,2019-06-04 06:38:01,1,水衙沟路东口,湾子
57,4,4,2019-06-04 06:38:01,1,水衙沟路东口,水衙沟路东口
57,4,4,2019-06-04 06:38:01,1,水衙沟路东口,水衙沟路东口
57,4,11,2019-06-04 06:38:01,1,水衙沟路东口,达官营
57,4,8,2019-06-04 06:38:01,1,水衙沟路东口,六里桥东
57,4,33,2019-06-04 06:38:01,1,水衙沟路东口,郎家园
57,5,17,2019-06-04 06:40:01,1,白塔村,板章路
57,5,9,2019-06-04 06:40:01,1,白塔村,莲花池
57,5,5,2019-06-04 06:40:01,1,白塔村,白塔村
57,5,12,2019-06-04 06:40:01,1,白塔村,广安门内
57,6,20,2019-06-04 06:41:01,1,小井路口东,桥湾
57,6,16,2019-06-04 06:41:01,1,小井路口东,虎坊桥路口东
57,6,16,2019-06-04 06:41:01,1,小井路口东,虎坊桥路口东
57,6,11,2019-06-04 06:41:01,1,小井路口东,达官营
57,6,11,2019-06-04 06:41:01,1,小井路口东,达官营
57,6,11,2019-06-04 06:41:01,1,小井路口东,达官营
57,6,34,2019-06-04 06:41:01,1,小井路口东,四惠枢纽站
57,6,26,2019-06-04 06:41:01,1,小井路口东,广渠门内
57,7,15,2019-06-04 06:45:01,1,六里桥西,虎坊桥路口西
57,7,8,2019-06-04 06:45:01,1,六里桥西,六里桥东
57,8,8,2019-06-04 06:45:01,1,六里桥东,六里桥东
57,7,10,2019-06-04 06:45:01,1,六里桥西,湾子
57,7,9,2019-06-04 06:45:01,1,六里桥西,莲花池
57,7,10,2019-06-04 06:45:01,1,六里桥西,湾子
57,7,8,2019-06-04 06:45:01,1,六里桥西,六里桥东
57,7,15,2019-06-04 06:45:01,1,六里桥西,虎坊桥路口西
57,7,31,2019-06-04 06:45:01,1,六里桥西,大北窑南
57,7,24,2019-06-04 06:45:01,1,六里桥西,培新街
57,8,17,2019-06-04 06:47:01,1,六里桥东,板章路
57,8,22,2019-06-04 06:47:01,1,六里桥东,磁器口西
57,8,19,2019-06-04 06:47:01,1,六里桥东,东城三里河
57,8,19,2019-06-04 06:47:01,1,六里桥东,东城三里河
57,8,9,2019-06-04 06:47:01,1,六里桥东,莲花池
57,8,10,2019-06-04 06:47:01,1,六里桥东,湾子
57,8,10,2019-06-04 06:47:01,1,六里桥东,湾子
57,8,11,2019-06-04 06:47:01,1,六里桥东,达官营
57,8,13,2019-06-04 06:47:01,1,六里桥东,牛街路口东
57,8,13,2019-06-04 06:47:01,1,六里桥东,牛街路口东
57,8,13,2019-06-04 06:47:01,1,六里桥东,牛街路口东
57,8,30,2019-06-04 06:47:01,1,六里桥东,双花园
57,8,30,2019-06-04 06:47:01,1,六里桥东,双花园
57,8,29,2019-06-04 06:47:01,1,六里桥东,双井桥北
57,8,15,2019-06-04 06:48:01,1,六里桥东,虎坊桥路口西
57,8,23,2019-06-04 06:48:01,1,六里桥东,榄杆市
57,8,22,2019-06-04 06:48:01,1,六里桥东,磁器口西
57,8,17,2019-06-04 06:48:01,1,六里桥东,板章路
57,8,22,2019-06-04 06:48:01,1,六里桥东,磁器口西
57,8,9,2019-06-04 06:48:01,1,六里桥东,莲花池
57,8,12,2019-06-04 06:48:01,1,六里桥东,广安门内
57,8,13,2019-06-04 06:48:01,1,六里桥东,牛街路口东
57,8,17,2019-06-04 06:48:01,1,六里桥东,板章路
57,8,12,2019-06-04 06:48:01,1,六里桥东,广安门内
57,8,13,2019-06-04 06:48:01,1,六里桥东,牛街路口东
57,8,11,2019-06-04 06:48:01,1,六里桥东,达官营
57,8,12,2019-06-04 06:48:01,1,六里桥东,广安门内
57,8,13,2019-06-04 06:48:01,1,六里桥东,牛街路口东
57,8,13,2019-06-04 06:48:01,1,六里桥东,牛街路口东
57,8,12,2019-06-04 06:48:01,1,六里桥东,广安门内
57,8,13,2019-06-04 06:48:01,1,六里桥东,牛街路口东
57,8,34,2019-06-04 06:48:01,1,六里桥东,四惠枢纽站
57,8,25,2019-06-04 06:48:01,1,六里桥东,安化楼
57,9,11,2019-06-04 06:53:01,1,莲花池,达官营
57,9,9,2019-06-04 06:54:01,1,莲花池,莲花池
57,9,26,2019-06-04 06:54:01,1,莲花池,广渠门内
57,9,15,2019-06-04 06:54:01,1,莲花池,虎坊桥路口西
57,9,15,2019-06-04 06:54:01,1,莲花池,虎坊桥路口西
57,10,25,2019-06-04 06:55:01,1,湾子,安化楼
57,10,29,2019-06-04 06:55:01,1,湾子,双井桥北
57,10,31,2019-06-04 06:55:01,1,湾子,大北窑南
57,10,20,2019-06-04 06:55:01,1,湾子,桥湾
57,10,15,2019-06-04 06:55:01,1,湾子,虎坊桥路口西
57,10,15,2019-06-04 06:55:01,1,湾子,虎坊桥路口西
57,10,16,2019-06-04 06:55:01,1,湾子,虎坊桥路口东
57,10,33,2019-06-04 06:55:01,1,湾子,郎家园
57,10,31,2019-06-04 06:55:01,1,湾子,大北窑南
57,11,13,2019-06-04 06:57:01,1,达官营,牛街路口东
57,11,13,2019-06-04 06:57:01,1,达官营,牛街路口东
57,11,14,2019-06-04 06:57:01,1,达官营,菜市口西
57,11,13,2019-06-04 06:57:01,1,达官营,牛街路口东
57,11,11,2019-06-04 06:58:01,1,达官营,达官营
57,11,14,2019-06-04 06:58:01,1,达官营,菜市口西
57,11,12,2019-06-04 06:58:01,1,达官营,广安门内
57,11,17,2019-06-04 06:58:01,1,达官营,板章路
57,11,34,2019-06-04 06:58:01,1,达官营,四惠枢纽站
57,11,27,2019-06-04 06:58:01,1,达官营,马圈
57,12,31,2019-06-04 06:59:01,1,广安门内,大北窑南
57,12,34,2019-06-04 07:00:01,1,广安门内,四惠枢纽站
57,13,24,2019-06-04 07:03:01,1,牛街路口东,培新街
57,14,32,2019-06-04 07:03:01,1,菜市口西,大北窑东
57,13,22,2019-06-04 07:03:01,1,牛街路口东,磁器口西
57,13,31,2019-06-04 07:03:01,1,牛街路口东,大北窑南
57,13,16,2019-06-04 07:03:01,1,牛街路口东,虎坊桥路口东
57,13,30,2019-06-04 07:03:01,1,牛街路口东,双花园
57,14,18,2019-06-04 07:05:01,1,菜市口西,过街楼
57,14,20,2019-06-04 07:05:01,1,菜市口西,桥湾
57,14,29,2019-06-04 07:05:01,1,菜市口西,双井桥北
57,14,28,2019-06-04 07:05:01,1,菜市口西,垂杨柳
57,14,33,2019-06-04 07:05:01,1,菜市口西,郎家园
57,14,31,2019-06-04 07:05:01,1,菜市口西,大北窑南
57,14,34,2019-06-04 07:05:01,1,菜市口西,四惠枢纽站
57,14,32,2019-06-04 07:05:01,1,菜市口西,大北窑东
57,14,29,2019-06-04 07:05:01,1,菜市口西,双井桥北
57,14,31,2019-06-04 07:05:01,1,菜市口西,大北窑南
57,14,31,2019-06-04 07:05:01,1,菜市口西,大北窑南
57,15,15,2019-06-04 07:06:01,1,虎坊桥路口西,虎坊桥路口西
57,15,17,2019-06-04 07:08:01,1,虎坊桥路口西,板章路
57,15,26,2019-06-04 07:08:01,1,虎坊桥路口西,广渠门内
57,15,31,2019-06-04 07:08:01,1,虎坊桥路口西,大北窑南
57,16,24,2019-06-04 07:09:01,1,虎坊桥路口东,培新街
57,16,20,2019-06-04 07:09:01,1,虎坊桥路口东,桥湾
57,16,33,2019-06-04 07:09:01,1,虎坊桥路口东,郎家园
57,16,20,2019-06-04 07:09:01,1,虎坊桥路口东,桥湾
57,16,28,2019-06-04 07:09:01,1,虎坊桥路口东,垂杨柳
57,16,29,2019-06-04 07:09:01,1,虎坊桥路口东,双井桥北
57,16,31,2019-06-04 07:09:01,1,虎坊桥路口东,大北窑南
57,16,20,2019-06-04 07:09:01,1,虎坊桥路口东,桥湾
57,16,29,2019-06-04 07:09:01,1,虎坊桥路口东,双井桥北
57,16,27,2019-06-04 07:09:01,1,虎坊桥路口东,马圈
57,16,23,2019-06-04 07:09:01,1,虎坊桥路口东,榄杆市
57,17,20,2019-06-04 07:10:01,1,板章路,桥湾
57,17,31,2019-06-04 07:10:01,1,板章路,大北窑南
57,17,31,2019-06-04 07:11:01,1,板章路,大北窑南
57,19,25,2019-06-04 07:13:01,1,东城三里河,安化楼
57,19,26,2019-06-04 07:13:01,1,东城三里河,广渠门内
57,19,22,2019-06-04 07:13:01,1,东城三里河,磁器口西
57,19,29,2019-06-04 07:13:01,1,东城三里河,双井桥北
57,19,24,2019-06-04 07:13:01,1,东城三里河,培新街
57,20,23,2019-06-04 07:14:01,1,桥湾,榄杆市
57,20,29,2019-06-04 07:14:01,1,桥湾,双井桥北
57,21,29,2019-06-04 07:15:01,1,水道子,双井桥北
57,23,26,2019-06-04 07:16:01,1,榄杆市,广渠门内
57,22,22,2019-06-04 07:16:01,1,磁器口西,磁器口西
57,23,23,2019-06-04 07:16:01,1,榄杆市,榄杆市
57,23,26,2019-06-04 07:18:01,1,榄杆市,广渠门内
57,23,23,2019-06-04 07:18:01,1,榄杆市,榄杆市
57,23,25,2019-06-04 07:18:01,1,榄杆市,安化楼
57,24,29,2019-06-04 07:21:01,1,培新街,双井桥北
57,24,26,2019-06-04 07:21:01,1,培新街,广渠门内
57,24,28,2019-06-04 07:21:01,1,培新街,垂杨柳
57,24,28,2019-06-04 07:21:01,1,培新街,垂杨柳
57,24,31,2019-06-04 07:21:01,1,培新街,大北窑南
57,24,29,2019-06-04 07:21:01,1,培新街,双井桥北
57,24,29,2019-06-04 07:21:01,1,培新街,双井桥北
57,24,28,2019-06-04 07:21:01,1,培新街,垂杨柳
57,25,25,2019-06-04 07:22:01,1,安化楼,安化楼
57,24,27,2019-06-04 07:22:01,1,培新街,马圈
57,25,25,2019-06-04 07:23:01,1,安化楼,安化楼
57,25,28,2019-06-04 07:23:01,1,安化楼,垂杨柳
57,25,31,2019-06-04 07:23:01,1,安化楼,大北窑南
57,25,29,2019-06-04 07:23:01,1,安化楼,双井桥北
57,25,31,2019-06-04 07:23:01,1,安化楼,大北窑南
57,25,33,2019-06-04 07:23:01,1,安化楼,郎家园
57,25,33,2019-06-04 07:23:01,1,安化楼,郎家园
57,25,29,2019-06-04 07:23:01,1,安化楼,双井桥北
57,26,33,2019-06-04 07:24:01,1,广渠门内,郎家园
57,26,34,2019-06-04 07:24:01,1,广渠门内,四惠枢纽站
57,26,34,2019-06-04 07:24:01,1,广渠门内,四惠枢纽站
57,26,32,2019-06-04 07:24:01,1,广渠门内,大北窑东
57,26,31,2019-06-04 07:24:01,1,广渠门内,大北窑南
57,26,33,2019-06-04 07:24:01,1,广渠门内,郎家园
57,26,31,2019-06-04 07:24:01,1,广渠门内,大北窑南
57,26,31,2019-06-04 07:24:01,1,广渠门内,大北窑南
57,26,31,2019-06-04 07:24:01,1,广渠门内,大北窑南
57,26,33,2019-06-04 07:24:01,1,广渠门内,郎家园
57,26,32,2019-06-04 07:24:01,1,广渠门内,大北窑东
57,27,31,2019-06-04 07:27:01,1,马圈,大北窑南
57,27,32,2019-06-04 07:27:01,1,马圈,大北窑东
57,27,32,2019-06-04 07:27:01,1,马圈,大北窑东
57,27,29,2019-06-04 07:27:01,1,马圈,双井桥北
57,27,29,2019-06-04 07:27:01,1,马圈,双井桥北
57,27,28,2019-06-04 07:27:01,1,马圈,垂杨柳
57,28,33,2019-06-04 07:28:01,1,垂杨柳,郎家园
57,28,31,2019-06-04 07:28:01,1,垂杨柳,大北窑南
57,28,28,2019-06-04 07:28:01,1,垂杨柳,垂杨柳
57,28,34,2019-06-04 07:28:01,1,垂杨柳,四惠枢纽站
57,28,34,2019-06-04 07:28:01,1,垂杨柳,四惠枢纽站
57,29,33,2019-06-04 07:36:01,1,双井桥北,郎家园
57,29,33,2019-06-04 07:36:01,1,双井桥北,郎家园
57,30,33,2019-06-04 07:37:01,1,双花园,郎家园
57,31,34,2019-06-04 07:42:01,1,大北窑南,四惠枢纽站
57,31,34,2019-06-04 07:42:01,1,大北窑南,四惠枢纽站
57,31,34,2019-06-04 07:42:01,1,大北窑南,四惠枢纽站
57,31,33,2019-06-04 07:42:01,1,大北窑南,郎家园
57,31,34,2019-06-04 07:42:01,1,大北窑南,四惠枢纽站
57,31,34,2019-06-04 07:42:01,1,大北窑南,四惠枢纽站
57,31,34,2019-06-04 07:42:01,1,大北窑南,四惠枢纽站
57,31,34,2019-06-04 07:42:01,1,大北窑南,四惠枢纽站
57,31,34,2019-06-04 07:42:01,1,大北窑南,四惠枢纽站
57,31,32,2019-06-04 07:42:01,1,大北窑南,大北窑东
57,31,34,2019-06-04 07:42:01,1,大北窑南,四惠枢纽站
57,31,34,2019-06-04 07:42:01,1,大北窑南,四惠枢纽站
57,31,33,2019-06-04 07:42:01,1,大北窑南,郎家园
57,31,34,2019-06-04 07:42:01,1,大北窑南,四惠枢纽站
57,32,32,2019-06-04 07:44:01,1,大北窑东,大北窑东
57,32,34,2019-06-04 07:44:01,1,大北窑东,四惠枢纽站
57,33,34,2019-06-04 07:45:01,1,郎家园,四惠枢纽站
57,16,33,2019-06-04 06:32:01,1,虎坊桥路口东,郎家园
57,16,24,2019-06-04 06:33:01,1,虎坊桥路口东,培新街
57,16,33,2019-06-04 06:33:01,1,虎坊桥路口东,郎家园
57,17,23,2019-06-04 06:34:01,1,板章路,榄杆市
57,17,22,2019-06-04 06:34:01,1,板章路,磁器口西
57,22,26,2019-06-04 06:38:01,1,磁器口西,广渠门内
57,22,31,2019-06-04 06:38:01,1,磁器口西,大北窑南
57,23,27,2019-06-04 06:41:01,1,榄杆市,马圈
57,23,27,2019-06-04 06:41:01,1,榄杆市,马圈
57,23,27,2019-06-04 06:41:01,1,榄杆市,马圈
57,23,34,2019-06-04 06:41:01,1,榄杆市,四惠枢纽站
57,23,34,2019-06-04 06:41:01,1,榄杆市,四惠枢纽站
57,24,31,2019-06-04 06:43:01,1,培新街,大北窑南
57,24,29,2019-06-04 06:43:01,1,培新街,双井桥北
57,24,27,2019-06-04 06:43:01,1,培新街,马圈
57,24,29,2019-06-04 06:43:01,1,培新街,双井桥北
57,24,32,2019-06-04 06:43:01,1,培新街,大北窑东
57,25,29,2019-06-04 06:45:01,1,安化楼,双井桥北
57,25,28,2019-06-04 06:45:01,1,安化楼,垂杨柳
57,25,31,2019-06-04 06:45:01,1,安化楼,大北窑南
57,25,29,2019-06-04 06:45:01,1,安化楼,双井桥北
57,26,29,2019-06-04 06:45:01,1,广渠门内,双井桥北
57,25,28,2019-06-04 06:45:01,1,安化楼,垂杨柳
57,25,32,2019-06-04 06:45:01,1,安化楼,大北窑东
57,26,29,2019-06-04 06:46:01,1,广渠门内,双井桥北
57,26,29,2019-06-04 06:46:01,1,广渠门内,双井桥北
57,26,27,2019-06-04 06:46:01,1,广渠门内,马圈
57,26,33,2019-06-04 06:46:01,1,广渠门内,郎家园
57,26,32,2019-06-04 06:46:01,1,广渠门内,大北窑东
57,28,34,2019-06-04 06:49:01,1,垂杨柳,四惠枢纽站
57,29,31,2019-06-04 06:54:01,1,双井桥北,大北窑南
57,30,34,2019-06-04 06:55:01,1,双花园,四惠枢纽站
57,30,34,2019-06-04 06:55:01,1,双花园,四惠枢纽站
57,30,34,2019-06-04 06:55:01,1,双花园,四惠枢纽站
57,31,32,2019-06-04 06:57:01,1,大北窑南,大北窑东
57,31,31,2019-06-04 06:57:01,1,大北窑南,大北窑南
57,1,9,2019-06-04 08:56:01,1,靛厂新村,莲花池
57,1,9,2019-06-04 08:56:01,1,靛厂新村,莲花池
57,1,9,2019-06-04 08:56:01,1,靛厂新村,莲花池
57,1,6,2019-06-04 08:56:01,1,靛厂新村,小井路口东
57,1,7,2019-06-04 08:56:01,1,靛厂新村,六里桥西
57,1,7,2019-06-04 08:56:01,1,靛厂新村,六里桥西
57,1,13,2019-06-04 08:56:01,1,靛厂新村,牛街路口东
57,1,13,2019-06-04 08:56:01,1,靛厂新村,牛街路口东
57,1,11,2019-06-04 08:57:01,1,靛厂新村,达官营
57,1,11,2019-06-04 08:57:01,1,靛厂新村,达官营
57,1,1,2019-06-04 08:57:01,1,靛厂新村,靛厂新村
57,1,7,2019-06-04 08:57:01,1,靛厂新村,六里桥西
57,1,17,2019-06-04 08:57:01,1,靛厂新村,板章路
57,1,13,2019-06-04 08:57:01,1,靛厂新村,牛街路口东
57,2,7,2019-06-04 08:58:01,1,岳各庄东路北口,六里桥西
57,2,7,2019-06-04 08:58:01,1,岳各庄东路北口,六里桥西
57,2,6,2019-06-04 08:58:01,1,岳各庄东路北口,小井路口东
57,2,6,2019-06-04 08:58:01,1,岳各庄东路北口,小井路口东
57,3,9,2019-06-04 09:01:01,1,靛厂村南站,莲花池
57,3,13,2019-06-04 09:01:01,1,靛厂村南站,牛街路口东
57,3,12,2019-06-04 09:01:01,1,靛厂村南站,广安门内
57,3,5,2019-06-04 09:01:01,1,靛厂村南站,白塔村
57,3,23,2019-06-04 09:01:01,1,靛厂村南站,榄杆市
57,3,15,2019-06-04 09:01:01,1,靛厂村南站,虎坊桥路口西
57,4,26,2019-06-04 09:02:01,1,水衙沟路东口,广渠门内
57,4,26,2019-06-04 09:02:01,1,水衙沟路东口,广渠门内
57,4,29,2019-06-04 09:02:01,1,水衙沟路东口,双井桥北
57,4,10,2019-06-04 09:02:01,1,水衙沟路东口,湾子
57,4,9,2019-06-04 09:02:01,1,水衙沟路东口,莲花池
57,4,8,2019-06-04 09:02:01,1,水衙沟路东口,六里桥东
57,4,10,2019-06-04 09:02:01,1,水衙沟路东口,湾子
57,4,7,2019-06-04 09:02:01,1,水衙沟路东口,六里桥西
57,4,7,2019-06-04 09:02:01,1,水衙沟路东口,六里桥西
57,4,6,2019-06-04 09:02:01,1,水衙沟路东口,小井路口东
57,4,8,2019-06-04 09:02:01,1,水衙沟路东口,六里桥东
57,4,26,2019-06-04 09:02:01,1,水衙沟路东口,广渠门内
57,4,13,2019-06-04 09:02:01,1,水衙沟路东口,牛街路口东
57,4,13,2019-06-04 09:02:01,1,水衙沟路东口,牛街路口东
57,6,24,2019-06-04 09:06:01,1,小井路口东,培新街
57,6,10,2019-06-04 09:06:01,1,小井路口东,湾子
57,6,16,2019-06-04 09:06:01,1,小井路口东,虎坊桥路口东
57,6,10,2019-06-04 09:07:01,1,小井路口东,湾子
57,6,7,2019-06-04 09:07:01,1,小井路口东,六里桥西
57,7,24,2019-06-04 09:09:01,1,六里桥西,培新街
57,7,13,2019-06-04 09:09:01,1,六里桥西,牛街路口东
57,7,22,2019-06-04 09:10:01,1,六里桥西,磁器口西
57,7,22,2019-06-04 09:10:01,1,六里桥西,磁器口西
57,7,23,2019-06-04 09:10:01,1,六里桥西,榄杆市
57,8,31,2019-06-04 09:11:01,1,六里桥东,大北窑南
57,8,33,2019-06-04 09:11:01,1,六里桥东,郎家园
57,8,31,2019-06-04 09:11:01,1,六里桥东,大北窑南
57,8,31,2019-06-04 09:11:01,1,六里桥东,大北窑南
57,8,21,2019-06-04 09:11:01,1,六里桥东,水道子
57,8,8,2019-06-04 09:11:01,1,六里桥东,六里桥东
57,8,10,2019-06-04 09:11:01,1,六里桥东,湾子
57,8,12,2019-06-04 09:11:01,1,六里桥东,广安门内
57,8,12,2019-06-04 09:11:01,1,六里桥东,广安门内
57,8,12,2019-06-04 09:11:01,1,六里桥东,广安门内
57,8,27,2019-06-04 09:11:01,1,六里桥东,马圈
57,8,27,2019-06-04 09:11:01,1,六里桥东,马圈
57,8,17,2019-06-04 09:11:01,1,六里桥东,板章路
57,8,17,2019-06-04 09:11:01,1,六里桥东,板章路
57,8,17,2019-06-04 09:11:01,1,六里桥东,板章路
57,8,22,2019-06-04 09:11:01,1,六里桥东,磁器口西
57,8,13,2019-06-04 09:11:01,1,六里桥东,牛街路口东
57,8,25,2019-06-04 09:12:01,1,六里桥东,安化楼
57,8,26,2019-06-04 09:12:01,1,六里桥东,广渠门内
57,8,24,2019-06-04 09:12:01,1,六里桥东,培新街
57,8,26,2019-06-04 09:12:01,1,六里桥东,广渠门内
57,8,8,2019-06-04 09:12:01,1,六里桥东,六里桥东
57,8,10,2019-06-04 09:12:01,1,六里桥东,湾子
57,8,9,2019-06-04 09:12:01,1,六里桥东,莲花池
57,8,9,2019-06-04 09:12:01,1,六里桥东,莲花池
57,8,9,2019-06-04 09:12:01,1,六里桥东,莲花池
57,8,10,2019-06-04 09:12:01,1,六里桥东,湾子
57,8,9,2019-06-04 09:12:01,1,六里桥东,莲花池
57,8,8,2019-06-04 09:12:01,1,六里桥东,六里桥东
57,8,21,2019-06-04 09:12:01,1,六里桥东,水道子
57,8,28,2019-06-04 09:12:01,1,六里桥东,垂杨柳
57,8,22,2019-06-04 09:12:01,1,六里桥东,磁器口西
57,8,13,2019-06-04 09:12:01,1,六里桥东,牛街路口东
57,9,29,2019-06-04 09:17:01,1,莲花池,双井桥北
57,9,22,2019-06-04 09:17:01,1,莲花池,磁器口西
57,9,12,2019-06-04 09:17:01,1,莲花池,广安门内
57,9,10,2019-06-04 09:17:01,1,莲花池,湾子
57,9,18,2019-06-04 09:17:01,1,莲花池,过街楼
57,9,12,2019-06-04 09:17:01,1,莲花池,广安门内
57,10,31,2019-06-04 09:20:01,1,湾子,大北窑南
57,10,22,2019-06-04 09:20:01,1,湾子,磁器口西
57,10,34,2019-06-04 09:20:01,1,湾子,四惠枢纽站
57,10,10,2019-06-04 09:20:01,1,湾子,湾子
57,10,10,2019-06-04 09:20:01,1,湾子,湾子
57,10,10,2019-06-04 09:20:01,1,湾子,湾子
57,10,22,2019-06-04 09:20:01,1,湾子,磁器口西
57,11,33,2019-06-04 09:23:01,1,达官营,郎家园
57,11,20,2019-06-04 09:23:01,1,达官营,桥湾
57,11,24,2019-06-04 09:23:01,1,达官营,培新街
57,11,31,2019-06-04 09:23:01,1,达官营,大北窑南
57,11,22,2019-06-04 09:23:01,1,达官营,磁器口西
57,11,12,2019-06-04 09:23:01,1,达官营,广安门内
57,11,11,2019-06-04 09:23:01,1,达官营,达官营
57,11,12,2019-06-04 09:23:01,1,达官营,广安门内
57,11,11,2019-06-04 09:23:01,1,达官营,达官营
57,11,17,2019-06-04 09:23:01,1,达官营,板章路
57,12,21,2019-06-04 09:23:01,1,广安门内,水道子
57,12,24,2019-06-04 09:25:01,1,广安门内,培新街
57,12,26,2019-06-04 09:25:01,1,广安门内,广渠门内
57,12,31,2019-06-04 09:25:01,1,广安门内,大北窑南
57,12,22,2019-06-04 09:25:01,1,广安门内,磁器口西
57,12,24,2019-06-04 09:25:01,1,广安门内,培新街
57,12,33,2019-06-04 09:25:01,1,广安门内,郎家园
57,12,31,2019-06-04 09:25:01,1,广安门内,大北窑南
57,12,27,2019-06-04 09:25:01,1,广安门内,马圈
57,12,33,2019-06-04 09:25:01,1,广安门内,郎家园
57,12,27,2019-06-04 09:25:01,1,广安门内,马圈
57,12,23,2019-06-04 09:25:01,1,广安门内,榄杆市
57,13,26,2019-06-04 09:28:01,1,牛街路口东,广渠门内
57,13,25,2019-06-04 09:28:01,1,牛街路口东,安化楼
57,13,28,2019-06-04 09:28:01,1,牛街路口东,垂杨柳
57,13,22,2019-06-04 09:28:01,1,牛街路口东,磁器口西
57,13,19,2019-06-04 09:28:01,1,牛街路口东,东城三里河
57,13,18,2019-06-04 09:28:01,1,牛街路口东,过街楼
57,13,19,2019-06-04 09:28:01,1,牛街路口东,东城三里河
57,13,24,2019-06-04 09:28:01,1,牛街路口东,培新街
57,13,24,2019-06-04 09:28:01,1,牛街路口东,培新街
57,13,24,2019-06-04 09:28:01,1,牛街路口东,培新街
57,13,16,2019-06-04 09:28:01,1,牛街路口东,虎坊桥路口东
57,13,13,2019-06-04 09:28:01,1,牛街路口东,牛街路口东
57,13,13,2019-06-04 09:28:01,1,牛街路口东,牛街路口东
57,13,14,2019-06-04 09:29:01,1,牛街路口东,菜市口西
57,8,34,2019-06-04 06:30:01,1,六里桥东,四惠枢纽站
57,8,32,2019-06-04 06:30:01,1,六里桥东,大北窑东
57,8,31,2019-06-04 06:30:01,1,六里桥东,大北窑南
57,8,10,2019-06-04 06:30:01,1,六里桥东,湾子
57,8,14,2019-06-04 06:30:01,1,六里桥东,菜市口西
57,8,13,2019-06-04 06:30:01,1,六里桥东,牛街路口东
57,8,26,2019-06-04 06:30:01,1,六里桥东,广渠门内
57,8,19,2019-06-04 06:30:01,1,六里桥东,东城三里河
57,8,8,2019-06-04 06:30:01,1,六里桥东,六里桥东
57,8,8,2019-06-04 06:30:01,1,六里桥东,六里桥东
57,8,10,2019-06-04 06:30:01,1,六里桥东,湾子
57,9,22,2019-06-04 06:35:01,1,莲花池,磁器口西
57,10,14,2019-06-04 06:38:01,1,湾子,菜市口西
57,10,13,2019-06-04 06:38:01,1,湾子,牛街路口东
57,10,13,2019-06-04 06:38:01,1,湾子,牛街路口东
57,10,12,2019-06-04 06:38:01,1,湾子,广安门内
57,10,24,2019-06-04 06:38:01,1,湾子,培新街
57,10,23,2019-06-04 06:38:01,1,湾子,榄杆市
57,10,22,2019-06-04 06:38:01,1,湾子,磁器口西
57,10,12,2019-06-04 06:39:01,1,湾子,广安门内
57,10,17,2019-06-04 06:39:01,1,湾子,板章路
57,10,22,2019-06-04 06:39:01,1,湾子,磁器口西
57,11,34,2019-06-04 06:40:01,1,达官营,四惠枢纽站
57,11,29,2019-06-04 06:40:01,1,达官营,双井桥北
57,11,15,2019-06-04 06:40:01,1,达官营,虎坊桥路口西
57,11,15,2019-06-04 06:40:01,1,达官营,虎坊桥路口西
57,11,15,2019-06-04 06:40:01,1,达官营,虎坊桥路口西
57,11,12,2019-06-04 06:40:01,1,达官营,广安门内
57,11,13,2019-06-04 06:40:01,1,达官营,牛街路口东
57,11,20,2019-06-04 06:40:01,1,达官营,桥湾
57,11,27,2019-06-04 06:40:01,1,达官营,马圈
57,13,31,2019-06-04 06:43:01,1,牛街路口东,大北窑南
57,13,27,2019-06-04 06:43:01,1,牛街路口东,马圈
57,13,31,2019-06-04 06:46:01,1,牛街路口东,大北窑南
57,13,29,2019-06-04 06:46:01,1,牛街路口东,双井桥北
57,13,14,2019-06-04 06:46:01,1,牛街路口东,菜市口西
57,14,32,2019-06-04 06:48:01,1,菜市口西,大北窑东
57,14,32,2019-06-04 06:48:01,1,菜市口西,大北窑东
57,14,34,2019-06-04 06:48:01,1,菜市口西,四惠枢纽站
57,14,14,2019-06-04 06:48:01,1,菜市口西,菜市口西
57,14,20,2019-06-04 06:48:01,1,菜市口西,桥湾
57,15,31,2019-06-04 06:52:01,1,虎坊桥路口西,大北窑南
57,15,27,2019-06-04 06:52:01,1,虎坊桥路口西,马圈
57,16,33,2019-06-04 06:53:01,1,虎坊桥路口东,郎家园
57,16,30,2019-06-04 06:54:01,1,虎坊桥路口东,双花园
57,17,34,2019-06-04 06:55:01,1,板章路,四惠枢纽站
57,17,28,2019-06-04 06:55:01,1,板章路,垂杨柳
57,17,29,2019-06-04 06:58:01,1,板章路,双井桥北
57,17,32,2019-06-04 06:58:01,1,板章路,大北窑东
57,18,29,2019-06-04 06:59:01,1,过街楼,双井桥北
57,18,30,2019-06-04 06:59:01,1,过街楼,双花园
57,19,31,2019-06-04 07:00:01,1,东城三里河,大北窑南
57,19,27,2019-06-04 07:00:01,1,东城三里河,马圈
57,21,30,2019-06-04 07:02:01,1,水道子,双花园
57,22,22,2019-06-04 07:02:01,1,磁器口西,磁器口西
57,24,34,2019-06-04 07:07:01,1,培新街,四惠枢纽站
57,24,24,2019-06-04 07:07:01,1,培新街,培新街
57,25,29,2019-06-04 07:08:01,1,安化楼,双井桥北
57,25,31,2019-06-04 07:08:01,1,安化楼,大北窑南
57,27,29,2019-06-04 07:10:01,1,马圈,双井桥北
57,27,34,2019-06-04 07:10:01,1,马圈,四惠枢纽站
57,27,29,2019-06-04 07:10:01,1,马圈,双井桥北
57,29,34,2019-06-04 07:12:01,1,双井桥北,四惠枢纽站
57,29,33,2019-06-04 07:12:01,1,双井桥北,郎家园
57,30,33,2019-06-04 07:16:01,1,双花园,郎家园
57,31,31,2019-06-04 07:18:01,1,大北窑南,大北窑南
57,31,33,2019-06-04 07:20:01,1,大北窑南,郎家园
57,31,32,2019-06-04 07:20:01,1,大北窑南,大北窑东
57,31,33,2019-06-04 07:20:01,1,大北窑南,郎家园
57,31,32,2019-06-04 07:20:01,1,大北窑南,大北窑东
57,31,33,2019-06-04 07:20:01,1,大北窑南,郎家园
57,32,34,2019-06-04 07:22:01,1,大北窑东,四惠枢纽站
57,33,33,2019-06-04 07:22:01,1,郎家园,郎家园
57,1,12,2019-06-04 09:27:01,1,靛厂新村,广安门内
57,1,4,2019-06-04 09:27:01,1,靛厂新村,水衙沟路东口
57,1,12,2019-06-04 09:27:01,1,靛厂新村,广安门内
57,1,12,2019-06-04 09:27:01,1,靛厂新村,广安门内
57,1,16,2019-06-04 09:27:01,1,靛厂新村,虎坊桥路口东
57,1,12,2019-06-04 09:27:01,1,靛厂新村,广安门内
57,1,16,2019-06-04 09:27:01,1,靛厂新村,虎坊桥路口东
57,1,4,2019-06-04 09:27:01,1,靛厂新村,水衙沟路东口
57,1,10,2019-06-04 09:27:01,1,靛厂新村,湾子
57,2,5,2019-06-04 09:29:01,1,岳各庄东路北口,白塔村
57,2,3,2019-06-04 09:29:01,1,岳各庄东路北口,靛厂村南站
57,2,3,2019-06-04 09:29:01,1,岳各庄东路北口,靛厂村南站
57,2,7,2019-06-04 09:29:01,1,岳各庄东路北口,六里桥西
57,2,5,2019-06-04 09:29:01,1,岳各庄东路北口,白塔村
57,14,14,2019-06-04 06:30:01,1,菜市口西,菜市口西
57,14,19,2019-06-04 06:31:01,1,菜市口西,东城三里河
57,14,19,2019-06-04 06:31:01,1,菜市口西,东城三里河
57,15,19,2019-06-04 06:32:01,1,虎坊桥路口西,东城三里河
57,16,20,2019-06-04 06:37:01,1,虎坊桥路口东,桥湾
57,16,20,2019-06-04 06:37:01,1,虎坊桥路口东,桥湾
57,1,7,2019-06-04 07:59:01,1,靛厂新村,六里桥西
57,12,15,2019-06-04 08:01:01,1,广安门内,虎坊桥路口西
57,12,14,2019-06-04 08:01:01,1,广安门内,菜市口西
57,12,16,2019-06-04 08:01:01,1,广安门内,虎坊桥路口东
57,12,15,2019-06-04 08:01:01,1,广安门内,虎坊桥路口西
57,12,12,2019-06-04 08:01:01,1,广安门内,广安门内
57,12,21,2019-06-04 08:01:01,1,广安门内,水道子
57,12,12,2019-06-04 08:01:01,1,广安门内,广安门内
57,12,12,2019-06-04 08:01:01,1,广安门内,广安门内
57,12,18,2019-06-04 08:01:01,1,广安门内,过街楼
57,12,20,2019-06-04 08:01:01,1,广安门内,桥湾
57,12,22,2019-06-04 08:03:01,1,广安门内,磁器口西
57,12,22,2019-06-04 08:03:01,1,广安门内,磁器口西
57,12,19,2019-06-04 08:03:01,1,广安门内,东城三里河
57,12,20,2019-06-04 08:03:01,1,广安门内,桥湾
57,12,18,2019-06-04 08:05:01,1,广安门内,过街楼
57,12,17,2019-06-04 08:05:01,1,广安门内,板章路
57,12,15,2019-06-04 08:05:01,1,广安门内,虎坊桥路口西
57,12,22,2019-06-04 08:05:01,1,广安门内,磁器口西
57,12,21,2019-06-04 08:05:01,1,广安门内,水道子
57,12,23,2019-06-04 08:05:01,1,广安门内,榄杆市
57,12,23,2019-06-04 08:05:01,1,广安门内,榄杆市
57,12,18,2019-06-04 08:05:01,1,广安门内,过街楼
57,12,18,2019-06-04 08:05:01,1,广安门内,过街楼
57,12,17,2019-06-04 08:05:01,1,广安门内,板章路
57,12,22,2019-06-04 08:08:01,1,广安门内,磁器口西
57,12,23,2019-06-04 08:08:01,1,广安门内,榄杆市
57,12,21,2019-06-04 08:08:01,1,广安门内,水道子
57,12,23,2019-06-04 08:08:01,1,广安门内,榄杆市
57,12,19,2019-06-04 08:08:01,1,广安门内,东城三里河
57,12,20,2019-06-04 08:08:01,1,广安门内,桥湾
57,12,19,2019-06-04 08:08:01,1,广安门内,东城三里河
57,12,15,2019-06-04 08:12:01,1,广安门内,虎坊桥路口西
57,12,13,2019-06-04 08:12:01,1,广安门内,牛街路口东
57,12,15,2019-06-04 08:12:01,1,广安门内,虎坊桥路口西
57,12,12,2019-06-04 08:12:01,1,广安门内,广安门内
57,12,15,2019-06-04 08:12:01,1,广安门内,虎坊桥路口西
57,12,20,2019-06-04 08:12:01,1,广安门内,桥湾
57,12,21,2019-06-04 08:12:01,1,广安门内,水道子
57,12,21,2019-06-04 08:12:01,1,广安门内,水道子
57,12,23,2019-06-04 08:12:01,1,广安门内,榄杆市
57,12,19,2019-06-04 08:12:01,1,广安门内,东城三里河
57,12,18,2019-06-04 08:12:01,1,广安门内,过街楼
57,12,20,2019-06-04 08:12:01,1,广安门内,桥湾
57,12,19,2019-06-04 08:12:01,1,广安门内,东城三里河
57,12,12,2019-06-04 08:14:01,1,广安门内,广安门内
57,12,15,2019-06-04 08:14:01,1,广安门内,虎坊桥路口西
57,12,13,2019-06-04 08:14:01,1,广安门内,牛街路口东
57,12,15,2019-06-04 08:14:01,1,广安门内,虎坊桥路口西
57,12,15,2019-06-04 08:14:01,1,广安门内,虎坊桥路口西
57,12,17,2019-06-04 08:14:01,1,广安门内,板章路
57,12,17,2019-06-04 08:14:01,1,广安门内,板章路
57,12,13,2019-06-04 08:14:01,1,广安门内,牛街路口东
57,12,21,2019-06-04 08:14:01,1,广安门内,水道子
57,12,23,2019-06-04 08:14:01,1,广安门内,榄杆市
57,12,20,2019-06-04 08:14:01,1,广安门内,桥湾
57,12,19,2019-06-04 08:14:01,1,广安门内,东城三里河
57,12,18,2019-06-04 08:14:01,1,广安门内,过街楼
57,12,19,2019-06-04 08:14:01,1,广安门内,东城三里河
57,12,19,2019-06-04 08:14:01,1,广安门内,东城三里河
57,12,18,2019-06-04 08:14:01,1,广安门内,过街楼
57,12,20,2019-06-04 08:14:01,1,广安门内,桥湾
57,12,19,2019-06-04 08:14:01,1,广安门内,东城三里河
57,12,19,2019-06-04 08:14:01,1,广安门内,东城三里河
57,12,19,2019-06-04 08:17:01,1,广安门内,东城三里河
57,12,19,2019-06-04 08:17:01,1,广安门内,东城三里河
57,13,17,2019-06-04 08:18:01,1,牛街路口东,板章路
57,13,13,2019-06-04 08:18:01,1,牛街路口东,牛街路口东
57,13,17,2019-06-04 08:18:01,1,牛街路口东,板章路
57,13,15,2019-06-04 08:18:01,1,牛街路口东,虎坊桥路口西
57,13,17,2019-06-04 08:18:01,1,牛街路口东,板章路
57,13,15,2019-06-04 08:18:01,1,牛街路口东,虎坊桥路口西
57,14,23,2019-06-04 08:19:01,1,菜市口西,榄杆市
57,15,19,2019-06-04 08:22:01,1,虎坊桥路口西,东城三里河
57,15,20,2019-06-04 08:22:01,1,虎坊桥路口西,桥湾
57,15,19,2019-06-04 08:22:01,1,虎坊桥路口西,东城三里河
57,15,19,2019-06-04 08:22:01,1,虎坊桥路口西,东城三里河
57,15,15,2019-06-04 08:23:01,1,虎坊桥路口西,虎坊桥路口西
57,15,15,2019-06-04 08:23:01,1,虎坊桥路口西,虎坊桥路口西
57,15,17,2019-06-04 08:23:01,1,虎坊桥路口西,板章路
57,15,20,2019-06-04 08:23:01,1,虎坊桥路口西,桥湾
57,15,17,2019-06-04 08:23:01,1,虎坊桥路口西,板章路
57,16,17,2019-06-04 08:24:01,1,虎坊桥路口东,板章路
57,16,22,2019-06-04 08:24:01,1,虎坊桥路口东,磁器口西
57,16,19,2019-06-04 08:24:01,1,虎坊桥路口东,东城三里河
57,16,19,2019-06-04 08:24:01,1,虎坊桥路口东,东城三里河
57,16,18,2019-06-04 08:24:01,1,虎坊桥路口东,过街楼
57,16,19,2019-06-04 08:24:01,1,虎坊桥路口东,东城三里河
57,16,18,2019-06-04 08:24:01,1,虎坊桥路口东,过街楼
57,16,16,2019-06-04 08:24:01,1,虎坊桥路口东,虎坊桥路口东
57,17,22,2019-06-04 08:26:01,1,板章路,磁器口西
57,17,22,2019-06-04 08:26:01,1,板章路,磁器口西
57,17,21,2019-06-04 08:26:01,1,板章路,水道子
57,17,18,2019-06-04 08:26:01,1,板章路,过街楼
57,17,19,2019-06-04 08:26:01,1,板章路,东城三里河
57,17,20,2019-06-04 08:26:01,1,板章路,桥湾
57,19,21,2019-06-04 08:28:01,1,东城三里河,水道子
57,19,22,2019-06-04 08:28:01,1,东城三里河,磁器口西
57,18,21,2019-06-04 08:28:01,1,过街楼,水道子
57,18,20,2019-06-04 08:28:01,1,过街楼,桥湾
57,18,19,2019-06-04 08:28:01,1,过街楼,东城三里河
57,18,20,2019-06-04 08:28:01,1,过街楼,桥湾
57,19,21,2019-06-04 08:28:01,1,东城三里河,水道子
57,18,18,2019-06-04 08:28:01,1,过街楼,过街楼
57,19,20,2019-06-04 08:28:01,1,东城三里河,桥湾
57,18,18,2019-06-04 08:28:01,1,过街楼,过街楼
57,19,21,2019-06-04 08:29:01,1,东城三里河,水道子
57,19,20,2019-06-04 08:29:01,1,东城三里河,桥湾
57,19,21,2019-06-04 08:29:01,1,东城三里河,水道子
57,19,19,2019-06-04 08:29:01,1,东城三里河,东城三里河
57,19,19,2019-06-04 08:29:01,1,东城三里河,东城三里河
57,19,20,2019-06-04 08:29:01,1,东城三里河,桥湾
57,19,21,2019-06-04 08:29:01,1,东城三里河,水道子
57,19,20,2019-06-04 08:29:01,1,东城三里河,桥湾
57,19,20,2019-06-04 08:29:01,1,东城三里河,桥湾
57,19,21,2019-06-04 08:31:01,1,东城三里河,水道子
57,19,23,2019-06-04 08:31:01,1,东城三里河,榄杆市
57,19,22,2019-06-04 08:31:01,1,东城三里河,磁器口西
57,19,22,2019-06-04 08:31:01,1,东城三里河,磁器口西
57,19,21,2019-06-04 08:31:01,1,东城三里河,水道子
57,19,23,2019-06-04 08:31:01,1,东城三里河,榄杆市
57,19,20,2019-06-04 08:31:01,1,东城三里河,桥湾
57,19,22,2019-06-04 08:32:01,1,东城三里河,磁器口西
57,19,20,2019-06-04 08:32:01,1,东城三里河,桥湾
57,20,22,2019-06-04 08:33:01,1,桥湾,磁器口西
57,20,21,2019-06-04 08:33:01,1,桥湾,水道子
57,20,22,2019-06-04 08:33:01,1,桥湾,磁器口西
57,20,21,2019-06-04 08:33:01,1,桥湾,水道子
57,20,20,2019-06-04 08:33:01,1,桥湾,桥湾
57,20,20,2019-06-04 08:33:01,1,桥湾,桥湾
57,20,22,2019-06-04 08:40:01,1,桥湾,磁器口西
57,20,22,2019-06-04 08:40:01,1,桥湾,磁器口西
57,21,21,2019-06-04 08:41:01,1,水道子,水道子
57,21,21,2019-06-04 08:41:01,1,水道子,水道子
57,21,21,2019-06-04 08:42:01,1,水道子,水道子
57,21,22,2019-06-04 08:42:01,1,水道子,磁器口西
57,21,22,2019-06-04 08:42:01,1,水道子,磁器口西
57,21,23,2019-06-04 08:42:01,1,水道子,榄杆市
57,21,23,2019-06-04 08:42:01,1,水道子,榄杆市
57,21,23,2019-06-04 08:42:01,1,水道子,榄杆市
57,21,22,2019-06-04 08:49:01,1,水道子,磁器口西
57,21,22,2019-06-04 08:49:01,1,水道子,磁器口西
57,21,22,2019-06-04 08:49:01,1,水道子,磁器口西
57,21,23,2019-06-04 08:49:01,1,水道子,榄杆市
57,21,22,2019-06-04 08:49:01,1,水道子,磁器口西
57,21,22,2019-06-04 08:49:01,1,水道子,磁器口西
57,21,22,2019-06-04 08:49:01,1,水道子,磁器口西
57,21,22,2019-06-04 08:49:01,1,水道子,磁器口西
57,21,22,2019-06-04 08:49:01,1,水道子,磁器口西
57,21,22,2019-06-04 08:49:01,1,水道子,磁器口西
57,21,22,2019-06-04 08:49:01,1,水道子,磁器口西
57,21,22,2019-06-04 08:49:01,1,水道子,磁器口西
57,21,23,2019-06-04 08:49:01,1,水道子,榄杆市
57,21,23,2019-06-04 08:49:01,1,水道子,榄杆市
57,21,23,2019-06-04 08:49:01,1,水道子,榄杆市
57,22,23,2019-06-04 08:50:01,1,磁器口西,榄杆市
57,22,22,2019-06-04 08:50:01,1,磁器口西,磁器口西
57,22,22,2019-06-04 08:50:01,1,磁器口西,磁器口西
57,22,22,2019-06-04 08:50:01,1,磁器口西,磁器口西
57,22,22,2019-06-04 08:50:01,1,磁器口西,磁器口西
57,22,23,2019-06-04 08:52:01,1,磁器口西,榄杆市
57,22,23,2019-06-04 08:52:01,1,磁器口西,榄杆市
57,22,23,2019-06-04 08:52:01,1,磁器口西,榄杆市
57,22,23,2019-06-04 08:52:01,1,磁器口西,榄杆市
57,22,22,2019-06-04 08:52:01,1,磁器口西,磁器口西
57,22,23,2019-06-04 08:52:01,1,磁器口西,榄杆市
57,7,14,2019-06-04 06:30:01,1,六里桥西,菜市口西
57,7,8,2019-06-04 06:30:01,1,六里桥西,六里桥东
57,7,10,2019-06-04 06:30:01,1,六里桥西,湾子
57,7,21,2019-06-04 06:31:01,1,六里桥西,水道子
57,8,8,2019-06-04 06:32:01,1,六里桥东,六里桥东
57,9,10,2019-06-04 06:32:01,1,莲花池,湾子
57,9,17,2019-06-04 06:34:01,1,莲花池,板章路
57,1,1,2019-06-04 06:36:01,1,靛厂新村,靛厂新村
57,10,25,2019-06-04 06:37:01,1,湾子,安化楼
57,10,25,2019-06-04 06:37:01,1,湾子,安化楼
57,10,26,2019-06-04 06:37:01,1,湾子,广渠门内
57,10,26,2019-06-04 06:37:01,1,湾子,广渠门内
57,12,25,2019-06-04 06:40:01,1,广安门内,安化楼
57,12,24,2019-06-04 06:42:01,1,广安门内,培新街
57,12,12,2019-06-04 06:42:01,1,广安门内,广安门内
57,12,13,2019-06-04 06:42:01,1,广安门内,牛街路口东
57,12,13,2019-06-04 06:42:01,1,广安门内,牛街路口东
57,12,24,2019-06-04 06:42:01,1,广安门内,培新街
57,12,24,2019-06-04 06:42:01,1,广安门内,培新街
57,13,25,2019-06-04 06:45:01,1,牛街路口东,安化楼
57,14,24,2019-06-04 06:48:01,1,菜市口西,培新街
57,14,25,2019-06-04 06:48:01,1,菜市口西,安化楼
57,14,20,2019-06-04 06:48:01,1,菜市口西,桥湾
57,14,20,2019-06-04 06:48:01,1,菜市口西,桥湾
57,14,26,2019-06-04 06:48:01,1,菜市口西,广渠门内
57,14,25,2019-06-04 06:48:01,1,菜市口西,安化楼
57,15,24,2019-06-04 06:49:01,1,虎坊桥路口西,培新街
57,15,16,2019-06-04 06:49:01,1,虎坊桥路口西,虎坊桥路口东
57,15,27,2019-06-04 06:49:01,1,虎坊桥路口西,马圈
57,17,21,2019-06-04 06:53:01,1,板章路,水道子
57,16,17,2019-06-04 06:54:01,1,虎坊桥路口东,板章路
57,16,17,2019-06-04 06:54:01,1,虎坊桥路口东,板章路
57,17,20,2019-06-04 06:56:01,1,板章路,桥湾
57,17,21,2019-06-04 06:56:01,1,板章路,水道子
57,17,22,2019-06-04 06:56:01,1,板章路,磁器口西
57,17,22,2019-06-04 06:56:01,1,板章路,磁器口西
57,17,20,2019-06-04 06:56:01,1,板章路,桥湾
57,17,22,2019-06-04 06:56:01,1,板章路,磁器口西
57,17,25,2019-06-04 06:56:01,1,板章路,安化楼
57,18,24,2019-06-04 06:57:01,1,过街楼,培新街
57,18,26,2019-06-04 06:57:01,1,过街楼,广渠门内
57,18,26,2019-06-04 06:57:01,1,过街楼,广渠门内
57,19,24,2019-06-04 06:59:01,1,东城三里河,培新街
57,19,28,2019-06-04 06:59:01,1,东城三里河,垂杨柳
57,19,28,2019-06-04 06:59:01,1,东城三里河,垂杨柳
57,19,26,2019-06-04 06:59:01,1,东城三里河,广渠门内
57,19,27,2019-06-04 06:59:01,1,东城三里河,马圈
57,19,28,2019-06-04 06:59:01,1,东城三里河,垂杨柳
57,19,28,2019-06-04 06:59:01,1,东城三里河,垂杨柳
57,19,23,2019-06-04 06:59:01,1,东城三里河,榄杆市
57,19,23,2019-06-04 06:59:01,1,东城三里河,榄杆市
57,19,21,2019-06-04 06:59:01,1,东城三里河,水道子
57,20,24,2019-06-04 07:04:01,1,桥湾,培新街
57,20,24,2019-06-04 07:04:01,1,桥湾,培新街
57,20,21,2019-06-04 07:04:01,1,桥湾,水道子
57,20,21,2019-06-04 07:04:01,1,桥湾,水道子
57,20,21,2019-06-04 07:04:01,1,桥湾,水道子
57,20,22,2019-06-04 07:04:01,1,桥湾,磁器口西
57,20,23,2019-06-04 07:04:01,1,桥湾,榄杆市
57,20,24,2019-06-04 07:04:01,1,桥湾,培新街
57,20,22,2019-06-04 07:04:01,1,桥湾,磁器口西
57,20,21,2019-06-04 07:04:01,1,桥湾,水道子
57,20,21,2019-06-04 07:04:01,1,桥湾,水道子
57,20,21,2019-06-04 07:04:01,1,桥湾,水道子
57,20,21,2019-06-04 07:04:01,1,桥湾,水道子
57,21,22,2019-06-04 07:05:01,1,水道子,磁器口西
57,21,22,2019-06-04 07:05:01,1,水道子,磁器口西
57,21,22,2019-06-04 07:05:01,1,水道子,磁器口西
57,21,21,2019-06-04 07:05:01,1,水道子,水道子
57,21,26,2019-06-04 07:05:01,1,水道子,广渠门内
57,21,26,2019-06-04 07:05:01,1,水道子,广渠门内
57,21,25,2019-06-04 07:06:01,1,水道子,安化楼
57,21,24,2019-06-04 07:06:01,1,水道子,培新街
57,21,24,2019-06-04 07:06:01,1,水道子,培新街
57,21,28,2019-06-04 07:06:01,1,水道子,垂杨柳
57,21,28,2019-06-04 07:06:01,1,水道子,垂杨柳
57,21,26,2019-06-04 07:06:01,1,水道子,广渠门内
57,21,28,2019-06-04 07:06:01,1,水道子,垂杨柳
57,21,27,2019-06-04 07:06:01,1,水道子,马圈
57,21,25,2019-06-04 07:06:01,1,水道子,安化楼
57,22,27,2019-06-04 07:09:01,1,磁器口西,马圈
57,22,28,2019-06-04 07:09:01,1,磁器口西,垂杨柳
57,22,26,2019-06-04 07:09:01,1,磁器口西,广渠门内
57,22,26,2019-06-04 07:09:01,1,磁器口西,广渠门内
57,22,28,2019-06-04 07:09:01,1,磁器口西,垂杨柳
57,22,24,2019-06-04 07:09:01,1,磁器口西,培新街
57,22,23,2019-06-04 07:09:01,1,磁器口西,榄杆市
57,22,22,2019-06-04 07:09:01,1,磁器口西,磁器口西
57,22,24,2019-06-04 07:09:01,1,磁器口西,培新街
57,23,24,2019-06-04 07:11:01,1,榄杆市,培新街
57,23,24,2019-06-04 07:11:01,1,榄杆市,培新街
57,23,26,2019-06-04 07:11:01,1,榄杆市,广渠门内
57,23,24,2019-06-04 07:11:01,1,榄杆市,培新街
57,23,28,2019-06-04 07:12:01,1,榄杆市,垂杨柳
57,23,24,2019-06-04 07:12:01,1,榄杆市,培新街
57,24,25,2019-06-04 07:17:01,1,培新街,安化楼
57,24,28,2019-06-04 07:17:01,1,培新街,垂杨柳
57,24,26,2019-06-04 07:17:01,1,培新街,广渠门内
57,25,26,2019-06-04 07:19:01,1,安化楼,广渠门内
57,25,26,2019-06-04 07:19:01,1,安化楼,广渠门内
57,25,26,2019-06-04 07:19:01,1,安化楼,广渠门内
57,25,28,2019-06-04 07:19:01,1,安化楼,垂杨柳
57,25,27,2019-06-04 07:19:01,1,安化楼,马圈
57,25,28,2019-06-04 07:19:01,1,安化楼,垂杨柳
57,25,26,2019-06-04 07:19:01,1,安化楼,广渠门内
57,25,26,2019-06-04 07:19:01,1,安化楼,广渠门内
57,25,28,2019-06-04 07:20:01,1,安化楼,垂杨柳
57,25,26,2019-06-04 07:20:01,1,安化楼,广渠门内
57,25,26,2019-06-04 07:20:01,1,安化楼,广渠门内
57,26,28,2019-06-04 07:22:01,1,广渠门内,垂杨柳
57,27,28,2019-06-04 07:23:01,1,马圈,垂杨柳
57,27,28,2019-06-04 07:23:01,1,马圈,垂杨柳
57,27,28,2019-06-04 07:23:01,1,马圈,垂杨柳
57,1,13,2019-06-04 09:19:01,1,靛厂新村,牛街路口东
57,1,10,2019-06-04 09:19:01,1,靛厂新村,湾子
57,1,4,2019-06-04 09:20:01,1,靛厂新村,水衙沟路东口
57,1,3,2019-06-04 09:20:01,1,靛厂新村,靛厂村南站
57,1,18,2019-06-04 09:20:01,1,靛厂新村,过街楼
57,1,11,2019-06-04 09:20:01,1,靛厂新村,达官营
57,1,4,2019-06-04 09:20:01,1,靛厂新村,水衙沟路东口
57,1,6,2019-06-04 09:20:01,1,靛厂新村,小井路口东
57,1,6,2019-06-04 09:20:01,1,靛厂新村,小井路口东
57,1,6,2019-06-04 09:20:01,1,靛厂新村,小井路口东
57,2,13,2019-06-04 09:21:01,1,岳各庄东路北口,牛街路口东
57,2,6,2019-06-04 09:21:01,1,岳各庄东路北口,小井路口东
57,2,8,2019-06-04 09:21:01,1,岳各庄东路北口,六里桥东
57,3,11,2019-06-04 09:23:01,1,靛厂村南站,达官营
57,5,11,2019-06-04 09:28:01,1,白塔村,达官营
57,6,10,2019-06-04 09:28:01,1,小井路口东,湾子
57,1,9,2019-06-04 07:37:01,1,靛厂新村,莲花池
57,1,27,2019-06-04 07:37:01,1,靛厂新村,马圈
57,1,4,2019-06-04 07:37:01,1,靛厂新村,水衙沟路东口
57,1,16,2019-06-04 07:37:01,1,靛厂新村,虎坊桥路口东
57,1,9,2019-06-04 07:37:01,1,靛厂新村,莲花池
57,1,10,2019-06-04 07:37:01,1,靛厂新村,湾子
57,1,11,2019-06-04 07:37:01,1,靛厂新村,达官营
57,1,10,2019-06-04 07:38:01,1,靛厂新村,湾子
57,1,6,2019-06-04 07:38:01,1,靛厂新村,小井路口东
57,1,6,2019-06-04 07:38:01,1,靛厂新村,小井路口东
57,1,8,2019-06-04 07:38:01,1,靛厂新村,六里桥东
57,1,7,2019-06-04 07:38:01,1,靛厂新村,六里桥西
57,2,19,2019-06-04 07:39:01,1,岳各庄东路北口,东城三里河
57,2,19,2019-06-04 07:39:01,1,岳各庄东路北口,东城三里河
57,2,2,2019-06-04 07:39:01,1,岳各庄东路北口,岳各庄东路北口
57,2,6,2019-06-04 07:39:01,1,岳各庄东路北口,小井路口东
57,2,5,2019-06-04 07:39:01,1,岳各庄东路北口,白塔村
57,2,2,2019-06-04 07:39:01,1,岳各庄东路北口,岳各庄东路北口
57,2,7,2019-06-04 07:39:01,1,岳各庄东路北口,六里桥西
57,2,2,2019-06-04 07:39:01,1,岳各庄东路北口,岳各庄东路北口
57,2,7,2019-06-04 07:39:01,1,岳各庄东路北口,六里桥西
57,2,2,2019-06-04 07:39:01,1,岳各庄东路北口,岳各庄东路北口
57,2,7,2019-06-04 07:39:01,1,岳各庄东路北口,六里桥西
57,2,7,2019-06-04 07:39:01,1,岳各庄东路北口,六里桥西
57,2,8,2019-06-04 07:39:01,1,岳各庄东路北口,六里桥东
57,2,7,2019-06-04 07:39:01,1,岳各庄东路北口,六里桥西
57,2,13,2019-06-04 07:39:01,1,岳各庄东路北口,牛街路口东
57,2,7,2019-06-04 07:39:01,1,岳各庄东路北口,六里桥西
57,3,9,2019-06-04 07:41:01,1,靛厂村南站,莲花池
57,3,21,2019-06-04 07:41:01,1,靛厂村南站,水道子
57,3,7,2019-06-04 07:41:01,1,靛厂村南站,六里桥西
57,3,7,2019-06-04 07:41:01,1,靛厂村南站,六里桥西
57,3,11,2019-06-04 07:41:01,1,靛厂村南站,达官营
57,3,11,2019-06-04 07:41:01,1,靛厂村南站,达官营
57,3,10,2019-06-04 07:41:01,1,靛厂村南站,湾子
57,4,9,2019-06-04 07:42:01,1,水衙沟路东口,莲花池
57,4,10,2019-06-04 07:42:01,1,水衙沟路东口,湾子
57,4,7,2019-06-04 07:42:01,1,水衙沟路东口,六里桥西
57,4,7,2019-06-04 07:42:01,1,水衙沟路东口,六里桥西
57,4,6,2019-06-04 07:42:01,1,水衙沟路东口,小井路口东
57,4,6,2019-06-04 07:42:01,1,水衙沟路东口,小井路口东
57,4,7,2019-06-04 07:42:01,1,水衙沟路东口,六里桥西
57,4,6,2019-06-04 07:42:01,1,水衙沟路东口,小井路口东
57,4,6,2019-06-04 07:42:01,1,水衙沟路东口,小井路口东
57,4,7,2019-06-04 07:42:01,1,水衙沟路东口,六里桥西
57,4,7,2019-06-04 07:42:01,1,水衙沟路东口,六里桥西
57,4,13,2019-06-04 07:42:01,1,水衙沟路东口,牛街路口东
57,4,12,2019-06-04 07:42:01,1,水衙沟路东口,广安门内
57,4,11,2019-06-04 07:42:01,1,水衙沟路东口,达官营
57,5,13,2019-06-04 07:43:01,1,白塔村,牛街路口东
57,6,34,2019-06-04 07:49:01,1,小井路口东,四惠枢纽站
57,6,22,2019-06-04 07:49:01,1,小井路口东,磁器口西
57,6,17,2019-06-04 07:50:01,1,小井路口东,板章路
57,6,16,2019-06-04 07:50:01,1,小井路口东,虎坊桥路口东
57,6,12,2019-06-04 07:50:01,1,小井路口东,广安门内
57,6,14,2019-06-04 07:50:01,1,小井路口东,菜市口西
57,7,8,2019-06-04 07:53:01,1,六里桥西,六里桥东
57,7,13,2019-06-04 07:53:01,1,六里桥西,牛街路口东
57,7,9,2019-06-04 07:53:01,1,六里桥西,莲花池
57,7,13,2019-06-04 07:53:01,1,六里桥西,牛街路口东
57,7,13,2019-06-04 07:53:01,1,六里桥西,牛街路口东
57,8,9,2019-06-04 08:02:01,1,六里桥东,莲花池
57,8,19,2019-06-04 08:02:01,1,六里桥东,东城三里河
57,8,27,2019-06-04 08:02:01,1,六里桥东,马圈
57,8,22,2019-06-04 08:02:01,1,六里桥东,磁器口西
57,8,21,2019-06-04 08:02:01,1,六里桥东,水道子
57,8,17,2019-06-04 08:02:01,1,六里桥东,板章路
57,8,18,2019-06-04 08:02:01,1,六里桥东,过街楼
57,8,32,2019-06-04 08:02:01,1,六里桥东,大北窑东
57,8,32,2019-06-04 08:02:01,1,六里桥东,大北窑东
57,8,34,2019-06-04 08:02:01,1,六里桥东,四惠枢纽站
57,8,33,2019-06-04 08:02:01,1,六里桥东,郎家园
57,8,27,2019-06-04 08:02:01,1,六里桥东,马圈
57,8,23,2019-06-04 08:02:01,1,六里桥东,榄杆市
57,8,23,2019-06-04 08:02:01,1,六里桥东,榄杆市
57,8,21,2019-06-04 08:02:01,1,六里桥东,水道子
57,8,31,2019-06-04 08:02:01,1,六里桥东,大北窑南
57,8,22,2019-06-04 08:02:01,1,六里桥东,磁器口西
57,8,23,2019-06-04 08:02:01,1,六里桥东,榄杆市
57,8,24,2019-06-04 08:02:01,1,六里桥东,培新街
57,8,21,2019-06-04 08:02:01,1,六里桥东,水道子
57,8,24,2019-06-04 08:02:01,1,六里桥东,培新街
57,8,8,2019-06-04 08:02:01,1,六里桥东,六里桥东
57,8,8,2019-06-04 08:02:01,1,六里桥东,六里桥东
57,8,13,2019-06-04 08:02:01,1,六里桥东,牛街路口东
57,8,8,2019-06-04 08:02:01,1,六里桥东,六里桥东
57,8,23,2019-06-04 08:02:01,1,六里桥东,榄杆市
57,8,33,2019-06-04 08:02:01,1,六里桥东,郎家园
57,8,23,2019-06-04 08:02:01,1,六里桥东,榄杆市
57,8,10,2019-06-04 08:02:01,1,六里桥东,湾子
57,8,14,2019-06-04 08:02:01,1,六里桥东,菜市口西
57,8,10,2019-06-04 08:03:01,1,六里桥东,湾子
57,8,10,2019-06-04 08:03:01,1,六里桥东,湾子
57,8,9,2019-06-04 08:03:01,1,六里桥东,莲花池
57,8,14,2019-06-04 08:03:01,1,六里桥东,菜市口西
57,8,15,2019-06-04 08:03:01,1,六里桥东,虎坊桥路口西
57,8,20,2019-06-04 08:03:01,1,六里桥东,桥湾
57,8,12,2019-06-04 08:03:01,1,六里桥东,广安门内
57,8,21,2019-06-04 08:03:01,1,六里桥东,水道子
57,8,15,2019-06-04 08:03:01,1,六里桥东,虎坊桥路口西
57,8,17,2019-06-04 08:03:01,1,六里桥东,板章路
57,8,22,2019-06-04 08:03:01,1,六里桥东,磁器口西
57,8,20,2019-06-04 08:03:01,1,六里桥东,桥湾
57,8,19,2019-06-04 08:03:01,1,六里桥东,东城三里河
57,8,23,2019-06-04 08:03:01,1,六里桥东,榄杆市
57,8,14,2019-06-04 08:03:01,1,六里桥东,菜市口西
57,8,9,2019-06-04 08:03:01,1,六里桥东,莲花池
57,8,10,2019-06-04 08:03:01,1,六里桥东,湾子
57,8,8,2019-06-04 08:03:01,1,六里桥东,六里桥东
57,8,13,2019-06-04 08:03:01,1,六里桥东,牛街路口东
57,8,16,2019-06-04 08:03:01,1,六里桥东,虎坊桥路口东
57,8,17,2019-06-04 08:03:01,1,六里桥东,板章路
57,8,12,2019-06-04 08:03:01,1,六里桥东,广安门内
57,8,10,2019-06-04 08:03:01,1,六里桥东,湾子
57,8,13,2019-06-04 08:03:01,1,六里桥东,牛街路口东
57,8,13,2019-06-04 08:03:01,1,六里桥东,牛街路口东
57,8,11,2019-06-04 08:03:01,1,六里桥东,达官营
57,8,13,2019-06-04 08:03:01,1,六里桥东,牛街路口东
57,8,12,2019-06-04 08:03:01,1,六里桥东,广安门内
57,8,10,2019-06-04 08:03:01,1,六里桥东,湾子
57,8,14,2019-06-04 08:03:01,1,六里桥东,菜市口西
57,8,12,2019-06-04 08:03:01,1,六里桥东,广安门内
57,9,26,2019-06-04 08:10:01,1,莲花池,广渠门内
57,9,21,2019-06-04 08:10:01,1,莲花池,水道子
57,9,13,2019-06-04 08:10:01,1,莲花池,牛街路口东
57,9,16,2019-06-04 08:10:01,1,莲花池,虎坊桥路口东
57,9,22,2019-06-04 08:10:01,1,莲花池,磁器口西
57,9,24,2019-06-04 08:10:01,1,莲花池,培新街
57,9,16,2019-06-04 08:10:01,1,莲花池,虎坊桥路口东
57,9,16,2019-06-04 08:10:01,1,莲花池,虎坊桥路口东
57,9,22,2019-06-04 08:10:01,1,莲花池,磁器口西
57,9,10,2019-06-04 08:10:01,1,莲花池,湾子
57,10,12,2019-06-04 08:10:01,1,湾子,广安门内
57,9,12,2019-06-04 08:10:01,1,莲花池,广安门内
57,9,12,2019-06-04 08:10:01,1,莲花池,广安门内
57,9,14,2019-06-04 08:10:01,1,莲花池,菜市口西
57,9,12,2019-06-04 08:10:01,1,莲花池,广安门内
57,10,31,2019-06-04 08:15:01,1,湾子,大北窑南
57,10,15,2019-06-04 08:15:01,1,湾子,虎坊桥路口西
57,10,26,2019-06-04 08:15:01,1,湾子,广渠门内
57,10,19,2019-06-04 08:15:01,1,湾子,东城三里河
57,10,18,2019-06-04 08:15:01,1,湾子,过街楼
57,10,17,2019-06-04 08:15:01,1,湾子,板章路
57,11,31,2019-06-04 08:15:01,1,达官营,大北窑南
57,10,17,2019-06-04 08:15:01,1,湾子,板章路
57,10,18,2019-06-04 08:15:01,1,湾子,过街楼
57,10,21,2019-06-04 08:15:01,1,湾子,水道子
57,10,12,2019-06-04 08:15:01,1,湾子,广安门内
57,10,12,2019-06-04 08:15:01,1,湾子,广安门内
57,10,12,2019-06-04 08:15:01,1,湾子,广安门内
57,11,12,2019-06-04 08:15:01,1,达官营,广安门内
57,11,12,2019-06-04 08:16:01,1,达官营,广安门内
57,11,12,2019-06-04 08:16:01,1,达官营,广安门内
57,11,32,2019-06-04 08:16:01,1,达官营,大北窑东
57,11,28,2019-06-04 08:16:01,1,达官营,垂杨柳
57,11,23,2019-06-04 08:16:01,1,达官营,榄杆市
57,11,28,2019-06-04 08:16:01,1,达官营,垂杨柳
57,11,15,2019-06-04 08:16:01,1,达官营,虎坊桥路口西
57,11,16,2019-06-04 08:16:01,1,达官营,虎坊桥路口东
57,11,12,2019-06-04 08:16:01,1,达官营,广安门内
57,11,14,2019-06-04 08:16:01,1,达官营,菜市口西
57,11,12,2019-06-04 08:16:01,1,达官营,广安门内
57,12,12,2019-06-04 08:17:01,1,广安门内,广安门内
57,11,12,2019-06-04 08:17:01,1,达官营,广安门内
57,11,12,2019-06-04 08:17:01,1,达官营,广安门内
57,11,11,2019-06-04 08:17:01,1,达官营,达官营
57,11,23,2019-06-04 08:17:01,1,达官营,榄杆市
57,11,12,2019-06-04 08:17:01,1,达官营,广安门内
57,12,15,2019-06-04 08:17:01,1,广安门内,虎坊桥路口西
57,11,22,2019-06-04 08:17:01,1,达官营,磁器口西
57,11,12,2019-06-04 08:17:01,1,达官营,广安门内
57,12,27,2019-06-04 08:17:01,1,广安门内,马圈
57,11,21,2019-06-04 08:17:01,1,达官营,水道子
57,11,21,2019-06-04 08:17:01,1,达官营,水道子
57,11,12,2019-06-04 08:17:01,1,达官营,广安门内
57,11,14,2019-06-04 08:17:01,1,达官营,菜市口西
57,11,12,2019-06-04 08:17:01,1,达官营,广安门内
57,11,12,2019-06-04 08:17:01,1,达官营,广安门内
57,12,22,2019-06-04 08:22:01,1,广安门内,磁器口西
57,12,19,2019-06-04 08:22:01,1,广安门内,东城三里河
57,12,21,2019-06-04 08:22:01,1,广安门内,水道子
57,12,16,2019-06-04 08:22:01,1,广安门内,虎坊桥路口东
57,12,22,2019-06-04 08:22:01,1,广安门内,磁器口西
57,12,33,2019-06-04 08:22:01,1,广安门内,郎家园
57,12,30,2019-06-04 08:22:01,1,广安门内,双花园
57,13,16,2019-06-04 08:22:01,1,牛街路口东,虎坊桥路口东
57,13,31,2019-06-04 08:25:01,1,牛街路口东,大北窑南
57,13,23,2019-06-04 08:26:01,1,牛街路口东,榄杆市
57,13,19,2019-06-04 08:26:01,1,牛街路口东,东城三里河
57,13,13,2019-06-04 08:26:01,1,牛街路口东,牛街路口东
57,13,14,2019-06-04 08:26:01,1,牛街路口东,菜市口西
57,13,15,2019-06-04 08:26:01,1,牛街路口东,虎坊桥路口西
57,13,29,2019-06-04 08:26:01,1,牛街路口东,双井桥北
57,13,23,2019-06-04 08:26:01,1,牛街路口东,榄杆市
57,13,22,2019-06-04 08:26:01,1,牛街路口东,磁器口西
57,13,33,2019-06-04 08:26:01,1,牛街路口东,郎家园
57,13,16,2019-06-04 08:26:01,1,牛街路口东,虎坊桥路口东
57,14,31,2019-06-04 08:28:01,1,菜市口西,大北窑南
57,14,15,2019-06-04 08:28:01,1,菜市口西,虎坊桥路口西
57,14,21,2019-06-04 08:28:01,1,菜市口西,水道子
57,14,19,2019-06-04 08:28:01,1,菜市口西,东城三里河
57,14,22,2019-06-04 08:28:01,1,菜市口西,磁器口西
57,14,32,2019-06-04 08:28:01,1,菜市口西,大北窑东
57,14,34,2019-06-04 08:28:01,1,菜市口西,四惠枢纽站
57,14,34,2019-06-04 08:28:01,1,菜市口西,四惠枢纽站
57,14,21,2019-06-04 08:28:01,1,菜市口西,水道子
57,15,15,2019-06-04 08:31:01,1,虎坊桥路口西,虎坊桥路口西
57,15,24,2019-06-04 08:31:01,1,虎坊桥路口西,培新街
57,15,29,2019-06-04 08:31:01,1,虎坊桥路口西,双井桥北
57,15,25,2019-06-04 08:31:01,1,虎坊桥路口西,安化楼
57,16,26,2019-06-04 08:34:01,1,虎坊桥路口东,广渠门内
57,16,31,2019-06-04 08:34:01,1,虎坊桥路口东,大北窑南
57,16,18,2019-06-04 08:34:01,1,虎坊桥路口东,过街楼
57,16,16,2019-06-04 08:34:01,1,虎坊桥路口东,虎坊桥路口东
57,16,23,2019-06-04 08:34:01,1,虎坊桥路口东,榄杆市
57,16,26,2019-06-04 08:34:01,1,虎坊桥路口东,广渠门内
57,16,23,2019-06-04 08:34:01,1,虎坊桥路口东,榄杆市
57,16,21,2019-06-04 08:34:01,1,虎坊桥路口东,水道子
57,17,17,2019-06-04 08:35:01,1,板章路,板章路
57,16,33,2019-06-04 08:35:01,1,虎坊桥路口东,郎家园
57,17,21,2019-06-04 08:35:01,1,板章路,水道子
57,18,19,2019-06-04 08:36:01,1,过街楼,东城三里河
57,18,32,2019-06-04 08:36:01,1,过街楼,大北窑东
57,17,33,2019-06-04 08:36:01,1,板章路,郎家园
57,18,24,2019-06-04 08:39:01,1,过街楼,培新街
57,18,32,2019-06-04 08:39:01,1,过街楼,大北窑东
57,18,31,2019-06-04 08:39:01,1,过街楼,大北窑南
57,19,25,2019-06-04 08:40:01,1,东城三里河,安化楼
57,19,19,2019-06-04 08:40:01,1,东城三里河,东城三里河
57,21,24,2019-06-04 08:43:01,1,水道子,培新街
57,21,32,2019-06-04 08:43:01,1,水道子,大北窑东
57,22,26,2019-06-04 08:44:01,1,磁器口西,广渠门内
57,22,32,2019-06-04 08:44:01,1,磁器口西,大北窑东
57,22,32,2019-06-04 08:44:01,1,磁器口西,大北窑东
57,22,24,2019-06-04 08:44:01,1,磁器口西,培新街
57,22,22,2019-06-04 08:44:01,1,磁器口西,磁器口西
57,22,22,2019-06-04 08:44:01,1,磁器口西,磁器口西
57,23,29,2019-06-04 08:46:01,1,榄杆市,双井桥北
57,23,34,2019-06-04 08:46:01,1,榄杆市,四惠枢纽站
57,23,34,2019-06-04 08:46:01,1,榄杆市,四惠枢纽站
57,23,26,2019-06-04 08:46:01,1,榄杆市,广渠门内
57,23,31,2019-06-04 08:46:01,1,榄杆市,大北窑南
57,23,23,2019-06-04 08:46:01,1,榄杆市,榄杆市
57,23,31,2019-06-04 08:46:01,1,榄杆市,大北窑南
57,23,24,2019-06-04 08:46:01,1,榄杆市,培新街
57,24,30,2019-06-04 08:49:01,1,培新街,双花园
57,24,31,2019-06-04 08:49:01,1,培新街,大北窑南
57,24,25,2019-06-04 08:49:01,1,培新街,安化楼
57,24,26,2019-06-04 08:49:01,1,培新街,广渠门内
57,24,28,2019-06-04 08:49:01,1,培新街,垂杨柳
57,24,34,2019-06-04 08:49:01,1,培新街,四惠枢纽站
57,24,34,2019-06-04 08:49:01,1,培新街,四惠枢纽站
57,24,29,2019-06-04 08:49:01,1,培新街,双井桥北
57,24,26,2019-06-04 08:49:01,1,培新街,广渠门内
57,24,27,2019-06-04 08:49:01,1,培新街,马圈
57,24,31,2019-06-04 08:49:01,1,培新街,大北窑南
57,24,30,2019-06-04 08:49:01,1,培新街,双花园
57,24,33,2019-06-04 08:49:01,1,培新街,郎家园
57,24,33,2019-06-04 08:49:01,1,培新街,郎家园
57,25,28,2019-06-04 08:50:01,1,安化楼,垂杨柳
57,25,28,2019-06-04 08:50:01,1,安化楼,垂杨柳
57,25,31,2019-06-04 08:50:01,1,安化楼,大北窑南
57,25,27,2019-06-04 08:50:01,1,安化楼,马圈
57,25,29,2019-06-04 08:50:01,1,安化楼,双井桥北
57,25,31,2019-06-04 08:50:01,1,安化楼,大北窑南
57,25,33,2019-06-04 08:50:01,1,安化楼,郎家园
57,26,31,2019-06-04 08:51:01,1,广渠门内,大北窑南
57,26,31,2019-06-04 08:51:01,1,广渠门内,大北窑南
57,26,31,2019-06-04 08:51:01,1,广渠门内,大北窑南
57,26,31,2019-06-04 08:51:01,1,广渠门内,大北窑南
57,26,31,2019-06-04 08:51:01,1,广渠门内,大北窑南
57,26,33,2019-06-04 08:51:01,1,广渠门内,郎家园
57,26,33,2019-06-04 08:51:01,1,广渠门内,郎家园
57,26,33,2019-06-04 08:51:01,1,广渠门内,郎家园
57,27,27,2019-06-04 08:51:01,1,马圈,马圈
57,26,31,2019-06-04 08:51:01,1,广渠门内,大北窑南
57,26,31,2019-06-04 08:51:01,1,广渠门内,大北窑南
57,26,29,2019-06-04 08:51:01,1,广渠门内,双井桥北
57,26,31,2019-06-04 08:51:01,1,广渠门内,大北窑南
57,26,28,2019-06-04 08:51:01,1,广渠门内,垂杨柳
57,27,32,2019-06-04 08:53:01,1,马圈,大北窑东
57,27,29,2019-06-04 08:53:01,1,马圈,双井桥北
57,27,30,2019-06-04 08:53:01,1,马圈,双花园
57,27,32,2019-06-04 08:53:01,1,马圈,大北窑东
57,27,34,2019-06-04 08:53:01,1,马圈,四惠枢纽站
57,27,31,2019-06-04 08:53:01,1,马圈,大北窑南
57,27,29,2019-06-04 08:53:01,1,马圈,双井桥北
57,27,30,2019-06-04 08:53:01,1,马圈,双花园
57,27,31,2019-06-04 08:53:01,1,马圈,大北窑南
57,27,28,2019-06-04 08:53:01,1,马圈,垂杨柳
57,27,34,2019-06-04 08:53:01,1,马圈,四惠枢纽站
57,27,32,2019-06-04 08:53:01,1,马圈,大北窑东
57,27,34,2019-06-04 08:53:01,1,马圈,四惠枢纽站
57,28,31,2019-06-04 08:55:01,1,垂杨柳,大北窑南
57,28,31,2019-06-04 08:55:01,1,垂杨柳,大北窑南
57,28,32,2019-06-04 08:55:01,1,垂杨柳,大北窑东
57,28,29,2019-06-04 08:55:01,1,垂杨柳,双井桥北
57,28,30,2019-06-04 08:55:01,1,垂杨柳,双花园
57,28,29,2019-06-04 08:55:01,1,垂杨柳,双井桥北
57,28,28,2019-06-04 08:55:01,1,垂杨柳,垂杨柳
57,28,31,2019-06-04 08:55:01,1,垂杨柳,大北窑南
57,28,32,2019-06-04 08:55:01,1,垂杨柳,大北窑东
57,28,33,2019-06-04 08:55:01,1,垂杨柳,郎家园
57,29,32,2019-06-04 08:58:01,1,双井桥北,大北窑东
57,29,33,2019-06-04 08:58:01,1,双井桥北,郎家园
57,29,34,2019-06-04 08:58:01,1,双井桥北,四惠枢纽站
57,29,33,2019-06-04 08:59:01,1,双井桥北,郎家园
57,29,34,2019-06-04 08:59:01,1,双井桥北,四惠枢纽站
57,30,33,2019-06-04 09:00:01,1,双花园,郎家园
57,30,32,2019-06-04 09:00:01,1,双花园,大北窑东
57,30,33,2019-06-04 09:00:01,1,双花园,郎家园
57,30,34,2019-06-04 09:00:01,1,双花园,四惠枢纽站
57,30,30,2019-06-04 09:00:01,1,双花园,双花园
57,30,33,2019-06-04 09:00:01,1,双花园,郎家园
57,30,34,2019-06-04 09:00:01,1,双花园,四惠枢纽站
57,30,33,2019-06-04 09:00:01,1,双花园,郎家园
57,30,34,2019-06-04 09:00:01,1,双花园,四惠枢纽站
57,31,31,2019-06-04 09:06:01,1,大北窑南,大北窑南
57,31,32,2019-06-04 09:06:01,1,大北窑南,大北窑东
57,31,32,2019-06-04 09:06:01,1,大北窑南,大北窑东
57,31,32,2019-06-04 09:06:01,1,大北窑南,大北窑东
57,31,34,2019-06-04 09:06:01,1,大北窑南,四惠枢纽站
57,31,33,2019-06-04 09:06:01,1,大北窑南,郎家园
57,31,32,2019-06-04 09:06:01,1,大北窑南,大北窑东
57,31,31,2019-06-04 09:06:01,1,大北窑南,大北窑南
57,31,33,2019-06-04 09:06:01,1,大北窑南,郎家园
57,31,33,2019-06-04 09:06:01,1,大北窑南,郎家园
57,31,33,2019-06-04 09:06:01,1,大北窑南,郎家园
57,31,33,2019-06-04 09:06:01,1,大北窑南,郎家园
57,31,32,2019-06-04 09:06:01,1,大北窑南,大北窑东
57,31,33,2019-06-04 09:06:01,1,大北窑南,郎家园
57,31,33,2019-06-04 09:06:01,1,大北窑南,郎家园
57,33,34,2019-06-04 09:10:01,1,郎家园,四惠枢纽站
57,1,1,2019-06-04 08:18:01,1,靛厂新村,靛厂新村
57,1,14,2019-06-04 08:18:01,1,靛厂新村,菜市口西
57,1,6,2019-06-04 08:18:01,1,靛厂新村,小井路口东
57,1,8,2019-06-04 08:18:01,1,靛厂新村,六里桥东
57,1,3,2019-06-04 08:19:01,1,靛厂新村,靛厂村南站
57,1,6,2019-06-04 08:19:01,1,靛厂新村,小井路口东
57,1,13,2019-06-04 08:19:01,1,靛厂新村,牛街路口东
57,1,6,2019-06-04 08:19:01,1,靛厂新村,小井路口东
57,1,1,2019-06-04 08:20:01,1,靛厂新村,靛厂新村
57,3,24,2019-06-04 08:21:01,1,靛厂村南站,培新街
57,2,10,2019-06-04 08:21:01,1,岳各庄东路北口,湾子
57,3,10,2019-06-04 08:21:01,1,靛厂村南站,湾子
57,1,8,2019-06-04 08:21:01,1,靛厂新村,六里桥东
57,3,8,2019-06-04 08:22:01,1,靛厂村南站,六里桥东
57,3,11,2019-06-04 08:22:01,1,靛厂村南站,达官营
57,3,11,2019-06-04 08:22:01,1,靛厂村南站,达官营
57,3,11,2019-06-04 08:22:01,1,靛厂村南站,达官营
57,5,26,2019-06-04 08:23:01,1,白塔村,广渠门内
57,6,10,2019-06-04 08:27:01,1,小井路口东,湾子
57,6,10,2019-06-04 08:27:01,1,小井路口东,湾子
57,7,10,2019-06-04 08:30:01,1,六里桥西,湾子
57,7,10,2019-06-04 08:31:01,1,六里桥西,湾子
57,7,10,2019-06-04 08:31:01,1,六里桥西,湾子
57,8,26,2019-06-04 08:38:01,1,六里桥东,广渠门内
57,8,26,2019-06-04 08:38:01,1,六里桥东,广渠门内
57,8,26,2019-06-04 08:38:01,1,六里桥东,广渠门内
57,8,26,2019-06-04 08:38:01,1,六里桥东,广渠门内
57,8,18,2019-06-04 08:38:01,1,六里桥东,过街楼
57,8,17,2019-06-04 08:38:01,1,六里桥东,板章路
57,8,17,2019-06-04 08:38:01,1,六里桥东,板章路
57,8,21,2019-06-04 08:38:01,1,六里桥东,水道子
57,8,10,2019-06-04 08:38:01,1,六里桥东,湾子
57,8,8,2019-06-04 08:38:01,1,六里桥东,六里桥东
57,8,10,2019-06-04 08:38:01,1,六里桥东,湾子
57,8,11,2019-06-04 08:39:01,1,六里桥东,达官营
57,10,26,2019-06-04 08:48:01,1,湾子,广渠门内
57,10,15,2019-06-04 08:48:01,1,湾子,虎坊桥路口西
57,10,15,2019-06-04 08:48:01,1,湾子,虎坊桥路口西
57,10,18,2019-06-04 08:48:01,1,湾子,过街楼
57,10,20,2019-06-04 08:48:01,1,湾子,桥湾
57,10,20,2019-06-04 08:48:01,1,湾子,桥湾
57,10,13,2019-06-04 08:48:01,1,湾子,牛街路口东
57,10,13,2019-06-04 08:48:01,1,湾子,牛街路口东
57,10,14,2019-06-04 08:48:01,1,湾子,菜市口西
57,11,16,2019-06-04 08:49:01,1,达官营,虎坊桥路口东
57,11,15,2019-06-04 08:49:01,1,达官营,虎坊桥路口西
57,11,13,2019-06-04 08:49:01,1,达官营,牛街路口东
57,11,15,2019-06-04 08:50:01,1,达官营,虎坊桥路口西
57,11,11,2019-06-04 08:50:01,1,达官营,达官营
57,11,11,2019-06-04 08:50:01,1,达官营,达官营
57,11,11,2019-06-04 08:50:01,1,达官营,达官营
57,11,26,2019-06-04 08:52:01,1,达官营,广渠门内
57,11,26,2019-06-04 08:52:01,1,达官营,广渠门内
57,11,22,2019-06-04 08:52:01,1,达官营,磁器口西
57,12,20,2019-06-04 08:53:01,1,广安门内,桥湾
57,13,18,2019-06-04 08:53:01,1,牛街路口东,过街楼
57,13,26,2019-06-04 08:56:01,1,牛街路口东,广渠门内
57,13,22,2019-06-04 08:56:01,1,牛街路口东,磁器口西
57,13,22,2019-06-04 08:56:01,1,牛街路口东,磁器口西
57,13,22,2019-06-04 08:56:01,1,牛街路口东,磁器口西
57,13,21,2019-06-04 08:56:01,1,牛街路口东,水道子
57,15,18,2019-06-04 09:00:01,1,虎坊桥路口西,过街楼
57,17,21,2019-06-04 09:02:01,1,板章路,水道子
57,17,24,2019-06-04 09:03:01,1,板章路,培新街
57,17,26,2019-06-04 09:03:01,1,板章路,广渠门内
57,17,20,2019-06-04 09:03:01,1,板章路,桥湾
57,18,26,2019-06-04 09:05:01,1,过街楼,广渠门内
57,18,21,2019-06-04 09:05:01,1,过街楼,水道子
57,18,21,2019-06-04 09:05:01,1,过街楼,水道子
57,22,24,2019-06-04 09:10:01,1,磁器口西,培新街
57,21,21,2019-06-04 09:10:01,1,水道子,水道子
57,22,22,2019-06-04 09:10:01,1,磁器口西,磁器口西
57,23,25,2019-06-04 09:11:01,1,榄杆市,安化楼
57,23,23,2019-06-04 09:11:01,1,榄杆市,榄杆市
57,25,25,2019-06-04 09:15:01,1,安化楼,安化楼
57,25,25,2019-06-04 09:15:01,1,安化楼,安化楼
57,25,25,2019-06-04 09:15:01,1,安化楼,安化楼
57,3,8,2019-06-04 06:30:01,1,靛厂村南站,六里桥东
57,3,10,2019-06-04 06:30:01,1,靛厂村南站,湾子
57,3,10,2019-06-04 06:30:01,1,靛厂村南站,湾子
57,3,3,2019-06-04 06:30:01,1,靛厂村南站,靛厂村南站
57,4,11,2019-06-04 06:31:01,1,水衙沟路东口,达官营
57,4,18,2019-06-04 06:31:01,1,水衙沟路东口,过街楼
57,6,26,2019-06-04 06:35:01,1,小井路口东,广渠门内
57,7,9,2019-06-04 06:35:01,1,六里桥西,莲花池
57,6,14,2019-06-04 06:35:01,1,小井路口东,菜市口西
57,6,6,2019-06-04 06:35:01,1,小井路口东,小井路口东
57,7,19,2019-06-04 06:38:01,1,六里桥西,东城三里河
57,7,26,2019-06-04 06:38:01,1,六里桥西,广渠门内
57,7,8,2019-06-04 06:38:01,1,六里桥西,六里桥东
57,7,8,2019-06-04 06:38:01,1,六里桥西,六里桥东
57,7,7,2019-06-04 06:38:01,1,六里桥西,六里桥西
57,7,9,2019-06-04 06:38:01,1,六里桥西,莲花池
57,7,14,2019-06-04 06:38:01,1,六里桥西,菜市口西
57,7,17,2019-06-04 06:38:01,1,六里桥西,板章路
57,8,27,2019-06-04 06:40:01,1,六里桥东,马圈
57,8,24,2019-06-04 06:40:01,1,六里桥东,培新街
57,8,22,2019-06-04 06:40:01,1,六里桥东,磁器口西
57,8,24,2019-06-04 06:40:01,1,六里桥东,培新街
57,8,24,2019-06-04 06:40:01,1,六里桥东,培新街
57,8,27,2019-06-04 06:40:01,1,六里桥东,马圈
57,8,27,2019-06-04 06:40:01,1,六里桥东,马圈
57,8,8,2019-06-04 06:40:01,1,六里桥东,六里桥东
57,8,10,2019-06-04 06:40:01,1,六里桥东,湾子
57,8,12,2019-06-04 06:40:01,1,六里桥东,广安门内
57,8,8,2019-06-04 06:40:01,1,六里桥东,六里桥东
57,8,8,2019-06-04 06:40:01,1,六里桥东,六里桥东
57,8,11,2019-06-04 06:40:01,1,六里桥东,达官营
57,8,12,2019-06-04 06:40:01,1,六里桥东,广安门内
57,8,16,2019-06-04 06:40:01,1,六里桥东,虎坊桥路口东
57,8,21,2019-06-04 06:40:01,1,六里桥东,水道子
57,8,13,2019-06-04 06:40:01,1,六里桥东,牛街路口东
57,8,13,2019-06-04 06:40:01,1,六里桥东,牛街路口东
57,8,19,2019-06-04 06:40:01,1,六里桥东,东城三里河
57,8,13,2019-06-04 06:40:01,1,六里桥东,牛街路口东
57,8,13,2019-06-04 06:40:01,1,六里桥东,牛街路口东
57,8,34,2019-06-04 06:40:01,1,六里桥东,四惠枢纽站
57,8,22,2019-06-04 06:41:01,1,六里桥东,磁器口西
57,8,27,2019-06-04 06:41:01,1,六里桥东,马圈
57,8,10,2019-06-04 06:41:01,1,六里桥东,湾子
57,8,10,2019-06-04 06:41:01,1,六里桥东,湾子
57,8,12,2019-06-04 06:41:01,1,六里桥东,广安门内
57,8,10,2019-06-04 06:41:01,1,六里桥东,湾子
57,8,13,2019-06-04 06:41:01,1,六里桥东,牛街路口东
57,8,12,2019-06-04 06:41:01,1,六里桥东,广安门内
57,8,34,2019-06-04 06:41:01,1,六里桥东,四惠枢纽站
57,9,24,2019-06-04 06:46:01,1,莲花池,培新街
57,9,13,2019-06-04 06:46:01,1,莲花池,牛街路口东
57,9,12,2019-06-04 06:46:01,1,莲花池,广安门内
57,10,22,2019-06-04 06:47:01,1,湾子,磁器口西
57,10,21,2019-06-04 06:47:01,1,湾子,水道子
57,10,24,2019-06-04 06:47:01,1,湾子,培新街
57,10,16,2019-06-04 06:47:01,1,湾子,虎坊桥路口东
57,10,23,2019-06-04 06:48:01,1,湾子,榄杆市
57,10,12,2019-06-04 06:48:01,1,湾子,广安门内
57,10,15,2019-06-04 06:48:01,1,湾子,虎坊桥路口西
57,10,14,2019-06-04 06:48:01,1,湾子,菜市口西
57,10,14,2019-06-04 06:48:01,1,湾子,菜市口西
57,10,13,2019-06-04 06:48:01,1,湾子,牛街路口东
57,10,12,2019-06-04 06:48:01,1,湾子,广安门内
57,10,13,2019-06-04 06:48:01,1,湾子,牛街路口东
57,11,27,2019-06-04 06:50:01,1,达官营,马圈
57,11,23,2019-06-04 06:50:01,1,达官营,榄杆市
57,11,27,2019-06-04 06:50:01,1,达官营,马圈
57,11,13,2019-06-04 06:50:01,1,达官营,牛街路口东
57,11,14,2019-06-04 06:50:01,1,达官营,菜市口西
57,11,16,2019-06-04 06:50:01,1,达官营,虎坊桥路口东
57,11,13,2019-06-04 06:50:01,1,达官营,牛街路口东
57,11,16,2019-06-04 06:50:01,1,达官营,虎坊桥路口东
57,11,13,2019-06-04 06:50:01,1,达官营,牛街路口东
57,11,13,2019-06-04 06:50:01,1,达官营,牛街路口东
57,12,27,2019-06-04 06:52:01,1,广安门内,马圈
57,12,12,2019-06-04 06:52:01,1,广安门内,广安门内
57,12,12,2019-06-04 06:52:01,1,广安门内,广安门内
57,13,23,2019-06-04 06:54:01,1,牛街路口东,榄杆市
57,14,27,2019-06-04 06:54:01,1,菜市口西,马圈
57,21,21,2019-06-04 07:08:01,1,水道子,水道子
57,23,27,2019-06-04 07:10:01,1,榄杆市,马圈
57,25,27,2019-06-04 07:14:01,1,安化楼,马圈
57,26,27,2019-06-04 07:15:01,1,广渠门内,马圈
57,26,27,2019-06-04 07:15:01,1,广渠门内,马圈
57,26,27,2019-06-04 07:15:01,1,广渠门内,马圈
57,27,27,2019-06-04 07:16:01,1,马圈,马圈
57,28,28,2019-06-04 07:19:01,1,垂杨柳,垂杨柳
57,1,6,2019-06-04 07:06:01,1,靛厂新村,小井路口东
57,1,6,2019-06-04 07:06:01,1,靛厂新村,小井路口东
57,1,7,2019-06-04 07:06:01,1,靛厂新村,六里桥西
57,1,6,2019-06-04 07:08:01,1,靛厂新村,小井路口东
57,1,6,2019-06-04 07:08:01,1,靛厂新村,小井路口东
57,1,7,2019-06-04 07:08:01,1,靛厂新村,六里桥西
57,1,6,2019-06-04 07:08:01,1,靛厂新村,小井路口东
57,1,6,2019-06-04 07:08:01,1,靛厂新村,小井路口东
57,2,6,2019-06-04 07:10:01,1,岳各庄东路北口,小井路口东
57,2,6,2019-06-04 07:10:01,1,岳各庄东路北口,小井路口东
57,2,5,2019-06-04 07:10:01,1,岳各庄东路北口,白塔村
57,3,6,2019-06-04 07:11:01,1,靛厂村南站,小井路口东
57,3,20,2019-06-04 07:11:01,1,靛厂村南站,桥湾
57,3,7,2019-06-04 07:11:01,1,靛厂村南站,六里桥西
57,3,3,2019-06-04 07:11:01,1,靛厂村南站,靛厂村南站
57,3,20,2019-06-04 07:11:01,1,靛厂村南站,桥湾
57,4,4,2019-06-04 07:12:01,1,水衙沟路东口,水衙沟路东口
57,4,7,2019-06-04 07:12:01,1,水衙沟路东口,六里桥西
57,6,7,2019-06-04 07:16:01,1,小井路口东,六里桥西
57,7,16,2019-06-04 07:27:01,1,六里桥西,虎坊桥路口东
57,7,7,2019-06-04 07:27:01,1,六里桥西,六里桥西
57,7,7,2019-06-04 07:27:01,1,六里桥西,六里桥西
57,7,7,2019-06-04 07:27:01,1,六里桥西,六里桥西
57,7,7,2019-06-04 07:27:01,1,六里桥西,六里桥西
57,7,7,2019-06-04 07:27:01,1,六里桥西,六里桥西
57,7,9,2019-06-04 07:27:01,1,六里桥西,莲花池
57,7,9,2019-06-04 07:27:01,1,六里桥西,莲花池
57,7,9,2019-06-04 07:27:01,1,六里桥西,莲花池
57,7,10,2019-06-04 07:27:01,1,六里桥西,湾子
57,7,16,2019-06-04 07:27:01,1,六里桥西,虎坊桥路口东
57,7,18,2019-06-04 07:27:01,1,六里桥西,过街楼
57,7,16,2019-06-04 07:27:01,1,六里桥西,虎坊桥路口东
57,7,26,2019-06-04 07:27:01,1,六里桥西,广渠门内
57,7,16,2019-06-04 07:27:01,1,六里桥西,虎坊桥路口东
57,7,25,2019-06-04 07:27:01,1,六里桥西,安化楼
57,7,20,2019-06-04 07:27:01,1,六里桥西,桥湾
57,7,27,2019-06-04 07:27:01,1,六里桥西,马圈
57,7,22,2019-06-04 07:27:01,1,六里桥西,磁器口西
57,7,26,2019-06-04 07:27:01,1,六里桥西,广渠门内
57,7,16,2019-06-04 07:27:01,1,六里桥西,虎坊桥路口东
57,7,21,2019-06-04 07:27:01,1,六里桥西,水道子
57,7,27,2019-06-04 07:27:01,1,六里桥西,马圈
57,7,18,2019-06-04 07:27:01,1,六里桥西,过街楼
57,7,7,2019-06-04 07:28:01,1,六里桥西,六里桥西
57,7,7,2019-06-04 07:28:01,1,六里桥西,六里桥西
57,7,7,2019-06-04 07:28:01,1,六里桥西,六里桥西
57,7,7,2019-06-04 07:28:01,1,六里桥西,六里桥西
57,7,7,2019-06-04 07:28:01,1,六里桥西,六里桥西
57,7,7,2019-06-04 07:28:01,1,六里桥西,六里桥西
57,7,9,2019-06-04 07:28:01,1,六里桥西,莲花池
57,7,11,2019-06-04 07:28:01,1,六里桥西,达官营
57,7,7,2019-06-04 07:28:01,1,六里桥西,六里桥西
57,7,16,2019-06-04 07:28:01,1,六里桥西,虎坊桥路口东
57,7,7,2019-06-04 07:28:01,1,六里桥西,六里桥西
57,7,17,2019-06-04 07:28:01,1,六里桥西,板章路
57,7,19,2019-06-04 07:28:01,1,六里桥西,东城三里河
57,7,21,2019-06-04 07:28:01,1,六里桥西,水道子
57,7,20,2019-06-04 07:28:01,1,六里桥西,桥湾
57,7,7,2019-06-04 07:35:01,1,六里桥西,六里桥西
57,7,7,2019-06-04 07:35:01,1,六里桥西,六里桥西
57,7,9,2019-06-04 07:35:01,1,六里桥西,莲花池
57,7,18,2019-06-04 07:35:01,1,六里桥西,过街楼
57,7,25,2019-06-04 07:35:01,1,六里桥西,安化楼
57,7,24,2019-06-04 07:35:01,1,六里桥西,培新街
57,7,7,2019-06-04 07:39:01,1,六里桥西,六里桥西
57,7,7,2019-06-04 07:39:01,1,六里桥西,六里桥西
57,7,7,2019-06-04 07:39:01,1,六里桥西,六里桥西
57,7,8,2019-06-04 07:39:01,1,六里桥西,六里桥东
57,7,9,2019-06-04 07:39:01,1,六里桥西,莲花池
57,7,8,2019-06-04 07:39:01,1,六里桥西,六里桥东
57,7,16,2019-06-04 07:39:01,1,六里桥西,虎坊桥路口东
57,7,25,2019-06-04 07:39:01,1,六里桥西,安化楼
57,7,27,2019-06-04 07:39:01,1,六里桥西,马圈
57,7,7,2019-06-04 07:41:01,1,六里桥西,六里桥西
57,7,7,2019-06-04 07:41:01,1,六里桥西,六里桥西
57,7,7,2019-06-04 07:41:01,1,六里桥西,六里桥西
57,7,12,2019-06-04 07:41:01,1,六里桥西,广安门内
57,7,11,2019-06-04 07:41:01,1,六里桥西,达官营
57,7,12,2019-06-04 07:41:01,1,六里桥西,广安门内
57,7,16,2019-06-04 07:41:01,1,六里桥西,虎坊桥路口东
57,7,25,2019-06-04 07:41:01,1,六里桥西,安化楼
57,7,21,2019-06-04 07:41:01,1,六里桥西,水道子
57,7,25,2019-06-04 07:41:01,1,六里桥西,安化楼
57,7,22,2019-06-04 07:41:01,1,六里桥西,磁器口西
57,7,25,2019-06-04 07:41:01,1,六里桥西,安化楼
57,7,16,2019-06-04 07:44:01,1,六里桥西,虎坊桥路口东
57,7,21,2019-06-04 07:44:01,1,六里桥西,水道子
57,7,20,2019-06-04 07:44:01,1,六里桥西,桥湾
57,7,23,2019-06-04 07:44:01,1,六里桥西,榄杆市
57,7,21,2019-06-04 07:44:01,1,六里桥西,水道子
57,8,8,2019-06-04 07:47:01,1,六里桥东,六里桥东
57,8,8,2019-06-04 07:47:01,1,六里桥东,六里桥东
57,8,16,2019-06-04 07:47:01,1,六里桥东,虎坊桥路口东
57,8,21,2019-06-04 07:47:01,1,六里桥东,水道子
57,8,23,2019-06-04 07:47:01,1,六里桥东,榄杆市
57,8,21,2019-06-04 07:47:01,1,六里桥东,水道子
57,8,20,2019-06-04 07:47:01,1,六里桥东,桥湾
57,9,27,2019-06-04 07:49:01,1,莲花池,马圈
57,9,23,2019-06-04 07:49:01,1,莲花池,榄杆市
57,9,24,2019-06-04 07:49:01,1,莲花池,培新街
57,10,14,2019-06-04 07:51:01,1,湾子,菜市口西
57,10,13,2019-06-04 07:51:01,1,湾子,牛街路口东
57,10,23,2019-06-04 07:51:01,1,湾子,榄杆市
57,11,19,2019-06-04 07:53:01,1,达官营,东城三里河
57,11,16,2019-06-04 07:53:01,1,达官营,虎坊桥路口东
57,11,23,2019-06-04 07:53:01,1,达官营,榄杆市
57,12,27,2019-06-04 07:54:01,1,广安门内,马圈
57,12,12,2019-06-04 07:54:01,1,广安门内,广安门内
57,12,15,2019-06-04 07:54:01,1,广安门内,虎坊桥路口西
57,12,16,2019-06-04 07:54:01,1,广安门内,虎坊桥路口东
57,12,18,2019-06-04 07:54:01,1,广安门内,过街楼
57,12,19,2019-06-04 07:54:01,1,广安门内,东城三里河
57,12,18,2019-06-04 07:54:01,1,广安门内,过街楼
57,12,27,2019-06-04 07:54:01,1,广安门内,马圈
57,13,19,2019-06-04 07:57:01,1,牛街路口东,东城三里河
57,13,16,2019-06-04 07:57:01,1,牛街路口东,虎坊桥路口东
57,13,26,2019-06-04 07:57:01,1,牛街路口东,广渠门内
57,13,27,2019-06-04 07:57:01,1,牛街路口东,马圈
57,15,19,2019-06-04 07:58:01,1,虎坊桥路口西,东城三里河
57,15,15,2019-06-04 07:58:01,1,虎坊桥路口西,虎坊桥路口西
57,15,17,2019-06-04 07:58:01,1,虎坊桥路口西,板章路
57,14,16,2019-06-04 07:58:01,1,菜市口西,虎坊桥路口东
57,15,20,2019-06-04 07:58:01,1,虎坊桥路口西,桥湾
57,16,27,2019-06-04 08:01:01,1,虎坊桥路口东,马圈
57,16,17,2019-06-04 08:01:01,1,虎坊桥路口东,板章路
57,16,18,2019-06-04 08:01:01,1,虎坊桥路口东,过街楼
57,16,18,2019-06-04 08:01:01,1,虎坊桥路口东,过街楼
57,16,21,2019-06-04 08:01:01,1,虎坊桥路口东,水道子
57,16,27,2019-06-04 08:01:01,1,虎坊桥路口东,马圈
57,16,18,2019-06-04 08:01:01,1,虎坊桥路口东,过街楼
57,16,18,2019-06-04 08:01:01,1,虎坊桥路口东,过街楼
57,16,19,2019-06-04 08:02:01,1,虎坊桥路口东,东城三里河
57,17,26,2019-06-04 08:03:01,1,板章路,广渠门内
57,18,18,2019-06-04 08:03:01,1,过街楼,过街楼
57,18,18,2019-06-04 08:03:01,1,过街楼,过街楼
57,17,21,2019-06-04 08:03:01,1,板章路,水道子
57,17,25,2019-06-04 08:03:01,1,板章路,安化楼
57,18,25,2019-06-04 08:05:01,1,过街楼,安化楼
57,18,25,2019-06-04 08:05:01,1,过街楼,安化楼
57,19,20,2019-06-04 08:06:01,1,东城三里河,桥湾
57,18,18,2019-06-04 08:06:01,1,过街楼,过街楼
57,20,27,2019-06-04 08:07:01,1,桥湾,马圈
57,19,21,2019-06-04 08:07:01,1,东城三里河,水道子
57,20,25,2019-06-04 08:07:01,1,桥湾,安化楼
57,20,26,2019-06-04 08:07:01,1,桥湾,广渠门内
57,20,22,2019-06-04 08:08:01,1,桥湾,磁器口西
57,20,27,2019-06-04 08:08:01,1,桥湾,马圈
57,21,25,2019-06-04 08:09:01,1,水道子,安化楼
57,21,26,2019-06-04 08:09:01,1,水道子,广渠门内
57,22,27,2019-06-04 08:12:01,1,磁器口西,马圈
57,22,22,2019-06-04 08:12:01,1,磁器口西,磁器口西
57,22,26,2019-06-04 08:12:01,1,磁器口西,广渠门内
57,23,27,2019-06-04 08:14:01,1,榄杆市,马圈
57,23,26,2019-06-04 08:14:01,1,榄杆市,广渠门内
57,24,27,2019-06-04 08:16:01,1,培新街,马圈
57,24,27,2019-06-04 08:16:01,1,培新街,马圈
57,24,26,2019-06-04 08:16:01,1,培新街,广渠门内
57,25,27,2019-06-04 08:21:01,1,安化楼,马圈
57,25,27,2019-06-04 08:21:01,1,安化楼,马圈
57,25,25,2019-06-04 08:21:01,1,安化楼,安化楼
57,27,27,2019-06-04 08:25:01,1,马圈,马圈
57,1,13,2019-06-04 06:52:01,1,靛厂新村,牛街路口东
57,1,12,2019-06-04 06:52:01,1,靛厂新村,广安门内
57,1,13,2019-06-04 06:52:01,1,靛厂新村,牛街路口东
57,1,13,2019-06-04 06:52:01,1,靛厂新村,牛街路口东
57,1,14,2019-06-04 06:52:01,1,靛厂新村,菜市口西
57,1,14,2019-06-04 06:52:01,1,靛厂新村,菜市口西
57,1,12,2019-06-04 06:52:01,1,靛厂新村,广安门内
57,1,12,2019-06-04 06:52:01,1,靛厂新村,广安门内
57,1,15,2019-06-04 06:52:01,1,靛厂新村,虎坊桥路口西
57,1,12,2019-06-04 06:52:01,1,靛厂新村,广安门内
57,1,4,2019-06-04 06:52:01,1,靛厂新村,水衙沟路东口
57,1,1,2019-06-04 06:52:01,1,靛厂新村,靛厂新村
57,1,4,2019-06-04 06:52:01,1,靛厂新村,水衙沟路东口
57,1,4,2019-06-04 06:52:01,1,靛厂新村,水衙沟路东口
57,1,1,2019-06-04 06:52:01,1,靛厂新村,靛厂新村
57,1,5,2019-06-04 06:52:01,1,靛厂新村,白塔村
57,1,7,2019-06-04 06:52:01,1,靛厂新村,六里桥西
57,1,7,2019-06-04 06:52:01,1,靛厂新村,六里桥西
57,1,29,2019-06-04 06:52:01,1,靛厂新村,双井桥北
57,1,27,2019-06-04 06:52:01,1,靛厂新村,马圈
57,1,27,2019-06-04 06:52:01,1,靛厂新村,马圈
57,2,12,2019-06-04 06:53:01,1,岳各庄东路北口,广安门内
57,2,14,2019-06-04 06:53:01,1,岳各庄东路北口,菜市口西
57,2,7,2019-06-04 06:53:01,1,岳各庄东路北口,六里桥西
57,2,8,2019-06-04 06:53:01,1,岳各庄东路北口,六里桥东
57,2,10,2019-06-04 06:54:01,1,岳各庄东路北口,湾子
57,3,13,2019-06-04 06:55:01,1,靛厂村南站,牛街路口东
57,3,15,2019-06-04 06:55:01,1,靛厂村南站,虎坊桥路口西
57,3,11,2019-06-04 06:55:01,1,靛厂村南站,达官营
57,3,15,2019-06-04 06:55:01,1,靛厂村南站,虎坊桥路口西
57,3,11,2019-06-04 06:55:01,1,靛厂村南站,达官营
57,3,3,2019-06-04 06:55:01,1,靛厂村南站,靛厂村南站
57,3,4,2019-06-04 06:55:01,1,靛厂村南站,水衙沟路东口
57,3,3,2019-06-04 06:55:01,1,靛厂村南站,靛厂村南站
57,3,8,2019-06-04 06:55:01,1,靛厂村南站,六里桥东
57,3,29,2019-06-04 06:55:01,1,靛厂村南站,双井桥北
57,4,11,2019-06-04 06:56:01,1,水衙沟路东口,达官营
57,4,11,2019-06-04 06:56:01,1,水衙沟路东口,达官营
57,4,13,2019-06-04 06:56:01,1,水衙沟路东口,牛街路口东
57,4,12,2019-06-04 06:56:01,1,水衙沟路东口,广安门内
57,4,15,2019-06-04 06:56:01,1,水衙沟路东口,虎坊桥路口西
57,4,15,2019-06-04 06:56:01,1,水衙沟路东口,虎坊桥路口西
57,4,17,2019-06-04 06:56:01,1,水衙沟路东口,板章路
57,4,7,2019-06-04 06:56:01,1,水衙沟路东口,六里桥西
57,4,7,2019-06-04 06:56:01,1,水衙沟路东口,六里桥西
57,4,5,2019-06-04 06:56:01,1,水衙沟路东口,白塔村
57,4,8,2019-06-04 06:56:01,1,水衙沟路东口,六里桥东
57,5,6,2019-06-04 06:57:01,1,白塔村,小井路口东
57,6,12,2019-06-04 07:01:01,1,小井路口东,广安门内
57,6,14,2019-06-04 07:01:01,1,小井路口东,菜市口西
57,6,28,2019-06-04 07:01:01,1,小井路口东,垂杨柳
57,7,12,2019-06-04 07:03:01,1,六里桥西,广安门内
57,7,16,2019-06-04 07:03:01,1,六里桥西,虎坊桥路口东
57,7,10,2019-06-04 07:03:01,1,六里桥西,湾子
57,7,11,2019-06-04 07:03:01,1,六里桥西,达官营
57,7,22,2019-06-04 07:03:01,1,六里桥西,磁器口西
57,8,8,2019-06-04 07:03:01,1,六里桥东,六里桥东
57,7,29,2019-06-04 07:03:01,1,六里桥西,双井桥北
57,8,14,2019-06-04 07:07:01,1,六里桥东,菜市口西
57,8,12,2019-06-04 07:07:01,1,六里桥东,广安门内
57,8,12,2019-06-04 07:07:01,1,六里桥东,广安门内
57,8,15,2019-06-04 07:07:01,1,六里桥东,虎坊桥路口西
57,8,14,2019-06-04 07:07:01,1,六里桥东,菜市口西
57,8,15,2019-06-04 07:07:01,1,六里桥东,虎坊桥路口西
57,8,14,2019-06-04 07:07:01,1,六里桥东,菜市口西
57,8,13,2019-06-04 07:07:01,1,六里桥东,牛街路口东
57,8,17,2019-06-04 07:07:01,1,六里桥东,板章路
57,8,24,2019-06-04 07:07:01,1,六里桥东,培新街
57,8,23,2019-06-04 07:07:01,1,六里桥东,榄杆市
57,8,10,2019-06-04 07:07:01,1,六里桥东,湾子
57,8,10,2019-06-04 07:07:01,1,六里桥东,湾子
57,8,10,2019-06-04 07:07:01,1,六里桥东,湾子
57,8,8,2019-06-04 07:07:01,1,六里桥东,六里桥东
57,8,10,2019-06-04 07:07:01,1,六里桥东,湾子
57,8,29,2019-06-04 07:07:01,1,六里桥东,双井桥北
57,8,27,2019-06-04 07:07:01,1,六里桥东,马圈
57,8,31,2019-06-04 07:07:01,1,六里桥东,大北窑南
57,8,31,2019-06-04 07:07:01,1,六里桥东,大北窑南
57,8,31,2019-06-04 07:07:01,1,六里桥东,大北窑南
57,8,15,2019-06-04 07:08:01,1,六里桥东,虎坊桥路口西
57,8,15,2019-06-04 07:08:01,1,六里桥东,虎坊桥路口西
57,8,11,2019-06-04 07:08:01,1,六里桥东,达官营
57,8,13,2019-06-04 07:08:01,1,六里桥东,牛街路口东
57,8,12,2019-06-04 07:08:01,1,六里桥东,广安门内
57,8,25,2019-06-04 07:08:01,1,六里桥东,安化楼
57,8,31,2019-06-04 07:08:01,1,六里桥东,大北窑南
57,8,31,2019-06-04 07:08:01,1,六里桥东,大北窑南
57,9,12,2019-06-04 07:11:01,1,莲花池,广安门内
57,9,14,2019-06-04 07:11:01,1,莲花池,菜市口西
57,9,16,2019-06-04 07:11:01,1,莲花池,虎坊桥路口东
57,9,22,2019-06-04 07:11:01,1,莲花池,磁器口西
57,9,21,2019-06-04 07:11:01,1,莲花池,水道子
57,9,24,2019-06-04 07:11:01,1,莲花池,培新街
57,9,23,2019-06-04 07:11:01,1,莲花池,榄杆市
57,9,10,2019-06-04 07:11:01,1,莲花池,湾子
57,10,26,2019-06-04 07:11:01,1,湾子,广渠门内
57,9,26,2019-06-04 07:11:01,1,莲花池,广渠门内
57,10,11,2019-06-04 07:14:01,1,湾子,达官营
57,10,16,2019-06-04 07:14:01,1,湾子,虎坊桥路口东
57,10,11,2019-06-04 07:14:01,1,湾子,达官营
57,11,12,2019-06-04 07:14:01,1,达官营,广安门内
57,10,16,2019-06-04 07:14:01,1,湾子,虎坊桥路口东
57,11,12,2019-06-04 07:14:01,1,达官营,广安门内
57,10,22,2019-06-04 07:14:01,1,湾子,磁器口西
57,10,26,2019-06-04 07:14:01,1,湾子,广渠门内
57,11,16,2019-06-04 07:17:01,1,达官营,虎坊桥路口东
57,11,12,2019-06-04 07:17:01,1,达官营,广安门内
57,11,12,2019-06-04 07:17:01,1,达官营,广安门内
57,11,16,2019-06-04 07:17:01,1,达官营,虎坊桥路口东
57,11,12,2019-06-04 07:17:01,1,达官营,广安门内
57,11,12,2019-06-04 07:17:01,1,达官营,广安门内
57,11,12,2019-06-04 07:17:01,1,达官营,广安门内
57,11,14,2019-06-04 07:17:01,1,达官营,菜市口西
57,11,12,2019-06-04 07:17:01,1,达官营,广安门内
57,11,14,2019-06-04 07:17:01,1,达官营,菜市口西
57,11,15,2019-06-04 07:17:01,1,达官营,虎坊桥路口西
57,11,32,2019-06-04 07:17:01,1,达官营,大北窑东
57,11,24,2019-06-04 07:17:01,1,达官营,培新街
57,11,17,2019-06-04 07:17:01,1,达官营,板章路
57,11,22,2019-06-04 07:17:01,1,达官营,磁器口西
57,11,22,2019-06-04 07:17:01,1,达官营,磁器口西
57,11,29,2019-06-04 07:17:01,1,达官营,双井桥北
57,11,27,2019-06-04 07:17:01,1,达官营,马圈
57,11,34,2019-06-04 07:17:01,1,达官营,四惠枢纽站
57,12,31,2019-06-04 07:20:01,1,广安门内,大北窑南
57,12,18,2019-06-04 07:21:01,1,广安门内,过街楼
57,12,18,2019-06-04 07:21:01,1,广安门内,过街楼
57,16,31,2019-06-04 07:31:01,1,虎坊桥路口东,大北窑南
57,17,22,2019-06-04 07:32:01,1,板章路,磁器口西
57,18,21,2019-06-04 07:36:01,1,过街楼,水道子
57,21,31,2019-06-04 07:37:01,1,水道子,大北窑南
57,21,31,2019-06-04 07:37:01,1,水道子,大北窑南
57,22,28,2019-06-04 07:41:01,1,磁器口西,垂杨柳
57,22,29,2019-06-04 07:41:01,1,磁器口西,双井桥北
57,23,27,2019-06-04 07:44:01,1,榄杆市,马圈
57,23,31,2019-06-04 07:44:01,1,榄杆市,大北窑南
57,23,31,2019-06-04 07:44:01,1,榄杆市,大北窑南
57,24,32,2019-06-04 07:45:01,1,培新街,大北窑东
57,24,29,2019-06-04 07:45:01,1,培新街,双井桥北
57,24,24,2019-06-04 07:45:01,1,培新街,培新街
57,24,32,2019-06-04 07:45:01,1,培新街,大北窑东
57,24,31,2019-06-04 07:45:01,1,培新街,大北窑南
57,25,29,2019-06-04 07:46:01,1,安化楼,双井桥北
57,27,29,2019-06-04 07:47:01,1,马圈,双井桥北
57,27,29,2019-06-04 07:47:01,1,马圈,双井桥北
57,26,26,2019-06-04 07:47:01,1,广渠门内,广渠门内
57,27,29,2019-06-04 07:47:01,1,马圈,双井桥北
57,26,32,2019-06-04 07:47:01,1,广渠门内,大北窑东
57,26,32,2019-06-04 07:47:01,1,广渠门内,大北窑东
57,27,31,2019-06-04 07:47:01,1,马圈,大北窑南
57,26,32,2019-06-04 07:47:01,1,广渠门内,大北窑东
57,26,31,2019-06-04 07:47:01,1,广渠门内,大北窑南
57,27,31,2019-06-04 07:47:01,1,马圈,大北窑南
57,26,31,2019-06-04 07:47:01,1,广渠门内,大北窑南
57,27,31,2019-06-04 07:48:01,1,马圈,大北窑南
57,27,29,2019-06-04 07:50:01,1,马圈,双井桥北
57,27,29,2019-06-04 07:50:01,1,马圈,双井桥北
57,28,34,2019-06-04 07:51:01,1,垂杨柳,四惠枢纽站
57,28,34,2019-06-04 07:51:01,1,垂杨柳,四惠枢纽站
57,28,31,2019-06-04 07:51:01,1,垂杨柳,大北窑南
57,28,29,2019-06-04 07:51:01,1,垂杨柳,双井桥北
57,28,31,2019-06-04 07:51:01,1,垂杨柳,大北窑南
57,29,31,2019-06-04 07:52:01,1,双井桥北,大北窑南
57,29,32,2019-06-04 07:57:01,1,双井桥北,大北窑东
57,29,32,2019-06-04 07:57:01,1,双井桥北,大北窑东
57,29,34,2019-06-04 07:57:01,1,双井桥北,四惠枢纽站
57,29,32,2019-06-04 07:57:01,1,双井桥北,大北窑东
57,29,32,2019-06-04 07:57:01,1,双井桥北,大北窑东
57,29,32,2019-06-04 07:57:01,1,双井桥北,大北窑东
57,29,32,2019-06-04 07:57:01,1,双井桥北,大北窑东
57,30,32,2019-06-04 07:59:01,1,双花园,大北窑东
57,30,34,2019-06-04 07:59:01,1,双花园,四惠枢纽站
57,30,32,2019-06-04 07:59:01,1,双花园,大北窑东
57,30,32,2019-06-04 07:59:01,1,双花园,大北窑东
57,30,32,2019-06-04 07:59:01,1,双花园,大北窑东
57,30,32,2019-06-04 07:59:01,1,双花园,大北窑东
57,31,32,2019-06-04 07:59:01,1,大北窑南,大北窑东
57,31,32,2019-06-04 07:59:01,1,大北窑南,大北窑东
57,31,34,2019-06-04 08:03:01,1,大北窑南,四惠枢纽站
57,31,34,2019-06-04 08:03:01,1,大北窑南,四惠枢纽站
57,31,34,2019-06-04 08:03:01,1,大北窑南,四惠枢纽站
57,31,34,2019-06-04 08:03:01,1,大北窑南,四惠枢纽站
57,31,34,2019-06-04 08:03:01,1,大北窑南,四惠枢纽站
57,31,32,2019-06-04 08:03:01,1,大北窑南,大北窑东
57,31,32,2019-06-04 08:03:01,1,大北窑南,大北窑东
57,31,32,2019-06-04 08:03:01,1,大北窑南,大北窑东
57,31,32,2019-06-04 08:03:01,1,大北窑南,大北窑东
57,32,32,2019-06-04 08:06:01,1,大北窑东,大北窑东
57,32,34,2019-06-04 08:06:01,1,大北窑东,四惠枢纽站
57,32,32,2019-06-04 08:06:01,1,大北窑东,大北窑东
57,32,32,2019-06-04 08:06:01,1,大北窑东,大北窑东
57,32,32,2019-06-04 08:06:01,1,大北窑东,大北窑东
57,9,22,2019-06-04 09:19:01,1,莲花池,磁器口西
57,9,15,2019-06-04 09:19:01,1,莲花池,虎坊桥路口西
57,9,9,2019-06-04 09:20:01,1,莲花池,莲花池
57,9,9,2019-06-04 09:20:01,1,莲花池,莲花池
57,9,13,2019-06-04 09:20:01,1,莲花池,牛街路口东
57,9,12,2019-06-04 09:20:01,1,莲花池,广安门内
57,9,13,2019-06-04 09:22:01,1,莲花池,牛街路口东
57,10,12,2019-06-04 09:26:01,1,湾子,广安门内
57,11,29,2019-06-04 09:29:01,1,达官营,双井桥北
57,11,22,2019-06-04 09:29:01,1,达官营,磁器口西
57,11,15,2019-06-04 09:29:01,1,达官营,虎坊桥路口西
57,11,13,2019-06-04 09:29:01,1,达官营,牛街路口东
57,11,12,2019-06-04 09:29:01,1,达官营,广安门内
57,11,14,2019-06-04 09:29:01,1,达官营,菜市口西
57,7,9,2019-06-04 06:33:01,1,六里桥西,莲花池
57,7,8,2019-06-04 06:33:01,1,六里桥西,六里桥东
57,7,8,2019-06-04 06:34:01,1,六里桥西,六里桥东
57,7,8,2019-06-04 06:34:01,1,六里桥西,六里桥东
57,7,9,2019-06-04 06:34:01,1,六里桥西,莲花池
57,7,7,2019-06-04 06:34:01,1,六里桥西,六里桥西
57,7,9,2019-06-04 06:35:01,1,六里桥西,莲花池
57,7,7,2019-06-04 06:35:01,1,六里桥西,六里桥西
57,8,8,2019-06-04 06:37:01,1,六里桥东,六里桥东
57,8,9,2019-06-04 06:37:01,1,六里桥东,莲花池
57,8,9,2019-06-04 06:37:01,1,六里桥东,莲花池
57,8,9,2019-06-04 06:43:01,1,六里桥东,莲花池
57,8,9,2019-06-04 06:43:01,1,六里桥东,莲花池
57,8,9,2019-06-04 06:45:01,1,六里桥东,莲花池
57,1,7,2019-06-04 08:41:01,1,靛厂新村,六里桥西
57,1,3,2019-06-04 08:41:01,1,靛厂新村,靛厂村南站
57,1,3,2019-06-04 08:41:01,1,靛厂新村,靛厂村南站
57,1,3,2019-06-04 08:41:01,1,靛厂新村,靛厂村南站
57,1,3,2019-06-04 08:41:01,1,靛厂新村,靛厂村南站
57,1,3,2019-06-04 08:41:01,1,靛厂新村,靛厂村南站
57,1,3,2019-06-04 08:41:01,1,靛厂新村,靛厂村南站
57,1,3,2019-06-04 08:41:01,1,靛厂新村,靛厂村南站
57,1,2,2019-06-04 08:41:01,1,靛厂新村,岳各庄东路北口
57,1,2,2019-06-04 08:41:01,1,靛厂新村,岳各庄东路北口
57,1,3,2019-06-04 08:41:01,1,靛厂新村,靛厂村南站
57,1,2,2019-06-04 08:41:01,1,靛厂新村,岳各庄东路北口
57,1,3,2019-06-04 08:41:01,1,靛厂新村,靛厂村南站
57,2,3,2019-06-04 08:42:01,1,岳各庄东路北口,靛厂村南站
57,2,3,2019-06-04 08:42:01,1,岳各庄东路北口,靛厂村南站
57,2,3,2019-06-04 08:42:01,1,岳各庄东路北口,靛厂村南站
57,2,3,2019-06-04 08:42:01,1,岳各庄东路北口,靛厂村南站
57,2,3,2019-06-04 08:42:01,1,岳各庄东路北口,靛厂村南站
57,2,3,2019-06-04 08:42:01,1,岳各庄东路北口,靛厂村南站
57,2,9,2019-06-04 08:44:01,1,岳各庄东路北口,莲花池
57,2,5,2019-06-04 08:44:01,1,岳各庄东路北口,白塔村
57,2,5,2019-06-04 08:44:01,1,岳各庄东路北口,白塔村
57,2,9,2019-06-04 08:44:01,1,岳各庄东路北口,莲花池
57,2,3,2019-06-04 08:44:01,1,岳各庄东路北口,靛厂村南站
57,2,3,2019-06-04 08:44:01,1,岳各庄东路北口,靛厂村南站
57,2,7,2019-06-04 08:45:01,1,岳各庄东路北口,六里桥西
57,2,3,2019-06-04 08:45:01,1,岳各庄东路北口,靛厂村南站
57,2,3,2019-06-04 08:45:01,1,岳各庄东路北口,靛厂村南站
57,2,3,2019-06-04 08:45:01,1,岳各庄东路北口,靛厂村南站
57,2,3,2019-06-04 08:45:01,1,岳各庄东路北口,靛厂村南站
57,2,3,2019-06-04 08:45:01,1,岳各庄东路北口,靛厂村南站
57,3,7,2019-06-04 08:49:01,1,靛厂村南站,六里桥西
57,3,7,2019-06-04 08:49:01,1,靛厂村南站,六里桥西
57,3,6,2019-06-04 08:54:01,1,靛厂村南站,小井路口东
57,3,9,2019-06-04 08:54:01,1,靛厂村南站,莲花池
57,3,3,2019-06-04 08:54:01,1,靛厂村南站,靛厂村南站
57,3,9,2019-06-04 08:54:01,1,靛厂村南站,莲花池
57,3,9,2019-06-04 08:54:01,1,靛厂村南站,莲花池
57,3,9,2019-06-04 08:54:01,1,靛厂村南站,莲花池
57,3,8,2019-06-04 08:55:01,1,靛厂村南站,六里桥东
57,3,7,2019-06-04 08:55:01,1,靛厂村南站,六里桥西
57,3,7,2019-06-04 08:55:01,1,靛厂村南站,六里桥西
57,3,7,2019-06-04 08:55:01,1,靛厂村南站,六里桥西
57,3,9,2019-06-04 08:55:01,1,靛厂村南站,莲花池
57,3,9,2019-06-04 08:55:01,1,靛厂村南站,莲花池
57,3,8,2019-06-04 08:55:01,1,靛厂村南站,六里桥东
57,3,3,2019-06-04 08:55:01,1,靛厂村南站,靛厂村南站
57,3,3,2019-06-04 08:55:01,1,靛厂村南站,靛厂村南站
57,3,3,2019-06-04 08:55:01,1,靛厂村南站,靛厂村南站
57,3,3,2019-06-04 08:55:01,1,靛厂村南站,靛厂村南站
57,3,9,2019-06-04 08:55:01,1,靛厂村南站,莲花池
57,3,3,2019-06-04 08:55:01,1,靛厂村南站,靛厂村南站
57,3,5,2019-06-04 08:59:01,1,靛厂村南站,白塔村
57,3,9,2019-06-04 08:59:01,1,靛厂村南站,莲花池
57,3,5,2019-06-04 08:59:01,1,靛厂村南站,白塔村
57,3,3,2019-06-04 09:00:01,1,靛厂村南站,靛厂村南站
57,3,5,2019-06-04 09:01:01,1,靛厂村南站,白塔村
57,3,6,2019-06-04 09:01:01,1,靛厂村南站,小井路口东
57,3,6,2019-06-04 09:01:01,1,靛厂村南站,小井路口东
57,3,7,2019-06-04 09:01:01,1,靛厂村南站,六里桥西
57,3,9,2019-06-04 09:01:01,1,靛厂村南站,莲花池
57,3,7,2019-06-04 09:03:01,1,靛厂村南站,六里桥西
57,3,6,2019-06-04 09:03:01,1,靛厂村南站,小井路口东
57,3,8,2019-06-04 09:03:01,1,靛厂村南站,六里桥东
57,3,7,2019-06-04 09:03:01,1,靛厂村南站,六里桥西
57,3,7,2019-06-04 09:03:01,1,靛厂村南站,六里桥西
57,3,7,2019-06-04 09:03:01,1,靛厂村南站,六里桥西
57,3,7,2019-06-04 09:03:01,1,靛厂村南站,六里桥西
57,3,5,2019-06-04 09:03:01,1,靛厂村南站,白塔村
57,3,4,2019-06-04 09:03:01,1,靛厂村南站,水衙沟路东口
57,3,3,2019-06-04 09:03:01,1,靛厂村南站,靛厂村南站
57,3,9,2019-06-04 09:03:01,1,靛厂村南站,莲花池
57,3,9,2019-06-04 09:03:01,1,靛厂村南站,莲花池
57,5,9,2019-06-04 09:06:01,1,白塔村,莲花池
57,5,9,2019-06-04 09:06:01,1,白塔村,莲花池
57,5,7,2019-06-04 09:06:01,1,白塔村,六里桥西
57,5,9,2019-06-04 09:06:01,1,白塔村,莲花池
57,5,6,2019-06-04 09:06:01,1,白塔村,小井路口东
57,5,35,2019-06-04 09:06:01,1,白塔村,四惠枢纽站
57,5,35,2019-06-04 09:06:01,1,白塔村,四惠枢纽站
57,5,9,2019-06-04 09:06:01,1,白塔村,莲花池
57,5,5,2019-06-04 09:07:01,1,白塔村,白塔村
57,6,7,2019-06-04 09:09:01,1,小井路口东,六里桥西
57,6,7,2019-06-04 09:09:01,1,小井路口东,六里桥西
57,6,9,2019-06-04 09:09:01,1,小井路口东,莲花池
57,6,9,2019-06-04 09:09:01,1,小井路口东,莲花池
57,7,9,2019-06-04 09:11:01,1,六里桥西,莲花池
57,7,9,2019-06-04 09:11:01,1,六里桥西,莲花池
57,7,7,2019-06-04 09:13:01,1,六里桥西,六里桥西
57,7,9,2019-06-04 09:16:01,1,六里桥西,莲花池
57,7,9,2019-06-04 09:16:01,1,六里桥西,莲花池
57,7,8,2019-06-04 09:16:01,1,六里桥西,六里桥东
57,7,9,2019-06-04 09:16:01,1,六里桥西,莲花池
57,7,9,2019-06-04 09:16:01,1,六里桥西,莲花池
57,7,9,2019-06-04 09:16:01,1,六里桥西,莲花池
57,8,9,2019-06-04 09:17:01,1,六里桥东,莲花池
57,8,9,2019-06-04 09:17:01,1,六里桥东,莲花池
57,8,9,2019-06-04 09:17:01,1,六里桥东,莲花池
57,8,9,2019-06-04 09:17:01,1,六里桥东,莲花池
57,8,9,2019-06-04 09:17:01,1,六里桥东,莲花池
57,8,9,2019-06-04 09:17:01,1,六里桥东,莲花池
57,8,9,2019-06-04 09:17:01,1,六里桥东,莲花池
57,8,9,2019-06-04 09:17:01,1,六里桥东,莲花池
57,8,9,2019-06-04 09:19:01,1,六里桥东,莲花池
57,8,9,2019-06-04 09:19:01,1,六里桥东,莲花池
57,8,9,2019-06-04 09:19:01,1,六里桥东,莲花池
57,8,9,2019-06-04 09:19:01,1,六里桥东,莲花池
57,9,9,2019-06-04 09:20:01,1,莲花池,莲花池
57,9,9,2019-06-04 09:20:01,1,莲花池,莲花池
57,9,9,2019-06-04 09:20:01,1,莲花池,莲花池
57,9,9,2019-06-04 09:22:01,1,莲花池,莲花池
57,9,9,2019-06-04 09:22:01,1,莲花池,莲花池
57,9,9,2019-06-04 09:22:01,1,莲花池,莲花池
57,9,9,2019-06-04 09:22:01,1,莲花池,莲花池
57,9,9,2019-06-04 09:22:01,1,莲花池,莲花池
57,9,9,2019-06-04 09:22:01,1,莲花池,莲花池
57,9,9,2019-06-04 09:22:01,1,莲花池,莲花池
57,9,9,2019-06-04 09:22:01,1,莲花池,莲花池
57,9,9,2019-06-04 09:22:01,1,莲花池,莲花池
57,9,9,2019-06-04 09:22:01,1,莲花池,莲花池
57,9,9,2019-06-04 09:22:01,1,莲花池,莲花池
57,9,9,2019-06-04 09:22:01,1,莲花池,莲花池
57,9,9,2019-06-04 09:22:01,1,莲花池,莲花池
57,9,9,2019-06-04 09:23:01,1,莲花池,莲花池
57,9,9,2019-06-04 09:25:01,1,莲花池,莲花池
57,9,9,2019-06-04 09:25:01,1,莲花池,莲花池
57,1,8,2019-06-04 07:21:01,1,靛厂新村,六里桥东
57,1,1,2019-06-04 07:21:01,1,靛厂新村,靛厂新村
57,1,6,2019-06-04 07:21:01,1,靛厂新村,小井路口东
57,1,8,2019-06-04 07:21:01,1,靛厂新村,六里桥东
57,1,8,2019-06-04 07:21:01,1,靛厂新村,六里桥东
57,1,5,2019-06-04 07:21:01,1,靛厂新村,白塔村
57,1,12,2019-06-04 07:21:01,1,靛厂新村,广安门内
57,1,12,2019-06-04 07:21:01,1,靛厂新村,广安门内
57,1,13,2019-06-04 07:21:01,1,靛厂新村,牛街路口东
57,1,15,2019-06-04 07:21:01,1,靛厂新村,虎坊桥路口西
57,2,29,2019-06-04 07:22:01,1,岳各庄东路北口,双井桥北
57,2,26,2019-06-04 07:22:01,1,岳各庄东路北口,广渠门内
57,2,6,2019-06-04 07:22:01,1,岳各庄东路北口,小井路口东
57,2,6,2019-06-04 07:22:01,1,岳各庄东路北口,小井路口东
57,2,6,2019-06-04 07:22:01,1,岳各庄东路北口,小井路口东
57,2,8,2019-06-04 07:22:01,1,岳各庄东路北口,六里桥东
57,2,6,2019-06-04 07:22:01,1,岳各庄东路北口,小井路口东
57,2,8,2019-06-04 07:22:01,1,岳各庄东路北口,六里桥东
57,2,6,2019-06-04 07:22:01,1,岳各庄东路北口,小井路口东
57,2,6,2019-06-04 07:22:01,1,岳各庄东路北口,小井路口东
57,2,18,2019-06-04 07:23:01,1,岳各庄东路北口,过街楼
57,2,18,2019-06-04 07:23:01,1,岳各庄东路北口,过街楼
57,3,21,2019-06-04 07:24:01,1,靛厂村南站,水道子
57,3,6,2019-06-04 07:24:01,1,靛厂村南站,小井路口东
57,4,5,2019-06-04 07:25:01,1,水衙沟路东口,白塔村
57,4,8,2019-06-04 07:25:01,1,水衙沟路东口,六里桥东
57,4,13,2019-06-04 07:25:01,1,水衙沟路东口,牛街路口东
57,4,15,2019-06-04 07:25:01,1,水衙沟路东口,虎坊桥路口西
57,5,6,2019-06-04 07:30:01,1,白塔村,小井路口东
57,5,6,2019-06-04 07:30:01,1,白塔村,小井路口东
57,5,8,2019-06-04 07:30:01,1,白塔村,六里桥东
57,5,6,2019-06-04 07:30:01,1,白塔村,小井路口东
57,5,13,2019-06-04 07:30:01,1,白塔村,牛街路口东
57,6,10,2019-06-04 07:32:01,1,小井路口东,湾子
57,6,10,2019-06-04 07:32:01,1,小井路口东,湾子
57,6,6,2019-06-04 07:32:01,1,小井路口东,小井路口东
57,7,12,2019-06-04 07:32:01,1,六里桥西,广安门内
57,6,15,2019-06-04 07:32:01,1,小井路口东,虎坊桥路口西
57,8,24,2019-06-04 07:36:01,1,六里桥东,培新街
57,8,22,2019-06-04 07:36:01,1,六里桥东,磁器口西
57,8,21,2019-06-04 07:36:01,1,六里桥东,水道子
57,8,23,2019-06-04 07:36:01,1,六里桥东,榄杆市
57,8,18,2019-06-04 07:36:01,1,六里桥东,过街楼
57,8,12,2019-06-04 07:36:01,1,六里桥东,广安门内
57,8,21,2019-06-04 07:36:01,1,六里桥东,水道子
57,8,15,2019-06-04 07:37:01,1,六里桥东,虎坊桥路口西
57,8,15,2019-06-04 07:37:01,1,六里桥东,虎坊桥路口西
57,8,15,2019-06-04 07:37:01,1,六里桥东,虎坊桥路口西
57,9,24,2019-06-04 07:41:01,1,莲花池,培新街
57,9,15,2019-06-04 07:41:01,1,莲花池,虎坊桥路口西
57,10,21,2019-06-04 07:42:01,1,湾子,水道子
57,10,28,2019-06-04 07:44:01,1,湾子,垂杨柳
57,10,12,2019-06-04 07:44:01,1,湾子,广安门内
57,10,14,2019-06-04 07:44:01,1,湾子,菜市口西
57,10,14,2019-06-04 07:44:01,1,湾子,菜市口西
57,10,31,2019-06-04 07:44:01,1,湾子,大北窑南
57,12,24,2019-06-04 07:46:01,1,广安门内,培新街
57,11,12,2019-06-04 07:46:01,1,达官营,广安门内
57,11,16,2019-06-04 07:46:01,1,达官营,虎坊桥路口东
57,11,30,2019-06-04 07:46:01,1,达官营,双花园
57,12,12,2019-06-04 07:50:01,1,广安门内,广安门内
57,14,24,2019-06-04 07:56:01,1,菜市口西,培新街
57,15,31,2019-06-04 07:58:01,1,虎坊桥路口西,大北窑南
57,19,24,2019-06-04 08:07:01,1,东城三里河,培新街
57,19,24,2019-06-04 08:07:01,1,东城三里河,培新街
57,20,25,2019-06-04 08:08:01,1,桥湾,安化楼
57,21,23,2019-06-04 08:11:01,1,水道子,榄杆市
57,21,26,2019-06-04 08:11:01,1,水道子,广渠门内
57,21,24,2019-06-04 08:11:01,1,水道子,培新街
57,22,28,2019-06-04 08:14:01,1,磁器口西,垂杨柳
57,22,24,2019-06-04 08:15:01,1,磁器口西,培新街
57,22,27,2019-06-04 08:15:01,1,磁器口西,马圈
57,22,26,2019-06-04 08:15:01,1,磁器口西,广渠门内
57,23,26,2019-06-04 08:17:01,1,榄杆市,广渠门内
57,23,26,2019-06-04 08:17:01,1,榄杆市,广渠门内
57,23,26,2019-06-04 08:17:01,1,榄杆市,广渠门内
57,24,28,2019-06-04 08:20:01,1,培新街,垂杨柳
57,24,29,2019-06-04 08:20:01,1,培新街,双井桥北
57,25,29,2019-06-04 08:21:01,1,安化楼,双井桥北
57,25,28,2019-06-04 08:21:01,1,安化楼,垂杨柳
57,25,26,2019-06-04 08:21:01,1,安化楼,广渠门内
57,25,29,2019-06-04 08:21:01,1,安化楼,双井桥北
57,25,32,2019-06-04 08:21:01,1,安化楼,大北窑东
57,26,29,2019-06-04 08:22:01,1,广渠门内,双井桥北
57,26,28,2019-06-04 08:22:01,1,广渠门内,垂杨柳
57,26,28,2019-06-04 08:22:01,1,广渠门内,垂杨柳
57,26,28,2019-06-04 08:22:01,1,广渠门内,垂杨柳
57,26,34,2019-06-04 08:22:01,1,广渠门内,四惠枢纽站
57,26,31,2019-06-04 08:22:01,1,广渠门内,大北窑南
57,26,29,2019-06-04 08:22:01,1,广渠门内,双井桥北
57,26,32,2019-06-04 08:22:01,1,广渠门内,大北窑东
57,27,28,2019-06-04 08:24:01,1,马圈,垂杨柳
57,27,28,2019-06-04 08:24:01,1,马圈,垂杨柳
57,27,29,2019-06-04 08:24:01,1,马圈,双井桥北
57,28,29,2019-06-04 08:25:01,1,垂杨柳,双井桥北
57,28,32,2019-06-04 08:25:01,1,垂杨柳,大北窑东
57,29,31,2019-06-04 08:29:01,1,双井桥北,大北窑南
57,32,33,2019-06-04 08:38:01,1,大北窑东,郎家园
57,32,33,2019-06-04 08:38:01,1,大北窑东,郎家园
57,33,34,2019-06-04 08:39:01,1,郎家园,四惠枢纽站
57,1,1,2019-06-04 06:34:01,1,靛厂新村,靛厂新村
57,1,1,2019-06-04 06:35:01,1,靛厂新村,靛厂新村
57,1,1,2019-06-04 06:36:01,1,靛厂新村,靛厂新村
57,1,1,2019-06-04 06:40:01,1,靛厂新村,靛厂新村
57,1,1,2019-06-04 06:40:01,1,靛厂新村,靛厂新村
57,1,1,2019-06-04 06:41:01,1,靛厂新村,靛厂新村
57,1,1,2019-06-04 06:41:01,1,靛厂新村,靛厂新村
57,1,1,2019-06-04 06:42:01,1,靛厂新村,靛厂新村
57,1,1,2019-06-04 06:46:01,1,靛厂新村,靛厂新村
57,1,1,2019-06-04 06:46:01,1,靛厂新村,靛厂新村
57,1,1,2019-06-04 06:46:01,1,靛厂新村,靛厂新村
57,1,1,2019-06-04 06:46:01,1,靛厂新村,靛厂新村
57,1,1,2019-06-04 06:46:01,1,靛厂新村,靛厂新村
57,1,1,2019-06-04 06:46:01,1,靛厂新村,靛厂新村
57,1,1,2019-06-04 06:49:01,1,靛厂新村,靛厂新村
57,1,1,2019-06-04 06:51:01,1,靛厂新村,靛厂新村
57,1,1,2019-06-04 06:51:01,1,靛厂新村,靛厂新村
57,1,1,2019-06-04 06:53:01,1,靛厂新村,靛厂新村
57,1,1,2019-06-04 07:25:01,1,靛厂新村,靛厂新村
57,1,1,2019-06-04 07:25:01,1,靛厂新村,靛厂新村
57,1,1,2019-06-04 07:25:01,1,靛厂新村,靛厂新村
57,1,1,2019-06-04 07:25:01,1,靛厂新村,靛厂新村
57,1,1,2019-06-04 07:25:01,1,靛厂新村,靛厂新村
57,1,1,2019-06-04 07:25:01,1,靛厂新村,靛厂新村
57,1,1,2019-06-04 07:25:01,1,靛厂新村,靛厂新村
57,1,1,2019-06-04 07:25:01,1,靛厂新村,靛厂新村
57,1,1,2019-06-04 07:25:01,1,靛厂新村,靛厂新村
57,1,1,2019-06-04 07:25:01,1,靛厂新村,靛厂新村
57,1,1,2019-06-04 07:25:01,1,靛厂新村,靛厂新村
57,1,1,2019-06-04 07:25:01,1,靛厂新村,靛厂新村
57,1,1,2019-06-04 07:25:01,1,靛厂新村,靛厂新村
57,1,1,2019-06-04 07:25:01,1,靛厂新村,靛厂新村
57,1,1,2019-06-04 07:26:01,1,靛厂新村,靛厂新村
57,1,1,2019-06-04 07:26:01,1,靛厂新村,靛厂新村
57,1,1,2019-06-04 07:26:01,1,靛厂新村,靛厂新村
57,1,1,2019-06-04 07:26:01,1,靛厂新村,靛厂新村
57,1,1,2019-06-04 07:26:01,1,靛厂新村,靛厂新村
57,1,1,2019-06-04 07:26:01,1,靛厂新村,靛厂新村
57,1,1,2019-06-04 07:26:01,1,靛厂新村,靛厂新村
57,1,1,2019-06-04 07:26:01,1,靛厂新村,靛厂新村
57,1,1,2019-06-04 07:27:01,1,靛厂新村,靛厂新村
57,1,1,2019-06-04 07:27:01,1,靛厂新村,靛厂新村
57,1,1,2019-06-04 07:27:01,1,靛厂新村,靛厂新村
57,1,1,2019-06-04 07:28:01,1,靛厂新村,靛厂新村
57,1,1,2019-06-04 07:28:01,1,靛厂新村,靛厂新村
57,1,1,2019-06-04 07:28:01,1,靛厂新村,靛厂新村
57,1,1,2019-06-04 07:28:01,1,靛厂新村,靛厂新村
57,1,1,2019-06-04 07:29:01,1,靛厂新村,靛厂新村
57,1,1,2019-06-04 07:29:01,1,靛厂新村,靛厂新村
57,1,1,2019-06-04 07:29:01,1,靛厂新村,靛厂新村
57,1,1,2019-06-04 07:29:01,1,靛厂新村,靛厂新村
57,1,1,2019-06-04 07:29:01,1,靛厂新村,靛厂新村
57,1,1,2019-06-04 07:29:01,1,靛厂新村,靛厂新村
57,1,1,2019-06-04 07:29:01,1,靛厂新村,靛厂新村
57,1,1,2019-06-04 07:29:01,1,靛厂新村,靛厂新村
57,1,1,2019-06-04 07:30:01,1,靛厂新村,靛厂新村
57,1,1,2019-06-04 07:34:01,1,靛厂新村,靛厂新村
57,1,1,2019-06-04 07:34:01,1,靛厂新村,靛厂新村
57,1,1,2019-06-04 07:34:01,1,靛厂新村,靛厂新村
57,1,1,2019-06-04 07:34:01,1,靛厂新村,靛厂新村
57,1,1,2019-06-04 07:34:01,1,靛厂新村,靛厂新村
57,1,1,2019-06-04 07:36:01,1,靛厂新村,靛厂新村
57,1,1,2019-06-04 07:36:01,1,靛厂新村,靛厂新村
57,1,1,2019-06-04 07:36:01,1,靛厂新村,靛厂新村
57,1,1,2019-06-04 07:36:01,1,靛厂新村,靛厂新村
57,1,1,2019-06-04 07:36:01,1,靛厂新村,靛厂新村
57,1,1,2019-06-04 07:36:01,1,靛厂新村,靛厂新村
57,1,1,2019-06-04 07:42:01,1,靛厂新村,靛厂新村
57,1,1,2019-06-04 07:42:01,1,靛厂新村,靛厂新村
57,1,1,2019-06-04 07:42:01,1,靛厂新村,靛厂新村
57,1,1,2019-06-04 07:42:01,1,靛厂新村,靛厂新村
57,1,1,2019-06-04 07:42:01,1,靛厂新村,靛厂新村
57,1,1,2019-06-04 07:42:01,1,靛厂新村,靛厂新村
57,1,1,2019-06-04 07:42:01,1,靛厂新村,靛厂新村
57,1,1,2019-06-04 07:42:01,1,靛厂新村,靛厂新村
57,1,1,2019-06-04 07:42:01,1,靛厂新村,靛厂新村
57,1,1,2019-06-04 07:42:01,1,靛厂新村,靛厂新村
57,1,1,2019-06-04 07:42:01,1,靛厂新村,靛厂新村
57,1,1,2019-06-04 07:42:01,1,靛厂新村,靛厂新村
57,1,1,2019-06-04 07:42:01,1,靛厂新村,靛厂新村
57,1,1,2019-06-04 07:42:01,1,靛厂新村,靛厂新村
57,1,1,2019-06-04 07:42:01,1,靛厂新村,靛厂新村
57,1,1,2019-06-04 07:42:01,1,靛厂新村,靛厂新村
57,1,1,2019-06-04 07:42:01,1,靛厂新村,靛厂新村
57,1,1,2019-06-04 07:42:01,1,靛厂新村,靛厂新村
57,1,1,2019-06-04 07:42:01,1,靛厂新村,靛厂新村
57,1,1,2019-06-04 07:42:01,1,靛厂新村,靛厂新村
57,1,1,2019-06-04 07:42:01,1,靛厂新村,靛厂新村
57,1,1,2019-06-04 07:42:01,1,靛厂新村,靛厂新村
57,1,1,2019-06-04 07:42:01,1,靛厂新村,靛厂新村
57,1,1,2019-06-04 07:42:01,1,靛厂新村,靛厂新村
57,1,1,2019-06-04 07:42:01,1,靛厂新村,靛厂新村
57,1,1,2019-06-04 07:42:01,1,靛厂新村,靛厂新村
57,1,1,2019-06-04 07:48:01,1,靛厂新村,靛厂新村
57,1,1,2019-06-04 07:48:01,1,靛厂新村,靛厂新村
57,1,1,2019-06-04 07:48:01,1,靛厂新村,靛厂新村
57,1,1,2019-06-04 07:49:01,1,靛厂新村,靛厂新村
57,1,1,2019-06-04 07:50:01,1,靛厂新村,靛厂新村
57,1,1,2019-06-04 07:50:01,1,靛厂新村,靛厂新村
57,1,1,2019-06-04 07:51:01,1,靛厂新村,靛厂新村
57,1,1,2019-06-04 07:51:01,1,靛厂新村,靛厂新村
57,1,1,2019-06-04 07:51:01,1,靛厂新村,靛厂新村
57,1,1,2019-06-04 07:51:01,1,靛厂新村,靛厂新村
57,1,1,2019-06-04 07:51:01,1,靛厂新村,靛厂新村
57,1,1,2019-06-04 07:51:01,1,靛厂新村,靛厂新村
57,1,1,2019-06-04 07:51:01,1,靛厂新村,靛厂新村
57,1,1,2019-06-04 07:51:01,1,靛厂新村,靛厂新村
57,1,1,2019-06-04 07:51:01,1,靛厂新村,靛厂新村
57,1,1,2019-06-04 07:51:01,1,靛厂新村,靛厂新村
57,1,1,2019-06-04 07:51:01,1,靛厂新村,靛厂新村
57,1,1,2019-06-04 07:51:01,1,靛厂新村,靛厂新村
57,1,1,2019-06-04 07:55:01,1,靛厂新村,靛厂新村
57,1,1,2019-06-04 07:55:01,1,靛厂新村,靛厂新村
57,1,1,2019-06-04 07:55:01,1,靛厂新村,靛厂新村
57,1,1,2019-06-04 07:57:01,1,靛厂新村,靛厂新村
57,1,1,2019-06-04 07:57:01,1,靛厂新村,靛厂新村
57,1,1,2019-06-04 07:57:01,1,靛厂新村,靛厂新村
57,1,1,2019-06-04 07:59:01,1,靛厂新村,靛厂新村
57,1,1,2019-06-04 07:59:01,1,靛厂新村,靛厂新村
57,1,1,2019-06-04 07:59:01,1,靛厂新村,靛厂新村
57,1,1,2019-06-04 08:03:01,1,靛厂新村,靛厂新村
57,1,1,2019-06-04 08:04:01,1,靛厂新村,靛厂新村
57,1,1,2019-06-04 08:12:01,1,靛厂新村,靛厂新村
57,1,1,2019-06-04 08:12:01,1,靛厂新村,靛厂新村
57,1,1,2019-06-04 08:12:01,1,靛厂新村,靛厂新村
57,1,1,2019-06-04 08:12:01,1,靛厂新村,靛厂新村
57,1,1,2019-06-04 08:14:01,1,靛厂新村,靛厂新村
57,1,1,2019-06-04 08:14:01,1,靛厂新村,靛厂新村
57,1,1,2019-06-04 08:16:01,1,靛厂新村,靛厂新村
57,1,1,2019-06-04 08:18:01,1,靛厂新村,靛厂新村
57,1,1,2019-06-04 08:18:01,1,靛厂新村,靛厂新村
57,1,1,2019-06-04 08:19:01,1,靛厂新村,靛厂新村
57,1,1,2019-06-04 08:19:01,1,靛厂新村,靛厂新村
57,1,1,2019-06-04 08:19:01,1,靛厂新村,靛厂新村
57,1,1,2019-06-04 08:19:01,1,靛厂新村,靛厂新村
57,1,1,2019-06-04 08:19:01,1,靛厂新村,靛厂新村
57,1,1,2019-06-04 08:19:01,1,靛厂新村,靛厂新村
57,1,1,2019-06-04 08:20:01,1,靛厂新村,靛厂新村
57,1,1,2019-06-04 08:20:01,1,靛厂新村,靛厂新村
57,1,1,2019-06-04 08:20:01,1,靛厂新村,靛厂新村
57,1,1,2019-06-04 08:20:01,1,靛厂新村,靛厂新村
57,1,1,2019-06-04 08:21:01,1,靛厂新村,靛厂新村
57,1,1,2019-06-04 08:27:01,1,靛厂新村,靛厂新村
57,1,1,2019-06-04 08:27:01,1,靛厂新村,靛厂新村
57,1,1,2019-06-04 08:27:01,1,靛厂新村,靛厂新村
57,1,1,2019-06-04 08:27:01,1,靛厂新村,靛厂新村
57,1,1,2019-06-04 08:27:01,1,靛厂新村,靛厂新村
57,1,1,2019-06-04 08:27:01,1,靛厂新村,靛厂新村
57,1,1,2019-06-04 08:29:01,1,靛厂新村,靛厂新村
57,1,1,2019-06-04 08:29:01,1,靛厂新村,靛厂新村
57,1,1,2019-06-04 08:29:01,1,靛厂新村,靛厂新村
57,1,1,2019-06-04 08:29:01,1,靛厂新村,靛厂新村
57,1,1,2019-06-04 08:29:01,1,靛厂新村,靛厂新村
57,1,1,2019-06-04 08:29:01,1,靛厂新村,靛厂新村
57,1,1,2019-06-04 08:37:01,1,靛厂新村,靛厂新村
57,1,1,2019-06-04 08:37:01,1,靛厂新村,靛厂新村
57,1,1,2019-06-04 08:37:01,1,靛厂新村,靛厂新村
57,1,1,2019-06-04 08:37:01,1,靛厂新村,靛厂新村
57,1,1,2019-06-04 08:37:01,1,靛厂新村,靛厂新村
57,1,1,2019-06-04 08:37:01,1,靛厂新村,靛厂新村
57,1,1,2019-06-04 08:38:01,1,靛厂新村,靛厂新村
57,1,1,2019-06-04 08:38:01,1,靛厂新村,靛厂新村
57,1,1,2019-06-04 08:39:01,1,靛厂新村,靛厂新村
57,1,1,2019-06-04 08:58:01,1,靛厂新村,靛厂新村
57,1,1,2019-06-04 08:58:01,1,靛厂新村,靛厂新村
57,1,1,2019-06-04 08:58:01,1,靛厂新村,靛厂新村
57,1,1,2019-06-04 08:58:01,1,靛厂新村,靛厂新村
57,1,1,2019-06-04 08:58:01,1,靛厂新村,靛厂新村
57,1,1,2019-06-04 08:58:01,1,靛厂新村,靛厂新村
57,1,1,2019-06-04 08:58:01,1,靛厂新村,靛厂新村
57,1,1,2019-06-04 08:58:01,1,靛厂新村,靛厂新村
57,1,1,2019-06-04 08:58:01,1,靛厂新村,靛厂新村
57,1,1,2019-06-04 08:58:01,1,靛厂新村,靛厂新村
57,1,1,2019-06-04 08:58:01,1,靛厂新村,靛厂新村
57,1,1,2019-06-04 08:59:01,1,靛厂新村,靛厂新村
57,1,1,2019-06-04 09:10:01,1,靛厂新村,靛厂新村
57,1,1,2019-06-04 09:10:01,1,靛厂新村,靛厂新村
57,1,1,2019-06-04 09:10:01,1,靛厂新村,靛厂新村
57,1,1,2019-06-04 09:10:01,1,靛厂新村,靛厂新村
57,1,1,2019-06-04 09:10:01,1,靛厂新村,靛厂新村
57,1,1,2019-06-04 09:10:01,1,靛厂新村,靛厂新村
57,1,1,2019-06-04 09:10:01,1,靛厂新村,靛厂新村
57,1,1,2019-06-04 09:10:01,1,靛厂新村,靛厂新村
57,1,1,2019-06-04 09:10:01,1,靛厂新村,靛厂新村
57,1,1,2019-06-04 09:10:01,1,靛厂新村,靛厂新村
57,1,1,2019-06-04 09:10:01,1,靛厂新村,靛厂新村
57,1,1,2019-06-04 09:10:01,1,靛厂新村,靛厂新村
57,1,1,2019-06-04 09:10:01,1,靛厂新村,靛厂新村
57,1,1,2019-06-04 09:10:01,1,靛厂新村,靛厂新村
57,1,1,2019-06-04 09:13:01,1,靛厂新村,靛厂新村
57,1,1,2019-06-04 09:13:01,1,靛厂新村,靛厂新村
57,1,1,2019-06-04 09:14:01,1,靛厂新村,靛厂新村
57,1,1,2019-06-04 09:14:01,1,靛厂新村,靛厂新村
57,1,1,2019-06-04 09:14:01,1,靛厂新村,靛厂新村
57,1,1,2019-06-04 09:14:01,1,靛厂新村,靛厂新村
57,1,1,2019-06-04 09:14:01,1,靛厂新村,靛厂新村
57,1,1,2019-06-04 09:14:01,1,靛厂新村,靛厂新村
57,1,1,2019-06-04 09:14:01,1,靛厂新村,靛厂新村
57,1,1,2019-06-04 09:17:01,1,靛厂新村,靛厂新村
57,1,1,2019-06-04 09:17:01,1,靛厂新村,靛厂新村
57,1,1,2019-06-04 09:17:01,1,靛厂新村,靛厂新村
57,1,1,2019-06-04 09:17:01,1,靛厂新村,靛厂新村
57,1,1,2019-06-04 09:17:01,1,靛厂新村,靛厂新村
57,1,1,2019-06-04 09:17:01,1,靛厂新村,靛厂新村
57,1,1,2019-06-04 09:17:01,1,靛厂新村,靛厂新村
57,1,1,2019-06-04 09:17:01,1,靛厂新村,靛厂新村
57,1,1,2019-06-04 09:17:01,1,靛厂新村,靛厂新村
57,1,1,2019-06-04 09:17:01,1,靛厂新村,靛厂新村
57,1,1,2019-06-04 09:19:01,1,靛厂新村,靛厂新村
57,1,1,2019-06-04 09:19:01,1,靛厂新村,靛厂新村
57,1,1,2019-06-04 09:19:01,1,靛厂新村,靛厂新村
57,1,1,2019-06-04 09:19:01,1,靛厂新村,靛厂新村
57,1,1,2019-06-04 09:19:01,1,靛厂新村,靛厂新村
57,1,1,2019-06-04 09:19:01,1,靛厂新村,靛厂新村
57,1,1,2019-06-04 09:19:01,1,靛厂新村,靛厂新村
57,1,1,2019-06-04 09:19:01,1,靛厂新村,靛厂新村
57,1,1,2019-06-04 09:19:01,1,靛厂新村,靛厂新村
57,1,1,2019-06-04 09:19:01,1,靛厂新村,靛厂新村
57,1,1,2019-06-04 09:19:01,1,靛厂新村,靛厂新村
57,1,1,2019-06-04 09:19:01,1,靛厂新村,靛厂新村
57,1,1,2019-06-04 09:22:01,1,靛厂新村,靛厂新村
57,1,1,2019-06-04 09:22:01,1,靛厂新村,靛厂新村
57,1,1,2019-06-04 09:22:01,1,靛厂新村,靛厂新村
57,1,1,2019-06-04 09:22:01,1,靛厂新村,靛厂新村
57,1,1,2019-06-04 09:22:01,1,靛厂新村,靛厂新村
57,1,1,2019-06-04 09:23:01,1,靛厂新村,靛厂新村
57,1,1,2019-06-04 09:23:01,1,靛厂新村,靛厂新村
57,1,1,2019-06-04 09:24:01,1,靛厂新村,靛厂新村
57,1,1,2019-06-04 09:24:01,1,靛厂新村,靛厂新村
57,1,1,2019-06-04 09:28:01,1,靛厂新村,靛厂新村
57,1,8,2019-06-04 07:58:01,1,靛厂新村,六里桥东
57,1,28,2019-06-04 07:58:01,1,靛厂新村,垂杨柳
57,1,8,2019-06-04 07:58:01,1,靛厂新村,六里桥东
57,1,8,2019-06-04 07:58:01,1,靛厂新村,六里桥东
57,1,8,2019-06-04 07:58:01,1,靛厂新村,六里桥东
57,1,14,2019-06-04 07:58:01,1,靛厂新村,菜市口西
57,1,14,2019-06-04 07:58:01,1,靛厂新村,菜市口西
57,1,14,2019-06-04 07:58:01,1,靛厂新村,菜市口西
57,8,29,2019-06-04 08:16:01,1,六里桥东,双井桥北
57,8,31,2019-06-04 08:16:01,1,六里桥东,大北窑南
57,8,31,2019-06-04 08:16:01,1,六里桥东,大北窑南
57,8,31,2019-06-04 08:16:01,1,六里桥东,大北窑南
57,8,17,2019-06-04 08:16:01,1,六里桥东,板章路
57,8,21,2019-06-04 08:16:01,1,六里桥东,水道子
57,8,17,2019-06-04 08:16:01,1,六里桥东,板章路
57,8,26,2019-06-04 08:16:01,1,六里桥东,广渠门内
57,8,21,2019-06-04 08:16:01,1,六里桥东,水道子
57,8,14,2019-06-04 08:16:01,1,六里桥东,菜市口西
57,8,14,2019-06-04 08:16:01,1,六里桥东,菜市口西
57,8,10,2019-06-04 08:17:01,1,六里桥东,湾子
57,8,10,2019-06-04 08:17:01,1,六里桥东,湾子
57,8,11,2019-06-04 08:17:01,1,六里桥东,达官营
57,8,8,2019-06-04 08:17:01,1,六里桥东,六里桥东
57,8,30,2019-06-04 08:17:01,1,六里桥东,双花园
57,8,30,2019-06-04 08:17:01,1,六里桥东,双花园
57,8,14,2019-06-04 08:17:01,1,六里桥东,菜市口西
57,8,18,2019-06-04 08:17:01,1,六里桥东,过街楼
57,8,13,2019-06-04 08:17:01,1,六里桥东,牛街路口东
57,8,13,2019-06-04 08:17:01,1,六里桥东,牛街路口东
57,8,13,2019-06-04 08:17:01,1,六里桥东,牛街路口东
57,8,17,2019-06-04 08:17:01,1,六里桥东,板章路
57,8,21,2019-06-04 08:17:01,1,六里桥东,水道子
57,8,26,2019-06-04 08:17:01,1,六里桥东,广渠门内
57,8,22,2019-06-04 08:17:01,1,六里桥东,磁器口西
57,8,13,2019-06-04 08:17:01,1,六里桥东,牛街路口东
57,8,13,2019-06-04 08:17:01,1,六里桥东,牛街路口东
57,8,22,2019-06-04 08:17:01,1,六里桥东,磁器口西
57,9,28,2019-06-04 08:24:01,1,莲花池,垂杨柳
57,9,17,2019-06-04 08:24:01,1,莲花池,板章路
57,10,11,2019-06-04 08:26:01,1,湾子,达官营
57,10,31,2019-06-04 08:26:01,1,湾子,大北窑南
57,10,21,2019-06-04 08:26:01,1,湾子,水道子
57,10,14,2019-06-04 08:26:01,1,湾子,菜市口西
57,10,21,2019-06-04 08:26:01,1,湾子,水道子
57,10,20,2019-06-04 08:26:01,1,湾子,桥湾
57,10,21,2019-06-04 08:26:01,1,湾子,水道子
57,10,14,2019-06-04 08:26:01,1,湾子,菜市口西
57,10,18,2019-06-04 08:26:01,1,湾子,过街楼
57,10,23,2019-06-04 08:26:01,1,湾子,榄杆市
57,10,26,2019-06-04 08:26:01,1,湾子,广渠门内
57,10,23,2019-06-04 08:26:01,1,湾子,榄杆市
57,10,13,2019-06-04 08:26:01,1,湾子,牛街路口东
57,10,13,2019-06-04 08:26:01,1,湾子,牛街路口东
57,10,11,2019-06-04 08:27:01,1,湾子,达官营
57,10,11,2019-06-04 08:27:01,1,湾子,达官营
57,10,16,2019-06-04 08:27:01,1,湾子,虎坊桥路口东
57,10,13,2019-06-04 08:27:01,1,湾子,牛街路口东
57,11,12,2019-06-04 08:28:01,1,达官营,广安门内
57,11,28,2019-06-04 08:28:01,1,达官营,垂杨柳
57,11,28,2019-06-04 08:28:01,1,达官营,垂杨柳
57,11,17,2019-06-04 08:28:01,1,达官营,板章路
57,11,17,2019-06-04 08:28:01,1,达官营,板章路
57,11,15,2019-06-04 08:28:01,1,达官营,虎坊桥路口西
57,11,18,2019-06-04 08:28:01,1,达官营,过街楼
57,11,12,2019-06-04 08:28:01,1,达官营,广安门内
57,11,15,2019-06-04 08:28:01,1,达官营,虎坊桥路口西
57,11,21,2019-06-04 08:28:01,1,达官营,水道子
57,11,11,2019-06-04 08:28:01,1,达官营,达官营
57,11,12,2019-06-04 08:28:01,1,达官营,广安门内
57,11,12,2019-06-04 08:28:01,1,达官营,广安门内
57,11,26,2019-06-04 08:28:01,1,达官营,广渠门内
57,11,17,2019-06-04 08:28:01,1,达官营,板章路
57,11,25,2019-06-04 08:28:01,1,达官营,安化楼
57,11,12,2019-06-04 08:28:01,1,达官营,广安门内
57,11,17,2019-06-04 08:28:01,1,达官营,板章路
57,12,29,2019-06-04 08:32:01,1,广安门内,双井桥北
57,12,31,2019-06-04 08:32:01,1,广安门内,大北窑南
57,12,34,2019-06-04 08:32:01,1,广安门内,四惠枢纽站
57,12,21,2019-06-04 08:32:01,1,广安门内,水道子
57,12,26,2019-06-04 08:32:01,1,广安门内,广渠门内
57,12,21,2019-06-04 08:32:01,1,广安门内,水道子
57,12,18,2019-06-04 08:32:01,1,广安门内,过街楼
57,12,21,2019-06-04 08:32:01,1,广安门内,水道子
57,12,19,2019-06-04 08:32:01,1,广安门内,东城三里河
57,12,15,2019-06-04 08:32:01,1,广安门内,虎坊桥路口西
57,13,28,2019-06-04 08:35:01,1,牛街路口东,垂杨柳
57,13,28,2019-06-04 08:35:01,1,牛街路口东,垂杨柳
57,13,14,2019-06-04 08:35:01,1,牛街路口东,菜市口西
57,13,15,2019-06-04 08:35:01,1,牛街路口东,虎坊桥路口西
57,13,14,2019-06-04 08:35:01,1,牛街路口东,菜市口西
57,13,21,2019-06-04 08:35:01,1,牛街路口东,水道子
57,15,17,2019-06-04 08:40:01,1,虎坊桥路口西,板章路
57,17,34,2019-06-04 08:42:01,1,板章路,四惠枢纽站
57,17,17,2019-06-04 08:42:01,1,板章路,板章路
57,17,28,2019-06-04 08:43:01,1,板章路,垂杨柳
57,20,28,2019-06-04 08:46:01,1,桥湾,垂杨柳
57,17,22,2019-06-04 08:46:01,1,板章路,磁器口西
57,17,22,2019-06-04 08:46:01,1,板章路,磁器口西
57,21,21,2019-06-04 08:49:01,1,水道子,水道子
57,23,28,2019-06-04 08:53:01,1,榄杆市,垂杨柳
57,24,31,2019-06-04 08:55:01,1,培新街,大北窑南
57,24,34,2019-06-04 08:55:01,1,培新街,四惠枢纽站
57,24,26,2019-06-04 08:55:01,1,培新街,广渠门内
57,24,24,2019-06-04 08:55:01,1,培新街,培新街
57,25,25,2019-06-04 08:56:01,1,安化楼,安化楼
57,26,34,2019-06-04 08:57:01,1,广渠门内,四惠枢纽站
57,26,31,2019-06-04 08:57:01,1,广渠门内,大北窑南
57,26,28,2019-06-04 08:57:01,1,广渠门内,垂杨柳
57,27,31,2019-06-04 08:59:01,1,马圈,大北窑南
57,27,31,2019-06-04 08:59:01,1,马圈,大北窑南
57,27,34,2019-06-04 09:00:01,1,马圈,四惠枢纽站
57,13,13,2019-06-04 09:01:01,1,牛街路口东,牛街路口东
57,28,31,2019-06-04 09:06:01,1,垂杨柳,大北窑南
57,28,31,2019-06-04 09:06:01,1,垂杨柳,大北窑南
57,28,34,2019-06-04 09:07:01,1,垂杨柳,四惠枢纽站
57,31,34,2019-06-04 09:14:01,1,大北窑南,四惠枢纽站
57,1,9,2019-06-04 06:55:01,1,靛厂新村,莲花池
57,1,8,2019-06-04 06:55:01,1,靛厂新村,六里桥东
57,1,14,2019-06-04 06:55:01,1,靛厂新村,菜市口西
57,1,13,2019-06-04 06:55:01,1,靛厂新村,牛街路口东
57,1,6,2019-06-04 06:55:01,1,靛厂新村,小井路口东
57,1,7,2019-06-04 06:55:01,1,靛厂新村,六里桥西
57,2,4,2019-06-04 06:57:01,1,岳各庄东路北口,水衙沟路东口
57,2,7,2019-06-04 06:57:01,1,岳各庄东路北口,六里桥西
57,2,7,2019-06-04 06:57:01,1,岳各庄东路北口,六里桥西
57,2,23,2019-06-04 06:57:01,1,岳各庄东路北口,榄杆市
57,3,10,2019-06-04 06:59:01,1,靛厂村南站,湾子
57,3,7,2019-06-04 06:59:01,1,靛厂村南站,六里桥西
57,3,7,2019-06-04 06:59:01,1,靛厂村南站,六里桥西
57,3,17,2019-06-04 06:59:01,1,靛厂村南站,板章路
57,4,11,2019-06-04 07:00:01,1,水衙沟路东口,达官营
57,4,10,2019-06-04 07:00:01,1,水衙沟路东口,湾子
57,4,10,2019-06-04 07:00:01,1,水衙沟路东口,湾子
57,4,14,2019-06-04 07:00:01,1,水衙沟路东口,菜市口西
57,4,13,2019-06-04 07:00:01,1,水衙沟路东口,牛街路口东
57,4,15,2019-06-04 07:00:01,1,水衙沟路东口,虎坊桥路口西
57,4,4,2019-06-04 07:00:01,1,水衙沟路东口,水衙沟路东口
57,4,4,2019-06-04 07:00:01,1,水衙沟路东口,水衙沟路东口
57,4,7,2019-06-04 07:00:01,1,水衙沟路东口,六里桥西
57,5,9,2019-06-04 07:02:01,1,白塔村,莲花池
57,6,9,2019-06-04 07:07:01,1,小井路口东,莲花池
57,6,13,2019-06-04 07:07:01,1,小井路口东,牛街路口东
57,6,15,2019-06-04 07:07:01,1,小井路口东,虎坊桥路口西
57,6,23,2019-06-04 07:07:01,1,小井路口东,榄杆市
57,6,16,2019-06-04 07:07:01,1,小井路口东,虎坊桥路口东
57,6,19,2019-06-04 07:07:01,1,小井路口东,东城三里河
57,6,23,2019-06-04 07:08:01,1,小井路口东,榄杆市
57,7,11,2019-06-04 07:10:01,1,六里桥西,达官营
57,7,13,2019-06-04 07:10:01,1,六里桥西,牛街路口东
57,7,13,2019-06-04 07:10:01,1,六里桥西,牛街路口东
57,7,8,2019-06-04 07:10:01,1,六里桥西,六里桥东
57,7,8,2019-06-04 07:10:01,1,六里桥西,六里桥东
57,8,12,2019-06-04 07:15:01,1,六里桥东,广安门内
57,8,8,2019-06-04 07:15:01,1,六里桥东,六里桥东
57,8,11,2019-06-04 07:15:01,1,六里桥东,达官营
57,8,31,2019-06-04 07:15:01,1,六里桥东,大北窑南
57,8,32,2019-06-04 07:15:01,1,六里桥东,大北窑东
57,8,31,2019-06-04 07:15:01,1,六里桥东,大北窑南
57,8,31,2019-06-04 07:15:01,1,六里桥东,大北窑南
57,8,13,2019-06-04 07:15:01,1,六里桥东,牛街路口东
57,8,13,2019-06-04 07:15:01,1,六里桥东,牛街路口东
57,8,13,2019-06-04 07:15:01,1,六里桥东,牛街路口东
57,8,13,2019-06-04 07:15:01,1,六里桥东,牛街路口东
57,8,16,2019-06-04 07:15:01,1,六里桥东,虎坊桥路口东
57,8,13,2019-06-04 07:15:01,1,六里桥东,牛街路口东
57,8,16,2019-06-04 07:15:01,1,六里桥东,虎坊桥路口东
57,8,20,2019-06-04 07:15:01,1,六里桥东,桥湾
57,8,17,2019-06-04 07:15:01,1,六里桥东,板章路
57,8,24,2019-06-04 07:15:01,1,六里桥东,培新街
57,8,16,2019-06-04 07:15:01,1,六里桥东,虎坊桥路口东
57,8,25,2019-06-04 07:15:01,1,六里桥东,安化楼
57,8,23,2019-06-04 07:15:01,1,六里桥东,榄杆市
57,8,19,2019-06-04 07:15:01,1,六里桥东,东城三里河
57,8,25,2019-06-04 07:15:01,1,六里桥东,安化楼
57,8,24,2019-06-04 07:15:01,1,六里桥东,培新街
57,8,25,2019-06-04 07:15:01,1,六里桥东,安化楼
57,8,29,2019-06-04 07:15:01,1,六里桥东,双井桥北
57,8,13,2019-06-04 07:16:01,1,六里桥东,牛街路口东
57,8,11,2019-06-04 07:16:01,1,六里桥东,达官营
57,8,9,2019-06-04 07:16:01,1,六里桥东,莲花池
57,9,9,2019-06-04 07:16:01,1,莲花池,莲花池
57,8,14,2019-06-04 07:16:01,1,六里桥东,菜市口西
57,8,15,2019-06-04 07:16:01,1,六里桥东,虎坊桥路口西
57,8,16,2019-06-04 07:16:01,1,六里桥东,虎坊桥路口东
57,8,16,2019-06-04 07:16:01,1,六里桥东,虎坊桥路口东
57,8,15,2019-06-04 07:16:01,1,六里桥东,虎坊桥路口西
57,8,13,2019-06-04 07:16:01,1,六里桥东,牛街路口东
57,8,22,2019-06-04 07:16:01,1,六里桥东,磁器口西
57,8,19,2019-06-04 07:16:01,1,六里桥东,东城三里河
57,8,27,2019-06-04 07:16:01,1,六里桥东,马圈
57,8,26,2019-06-04 07:16:01,1,六里桥东,广渠门内
57,8,27,2019-06-04 07:16:01,1,六里桥东,马圈
57,9,11,2019-06-04 07:22:01,1,莲花池,达官营
57,9,9,2019-06-04 07:23:01,1,莲花池,莲花池
57,9,10,2019-06-04 07:23:01,1,莲花池,湾子
57,9,12,2019-06-04 07:23:01,1,莲花池,广安门内
57,9,12,2019-06-04 07:23:01,1,莲花池,广安门内
57,9,12,2019-06-04 07:23:01,1,莲花池,广安门内
57,9,13,2019-06-04 07:23:01,1,莲花池,牛街路口东
57,9,13,2019-06-04 07:23:01,1,莲花池,牛街路口东
57,9,13,2019-06-04 07:23:01,1,莲花池,牛街路口东
57,9,29,2019-06-04 07:23:01,1,莲花池,双井桥北
57,10,13,2019-06-04 07:26:01,1,湾子,牛街路口东
57,10,15,2019-06-04 07:26:01,1,湾子,虎坊桥路口西
57,10,23,2019-06-04 07:26:01,1,湾子,榄杆市
57,10,17,2019-06-04 07:27:01,1,湾子,板章路
57,10,21,2019-06-04 07:27:01,1,湾子,水道子
57,12,13,2019-06-04 07:29:01,1,广安门内,牛街路口东
57,13,13,2019-06-04 07:29:01,1,牛街路口东,牛街路口东
57,12,31,2019-06-04 07:29:01,1,广安门内,大北窑南
57,13,16,2019-06-04 07:29:01,1,牛街路口东,虎坊桥路口东
57,12,18,2019-06-04 07:29:01,1,广安门内,过街楼
57,12,16,2019-06-04 07:29:01,1,广安门内,虎坊桥路口东
57,12,29,2019-06-04 07:29:01,1,广安门内,双井桥北
57,12,26,2019-06-04 07:29:01,1,广安门内,广渠门内
57,13,17,2019-06-04 07:34:01,1,牛街路口东,板章路
57,13,31,2019-06-04 07:37:01,1,牛街路口东,大北窑南
57,13,14,2019-06-04 07:37:01,1,牛街路口东,菜市口西
57,14,34,2019-06-04 07:39:01,1,菜市口西,四惠枢纽站
57,16,33,2019-06-04 07:45:01,1,虎坊桥路口东,郎家园
57,16,25,2019-06-04 07:45:01,1,虎坊桥路口东,安化楼
57,16,28,2019-06-04 07:45:01,1,虎坊桥路口东,垂杨柳
57,17,33,2019-06-04 07:46:01,1,板章路,郎家园
57,17,28,2019-06-04 07:46:01,1,板章路,垂杨柳
57,18,27,2019-06-04 07:49:01,1,过街楼,马圈
57,18,19,2019-06-04 07:50:01,1,过街楼,东城三里河
57,18,29,2019-06-04 07:50:01,1,过街楼,双井桥北
57,22,28,2019-06-04 07:55:01,1,磁器口西,垂杨柳
57,24,31,2019-06-04 08:00:01,1,培新街,大北窑南
57,24,31,2019-06-04 08:00:01,1,培新街,大北窑南
57,24,34,2019-06-04 08:00:01,1,培新街,四惠枢纽站
57,24,31,2019-06-04 08:00:01,1,培新街,大北窑南
57,24,28,2019-06-04 08:00:01,1,培新街,垂杨柳
57,24,26,2019-06-04 08:00:01,1,培新街,广渠门内
57,26,31,2019-06-04 08:01:01,1,广渠门内,大北窑南
57,25,31,2019-06-04 08:01:01,1,安化楼,大北窑南
57,26,31,2019-06-04 08:02:01,1,广渠门内,大北窑南
57,26,31,2019-06-04 08:02:01,1,广渠门内,大北窑南
57,26,31,2019-06-04 08:02:01,1,广渠门内,大北窑南
57,26,33,2019-06-04 08:02:01,1,广渠门内,郎家园
57,27,28,2019-06-04 08:05:01,1,马圈,垂杨柳
57,27,28,2019-06-04 08:05:01,1,马圈,垂杨柳
57,28,34,2019-06-04 08:06:01,1,垂杨柳,四惠枢纽站
57,28,31,2019-06-04 08:06:01,1,垂杨柳,大北窑南
57,28,32,2019-06-04 08:07:01,1,垂杨柳,大北窑东
57,28,31,2019-06-04 08:07:01,1,垂杨柳,大北窑南
57,28,34,2019-06-04 08:07:01,1,垂杨柳,四惠枢纽站
57,28,31,2019-06-04 08:07:01,1,垂杨柳,大北窑南
57,31,32,2019-06-04 08:18:01,1,大北窑南,大北窑东
57,31,33,2019-06-04 08:18:01,1,大北窑南,郎家园
57,1,4,2019-06-04 09:02:01,1,靛厂新村,水衙沟路东口
57,1,4,2019-06-04 09:02:01,1,靛厂新村,水衙沟路东口
57,1,19,2019-06-04 09:02:01,1,靛厂新村,东城三里河
57,1,12,2019-06-04 09:02:01,1,靛厂新村,广安门内
57,1,12,2019-06-04 09:02:01,1,靛厂新村,广安门内
57,1,16,2019-06-04 09:02:01,1,靛厂新村,虎坊桥路口东
57,1,21,2019-06-04 09:02:01,1,靛厂新村,水道子
57,1,7,2019-06-04 09:02:01,1,靛厂新村,六里桥西
57,1,10,2019-06-04 09:02:01,1,靛厂新村,湾子
57,1,12,2019-06-04 09:02:01,1,靛厂新村,广安门内
57,1,5,2019-06-04 09:02:01,1,靛厂新村,白塔村
57,1,7,2019-06-04 09:02:01,1,靛厂新村,六里桥西
57,1,12,2019-06-04 09:02:01,1,靛厂新村,广安门内
57,1,11,2019-06-04 09:02:01,1,靛厂新村,达官营
57,1,20,2019-06-04 09:03:01,1,靛厂新村,桥湾
57,1,1,2019-06-04 09:03:01,1,靛厂新村,靛厂新村
57,2,7,2019-06-04 09:04:01,1,岳各庄东路北口,六里桥西
57,2,7,2019-06-04 09:04:01,1,岳各庄东路北口,六里桥西
57,2,7,2019-06-04 09:04:01,1,岳各庄东路北口,六里桥西
57,2,9,2019-06-04 09:04:01,1,岳各庄东路北口,莲花池
57,3,7,2019-06-04 09:06:01,1,靛厂村南站,六里桥西
57,3,7,2019-06-04 09:06:01,1,靛厂村南站,六里桥西
57,4,7,2019-06-04 09:07:01,1,水衙沟路东口,六里桥西
57,4,26,2019-06-04 09:07:01,1,水衙沟路东口,广渠门内
57,4,11,2019-06-04 09:07:01,1,水衙沟路东口,达官营
57,4,7,2019-06-04 09:07:01,1,水衙沟路东口,六里桥西
57,4,11,2019-06-04 09:07:01,1,水衙沟路东口,达官营
57,4,11,2019-06-04 09:07:01,1,水衙沟路东口,达官营
57,6,13,2019-06-04 09:13:01,1,小井路口东,牛街路口东
57,7,29,2019-06-04 09:18:01,1,六里桥西,双井桥北
57,7,29,2019-06-04 09:18:01,1,六里桥西,双井桥北
57,7,27,2019-06-04 09:18:01,1,六里桥西,马圈
57,7,26,2019-06-04 09:18:01,1,六里桥西,广渠门内
57,7,29,2019-06-04 09:18:01,1,六里桥西,双井桥北
57,7,13,2019-06-04 09:18:01,1,六里桥西,牛街路口东
57,7,13,2019-06-04 09:18:01,1,六里桥西,牛街路口东
57,7,11,2019-06-04 09:18:01,1,六里桥西,达官营
57,7,13,2019-06-04 09:18:01,1,六里桥西,牛街路口东
57,7,13,2019-06-04 09:18:01,1,六里桥西,牛街路口东
57,7,12,2019-06-04 09:18:01,1,六里桥西,广安门内
57,7,10,2019-06-04 09:19:01,1,六里桥西,湾子
57,7,22,2019-06-04 09:19:01,1,六里桥西,磁器口西
57,7,20,2019-06-04 09:19:01,1,六里桥西,桥湾
57,7,13,2019-06-04 09:19:01,1,六里桥西,牛街路口东
57,7,10,2019-06-04 09:19:01,1,六里桥西,湾子
57,7,13,2019-06-04 09:19:01,1,六里桥西,牛街路口东
57,7,13,2019-06-04 09:19:01,1,六里桥西,牛街路口东
57,7,13,2019-06-04 09:19:01,1,六里桥西,牛街路口东
57,9,33,2019-06-04 09:22:01,1,莲花池,郎家园
57,9,23,2019-06-04 09:22:01,1,莲花池,榄杆市
57,9,9,2019-06-04 09:22:01,1,莲花池,莲花池
57,9,9,2019-06-04 09:22:01,1,莲花池,莲花池
57,9,12,2019-06-04 09:22:01,1,莲花池,广安门内
57,12,13,2019-06-04 09:25:01,1,广安门内,牛街路口东
57,10,24,2019-06-04 09:26:01,1,湾子,培新街
57,10,10,2019-06-04 09:26:01,1,湾子,湾子
57,10,11,2019-06-04 09:26:01,1,湾子,达官营
57,11,33,2019-06-04 09:28:01,1,达官营,郎家园
57,11,33,2019-06-04 09:28:01,1,达官营,郎家园
57,11,27,2019-06-04 09:28:01,1,达官营,马圈
57,11,29,2019-06-04 09:28:01,1,达官营,双井桥北
57,11,22,2019-06-04 09:28:01,1,达官营,磁器口西
57,11,16,2019-06-04 09:28:01,1,达官营,虎坊桥路口东
57,11,11,2019-06-04 09:28:01,1,达官营,达官营
57,11,12,2019-06-04 09:28:01,1,达官营,广安门内
57,11,22,2019-06-04 09:28:01,1,达官营,磁器口西
57,11,16,2019-06-04 09:28:01,1,达官营,虎坊桥路口东
57,11,17,2019-06-04 09:28:01,1,达官营,板章路
57,11,16,2019-06-04 09:28:01,1,达官营,虎坊桥路口东
57,11,20,2019-06-04 09:28:01,1,达官营,桥湾
57,11,12,2019-06-04 09:28:01,1,达官营,广安门内
57,11,12,2019-06-04 09:28:01,1,达官营,广安门内
57,1,6,2019-06-04 07:17:01,1,靛厂新村,小井路口东
57,1,6,2019-06-04 07:17:01,1,靛厂新村,小井路口东
57,1,1,2019-06-04 07:17:01,1,靛厂新村,靛厂新村
57,1,6,2019-06-04 07:17:01,1,靛厂新村,小井路口东
57,1,8,2019-06-04 07:17:01,1,靛厂新村,六里桥东
57,1,14,2019-06-04 07:17:01,1,靛厂新村,菜市口西
57,1,12,2019-06-04 07:17:01,1,靛厂新村,广安门内
57,1,14,2019-06-04 07:17:01,1,靛厂新村,菜市口西
57,1,14,2019-06-04 07:17:01,1,靛厂新村,菜市口西
57,1,12,2019-06-04 07:17:01,1,靛厂新村,广安门内
57,1,16,2019-06-04 07:17:01,1,靛厂新村,虎坊桥路口东
57,1,18,2019-06-04 07:17:01,1,靛厂新村,过街楼
57,2,6,2019-06-04 07:18:01,1,岳各庄东路北口,小井路口东
57,2,6,2019-06-04 07:18:01,1,岳各庄东路北口,小井路口东
57,2,12,2019-06-04 07:18:01,1,岳各庄东路北口,广安门内
57,2,12,2019-06-04 07:18:01,1,岳各庄东路北口,广安门内
57,2,6,2019-06-04 07:19:01,1,岳各庄东路北口,小井路口东
57,2,6,2019-06-04 07:19:01,1,岳各庄东路北口,小井路口东
57,2,8,2019-06-04 07:19:01,1,岳各庄东路北口,六里桥东
57,3,6,2019-06-04 07:21:01,1,靛厂村南站,小井路口东
57,3,6,2019-06-04 07:21:01,1,靛厂村南站,小井路口东
57,3,4,2019-06-04 07:21:01,1,靛厂村南站,水衙沟路东口
57,2,9,2019-06-04 07:21:01,1,岳各庄东路北口,莲花池
57,2,9,2019-06-04 07:21:01,1,岳各庄东路北口,莲花池
57,2,9,2019-06-04 07:21:01,1,岳各庄东路北口,莲花池
57,3,12,2019-06-04 07:21:01,1,靛厂村南站,广安门内
57,2,14,2019-06-04 07:21:01,1,岳各庄东路北口,菜市口西
57,2,14,2019-06-04 07:21:01,1,岳各庄东路北口,菜市口西
57,3,12,2019-06-04 07:21:01,1,靛厂村南站,广安门内
57,3,12,2019-06-04 07:21:01,1,靛厂村南站,广安门内
57,4,6,2019-06-04 07:22:01,1,水衙沟路东口,小井路口东
57,4,6,2019-06-04 07:22:01,1,水衙沟路东口,小井路口东
57,4,6,2019-06-04 07:22:01,1,水衙沟路东口,小井路口东
57,4,9,2019-06-04 07:22:01,1,水衙沟路东口,莲花池
57,4,9,2019-06-04 07:22:01,1,水衙沟路东口,莲花池
57,4,12,2019-06-04 07:22:01,1,水衙沟路东口,广安门内
57,4,12,2019-06-04 07:22:01,1,水衙沟路东口,广安门内
57,4,16,2019-06-04 07:22:01,1,水衙沟路东口,虎坊桥路口东
57,4,21,2019-06-04 07:22:01,1,水衙沟路东口,水道子
57,4,16,2019-06-04 07:22:01,1,水衙沟路东口,虎坊桥路口东
57,6,6,2019-06-04 07:27:01,1,小井路口东,小井路口东
57,6,6,2019-06-04 07:27:01,1,小井路口东,小井路口东
57,6,8,2019-06-04 07:27:01,1,小井路口东,六里桥东
57,6,8,2019-06-04 07:27:01,1,小井路口东,六里桥东
57,6,8,2019-06-04 07:27:01,1,小井路口东,六里桥东
57,6,15,2019-06-04 07:27:01,1,小井路口东,虎坊桥路口西
57,6,14,2019-06-04 07:27:01,1,小井路口东,菜市口西
57,6,12,2019-06-04 07:27:01,1,小井路口东,广安门内
57,6,14,2019-06-04 07:27:01,1,小井路口东,菜市口西
57,6,16,2019-06-04 07:27:01,1,小井路口东,虎坊桥路口东
57,6,16,2019-06-04 07:27:01,1,小井路口东,虎坊桥路口东
57,6,16,2019-06-04 07:27:01,1,小井路口东,虎坊桥路口东
57,6,21,2019-06-04 07:27:01,1,小井路口东,水道子
57,6,19,2019-06-04 07:27:01,1,小井路口东,东城三里河
57,6,9,2019-06-04 07:29:01,1,小井路口东,莲花池
57,6,12,2019-06-04 07:29:01,1,小井路口东,广安门内
57,6,15,2019-06-04 07:29:01,1,小井路口东,虎坊桥路口西
57,6,12,2019-06-04 07:29:01,1,小井路口东,广安门内
57,7,11,2019-06-04 07:29:01,1,六里桥西,达官营
57,8,8,2019-06-04 07:33:01,1,六里桥东,六里桥东
57,8,21,2019-06-04 07:33:01,1,六里桥东,水道子
57,8,16,2019-06-04 07:33:01,1,六里桥东,虎坊桥路口东
57,8,16,2019-06-04 07:33:01,1,六里桥东,虎坊桥路口东
57,8,16,2019-06-04 07:33:01,1,六里桥东,虎坊桥路口东
57,8,21,2019-06-04 07:33:01,1,六里桥东,水道子
57,8,21,2019-06-04 07:33:01,1,六里桥东,水道子
57,8,22,2019-06-04 07:33:01,1,六里桥东,磁器口西
57,8,31,2019-06-04 07:33:01,1,六里桥东,大北窑南
57,8,23,2019-06-04 07:34:01,1,六里桥东,榄杆市
57,8,30,2019-06-04 07:34:01,1,六里桥东,双花园
57,8,22,2019-06-04 07:34:01,1,六里桥东,磁器口西
57,9,22,2019-06-04 07:40:01,1,莲花池,磁器口西
57,9,34,2019-06-04 07:40:01,1,莲花池,四惠枢纽站
57,10,12,2019-06-04 07:43:01,1,湾子,广安门内
57,10,11,2019-06-04 07:44:01,1,湾子,达官营
57,10,11,2019-06-04 07:44:01,1,湾子,达官营
57,10,12,2019-06-04 07:44:01,1,湾子,广安门内
57,10,11,2019-06-04 07:44:01,1,湾子,达官营
57,10,34,2019-06-04 07:44:01,1,湾子,四惠枢纽站
57,12,21,2019-06-04 07:45:01,1,广安门内,水道子
57,11,16,2019-06-04 07:45:01,1,达官营,虎坊桥路口东
57,11,23,2019-06-04 07:45:01,1,达官营,榄杆市
57,12,30,2019-06-04 07:49:01,1,广安门内,双花园
57,13,29,2019-06-04 07:54:01,1,牛街路口东,双井桥北
57,12,28,2019-06-04 07:54:01,1,广安门内,垂杨柳
57,14,22,2019-06-04 07:56:01,1,菜市口西,磁器口西
57,16,23,2019-06-04 08:02:01,1,虎坊桥路口东,榄杆市
57,16,16,2019-06-04 08:02:01,1,虎坊桥路口东,虎坊桥路口东
57,16,23,2019-06-04 08:05:01,1,虎坊桥路口东,榄杆市
57,20,21,2019-06-04 08:06:01,1,桥湾,水道子
57,21,22,2019-06-04 08:08:01,1,水道子,磁器口西
57,22,22,2019-06-04 08:09:01,1,磁器口西,磁器口西
57,23,23,2019-06-04 08:17:01,1,榄杆市,榄杆市
57,23,23,2019-06-04 08:17:01,1,榄杆市,榄杆市
57,23,23,2019-06-04 08:17:01,1,榄杆市,榄杆市
57,23,31,2019-06-04 08:17:01,1,榄杆市,大北窑南
57,23,31,2019-06-04 08:17:01,1,榄杆市,大北窑南
57,23,31,2019-06-04 08:17:01,1,榄杆市,大北窑南
57,23,31,2019-06-04 08:17:01,1,榄杆市,大北窑南
57,23,33,2019-06-04 08:20:01,1,榄杆市,郎家园
57,23,34,2019-06-04 08:20:01,1,榄杆市,四惠枢纽站
57,23,31,2019-06-04 08:20:01,1,榄杆市,大北窑南
57,23,31,2019-06-04 08:20:01,1,榄杆市,大北窑南
57,27,31,2019-06-04 08:22:01,1,马圈,大北窑南
57,1,14,2019-06-04 06:32:01,1,靛厂新村,菜市口西
57,1,14,2019-06-04 06:32:01,1,靛厂新村,菜市口西
57,1,18,2019-06-04 06:32:01,1,靛厂新村,过街楼
57,1,14,2019-06-04 06:32:01,1,靛厂新村,菜市口西
57,1,18,2019-06-04 06:32:01,1,靛厂新村,过街楼
57,1,14,2019-06-04 06:32:01,1,靛厂新村,菜市口西
57,1,30,2019-06-04 06:32:01,1,靛厂新村,双花园
57,1,1,2019-06-04 06:32:01,1,靛厂新村,靛厂新村
57,1,14,2019-06-04 06:33:01,1,靛厂新村,菜市口西
57,1,14,2019-06-04 06:33:01,1,靛厂新村,菜市口西
57,1,32,2019-06-04 06:33:01,1,靛厂新村,大北窑东
57,1,8,2019-06-04 08:08:01,1,靛厂新村,六里桥东
57,1,15,2019-06-04 08:08:01,1,靛厂新村,虎坊桥路口西
57,1,2,2019-06-04 08:08:01,1,靛厂新村,岳各庄东路北口
57,1,2,2019-06-04 08:08:01,1,靛厂新村,岳各庄东路北口
57,1,9,2019-06-04 08:08:01,1,靛厂新村,莲花池
57,2,9,2019-06-04 08:08:01,1,岳各庄东路北口,莲花池
57,2,13,2019-06-04 08:08:01,1,岳各庄东路北口,牛街路口东
57,2,6,2019-06-04 08:09:01,1,岳各庄东路北口,小井路口东
57,2,5,2019-06-04 08:09:01,1,岳各庄东路北口,白塔村
57,2,7,2019-06-04 08:09:01,1,岳各庄东路北口,六里桥西
57,2,7,2019-06-04 08:09:01,1,岳各庄东路北口,六里桥西
57,2,8,2019-06-04 08:09:01,1,岳各庄东路北口,六里桥东
57,2,5,2019-06-04 08:09:01,1,岳各庄东路北口,白塔村
57,2,14,2019-06-04 08:09:01,1,岳各庄东路北口,菜市口西
57,2,8,2019-06-04 08:10:01,1,岳各庄东路北口,六里桥东
57,2,3,2019-06-04 08:10:01,1,岳各庄东路北口,靛厂村南站
57,3,7,2019-06-04 08:12:01,1,靛厂村南站,六里桥西
57,4,8,2019-06-04 08:12:01,1,水衙沟路东口,六里桥东
57,3,4,2019-06-04 08:12:01,1,靛厂村南站,水衙沟路东口
57,4,10,2019-06-04 08:12:01,1,水衙沟路东口,湾子
57,4,11,2019-06-04 08:12:01,1,水衙沟路东口,达官营
57,4,9,2019-06-04 08:12:01,1,水衙沟路东口,莲花池
57,5,7,2019-06-04 08:13:01,1,白塔村,六里桥西
57,5,5,2019-06-04 08:13:01,1,白塔村,白塔村
57,5,6,2019-06-04 08:13:01,1,白塔村,小井路口东
57,5,18,2019-06-04 08:13:01,1,白塔村,过街楼
57,5,18,2019-06-04 08:13:01,1,白塔村,过街楼
57,5,12,2019-06-04 08:13:01,1,白塔村,广安门内
57,5,12,2019-06-04 08:13:01,1,白塔村,广安门内
57,5,10,2019-06-04 08:13:01,1,白塔村,湾子
57,5,12,2019-06-04 08:13:01,1,白塔村,广安门内
57,5,9,2019-06-04 08:13:01,1,白塔村,莲花池
57,5,10,2019-06-04 08:13:01,1,白塔村,湾子
57,5,14,2019-06-04 08:13:01,1,白塔村,菜市口西
57,5,10,2019-06-04 08:13:01,1,白塔村,湾子
57,6,11,2019-06-04 08:15:01,1,小井路口东,达官营
57,5,12,2019-06-04 08:15:01,1,白塔村,广安门内
57,7,17,2019-06-04 08:21:01,1,六里桥西,板章路
57,7,14,2019-06-04 08:21:01,1,六里桥西,菜市口西
57,7,13,2019-06-04 08:21:01,1,六里桥西,牛街路口东
57,7,9,2019-06-04 08:21:01,1,六里桥西,莲花池
57,7,12,2019-06-04 08:21:01,1,六里桥西,广安门内
57,8,19,2019-06-04 08:24:01,1,六里桥东,东城三里河
57,8,12,2019-06-04 08:24:01,1,六里桥东,广安门内
57,8,13,2019-06-04 08:24:01,1,六里桥东,牛街路口东
57,8,14,2019-06-04 08:24:01,1,六里桥东,菜市口西
57,9,15,2019-06-04 08:34:01,1,莲花池,虎坊桥路口西
57,9,18,2019-06-04 08:34:01,1,莲花池,过街楼
57,9,15,2019-06-04 08:34:01,1,莲花池,虎坊桥路口西
57,9,15,2019-06-04 08:34:01,1,莲花池,虎坊桥路口西
57,9,17,2019-06-04 08:34:01,1,莲花池,板章路
57,9,14,2019-06-04 08:34:01,1,莲花池,菜市口西
57,9,17,2019-06-04 08:34:01,1,莲花池,板章路
57,9,17,2019-06-04 08:34:01,1,莲花池,板章路
57,9,12,2019-06-04 08:34:01,1,莲花池,广安门内
57,9,14,2019-06-04 08:34:01,1,莲花池,菜市口西
57,9,11,2019-06-04 08:34:01,1,莲花池,达官营
57,9,14,2019-06-04 08:34:01,1,莲花池,菜市口西
57,9,13,2019-06-04 08:34:01,1,莲花池,牛街路口东
57,9,14,2019-06-04 08:34:01,1,莲花池,菜市口西
57,9,11,2019-06-04 08:34:01,1,莲花池,达官营
57,9,14,2019-06-04 08:34:01,1,莲花池,菜市口西
57,9,13,2019-06-04 08:34:01,1,莲花池,牛街路口东
57,9,13,2019-06-04 08:34:01,1,莲花池,牛街路口东
57,9,13,2019-06-04 08:34:01,1,莲花池,牛街路口东
57,9,12,2019-06-04 08:34:01,1,莲花池,广安门内
57,9,11,2019-06-04 08:34:01,1,莲花池,达官营
57,9,9,2019-06-04 08:34:01,1,莲花池,莲花池
57,9,14,2019-06-04 08:34:01,1,莲花池,菜市口西
57,9,12,2019-06-04 08:34:01,1,莲花池,广安门内
57,9,13,2019-06-04 08:34:01,1,莲花池,牛街路口东
57,9,12,2019-06-04 08:34:01,1,莲花池,广安门内
57,9,13,2019-06-04 08:34:01,1,莲花池,牛街路口东
57,9,14,2019-06-04 08:34:01,1,莲花池,菜市口西
57,9,9,2019-06-04 08:34:01,1,莲花池,莲花池
57,9,11,2019-06-04 08:34:01,1,莲花池,达官营
57,9,13,2019-06-04 08:34:01,1,莲花池,牛街路口东
57,9,9,2019-06-04 08:34:01,1,莲花池,莲花池
57,9,9,2019-06-04 08:34:01,1,莲花池,莲花池
57,9,19,2019-06-04 08:35:01,1,莲花池,东城三里河
57,9,16,2019-06-04 08:35:01,1,莲花池,虎坊桥路口东
57,9,10,2019-06-04 08:35:01,1,莲花池,湾子
57,10,17,2019-06-04 08:41:01,1,湾子,板章路
57,10,19,2019-06-04 08:41:01,1,湾子,东城三里河
57,10,10,2019-06-04 08:41:01,1,湾子,湾子
57,10,14,2019-06-04 08:41:01,1,湾子,菜市口西
57,10,12,2019-06-04 08:41:01,1,湾子,广安门内
57,10,10,2019-06-04 08:41:01,1,湾子,湾子
57,11,19,2019-06-04 08:44:01,1,达官营,东城三里河
57,11,16,2019-06-04 08:45:01,1,达官营,虎坊桥路口东
57,11,19,2019-06-04 08:45:01,1,达官营,东城三里河
57,11,19,2019-06-04 08:45:01,1,达官营,东城三里河
57,11,18,2019-06-04 08:46:01,1,达官营,过街楼
57,11,17,2019-06-04 08:46:01,1,达官营,板章路
57,11,12,2019-06-04 08:46:01,1,达官营,广安门内
57,12,15,2019-06-04 08:47:01,1,广安门内,虎坊桥路口西
57,11,13,2019-06-04 08:47:01,1,达官营,牛街路口东
57,12,13,2019-06-04 08:47:01,1,广安门内,牛街路口东
57,12,13,2019-06-04 08:47:01,1,广安门内,牛街路口东
57,13,16,2019-06-04 08:49:01,1,牛街路口东,虎坊桥路口东
57,14,19,2019-06-04 08:52:01,1,菜市口西,东城三里河
57,14,16,2019-06-04 08:52:01,1,菜市口西,虎坊桥路口东
57,14,15,2019-06-04 08:52:01,1,菜市口西,虎坊桥路口西
57,14,19,2019-06-04 08:52:01,1,菜市口西,东城三里河
57,14,14,2019-06-04 08:52:01,1,菜市口西,菜市口西
57,14,19,2019-06-04 08:54:01,1,菜市口西,东城三里河
57,14,14,2019-06-04 08:54:01,1,菜市口西,菜市口西
57,15,19,2019-06-04 08:59:01,1,虎坊桥路口西,东城三里河
57,15,15,2019-06-04 08:59:01,1,虎坊桥路口西,虎坊桥路口西
57,15,18,2019-06-04 09:02:01,1,虎坊桥路口西,过街楼
57,18,19,2019-06-04 09:07:01,1,过街楼,东城三里河
57,18,18,2019-06-04 09:09:01,1,过街楼,过街楼
57,12,22,2019-06-04 07:20:01,1,广安门内,磁器口西
57,12,23,2019-06-04 07:20:01,1,广安门内,榄杆市
57,12,18,2019-06-04 07:20:01,1,广安门内,过街楼
57,12,24,2019-06-04 07:20:01,1,广安门内,培新街
57,12,26,2019-06-04 07:20:01,1,广安门内,广渠门内
57,12,26,2019-06-04 07:20:01,1,广安门内,广渠门内
57,12,27,2019-06-04 07:20:01,1,广安门内,马圈
57,12,28,2019-06-04 07:20:01,1,广安门内,垂杨柳
57,12,26,2019-06-04 07:20:01,1,广安门内,广渠门内
57,13,17,2019-06-04 07:23:01,1,牛街路口东,板章路
57,13,19,2019-06-04 07:23:01,1,牛街路口东,东城三里河
57,13,27,2019-06-04 07:23:01,1,牛街路口东,马圈
57,13,27,2019-06-04 07:23:01,1,牛街路口东,马圈
57,14,16,2019-06-04 07:25:01,1,菜市口西,虎坊桥路口东
57,14,16,2019-06-04 07:25:01,1,菜市口西,虎坊桥路口东
57,14,15,2019-06-04 07:25:01,1,菜市口西,虎坊桥路口西
57,14,16,2019-06-04 07:25:01,1,菜市口西,虎坊桥路口东
57,14,24,2019-06-04 07:25:01,1,菜市口西,培新街
57,14,28,2019-06-04 07:25:01,1,菜市口西,垂杨柳
57,14,28,2019-06-04 07:25:01,1,菜市口西,垂杨柳
57,14,28,2019-06-04 07:25:01,1,菜市口西,垂杨柳
57,14,27,2019-06-04 07:25:01,1,菜市口西,马圈
57,14,23,2019-06-04 07:28:01,1,菜市口西,榄杆市
57,15,21,2019-06-04 07:30:01,1,虎坊桥路口西,水道子
57,16,25,2019-06-04 07:31:01,1,虎坊桥路口东,安化楼
57,16,27,2019-06-04 07:32:01,1,虎坊桥路口东,马圈
57,16,24,2019-06-04 07:32:01,1,虎坊桥路口东,培新街
57,18,22,2019-06-04 07:36:01,1,过街楼,磁器口西
57,17,21,2019-06-04 07:36:01,1,板章路,水道子
57,18,27,2019-06-04 07:36:01,1,过街楼,马圈
57,17,26,2019-06-04 07:36:01,1,板章路,广渠门内
57,19,23,2019-06-04 07:37:01,1,东城三里河,榄杆市
57,20,22,2019-06-04 07:40:01,1,桥湾,磁器口西
57,20,22,2019-06-04 07:40:01,1,桥湾,磁器口西
57,19,27,2019-06-04 07:40:01,1,东城三里河,马圈
57,20,20,2019-06-04 07:41:01,1,桥湾,桥湾
57,21,27,2019-06-04 07:41:01,1,水道子,马圈
57,21,24,2019-06-04 07:42:01,1,水道子,培新街
57,21,24,2019-06-04 07:42:01,1,水道子,培新街
57,21,28,2019-06-04 07:42:01,1,水道子,垂杨柳
57,21,26,2019-06-04 07:42:01,1,水道子,广渠门内
57,22,25,2019-06-04 07:45:01,1,磁器口西,安化楼
57,22,24,2019-06-04 07:45:01,1,磁器口西,培新街
57,22,26,2019-06-04 07:45:01,1,磁器口西,广渠门内
57,22,26,2019-06-04 07:45:01,1,磁器口西,广渠门内
57,22,28,2019-06-04 07:45:01,1,磁器口西,垂杨柳
57,22,26,2019-06-04 07:45:01,1,磁器口西,广渠门内
57,22,27,2019-06-04 07:45:01,1,磁器口西,马圈
57,22,26,2019-06-04 07:45:01,1,磁器口西,广渠门内
57,22,26,2019-06-04 07:45:01,1,磁器口西,广渠门内
57,22,26,2019-06-04 07:45:01,1,磁器口西,广渠门内
57,22,26,2019-06-04 07:45:01,1,磁器口西,广渠门内
57,23,23,2019-06-04 07:46:01,1,榄杆市,榄杆市
57,23,23,2019-06-04 07:46:01,1,榄杆市,榄杆市
57,23,26,2019-06-04 07:46:01,1,榄杆市,广渠门内
57,23,27,2019-06-04 07:46:01,1,榄杆市,马圈
57,23,28,2019-06-04 07:46:01,1,榄杆市,垂杨柳
57,23,26,2019-06-04 07:46:01,1,榄杆市,广渠门内
57,23,27,2019-06-04 07:46:01,1,榄杆市,马圈
57,23,26,2019-06-04 07:46:01,1,榄杆市,广渠门内
57,23,28,2019-06-04 07:46:01,1,榄杆市,垂杨柳
57,24,26,2019-06-04 07:47:01,1,培新街,广渠门内
57,24,25,2019-06-04 07:47:01,1,培新街,安化楼
57,24,25,2019-06-04 07:47:01,1,培新街,安化楼
57,24,26,2019-06-04 07:47:01,1,培新街,广渠门内
57,24,26,2019-06-04 07:47:01,1,培新街,广渠门内
57,24,26,2019-06-04 07:47:01,1,培新街,广渠门内
57,24,26,2019-06-04 07:47:01,1,培新街,广渠门内
57,24,28,2019-06-04 07:47:01,1,培新街,垂杨柳
57,24,27,2019-06-04 07:47:01,1,培新街,马圈
57,24,28,2019-06-04 07:47:01,1,培新街,垂杨柳
57,24,27,2019-06-04 07:47:01,1,培新街,马圈
57,24,26,2019-06-04 07:47:01,1,培新街,广渠门内
57,24,26,2019-06-04 07:47:01,1,培新街,广渠门内
57,24,27,2019-06-04 07:47:01,1,培新街,马圈
57,24,27,2019-06-04 07:47:01,1,培新街,马圈
57,24,27,2019-06-04 07:47:01,1,培新街,马圈
57,24,28,2019-06-04 07:47:01,1,培新街,垂杨柳
57,25,26,2019-06-04 07:50:01,1,安化楼,广渠门内
57,26,28,2019-06-04 07:57:01,1,广渠门内,垂杨柳
57,26,27,2019-06-04 07:59:01,1,广渠门内,马圈
57,15,15,2019-06-04 07:32:01,1,虎坊桥路口西,虎坊桥路口西
57,15,19,2019-06-04 07:32:01,1,虎坊桥路口西,东城三里河
57,15,23,2019-06-04 07:32:01,1,虎坊桥路口西,榄杆市
57,15,21,2019-06-04 07:32:01,1,虎坊桥路口西,水道子
57,15,20,2019-06-04 07:32:01,1,虎坊桥路口西,桥湾
57,15,24,2019-06-04 07:32:01,1,虎坊桥路口西,培新街
57,15,25,2019-06-04 07:32:01,1,虎坊桥路口西,安化楼
57,15,25,2019-06-04 07:32:01,1,虎坊桥路口西,安化楼
57,15,25,2019-06-04 07:32:01,1,虎坊桥路口西,安化楼
57,15,26,2019-06-04 07:32:01,1,虎坊桥路口西,广渠门内
57,15,15,2019-06-04 07:36:01,1,虎坊桥路口西,虎坊桥路口西
57,15,21,2019-06-04 07:36:01,1,虎坊桥路口西,水道子
57,15,20,2019-06-04 07:36:01,1,虎坊桥路口西,桥湾
57,15,17,2019-06-04 07:36:01,1,虎坊桥路口西,板章路
57,15,24,2019-06-04 07:36:01,1,虎坊桥路口西,培新街
57,15,25,2019-06-04 07:36:01,1,虎坊桥路口西,安化楼
57,15,25,2019-06-04 07:36:01,1,虎坊桥路口西,安化楼
57,15,25,2019-06-04 07:36:01,1,虎坊桥路口西,安化楼
57,15,26,2019-06-04 07:36:01,1,虎坊桥路口西,广渠门内
57,15,26,2019-06-04 07:36:01,1,虎坊桥路口西,广渠门内
57,15,15,2019-06-04 07:37:01,1,虎坊桥路口西,虎坊桥路口西
57,15,21,2019-06-04 07:37:01,1,虎坊桥路口西,水道子
57,15,25,2019-06-04 07:37:01,1,虎坊桥路口西,安化楼
57,15,25,2019-06-04 07:37:01,1,虎坊桥路口西,安化楼
57,15,16,2019-06-04 07:38:01,1,虎坊桥路口西,虎坊桥路口东
57,15,18,2019-06-04 07:38:01,1,虎坊桥路口西,过街楼
57,15,24,2019-06-04 07:38:01,1,虎坊桥路口西,培新街
57,15,23,2019-06-04 07:38:01,1,虎坊桥路口西,榄杆市
57,15,25,2019-06-04 07:38:01,1,虎坊桥路口西,安化楼
57,15,25,2019-06-04 07:38:01,1,虎坊桥路口西,安化楼
57,15,25,2019-06-04 07:38:01,1,虎坊桥路口西,安化楼
57,15,26,2019-06-04 07:38:01,1,虎坊桥路口西,广渠门内
57,15,26,2019-06-04 07:38:01,1,虎坊桥路口西,广渠门内
57,15,19,2019-06-04 07:41:01,1,虎坊桥路口西,东城三里河
57,15,25,2019-06-04 07:41:01,1,虎坊桥路口西,安化楼
57,17,17,2019-06-04 07:44:01,1,板章路,板章路
57,17,21,2019-06-04 07:44:01,1,板章路,水道子
57,17,23,2019-06-04 07:44:01,1,板章路,榄杆市
57,17,17,2019-06-04 07:44:01,1,板章路,板章路
57,16,20,2019-06-04 07:44:01,1,虎坊桥路口东,桥湾
57,17,24,2019-06-04 07:44:01,1,板章路,培新街
57,16,25,2019-06-04 07:44:01,1,虎坊桥路口东,安化楼
57,16,26,2019-06-04 07:44:01,1,虎坊桥路口东,广渠门内
57,16,26,2019-06-04 07:44:01,1,虎坊桥路口东,广渠门内
57,17,17,2019-06-04 07:46:01,1,板章路,板章路
57,17,17,2019-06-04 07:46:01,1,板章路,板章路
57,17,21,2019-06-04 07:46:01,1,板章路,水道子
57,17,23,2019-06-04 07:46:01,1,板章路,榄杆市
57,17,22,2019-06-04 07:46:01,1,板章路,磁器口西
57,17,21,2019-06-04 07:46:01,1,板章路,水道子
57,17,21,2019-06-04 07:46:01,1,板章路,水道子
57,17,17,2019-06-04 07:46:01,1,板章路,板章路
57,17,21,2019-06-04 07:46:01,1,板章路,水道子
57,17,25,2019-06-04 07:46:01,1,板章路,安化楼
57,17,27,2019-06-04 07:46:01,1,板章路,马圈
57,17,26,2019-06-04 07:46:01,1,板章路,广渠门内
57,17,19,2019-06-04 07:49:01,1,板章路,东城三里河
57,17,19,2019-06-04 07:49:01,1,板章路,东城三里河
57,19,24,2019-06-04 07:50:01,1,东城三里河,培新街
57,18,25,2019-06-04 07:50:01,1,过街楼,安化楼
57,19,21,2019-06-04 07:51:01,1,东城三里河,水道子
57,20,24,2019-06-04 07:53:01,1,桥湾,培新街
57,20,21,2019-06-04 07:53:01,1,桥湾,水道子
57,20,25,2019-06-04 07:53:01,1,桥湾,安化楼
57,20,26,2019-06-04 07:53:01,1,桥湾,广渠门内
57,21,22,2019-06-04 07:54:01,1,水道子,磁器口西
57,21,23,2019-06-04 07:54:01,1,水道子,榄杆市
57,21,25,2019-06-04 07:54:01,1,水道子,安化楼
57,20,25,2019-06-04 07:54:01,1,桥湾,安化楼
57,21,25,2019-06-04 07:54:01,1,水道子,安化楼
57,22,23,2019-06-04 07:56:01,1,磁器口西,榄杆市
57,22,23,2019-06-04 07:56:01,1,磁器口西,榄杆市
57,22,23,2019-06-04 07:56:01,1,磁器口西,榄杆市
57,22,24,2019-06-04 07:56:01,1,磁器口西,培新街
57,22,25,2019-06-04 07:56:01,1,磁器口西,安化楼
57,22,25,2019-06-04 07:56:01,1,磁器口西,安化楼
57,23,25,2019-06-04 07:56:01,1,榄杆市,安化楼
57,22,26,2019-06-04 07:56:01,1,磁器口西,广渠门内
57,22,25,2019-06-04 07:56:01,1,磁器口西,安化楼
57,23,23,2019-06-04 07:59:01,1,榄杆市,榄杆市
57,23,24,2019-06-04 07:59:01,1,榄杆市,培新街
57,23,26,2019-06-04 07:59:01,1,榄杆市,广渠门内
57,23,25,2019-06-04 07:59:01,1,榄杆市,安化楼
57,23,27,2019-06-04 07:59:01,1,榄杆市,马圈
57,23,26,2019-06-04 07:59:01,1,榄杆市,广渠门内
57,23,26,2019-06-04 07:59:01,1,榄杆市,广渠门内
57,23,25,2019-06-04 08:00:01,1,榄杆市,安化楼
57,23,25,2019-06-04 08:01:01,1,榄杆市,安化楼
57,23,25,2019-06-04 08:01:01,1,榄杆市,安化楼
57,23,24,2019-06-04 08:01:01,1,榄杆市,培新街
57,23,25,2019-06-04 08:01:01,1,榄杆市,安化楼
57,23,25,2019-06-04 08:01:01,1,榄杆市,安化楼
57,23,26,2019-06-04 08:01:01,1,榄杆市,广渠门内
57,23,26,2019-06-04 08:01:01,1,榄杆市,广渠门内
57,24,27,2019-06-04 08:01:01,1,培新街,马圈
57,24,27,2019-06-04 08:01:01,1,培新街,马圈
57,23,26,2019-06-04 08:01:01,1,榄杆市,广渠门内
57,23,25,2019-06-04 08:01:01,1,榄杆市,安化楼
57,24,25,2019-06-04 08:02:01,1,培新街,安化楼
57,24,25,2019-06-04 08:02:01,1,培新街,安化楼
57,24,25,2019-06-04 08:02:01,1,培新街,安化楼
57,24,25,2019-06-04 08:02:01,1,培新街,安化楼
57,24,25,2019-06-04 08:02:01,1,培新街,安化楼
57,24,27,2019-06-04 08:02:01,1,培新街,马圈
57,24,25,2019-06-04 08:02:01,1,培新街,安化楼
57,24,26,2019-06-04 08:02:01,1,培新街,广渠门内
57,24,27,2019-06-04 08:02:01,1,培新街,马圈
57,24,27,2019-06-04 08:02:01,1,培新街,马圈
57,24,26,2019-06-04 08:02:01,1,培新街,广渠门内
57,24,26,2019-06-04 08:02:01,1,培新街,广渠门内
57,24,27,2019-06-04 08:02:01,1,培新街,马圈
57,24,26,2019-06-04 08:02:01,1,培新街,广渠门内
57,25,27,2019-06-04 08:04:01,1,安化楼,马圈
57,25,26,2019-06-04 08:04:01,1,安化楼,广渠门内
57,25,26,2019-06-04 08:06:01,1,安化楼,广渠门内
57,25,26,2019-06-04 08:09:01,1,安化楼,广渠门内
57,25,26,2019-06-04 08:09:01,1,安化楼,广渠门内
57,25,27,2019-06-04 08:09:01,1,安化楼,马圈
57,25,26,2019-06-04 08:09:01,1,安化楼,广渠门内
57,26,26,2019-06-04 08:10:01,1,广渠门内,广渠门内
57,26,26,2019-06-04 08:10:01,1,广渠门内,广渠门内
57,25,27,2019-06-04 08:10:01,1,安化楼,马圈
57,25,27,2019-06-04 08:10:01,1,安化楼,马圈
57,25,27,2019-06-04 08:10:01,1,安化楼,马圈
57,26,26,2019-06-04 08:11:01,1,广渠门内,广渠门内
57,26,27,2019-06-04 08:17:01,1,广渠门内,马圈
57,26,26,2019-06-04 08:17:01,1,广渠门内,广渠门内
57,26,27,2019-06-04 08:17:01,1,广渠门内,马圈
57,26,27,2019-06-04 08:17:01,1,广渠门内,马圈
57,26,27,2019-06-04 08:17:01,1,广渠门内,马圈
57,26,27,2019-06-04 08:17:01,1,广渠门内,马圈
57,26,27,2019-06-04 08:17:01,1,广渠门内,马圈
57,26,27,2019-06-04 08:17:01,1,广渠门内,马圈
57,26,26,2019-06-04 08:17:01,1,广渠门内,广渠门内
57,26,27,2019-06-04 08:17:01,1,广渠门内,马圈
57,26,27,2019-06-04 08:17:01,1,广渠门内,马圈
57,26,27,2019-06-04 08:17:01,1,广渠门内,马圈
57,26,27,2019-06-04 08:17:01,1,广渠门内,马圈
57,26,27,2019-06-04 08:17:01,1,广渠门内,马圈
57,26,27,2019-06-04 08:17:01,1,广渠门内,马圈
57,26,26,2019-06-04 08:17:01,1,广渠门内,广渠门内
57,26,27,2019-06-04 08:19:01,1,广渠门内,马圈
57,26,27,2019-06-04 08:19:01,1,广渠门内,马圈
57,26,26,2019-06-04 08:19:01,1,广渠门内,广渠门内
57,26,27,2019-06-04 08:19:01,1,广渠门内,马圈
57,1,10,2019-06-04 07:46:01,1,靛厂新村,湾子
57,1,11,2019-06-04 07:46:01,1,靛厂新村,达官营
57,1,10,2019-06-04 07:46:01,1,靛厂新村,湾子
57,1,34,2019-06-04 07:46:01,1,靛厂新村,四惠枢纽站
57,1,3,2019-06-04 07:46:01,1,靛厂新村,靛厂村南站
57,1,7,2019-06-04 07:46:01,1,靛厂新村,六里桥西
57,1,7,2019-06-04 07:46:01,1,靛厂新村,六里桥西
57,1,7,2019-06-04 07:46:01,1,靛厂新村,六里桥西
57,1,6,2019-06-04 07:46:01,1,靛厂新村,小井路口东
57,1,7,2019-06-04 07:46:01,1,靛厂新村,六里桥西
57,1,7,2019-06-04 07:46:01,1,靛厂新村,六里桥西
57,1,7,2019-06-04 07:46:01,1,靛厂新村,六里桥西
57,1,7,2019-06-04 07:46:01,1,靛厂新村,六里桥西
57,1,9,2019-06-04 07:46:01,1,靛厂新村,莲花池
57,1,8,2019-06-04 07:46:01,1,靛厂新村,六里桥东
57,1,7,2019-06-04 07:46:01,1,靛厂新村,六里桥西
57,1,8,2019-06-04 07:46:01,1,靛厂新村,六里桥东
57,1,7,2019-06-04 07:46:01,1,靛厂新村,六里桥西
57,1,8,2019-06-04 07:46:01,1,靛厂新村,六里桥东
57,1,8,2019-06-04 07:46:01,1,靛厂新村,六里桥东
57,1,15,2019-06-04 07:46:01,1,靛厂新村,虎坊桥路口西
57,1,26,2019-06-04 07:46:01,1,靛厂新村,广渠门内
57,1,24,2019-06-04 07:46:01,1,靛厂新村,培新街
57,1,20,2019-06-04 07:46:01,1,靛厂新村,桥湾
57,1,16,2019-06-04 07:46:01,1,靛厂新村,虎坊桥路口东
57,1,12,2019-06-04 07:46:01,1,靛厂新村,广安门内
57,1,16,2019-06-04 07:46:01,1,靛厂新村,虎坊桥路口东
57,1,14,2019-06-04 07:46:01,1,靛厂新村,菜市口西
57,1,18,2019-06-04 07:46:01,1,靛厂新村,过街楼
57,1,13,2019-06-04 07:46:01,1,靛厂新村,牛街路口东
57,1,20,2019-06-04 07:46:01,1,靛厂新村,桥湾
57,1,12,2019-06-04 07:46:01,1,靛厂新村,广安门内
57,2,6,2019-06-04 07:47:01,1,岳各庄东路北口,小井路口东
57,2,2,2019-06-04 07:47:01,1,岳各庄东路北口,岳各庄东路北口
57,2,8,2019-06-04 07:47:01,1,岳各庄东路北口,六里桥东
57,2,7,2019-06-04 07:47:01,1,岳各庄东路北口,六里桥西
57,2,9,2019-06-04 07:48:01,1,岳各庄东路北口,莲花池
57,2,9,2019-06-04 07:48:01,1,岳各庄东路北口,莲花池
57,2,10,2019-06-04 07:48:01,1,岳各庄东路北口,湾子
57,2,34,2019-06-04 07:48:01,1,岳各庄东路北口,四惠枢纽站
57,2,7,2019-06-04 07:48:01,1,岳各庄东路北口,六里桥西
57,2,4,2019-06-04 07:48:01,1,岳各庄东路北口,水衙沟路东口
57,2,6,2019-06-04 07:48:01,1,岳各庄东路北口,小井路口东
57,2,7,2019-06-04 07:48:01,1,岳各庄东路北口,六里桥西
57,2,4,2019-06-04 07:48:01,1,岳各庄东路北口,水衙沟路东口
57,2,6,2019-06-04 07:48:01,1,岳各庄东路北口,小井路口东
57,2,7,2019-06-04 07:48:01,1,岳各庄东路北口,六里桥西
57,2,7,2019-06-04 07:48:01,1,岳各庄东路北口,六里桥西
57,2,7,2019-06-04 07:48:01,1,岳各庄东路北口,六里桥西
57,2,7,2019-06-04 07:48:01,1,岳各庄东路北口,六里桥西
57,2,8,2019-06-04 07:48:01,1,岳各庄东路北口,六里桥东
57,2,7,2019-06-04 07:48:01,1,岳各庄东路北口,六里桥西
57,2,7,2019-06-04 07:48:01,1,岳各庄东路北口,六里桥西
57,3,10,2019-06-04 07:50:01,1,靛厂村南站,湾子
57,3,9,2019-06-04 07:50:01,1,靛厂村南站,莲花池
57,3,5,2019-06-04 07:50:01,1,靛厂村南站,白塔村
57,3,7,2019-06-04 07:50:01,1,靛厂村南站,六里桥西
57,3,7,2019-06-04 07:50:01,1,靛厂村南站,六里桥西
57,4,7,2019-06-04 07:50:01,1,水衙沟路东口,六里桥西
57,3,8,2019-06-04 07:50:01,1,靛厂村南站,六里桥东
57,3,8,2019-06-04 07:50:01,1,靛厂村南站,六里桥东
57,3,8,2019-06-04 07:50:01,1,靛厂村南站,六里桥东
57,4,7,2019-06-04 07:50:01,1,水衙沟路东口,六里桥西
57,3,14,2019-06-04 07:50:01,1,靛厂村南站,菜市口西
57,4,9,2019-06-04 07:51:01,1,水衙沟路东口,莲花池
57,4,9,2019-06-04 07:51:01,1,水衙沟路东口,莲花池
57,4,6,2019-06-04 07:51:01,1,水衙沟路东口,小井路口东
57,4,7,2019-06-04 07:51:01,1,水衙沟路东口,六里桥西
57,4,7,2019-06-04 07:51:01,1,水衙沟路东口,六里桥西
57,4,7,2019-06-04 07:51:01,1,水衙沟路东口,六里桥西
57,4,7,2019-06-04 07:51:01,1,水衙沟路东口,六里桥西
57,4,17,2019-06-04 07:51:01,1,水衙沟路东口,板章路
57,4,13,2019-06-04 07:51:01,1,水衙沟路东口,牛街路口东
57,4,15,2019-06-04 07:51:01,1,水衙沟路东口,虎坊桥路口西
57,4,13,2019-06-04 07:51:01,1,水衙沟路东口,牛街路口东
57,4,14,2019-06-04 07:51:01,1,水衙沟路东口,菜市口西
57,5,11,2019-06-04 07:52:01,1,白塔村,达官营
57,4,7,2019-06-04 07:52:01,1,水衙沟路东口,六里桥西
57,4,7,2019-06-04 07:52:01,1,水衙沟路东口,六里桥西
57,4,7,2019-06-04 07:52:01,1,水衙沟路东口,六里桥西
57,5,30,2019-06-04 07:53:01,1,白塔村,双花园
57,6,21,2019-06-04 07:56:01,1,小井路口东,水道子
57,7,13,2019-06-04 08:00:01,1,六里桥西,牛街路口东
57,8,8,2019-06-04 08:01:01,1,六里桥东,六里桥东
57,8,10,2019-06-04 08:06:01,1,六里桥东,湾子
57,8,10,2019-06-04 08:10:01,1,六里桥东,湾子
57,8,9,2019-06-04 08:10:01,1,六里桥东,莲花池
57,8,10,2019-06-04 08:10:01,1,六里桥东,湾子
57,8,10,2019-06-04 08:10:01,1,六里桥东,湾子
57,8,34,2019-06-04 08:10:01,1,六里桥东,四惠枢纽站
57,8,31,2019-06-04 08:10:01,1,六里桥东,大北窑南
57,8,31,2019-06-04 08:10:01,1,六里桥东,大北窑南
57,8,8,2019-06-04 08:10:01,1,六里桥东,六里桥东
57,8,18,2019-06-04 08:10:01,1,六里桥东,过街楼
57,8,15,2019-06-04 08:10:01,1,六里桥东,虎坊桥路口西
57,8,26,2019-06-04 08:10:01,1,六里桥东,广渠门内
57,8,17,2019-06-04 08:10:01,1,六里桥东,板章路
57,8,21,2019-06-04 08:10:01,1,六里桥东,水道子
57,8,20,2019-06-04 08:10:01,1,六里桥东,桥湾
57,8,26,2019-06-04 08:10:01,1,六里桥东,广渠门内
57,8,13,2019-06-04 08:10:01,1,六里桥东,牛街路口东
57,8,15,2019-06-04 08:10:01,1,六里桥东,虎坊桥路口西
57,8,15,2019-06-04 08:10:01,1,六里桥东,虎坊桥路口西
57,8,14,2019-06-04 08:10:01,1,六里桥东,菜市口西
57,8,10,2019-06-04 08:11:01,1,六里桥东,湾子
57,8,11,2019-06-04 08:11:01,1,六里桥东,达官营
57,8,10,2019-06-04 08:11:01,1,六里桥东,湾子
57,8,9,2019-06-04 08:11:01,1,六里桥东,莲花池
57,8,8,2019-06-04 08:11:01,1,六里桥东,六里桥东
57,8,8,2019-06-04 08:11:01,1,六里桥东,六里桥东
57,8,21,2019-06-04 08:11:01,1,六里桥东,水道子
57,8,13,2019-06-04 08:11:01,1,六里桥东,牛街路口东
57,9,10,2019-06-04 08:17:01,1,莲花池,湾子
57,9,11,2019-06-04 08:17:01,1,莲花池,达官营
57,9,29,2019-06-04 08:17:01,1,莲花池,双井桥北
57,9,20,2019-06-04 08:17:01,1,莲花池,桥湾
57,9,15,2019-06-04 08:17:01,1,莲花池,虎坊桥路口西
57,9,15,2019-06-04 08:17:01,1,莲花池,虎坊桥路口西
57,10,11,2019-06-04 08:18:01,1,湾子,达官营
57,10,31,2019-06-04 08:20:01,1,湾子,大北窑南
57,10,31,2019-06-04 08:20:01,1,湾子,大北窑南
57,10,31,2019-06-04 08:20:01,1,湾子,大北窑南
57,10,31,2019-06-04 08:20:01,1,湾子,大北窑南
57,10,19,2019-06-04 08:20:01,1,湾子,东城三里河
57,10,20,2019-06-04 08:20:01,1,湾子,桥湾
57,10,21,2019-06-04 08:20:01,1,湾子,水道子
57,10,16,2019-06-04 08:20:01,1,湾子,虎坊桥路口东
57,11,12,2019-06-04 08:24:01,1,达官营,广安门内
57,11,12,2019-06-04 08:24:01,1,达官营,广安门内
57,11,12,2019-06-04 08:24:01,1,达官营,广安门内
57,11,11,2019-06-04 08:24:01,1,达官营,达官营
57,11,12,2019-06-04 08:24:01,1,达官营,广安门内
57,11,31,2019-06-04 08:24:01,1,达官营,大北窑南
57,11,20,2019-06-04 08:24:01,1,达官营,桥湾
57,11,20,2019-06-04 08:24:01,1,达官营,桥湾
57,12,21,2019-06-04 08:24:01,1,广安门内,水道子
57,11,11,2019-06-04 08:24:01,1,达官营,达官营
57,11,12,2019-06-04 08:24:01,1,达官营,广安门内
57,11,12,2019-06-04 08:24:01,1,达官营,广安门内
57,11,17,2019-06-04 08:24:01,1,达官营,板章路
57,11,27,2019-06-04 08:24:01,1,达官营,马圈
57,12,31,2019-06-04 08:28:01,1,广安门内,大北窑南
57,12,13,2019-06-04 08:28:01,1,广安门内,牛街路口东
57,12,20,2019-06-04 08:28:01,1,广安门内,桥湾
57,13,31,2019-06-04 08:32:01,1,牛街路口东,大北窑南
57,13,29,2019-06-04 08:32:01,1,牛街路口东,双井桥北
57,13,30,2019-06-04 08:32:01,1,牛街路口东,双花园
57,13,33,2019-06-04 08:32:01,1,牛街路口东,郎家园
57,13,14,2019-06-04 08:32:01,1,牛街路口东,菜市口西
57,13,20,2019-06-04 08:32:01,1,牛街路口东,桥湾
57,13,20,2019-06-04 08:32:01,1,牛街路口东,桥湾
57,13,25,2019-06-04 08:32:01,1,牛街路口东,安化楼
57,13,27,2019-06-04 08:32:01,1,牛街路口东,马圈
57,13,13,2019-06-04 08:32:01,1,牛街路口东,牛街路口东
57,15,19,2019-06-04 08:35:01,1,虎坊桥路口西,东城三里河
57,15,26,2019-06-04 08:35:01,1,虎坊桥路口西,广渠门内
57,15,15,2019-06-04 08:35:01,1,虎坊桥路口西,虎坊桥路口西
57,15,29,2019-06-04 08:37:01,1,虎坊桥路口西,双井桥北
57,16,31,2019-06-04 08:38:01,1,虎坊桥路口东,大北窑南
57,17,29,2019-06-04 08:40:01,1,板章路,双井桥北
57,20,23,2019-06-04 08:43:01,1,桥湾,榄杆市
57,21,31,2019-06-04 08:46:01,1,水道子,大北窑南
57,23,31,2019-06-04 08:50:01,1,榄杆市,大北窑南
57,23,31,2019-06-04 08:50:01,1,榄杆市,大北窑南
57,23,24,2019-06-04 08:50:01,1,榄杆市,培新街
57,23,28,2019-06-04 08:50:01,1,榄杆市,垂杨柳
57,25,30,2019-06-04 08:53:01,1,安化楼,双花园
57,25,26,2019-06-04 08:53:01,1,安化楼,广渠门内
57,26,34,2019-06-04 08:55:01,1,广渠门内,四惠枢纽站
57,26,29,2019-06-04 08:55:01,1,广渠门内,双井桥北
57,27,31,2019-06-04 08:56:01,1,马圈,大北窑南
57,29,34,2019-06-04 09:03:01,1,双井桥北,四惠枢纽站
57,1,1,2019-06-04 07:01:01,1,靛厂新村,靛厂新村
57,1,1,2019-06-04 07:01:01,1,靛厂新村,靛厂新村
57,1,8,2019-06-04 07:02:01,1,靛厂新村,六里桥东
57,1,10,2019-06-04 07:02:01,1,靛厂新村,湾子
57,1,8,2019-06-04 07:02:01,1,靛厂新村,六里桥东
57,1,11,2019-06-04 07:02:01,1,靛厂新村,达官营
57,1,10,2019-06-04 07:02:01,1,靛厂新村,湾子
57,1,12,2019-06-04 07:02:01,1,靛厂新村,广安门内
57,1,13,2019-06-04 07:02:01,1,靛厂新村,牛街路口东
57,1,15,2019-06-04 07:02:01,1,靛厂新村,虎坊桥路口西
57,1,6,2019-06-04 07:02:01,1,靛厂新村,小井路口东
57,1,7,2019-06-04 07:02:01,1,靛厂新村,六里桥西
57,1,5,2019-06-04 07:02:01,1,靛厂新村,白塔村
57,1,7,2019-06-04 07:02:01,1,靛厂新村,六里桥西
57,1,5,2019-06-04 07:02:01,1,靛厂新村,白塔村
57,1,1,2019-06-04 07:02:01,1,靛厂新村,靛厂新村
57,1,24,2019-06-04 07:02:01,1,靛厂新村,培新街
57,1,18,2019-06-04 07:02:01,1,靛厂新村,过街楼
57,1,18,2019-06-04 07:02:01,1,靛厂新村,过街楼
57,1,26,2019-06-04 07:02:01,1,靛厂新村,广渠门内
57,2,15,2019-06-04 07:03:01,1,岳各庄东路北口,虎坊桥路口西
57,2,7,2019-06-04 07:03:01,1,岳各庄东路北口,六里桥西
57,2,3,2019-06-04 07:03:01,1,岳各庄东路北口,靛厂村南站
57,2,5,2019-06-04 07:03:01,1,岳各庄东路北口,白塔村
57,2,8,2019-06-04 07:03:01,1,岳各庄东路北口,六里桥东
57,2,3,2019-06-04 07:03:01,1,岳各庄东路北口,靛厂村南站
57,2,7,2019-06-04 07:03:01,1,岳各庄东路北口,六里桥西
57,2,7,2019-06-04 07:03:01,1,岳各庄东路北口,六里桥西
57,2,7,2019-06-04 07:03:01,1,岳各庄东路北口,六里桥西
57,2,7,2019-06-04 07:03:01,1,岳各庄东路北口,六里桥西
57,3,12,2019-06-04 07:04:01,1,靛厂村南站,广安门内
57,3,27,2019-06-04 07:04:01,1,靛厂村南站,马圈
57,4,8,2019-06-04 07:05:01,1,水衙沟路东口,六里桥东
57,4,12,2019-06-04 07:05:01,1,水衙沟路东口,广安门内
57,4,12,2019-06-04 07:05:01,1,水衙沟路东口,广安门内
57,4,10,2019-06-04 07:05:01,1,水衙沟路东口,湾子
57,4,9,2019-06-04 07:05:01,1,水衙沟路东口,莲花池
57,4,11,2019-06-04 07:05:01,1,水衙沟路东口,达官营
57,4,11,2019-06-04 07:05:01,1,水衙沟路东口,达官营
57,4,10,2019-06-04 07:05:01,1,水衙沟路东口,湾子
57,4,15,2019-06-04 07:05:01,1,水衙沟路东口,虎坊桥路口西
57,4,14,2019-06-04 07:05:01,1,水衙沟路东口,菜市口西
57,4,12,2019-06-04 07:05:01,1,水衙沟路东口,广安门内
57,4,7,2019-06-04 07:05:01,1,水衙沟路东口,六里桥西
57,4,7,2019-06-04 07:05:01,1,水衙沟路东口,六里桥西
57,4,7,2019-06-04 07:05:01,1,水衙沟路东口,六里桥西
57,5,10,2019-06-04 07:07:01,1,白塔村,湾子
57,5,8,2019-06-04 07:07:01,1,白塔村,六里桥东
57,6,12,2019-06-04 07:10:01,1,小井路口东,广安门内
57,6,27,2019-06-04 07:11:01,1,小井路口东,马圈
57,7,10,2019-06-04 07:12:01,1,六里桥西,湾子
57,7,16,2019-06-04 07:12:01,1,六里桥西,虎坊桥路口东
57,8,8,2019-06-04 07:17:01,1,六里桥东,六里桥东
57,8,11,2019-06-04 07:17:01,1,六里桥东,达官营
57,8,8,2019-06-04 07:17:01,1,六里桥东,六里桥东
57,8,9,2019-06-04 07:17:01,1,六里桥东,莲花池
57,8,10,2019-06-04 07:17:01,1,六里桥东,湾子
57,8,8,2019-06-04 07:17:01,1,六里桥东,六里桥东
57,8,8,2019-06-04 07:17:01,1,六里桥东,六里桥东
57,8,16,2019-06-04 07:17:01,1,六里桥东,虎坊桥路口东
57,8,16,2019-06-04 07:17:01,1,六里桥东,虎坊桥路口东
57,8,15,2019-06-04 07:17:01,1,六里桥东,虎坊桥路口西
57,8,16,2019-06-04 07:17:01,1,六里桥东,虎坊桥路口东
57,8,16,2019-06-04 07:17:01,1,六里桥东,虎坊桥路口东
57,8,16,2019-06-04 07:17:01,1,六里桥东,虎坊桥路口东
57,8,12,2019-06-04 07:17:01,1,六里桥东,广安门内
57,8,23,2019-06-04 07:17:01,1,六里桥东,榄杆市
57,8,18,2019-06-04 07:17:01,1,六里桥东,过街楼
57,8,26,2019-06-04 07:17:01,1,六里桥东,广渠门内
57,8,33,2019-06-04 07:17:01,1,六里桥东,郎家园
57,8,26,2019-06-04 07:17:01,1,六里桥东,广渠门内
57,8,26,2019-06-04 07:17:01,1,六里桥东,广渠门内
57,8,27,2019-06-04 07:17:01,1,六里桥东,马圈
57,9,10,2019-06-04 07:23:01,1,莲花池,湾子
57,9,10,2019-06-04 07:23:01,1,莲花池,湾子
57,9,34,2019-06-04 07:23:01,1,莲花池,四惠枢纽站
57,9,25,2019-06-04 07:23:01,1,莲花池,安化楼
57,9,18,2019-06-04 07:23:01,1,莲花池,过街楼
57,9,31,2019-06-04 07:23:01,1,莲花池,大北窑南
57,10,10,2019-06-04 07:27:01,1,湾子,湾子
57,10,16,2019-06-04 07:27:01,1,湾子,虎坊桥路口东
57,10,16,2019-06-04 07:27:01,1,湾子,虎坊桥路口东
57,10,16,2019-06-04 07:27:01,1,湾子,虎坊桥路口东
57,10,32,2019-06-04 07:27:01,1,湾子,大北窑东
57,11,11,2019-06-04 07:28:01,1,达官营,达官营
57,11,11,2019-06-04 07:28:01,1,达官营,达官营
57,11,11,2019-06-04 07:28:01,1,达官营,达官营
57,11,11,2019-06-04 07:28:01,1,达官营,达官营
57,11,29,2019-06-04 07:28:01,1,达官营,双井桥北
57,11,31,2019-06-04 07:28:01,1,达官营,大北窑南
57,11,17,2019-06-04 07:28:01,1,达官营,板章路
57,11,12,2019-06-04 07:28:01,1,达官营,广安门内
57,11,13,2019-06-04 07:28:01,1,达官营,牛街路口东
57,11,12,2019-06-04 07:28:01,1,达官营,广安门内
57,11,31,2019-06-04 07:28:01,1,达官营,大北窑南
57,11,32,2019-06-04 07:28:01,1,达官营,大北窑东
57,12,21,2019-06-04 07:28:01,1,广安门内,水道子
57,11,21,2019-06-04 07:28:01,1,达官营,水道子
57,11,19,2019-06-04 07:28:01,1,达官营,东城三里河
57,11,19,2019-06-04 07:28:01,1,达官营,东城三里河
57,11,23,2019-06-04 07:28:01,1,达官营,榄杆市
57,11,18,2019-06-04 07:28:01,1,达官营,过街楼
57,11,27,2019-06-04 07:28:01,1,达官营,马圈
57,11,27,2019-06-04 07:28:01,1,达官营,马圈
57,11,32,2019-06-04 07:28:01,1,达官营,大北窑东
57,11,26,2019-06-04 07:28:01,1,达官营,广渠门内
57,13,32,2019-06-04 07:37:01,1,牛街路口东,大北窑东
57,15,29,2019-06-04 07:38:01,1,虎坊桥路口西,双井桥北
57,15,31,2019-06-04 07:38:01,1,虎坊桥路口西,大北窑南
57,16,31,2019-06-04 07:44:01,1,虎坊桥路口东,大北窑南
57,16,17,2019-06-04 07:44:01,1,虎坊桥路口东,板章路
57,16,23,2019-06-04 07:44:01,1,虎坊桥路口东,榄杆市
57,16,22,2019-06-04 07:44:01,1,虎坊桥路口东,磁器口西
57,16,22,2019-06-04 07:44:01,1,虎坊桥路口东,磁器口西
57,16,32,2019-06-04 07:44:01,1,虎坊桥路口东,大北窑东
57,16,25,2019-06-04 07:44:01,1,虎坊桥路口东,安化楼
57,17,20,2019-06-04 07:46:01,1,板章路,桥湾
57,17,23,2019-06-04 07:46:01,1,板章路,榄杆市
57,17,23,2019-06-04 07:46:01,1,板章路,榄杆市
57,17,21,2019-06-04 07:46:01,1,板章路,水道子
57,17,23,2019-06-04 07:46:01,1,板章路,榄杆市
57,18,32,2019-06-04 07:49:01,1,过街楼,大北窑东
57,18,18,2019-06-04 07:49:01,1,过街楼,过街楼
57,18,18,2019-06-04 07:49:01,1,过街楼,过街楼
57,20,25,2019-06-04 07:51:01,1,桥湾,安化楼
57,21,24,2019-06-04 07:54:01,1,水道子,培新街
57,22,33,2019-06-04 07:54:01,1,磁器口西,郎家园
57,23,29,2019-06-04 07:56:01,1,榄杆市,双井桥北
57,23,31,2019-06-04 07:56:01,1,榄杆市,大北窑南
57,23,33,2019-06-04 07:56:01,1,榄杆市,郎家园
57,23,26,2019-06-04 07:56:01,1,榄杆市,广渠门内
57,23,25,2019-06-04 07:56:01,1,榄杆市,安化楼
57,23,29,2019-06-04 07:57:01,1,榄杆市,双井桥北
57,23,26,2019-06-04 07:57:01,1,榄杆市,广渠门内
57,24,29,2019-06-04 07:59:01,1,培新街,双井桥北
57,24,29,2019-06-04 07:59:01,1,培新街,双井桥北
57,24,28,2019-06-04 07:59:01,1,培新街,垂杨柳
57,24,31,2019-06-04 07:59:01,1,培新街,大北窑南
57,24,26,2019-06-04 07:59:01,1,培新街,广渠门内
57,24,28,2019-06-04 07:59:01,1,培新街,垂杨柳
57,24,34,2019-06-04 07:59:01,1,培新街,四惠枢纽站
57,24,27,2019-06-04 07:59:01,1,培新街,马圈
57,24,31,2019-06-04 07:59:01,1,培新街,大北窑南
57,24,31,2019-06-04 07:59:01,1,培新街,大北窑南
57,26,29,2019-06-04 08:01:01,1,广渠门内,双井桥北
57,26,29,2019-06-04 08:01:01,1,广渠门内,双井桥北
57,25,31,2019-06-04 08:01:01,1,安化楼,大北窑南
57,25,31,2019-06-04 08:01:01,1,安化楼,大北窑南
57,26,27,2019-06-04 08:01:01,1,广渠门内,马圈
57,25,26,2019-06-04 08:01:01,1,安化楼,广渠门内
57,26,30,2019-06-04 08:02:01,1,广渠门内,双花园
57,26,30,2019-06-04 08:02:01,1,广渠门内,双花园
57,26,28,2019-06-04 08:02:01,1,广渠门内,垂杨柳
57,26,31,2019-06-04 08:02:01,1,广渠门内,大北窑南
57,26,33,2019-06-04 08:02:01,1,广渠门内,郎家园
57,26,31,2019-06-04 08:02:01,1,广渠门内,大北窑南
57,26,33,2019-06-04 08:02:01,1,广渠门内,郎家园
57,26,31,2019-06-04 08:02:01,1,广渠门内,大北窑南
57,26,31,2019-06-04 08:02:01,1,广渠门内,大北窑南
57,26,30,2019-06-04 08:02:01,1,广渠门内,双花园
57,26,31,2019-06-04 08:02:01,1,广渠门内,大北窑南
57,26,31,2019-06-04 08:02:01,1,广渠门内,大北窑南
57,26,31,2019-06-04 08:02:01,1,广渠门内,大北窑南
57,26,31,2019-06-04 08:02:01,1,广渠门内,大北窑南
57,26,33,2019-06-04 08:02:01,1,广渠门内,郎家园
57,27,29,2019-06-04 08:04:01,1,马圈,双井桥北
57,27,28,2019-06-04 08:04:01,1,马圈,垂杨柳
57,27,29,2019-06-04 08:04:01,1,马圈,双井桥北
57,27,31,2019-06-04 08:04:01,1,马圈,大北窑南
57,27,31,2019-06-04 08:04:01,1,马圈,大北窑南
57,27,33,2019-06-04 08:04:01,1,马圈,郎家园
57,27,34,2019-06-04 08:04:01,1,马圈,四惠枢纽站
57,27,31,2019-06-04 08:04:01,1,马圈,大北窑南
57,27,30,2019-06-04 08:04:01,1,马圈,双花园
57,27,29,2019-06-04 08:04:01,1,马圈,双井桥北
57,27,34,2019-06-04 08:04:01,1,马圈,四惠枢纽站
57,27,32,2019-06-04 08:04:01,1,马圈,大北窑东
57,28,32,2019-06-04 08:05:01,1,垂杨柳,大北窑东
57,28,29,2019-06-04 08:06:01,1,垂杨柳,双井桥北
57,28,34,2019-06-04 08:06:01,1,垂杨柳,四惠枢纽站
57,28,31,2019-06-04 08:06:01,1,垂杨柳,大北窑南
57,30,34,2019-06-04 08:10:01,1,双花园,四惠枢纽站
57,30,32,2019-06-04 08:11:01,1,双花园,大北窑东
57,30,32,2019-06-04 08:11:01,1,双花园,大北窑东
57,31,34,2019-06-04 08:17:01,1,大北窑南,四惠枢纽站
57,31,34,2019-06-04 08:17:01,1,大北窑南,四惠枢纽站
57,32,32,2019-06-04 08:19:01,1,大北窑东,大北窑东
57,32,34,2019-06-04 08:20:01,1,大北窑东,四惠枢纽站
57,32,34,2019-06-04 08:20:01,1,大北窑东,四惠枢纽站
57,32,32,2019-06-04 08:20:01,1,大北窑东,大北窑东
57,32,32,2019-06-04 08:45:01,1,大北窑东,大北窑东
57,32,33,2019-06-04 08:45:01,1,大北窑东,郎家园
57,1,1,2019-06-04 06:33:01,1,靛厂新村,靛厂新村
57,1,1,2019-06-04 06:33:01,1,靛厂新村,靛厂新村
57,1,1,2019-06-04 06:33:01,1,靛厂新村,靛厂新村
57,1,1,2019-06-04 06:35:01,1,靛厂新村,靛厂新村
57,1,1,2019-06-04 06:36:01,1,靛厂新村,靛厂新村
57,1,1,2019-06-04 06:45:01,1,靛厂新村,靛厂新村
57,1,1,2019-06-04 06:47:01,1,靛厂新村,靛厂新村
57,1,1,2019-06-04 07:02:01,1,靛厂新村,靛厂新村
57,1,1,2019-06-04 07:04:01,1,靛厂新村,靛厂新村
57,1,1,2019-06-04 07:04:01,1,靛厂新村,靛厂新村
57,1,1,2019-06-04 07:06:01,1,靛厂新村,靛厂新村
57,1,1,2019-06-04 07:06:01,1,靛厂新村,靛厂新村
57,1,1,2019-06-04 07:06:01,1,靛厂新村,靛厂新村
57,1,1,2019-06-04 07:06:01,1,靛厂新村,靛厂新村
57,1,1,2019-06-04 07:06:01,1,靛厂新村,靛厂新村
57,1,1,2019-06-04 07:06:01,1,靛厂新村,靛厂新村
57,1,1,2019-06-04 07:06:01,1,靛厂新村,靛厂新村
57,1,1,2019-06-04 07:06:01,1,靛厂新村,靛厂新村
57,1,1,2019-06-04 07:07:01,1,靛厂新村,靛厂新村
57,1,1,2019-06-04 07:07:01,1,靛厂新村,靛厂新村
57,1,1,2019-06-04 07:07:01,1,靛厂新村,靛厂新村
57,1,1,2019-06-04 07:07:01,1,靛厂新村,靛厂新村
57,1,1,2019-06-04 07:07:01,1,靛厂新村,靛厂新村
57,1,1,2019-06-04 07:07:01,1,靛厂新村,靛厂新村
57,1,1,2019-06-04 07:07:01,1,靛厂新村,靛厂新村
57,1,1,2019-06-04 07:08:01,1,靛厂新村,靛厂新村
57,1,1,2019-06-04 07:16:01,1,靛厂新村,靛厂新村
57,1,1,2019-06-04 07:22:01,1,靛厂新村,靛厂新村
57,1,1,2019-06-04 07:22:01,1,靛厂新村,靛厂新村
57,1,1,2019-06-04 07:22:01,1,靛厂新村,靛厂新村
57,1,1,2019-06-04 07:22:01,1,靛厂新村,靛厂新村
57,1,1,2019-06-04 07:22:01,1,靛厂新村,靛厂新村
57,1,1,2019-06-04 07:22:01,1,靛厂新村,靛厂新村
57,1,1,2019-06-04 07:22:01,1,靛厂新村,靛厂新村
57,1,1,2019-06-04 07:22:01,1,靛厂新村,靛厂新村
57,1,1,2019-06-04 07:23:01,1,靛厂新村,靛厂新村
57,1,1,2019-06-04 07:23:01,1,靛厂新村,靛厂新村
57,1,1,2019-06-04 07:23:01,1,靛厂新村,靛厂新村
57,1,1,2019-06-04 07:23:01,1,靛厂新村,靛厂新村
57,1,1,2019-06-04 07:23:01,1,靛厂新村,靛厂新村
57,1,1,2019-06-04 07:23:01,1,靛厂新村,靛厂新村
57,1,1,2019-06-04 07:23:01,1,靛厂新村,靛厂新村
57,1,1,2019-06-04 07:23:01,1,靛厂新村,靛厂新村
57,1,1,2019-06-04 07:23:01,1,靛厂新村,靛厂新村
57,1,1,2019-06-04 07:23:01,1,靛厂新村,靛厂新村
57,1,1,2019-06-04 07:23:01,1,靛厂新村,靛厂新村
57,1,1,2019-06-04 07:23:01,1,靛厂新村,靛厂新村
57,1,1,2019-06-04 07:23:01,1,靛厂新村,靛厂新村
57,1,1,2019-06-04 07:23:01,1,靛厂新村,靛厂新村
57,1,1,2019-06-04 07:23:01,1,靛厂新村,靛厂新村
57,1,1,2019-06-04 07:23:01,1,靛厂新村,靛厂新村
57,1,1,2019-06-04 07:23:01,1,靛厂新村,靛厂新村
57,1,1,2019-06-04 07:23:01,1,靛厂新村,靛厂新村
57,1,1,2019-06-04 07:23:01,1,靛厂新村,靛厂新村
57,1,1,2019-06-04 07:23:01,1,靛厂新村,靛厂新村
57,1,1,2019-06-04 07:23:01,1,靛厂新村,靛厂新村
57,1,1,2019-06-04 07:23:01,1,靛厂新村,靛厂新村
57,1,1,2019-06-04 07:23:01,1,靛厂新村,靛厂新村
57,1,1,2019-06-04 07:23:01,1,靛厂新村,靛厂新村
57,1,1,2019-06-04 07:23:01,1,靛厂新村,靛厂新村
57,1,1,2019-06-04 07:23:01,1,靛厂新村,靛厂新村
57,1,1,2019-06-04 07:23:01,1,靛厂新村,靛厂新村
57,1,1,2019-06-04 07:23:01,1,靛厂新村,靛厂新村
57,1,1,2019-06-04 07:23:01,1,靛厂新村,靛厂新村
57,1,1,2019-06-04 07:23:01,1,靛厂新村,靛厂新村
57,1,1,2019-06-04 07:23:01,1,靛厂新村,靛厂新村
57,1,1,2019-06-04 07:23:01,1,靛厂新村,靛厂新村
57,1,1,2019-06-04 07:23:01,1,靛厂新村,靛厂新村
57,1,1,2019-06-04 07:23:01,1,靛厂新村,靛厂新村
57,1,1,2019-06-04 07:24:01,1,靛厂新村,靛厂新村
57,1,1,2019-06-04 07:24:01,1,靛厂新村,靛厂新村
57,1,1,2019-06-04 07:24:01,1,靛厂新村,靛厂新村
57,1,1,2019-06-04 07:31:01,1,靛厂新村,靛厂新村
57,1,1,2019-06-04 07:37:01,1,靛厂新村,靛厂新村
57,1,1,2019-06-04 07:37:01,1,靛厂新村,靛厂新村
57,1,1,2019-06-04 07:37:01,1,靛厂新村,靛厂新村
57,1,1,2019-06-04 07:37:01,1,靛厂新村,靛厂新村
57,1,1,2019-06-04 07:37:01,1,靛厂新村,靛厂新村
57,1,1,2019-06-04 07:37:01,1,靛厂新村,靛厂新村
57,1,1,2019-06-04 07:37:01,1,靛厂新村,靛厂新村
57,1,1,2019-06-04 07:37:01,1,靛厂新村,靛厂新村
57,1,1,2019-06-04 07:37:01,1,靛厂新村,靛厂新村
57,1,1,2019-06-04 07:37:01,1,靛厂新村,靛厂新村
57,1,1,2019-06-04 07:37:01,1,靛厂新村,靛厂新村
57,1,1,2019-06-04 07:37:01,1,靛厂新村,靛厂新村
57,1,1,2019-06-04 07:39:01,1,靛厂新村,靛厂新村
57,1,1,2019-06-04 07:39:01,1,靛厂新村,靛厂新村
57,1,1,2019-06-04 07:39:01,1,靛厂新村,靛厂新村
57,1,1,2019-06-04 07:39:01,1,靛厂新村,靛厂新村
57,1,1,2019-06-04 07:39:01,1,靛厂新村,靛厂新村
57,1,1,2019-06-04 07:39:01,1,靛厂新村,靛厂新村
57,1,1,2019-06-04 07:39:01,1,靛厂新村,靛厂新村
57,1,1,2019-06-04 07:39:01,1,靛厂新村,靛厂新村
57,1,1,2019-06-04 07:39:01,1,靛厂新村,靛厂新村
57,1,1,2019-06-04 07:39:01,1,靛厂新村,靛厂新村
57,1,1,2019-06-04 07:39:01,1,靛厂新村,靛厂新村
57,1,1,2019-06-04 07:39:01,1,靛厂新村,靛厂新村
57,1,1,2019-06-04 07:39:01,1,靛厂新村,靛厂新村
57,1,1,2019-06-04 07:39:01,1,靛厂新村,靛厂新村
57,1,1,2019-06-04 07:39:01,1,靛厂新村,靛厂新村
57,1,1,2019-06-04 07:39:01,1,靛厂新村,靛厂新村
57,1,1,2019-06-04 07:42:01,1,靛厂新村,靛厂新村
57,1,1,2019-06-04 07:42:01,1,靛厂新村,靛厂新村
57,1,1,2019-06-04 07:43:01,1,靛厂新村,靛厂新村
57,1,1,2019-06-04 07:43:01,1,靛厂新村,靛厂新村
57,1,1,2019-06-04 07:43:01,1,靛厂新村,靛厂新村
57,1,1,2019-06-04 07:43:01,1,靛厂新村,靛厂新村
57,1,1,2019-06-04 07:43:01,1,靛厂新村,靛厂新村
57,1,1,2019-06-04 07:43:01,1,靛厂新村,靛厂新村
57,1,1,2019-06-04 07:43:01,1,靛厂新村,靛厂新村
57,1,1,2019-06-04 07:47:01,1,靛厂新村,靛厂新村
57,1,1,2019-06-04 07:47:01,1,靛厂新村,靛厂新村
57,1,1,2019-06-04 07:47:01,1,靛厂新村,靛厂新村
57,1,1,2019-06-04 07:47:01,1,靛厂新村,靛厂新村
57,1,1,2019-06-04 07:47:01,1,靛厂新村,靛厂新村
57,1,1,2019-06-04 07:47:01,1,靛厂新村,靛厂新村
57,1,1,2019-06-04 07:48:01,1,靛厂新村,靛厂新村
57,1,1,2019-06-04 07:48:01,1,靛厂新村,靛厂新村
57,1,1,2019-06-04 07:48:01,1,靛厂新村,靛厂新村
57,1,1,2019-06-04 07:48:01,1,靛厂新村,靛厂新村
57,1,1,2019-06-04 07:48:01,1,靛厂新村,靛厂新村
57,1,1,2019-06-04 07:48:01,1,靛厂新村,靛厂新村
57,1,1,2019-06-04 07:48:01,1,靛厂新村,靛厂新村
57,1,1,2019-06-04 07:48:01,1,靛厂新村,靛厂新村
57,1,1,2019-06-04 07:48:01,1,靛厂新村,靛厂新村
57,1,1,2019-06-04 07:52:01,1,靛厂新村,靛厂新村
57,1,1,2019-06-04 07:59:01,1,靛厂新村,靛厂新村
57,1,1,2019-06-04 08:01:01,1,靛厂新村,靛厂新村
57,1,1,2019-06-04 08:04:01,1,靛厂新村,靛厂新村
57,1,1,2019-06-04 08:04:01,1,靛厂新村,靛厂新村
57,1,1,2019-06-04 08:04:01,1,靛厂新村,靛厂新村
57,1,1,2019-06-04 08:04:01,1,靛厂新村,靛厂新村
57,1,1,2019-06-04 08:04:01,1,靛厂新村,靛厂新村
57,1,1,2019-06-04 08:06:01,1,靛厂新村,靛厂新村
57,1,1,2019-06-04 08:06:01,1,靛厂新村,靛厂新村
57,2,7,2019-06-04 09:08:01,1,岳各庄东路北口,六里桥西
57,2,7,2019-06-04 09:08:01,1,岳各庄东路北口,六里桥西
57,2,4,2019-06-04 09:08:01,1,岳各庄东路北口,水衙沟路东口
57,2,2,2019-06-04 09:08:01,1,岳各庄东路北口,岳各庄东路北口
57,1,2,2019-06-04 09:08:01,1,靛厂新村,岳各庄东路北口
57,2,11,2019-06-04 09:08:01,1,岳各庄东路北口,达官营
57,2,11,2019-06-04 09:08:01,1,岳各庄东路北口,达官营
57,2,11,2019-06-04 09:08:01,1,岳各庄东路北口,达官营
57,1,9,2019-06-04 09:08:01,1,靛厂新村,莲花池
57,2,9,2019-06-04 09:08:01,1,岳各庄东路北口,莲花池
57,1,8,2019-06-04 09:08:01,1,靛厂新村,六里桥东
57,2,10,2019-06-04 09:08:01,1,岳各庄东路北口,湾子
57,2,2,2019-06-04 09:09:01,1,岳各庄东路北口,岳各庄东路北口
57,2,2,2019-06-04 09:09:01,1,岳各庄东路北口,岳各庄东路北口
57,2,7,2019-06-04 09:10:01,1,岳各庄东路北口,六里桥西
57,3,8,2019-06-04 09:10:01,1,靛厂村南站,六里桥东
57,2,2,2019-06-04 09:10:01,1,岳各庄东路北口,岳各庄东路北口
57,2,9,2019-06-04 09:10:01,1,岳各庄东路北口,莲花池
57,4,5,2019-06-04 09:11:01,1,水衙沟路东口,白塔村
57,3,10,2019-06-04 09:11:01,1,靛厂村南站,湾子
57,4,9,2019-06-04 09:12:01,1,水衙沟路东口,莲花池
57,4,9,2019-06-04 09:12:01,1,水衙沟路东口,莲花池
57,4,9,2019-06-04 09:12:01,1,水衙沟路东口,莲花池
57,4,15,2019-06-04 09:13:01,1,水衙沟路东口,虎坊桥路口西
57,6,9,2019-06-04 09:16:01,1,小井路口东,莲花池
57,7,7,2019-06-04 09:20:01,1,六里桥西,六里桥西
57,7,8,2019-06-04 09:20:01,1,六里桥西,六里桥东
57,7,11,2019-06-04 09:20:01,1,六里桥西,达官营
57,7,9,2019-06-04 09:20:01,1,六里桥西,莲花池
57,7,10,2019-06-04 09:20:01,1,六里桥西,湾子
57,7,10,2019-06-04 09:20:01,1,六里桥西,湾子
57,8,12,2019-06-04 09:22:01,1,六里桥东,广安门内
57,8,12,2019-06-04 09:22:01,1,六里桥东,广安门内
57,8,9,2019-06-04 09:22:01,1,六里桥东,莲花池
57,8,10,2019-06-04 09:22:01,1,六里桥东,湾子
57,8,9,2019-06-04 09:22:01,1,六里桥东,莲花池
57,8,10,2019-06-04 09:22:01,1,六里桥东,湾子
57,8,18,2019-06-04 09:26:01,1,六里桥东,过街楼
57,8,9,2019-06-04 09:26:01,1,六里桥东,莲花池
57,8,9,2019-06-04 09:26:01,1,六里桥东,莲花池
57,1,4,2019-06-04 08:16:01,1,靛厂新村,水衙沟路东口
57,1,6,2019-06-04 08:16:01,1,靛厂新村,小井路口东
57,1,4,2019-06-04 08:16:01,1,靛厂新村,水衙沟路东口
57,1,1,2019-06-04 08:16:01,1,靛厂新村,靛厂新村
57,1,1,2019-06-04 08:16:01,1,靛厂新村,靛厂新村
57,1,1,2019-06-04 08:16:01,1,靛厂新村,靛厂新村
57,1,1,2019-06-04 08:16:01,1,靛厂新村,靛厂新村
57,1,11,2019-06-04 08:16:01,1,靛厂新村,达官营
57,1,10,2019-06-04 08:16:01,1,靛厂新村,湾子
57,1,5,2019-06-04 08:16:01,1,靛厂新村,白塔村
57,1,6,2019-06-04 08:16:01,1,靛厂新村,小井路口东
57,1,11,2019-06-04 08:16:01,1,靛厂新村,达官营
57,1,1,2019-06-04 08:16:01,1,靛厂新村,靛厂新村
57,1,10,2019-06-04 08:16:01,1,靛厂新村,湾子
57,1,6,2019-06-04 08:16:01,1,靛厂新村,小井路口东
57,1,4,2019-06-04 08:16:01,1,靛厂新村,水衙沟路东口
57,1,4,2019-06-04 08:16:01,1,靛厂新村,水衙沟路东口
57,1,3,2019-06-04 08:17:01,1,靛厂新村,靛厂村南站
57,1,3,2019-06-04 08:17:01,1,靛厂新村,靛厂村南站
57,1,4,2019-06-04 08:17:01,1,靛厂新村,水衙沟路东口
57,1,6,2019-06-04 08:18:01,1,靛厂新村,小井路口东
57,1,4,2019-06-04 08:18:01,1,靛厂新村,水衙沟路东口
57,1,4,2019-06-04 08:18:01,1,靛厂新村,水衙沟路东口
57,1,3,2019-06-04 08:18:01,1,靛厂新村,靛厂村南站
57,1,1,2019-06-04 08:18:01,1,靛厂新村,靛厂新村
57,1,6,2019-06-04 08:18:01,1,靛厂新村,小井路口东
57,1,21,2019-06-04 08:18:01,1,靛厂新村,水道子
57,1,5,2019-06-04 08:18:01,1,靛厂新村,白塔村
57,1,4,2019-06-04 08:18:01,1,靛厂新村,水衙沟路东口
57,1,5,2019-06-04 08:18:01,1,靛厂新村,白塔村
57,1,8,2019-06-04 08:18:01,1,靛厂新村,六里桥东
57,1,11,2019-06-04 08:18:01,1,靛厂新村,达官营
57,2,11,2019-06-04 08:19:01,1,岳各庄东路北口,达官营
57,2,6,2019-06-04 08:19:01,1,岳各庄东路北口,小井路口东
57,2,9,2019-06-04 08:19:01,1,岳各庄东路北口,莲花池
57,2,6,2019-06-04 08:19:01,1,岳各庄东路北口,小井路口东
57,2,12,2019-06-04 08:19:01,1,岳各庄东路北口,广安门内
57,2,9,2019-06-04 08:19:01,1,岳各庄东路北口,莲花池
57,2,6,2019-06-04 08:19:01,1,岳各庄东路北口,小井路口东
57,2,2,2019-06-04 08:19:01,1,岳各庄东路北口,岳各庄东路北口
57,3,5,2019-06-04 08:20:01,1,靛厂村南站,白塔村
57,3,5,2019-06-04 08:20:01,1,靛厂村南站,白塔村
57,3,4,2019-06-04 08:20:01,1,靛厂村南站,水衙沟路东口
57,3,4,2019-06-04 08:20:01,1,靛厂村南站,水衙沟路东口
57,3,5,2019-06-04 08:20:01,1,靛厂村南站,白塔村
57,3,3,2019-06-04 08:20:01,1,靛厂村南站,靛厂村南站
57,3,9,2019-06-04 08:20:01,1,靛厂村南站,莲花池
57,3,3,2019-06-04 08:20:01,1,靛厂村南站,靛厂村南站
57,3,8,2019-06-04 08:20:01,1,靛厂村南站,六里桥东
57,3,10,2019-06-04 08:20:01,1,靛厂村南站,湾子
57,3,4,2019-06-04 08:20:01,1,靛厂村南站,水衙沟路东口
57,3,11,2019-06-04 08:22:01,1,靛厂村南站,达官营
57,3,9,2019-06-04 08:22:01,1,靛厂村南站,莲花池
57,4,7,2019-06-04 08:24:01,1,水衙沟路东口,六里桥西
57,4,4,2019-06-04 08:25:01,1,水衙沟路东口,水衙沟路东口
57,5,10,2019-06-04 08:26:01,1,白塔村,湾子
57,5,8,2019-06-04 08:26:01,1,白塔村,六里桥东
57,6,21,2019-06-04 08:35:01,1,小井路口东,水道子
57,6,9,2019-06-04 08:35:01,1,小井路口东,莲花池
57,6,6,2019-06-04 08:36:01,1,小井路口东,小井路口东
57,6,6,2019-06-04 08:36:01,1,小井路口东,小井路口东
57,6,6,2019-06-04 08:36:01,1,小井路口东,小井路口东
57,6,6,2019-06-04 08:36:01,1,小井路口东,小井路口东
57,6,6,2019-06-04 08:36:01,1,小井路口东,小井路口东
57,6,6,2019-06-04 08:36:01,1,小井路口东,小井路口东
57,6,11,2019-06-04 08:36:01,1,小井路口东,达官营
57,6,13,2019-06-04 08:36:01,1,小井路口东,牛街路口东
57,6,21,2019-06-04 08:36:01,1,小井路口东,水道子
57,6,21,2019-06-04 08:36:01,1,小井路口东,水道子
57,6,21,2019-06-04 08:36:01,1,小井路口东,水道子
57,6,21,2019-06-04 08:36:01,1,小井路口东,水道子
57,6,21,2019-06-04 08:36:01,1,小井路口东,水道子
57,6,21,2019-06-04 08:36:01,1,小井路口东,水道子
57,6,6,2019-06-04 08:36:01,1,小井路口东,小井路口东
57,6,10,2019-06-04 08:36:01,1,小井路口东,湾子
57,6,13,2019-06-04 08:36:01,1,小井路口东,牛街路口东
57,6,8,2019-06-04 08:36:01,1,小井路口东,六里桥东
57,6,9,2019-06-04 08:36:01,1,小井路口东,莲花池
57,6,11,2019-06-04 08:36:01,1,小井路口东,达官营
57,6,6,2019-06-04 08:36:01,1,小井路口东,小井路口东
57,6,8,2019-06-04 08:36:01,1,小井路口东,六里桥东
57,6,13,2019-06-04 08:36:01,1,小井路口东,牛街路口东
57,6,13,2019-06-04 08:36:01,1,小井路口东,牛街路口东
57,6,9,2019-06-04 08:36:01,1,小井路口东,莲花池
57,6,17,2019-06-04 08:36:01,1,小井路口东,板章路
57,6,13,2019-06-04 08:36:01,1,小井路口东,牛街路口东
57,6,21,2019-06-04 08:36:01,1,小井路口东,水道子
57,6,21,2019-06-04 08:36:01,1,小井路口东,水道子
57,6,15,2019-06-04 08:36:01,1,小井路口东,虎坊桥路口西
57,6,20,2019-06-04 08:36:01,1,小井路口东,桥湾
57,6,9,2019-06-04 08:36:01,1,小井路口东,莲花池
57,6,8,2019-06-04 08:36:01,1,小井路口东,六里桥东
57,6,8,2019-06-04 08:37:01,1,小井路口东,六里桥东
57,6,10,2019-06-04 08:37:01,1,小井路口东,湾子
57,6,19,2019-06-04 08:40:01,1,小井路口东,东城三里河
57,6,13,2019-06-04 08:40:01,1,小井路口东,牛街路口东
57,6,10,2019-06-04 08:40:01,1,小井路口东,湾子
57,6,11,2019-06-04 08:40:01,1,小井路口东,达官营
57,6,13,2019-06-04 08:40:01,1,小井路口东,牛街路口东
57,6,7,2019-06-04 08:40:01,1,小井路口东,六里桥西
57,6,21,2019-06-04 08:43:01,1,小井路口东,水道子
57,6,7,2019-06-04 08:43:01,1,小井路口东,六里桥西
57,6,21,2019-06-04 08:44:01,1,小井路口东,水道子
57,6,17,2019-06-04 08:44:01,1,小井路口东,板章路
57,6,8,2019-06-04 08:44:01,1,小井路口东,六里桥东
57,6,11,2019-06-04 08:44:01,1,小井路口东,达官营
57,6,17,2019-06-04 08:44:01,1,小井路口东,板章路
57,6,11,2019-06-04 08:44:01,1,小井路口东,达官营
57,6,11,2019-06-04 08:45:01,1,小井路口东,达官营
57,7,16,2019-06-04 08:45:01,1,六里桥西,虎坊桥路口东
57,6,8,2019-06-04 08:45:01,1,小井路口东,六里桥东
57,7,20,2019-06-04 08:45:01,1,六里桥西,桥湾
57,7,9,2019-06-04 08:45:01,1,六里桥西,莲花池
57,6,14,2019-06-04 08:45:01,1,小井路口东,菜市口西
57,7,8,2019-06-04 08:45:01,1,六里桥西,六里桥东
57,6,8,2019-06-04 08:45:01,1,小井路口东,六里桥东
57,7,11,2019-06-04 08:45:01,1,六里桥西,达官营
57,6,13,2019-06-04 08:45:01,1,小井路口东,牛街路口东
57,7,8,2019-06-04 08:45:01,1,六里桥西,六里桥东
57,7,8,2019-06-04 08:45:01,1,六里桥西,六里桥东
57,7,8,2019-06-04 08:45:01,1,六里桥西,六里桥东
57,7,7,2019-06-04 08:45:01,1,六里桥西,六里桥西
57,6,9,2019-06-04 08:45:01,1,小井路口东,莲花池
57,7,10,2019-06-04 08:45:01,1,六里桥西,湾子
57,8,15,2019-06-04 08:48:01,1,六里桥东,虎坊桥路口西
57,8,17,2019-06-04 08:48:01,1,六里桥东,板章路
57,8,17,2019-06-04 08:48:01,1,六里桥东,板章路
57,8,12,2019-06-04 08:48:01,1,六里桥东,广安门内
57,8,14,2019-06-04 08:48:01,1,六里桥东,菜市口西
57,8,17,2019-06-04 08:48:01,1,六里桥东,板章路
57,8,10,2019-06-04 08:48:01,1,六里桥东,湾子
57,8,10,2019-06-04 08:48:01,1,六里桥东,湾子
57,8,8,2019-06-04 08:48:01,1,六里桥东,六里桥东
57,8,18,2019-06-04 08:48:01,1,六里桥东,过街楼
57,8,18,2019-06-04 08:48:01,1,六里桥东,过街楼
57,8,21,2019-06-04 08:48:01,1,六里桥东,水道子
57,8,9,2019-06-04 08:48:01,1,六里桥东,莲花池
57,8,17,2019-06-04 08:48:01,1,六里桥东,板章路
57,9,17,2019-06-04 08:49:01,1,莲花池,板章路
57,9,14,2019-06-04 08:49:01,1,莲花池,菜市口西
57,9,18,2019-06-04 08:49:01,1,莲花池,过街楼
57,9,16,2019-06-04 08:49:01,1,莲花池,虎坊桥路口东
57,9,21,2019-06-04 08:49:01,1,莲花池,水道子
57,9,13,2019-06-04 08:49:01,1,莲花池,牛街路口东
57,9,17,2019-06-04 08:50:01,1,莲花池,板章路
57,9,17,2019-06-04 08:50:01,1,莲花池,板章路
57,9,11,2019-06-04 08:50:01,1,莲花池,达官营
57,10,10,2019-06-04 08:51:01,1,湾子,湾子
57,10,18,2019-06-04 08:51:01,1,湾子,过街楼
57,10,16,2019-06-04 08:51:01,1,湾子,虎坊桥路口东
57,10,21,2019-06-04 08:51:01,1,湾子,水道子
57,10,13,2019-06-04 08:51:01,1,湾子,牛街路口东
57,10,21,2019-06-04 08:51:01,1,湾子,水道子
57,10,18,2019-06-04 08:52:01,1,湾子,过街楼
57,10,14,2019-06-04 08:52:01,1,湾子,菜市口西
57,10,14,2019-06-04 08:52:01,1,湾子,菜市口西
57,10,20,2019-06-04 08:52:01,1,湾子,桥湾
57,10,16,2019-06-04 08:52:01,1,湾子,虎坊桥路口东
57,10,17,2019-06-04 08:52:01,1,湾子,板章路
57,10,14,2019-06-04 08:53:01,1,湾子,菜市口西
57,10,21,2019-06-04 08:54:01,1,湾子,水道子
57,10,14,2019-06-04 08:54:01,1,湾子,菜市口西
57,10,11,2019-06-04 08:54:01,1,湾子,达官营
57,10,13,2019-06-04 08:54:01,1,湾子,牛街路口东
57,11,13,2019-06-04 08:56:01,1,达官营,牛街路口东
57,11,13,2019-06-04 08:56:01,1,达官营,牛街路口东
57,11,20,2019-06-04 08:56:01,1,达官营,桥湾
57,11,20,2019-06-04 08:57:01,1,达官营,桥湾
57,11,17,2019-06-04 08:57:01,1,达官营,板章路
57,11,12,2019-06-04 08:57:01,1,达官营,广安门内
57,11,13,2019-06-04 08:57:01,1,达官营,牛街路口东
57,11,13,2019-06-04 08:58:01,1,达官营,牛街路口东
57,11,17,2019-06-04 08:59:01,1,达官营,板章路
57,12,17,2019-06-04 09:00:01,1,广安门内,板章路
57,13,13,2019-06-04 09:05:01,1,牛街路口东,牛街路口东
57,13,21,2019-06-04 09:05:01,1,牛街路口东,水道子
57,13,14,2019-06-04 09:05:01,1,牛街路口东,菜市口西
57,13,14,2019-06-04 09:05:01,1,牛街路口东,菜市口西
57,14,18,2019-06-04 09:06:01,1,菜市口西,过街楼
57,14,15,2019-06-04 09:06:01,1,菜市口西,虎坊桥路口西
57,14,21,2019-06-04 09:06:01,1,菜市口西,水道子
57,14,17,2019-06-04 09:06:01,1,菜市口西,板章路
57,14,21,2019-06-04 09:06:01,1,菜市口西,水道子
57,16,18,2019-06-04 09:09:01,1,虎坊桥路口东,过街楼
57,16,20,2019-06-04 09:09:01,1,虎坊桥路口东,桥湾
57,16,20,2019-06-04 09:09:01,1,虎坊桥路口东,桥湾
57,16,18,2019-06-04 09:09:01,1,虎坊桥路口东,过街楼
57,16,17,2019-06-04 09:09:01,1,虎坊桥路口东,板章路
57,16,19,2019-06-04 09:09:01,1,虎坊桥路口东,东城三里河
57,17,19,2019-06-04 09:10:01,1,板章路,东城三里河
57,17,21,2019-06-04 09:10:01,1,板章路,水道子
57,17,20,2019-06-04 09:10:01,1,板章路,桥湾
57,17,18,2019-06-04 09:10:01,1,板章路,过街楼
57,17,21,2019-06-04 09:10:01,1,板章路,水道子
57,17,18,2019-06-04 09:12:01,1,板章路,过街楼
57,17,21,2019-06-04 09:13:01,1,板章路,水道子
57,17,18,2019-06-04 09:13:01,1,板章路,过街楼
57,17,17,2019-06-04 09:13:01,1,板章路,板章路
57,17,20,2019-06-04 09:13:01,1,板章路,桥湾
57,17,20,2019-06-04 09:13:01,1,板章路,桥湾
57,17,20,2019-06-04 09:13:01,1,板章路,桥湾
57,17,21,2019-06-04 09:14:01,1,板章路,水道子
57,17,21,2019-06-04 09:15:01,1,板章路,水道子
57,17,21,2019-06-04 09:15:01,1,板章路,水道子
57,18,21,2019-06-04 09:18:01,1,过街楼,水道子
57,18,21,2019-06-04 09:18:01,1,过街楼,水道子
57,18,21,2019-06-04 09:19:01,1,过街楼,水道子
57,18,20,2019-06-04 09:19:01,1,过街楼,桥湾
57,19,21,2019-06-04 09:20:01,1,东城三里河,水道子
57,19,21,2019-06-04 09:20:01,1,东城三里河,水道子
57,19,21,2019-06-04 09:20:01,1,东城三里河,水道子
57,19,21,2019-06-04 09:20:01,1,东城三里河,水道子
57,19,21,2019-06-04 09:20:01,1,东城三里河,水道子
57,19,21,2019-06-04 09:20:01,1,东城三里河,水道子
57,20,20,2019-06-04 09:24:01,1,桥湾,桥湾
57,20,20,2019-06-04 09:24:01,1,桥湾,桥湾
57,20,21,2019-06-04 09:24:01,1,桥湾,水道子
57,20,21,2019-06-04 09:24:01,1,桥湾,水道子
57,20,20,2019-06-04 09:24:01,1,桥湾,桥湾
57,20,21,2019-06-04 09:24:01,1,桥湾,水道子
57,20,20,2019-06-04 09:24:01,1,桥湾,桥湾
57,20,21,2019-06-04 09:24:01,1,桥湾,水道子
57,20,21,2019-06-04 09:24:01,1,桥湾,水道子
57,20,20,2019-06-04 09:24:01,1,桥湾,桥湾
57,20,21,2019-06-04 09:24:01,1,桥湾,水道子
57,20,21,2019-06-04 09:24:01,1,桥湾,水道子
57,20,21,2019-06-04 09:24:01,1,桥湾,水道子
57,8,8,2019-06-04 07:30:01,1,六里桥东,六里桥东
57,8,26,2019-06-04 07:30:01,1,六里桥东,广渠门内
57,8,10,2019-06-04 07:30:01,1,六里桥东,湾子
57,8,16,2019-06-04 07:30:01,1,六里桥东,虎坊桥路口东
57,8,17,2019-06-04 07:30:01,1,六里桥东,板章路
57,8,17,2019-06-04 07:30:01,1,六里桥东,板章路
57,8,14,2019-06-04 07:30:01,1,六里桥东,菜市口西
57,8,14,2019-06-04 07:30:01,1,六里桥东,菜市口西
57,8,14,2019-06-04 07:30:01,1,六里桥东,菜市口西
57,8,24,2019-06-04 07:30:01,1,六里桥东,培新街
57,8,32,2019-06-04 07:30:01,1,六里桥东,大北窑东
57,8,32,2019-06-04 07:30:01,1,六里桥东,大北窑东
57,8,31,2019-06-04 07:30:01,1,六里桥东,大北窑南
57,8,8,2019-06-04 07:31:01,1,六里桥东,六里桥东
57,8,27,2019-06-04 07:31:01,1,六里桥东,马圈
57,8,26,2019-06-04 07:31:01,1,六里桥东,广渠门内
57,8,24,2019-06-04 07:31:01,1,六里桥东,培新街
57,8,29,2019-06-04 07:31:01,1,六里桥东,双井桥北
57,8,27,2019-06-04 07:31:01,1,六里桥东,马圈
57,8,11,2019-06-04 07:31:01,1,六里桥东,达官营
57,8,12,2019-06-04 07:31:01,1,六里桥东,广安门内
57,8,10,2019-06-04 07:31:01,1,六里桥东,湾子
57,8,12,2019-06-04 07:31:01,1,六里桥东,广安门内
57,8,10,2019-06-04 07:31:01,1,六里桥东,湾子
57,8,14,2019-06-04 07:31:01,1,六里桥东,菜市口西
57,8,14,2019-06-04 07:31:01,1,六里桥东,菜市口西
57,8,13,2019-06-04 07:31:01,1,六里桥东,牛街路口东
57,8,15,2019-06-04 07:31:01,1,六里桥东,虎坊桥路口西
57,8,16,2019-06-04 07:31:01,1,六里桥东,虎坊桥路口东
57,8,14,2019-06-04 07:31:01,1,六里桥东,菜市口西
57,8,15,2019-06-04 07:31:01,1,六里桥东,虎坊桥路口西
57,8,14,2019-06-04 07:31:01,1,六里桥东,菜市口西
57,8,13,2019-06-04 07:31:01,1,六里桥东,牛街路口东
57,8,14,2019-06-04 07:31:01,1,六里桥东,菜市口西
57,8,15,2019-06-04 07:31:01,1,六里桥东,虎坊桥路口西
57,8,14,2019-06-04 07:31:01,1,六里桥东,菜市口西
57,8,19,2019-06-04 07:31:01,1,六里桥东,东城三里河
57,8,22,2019-06-04 07:31:01,1,六里桥东,磁器口西
57,8,32,2019-06-04 07:31:01,1,六里桥东,大北窑东
57,8,29,2019-06-04 07:31:01,1,六里桥东,双井桥北
57,8,31,2019-06-04 07:31:01,1,六里桥东,大北窑南
57,8,34,2019-06-04 07:31:01,1,六里桥东,四惠枢纽站
57,9,26,2019-06-04 07:36:01,1,莲花池,广渠门内
57,9,10,2019-06-04 07:36:01,1,莲花池,湾子
57,9,10,2019-06-04 07:36:01,1,莲花池,湾子
57,9,13,2019-06-04 07:36:01,1,莲花池,牛街路口东
57,10,11,2019-06-04 07:41:01,1,湾子,达官营
57,10,11,2019-06-04 07:41:01,1,湾子,达官营
57,10,13,2019-06-04 07:41:01,1,湾子,牛街路口东
57,10,15,2019-06-04 07:41:01,1,湾子,虎坊桥路口西
57,10,13,2019-06-04 07:41:01,1,湾子,牛街路口东
57,10,19,2019-06-04 07:41:01,1,湾子,东城三里河
57,11,13,2019-06-04 07:43:01,1,达官营,牛街路口东
57,11,14,2019-06-04 07:43:01,1,达官营,菜市口西
57,11,12,2019-06-04 07:43:01,1,达官营,广安门内
57,11,18,2019-06-04 07:43:01,1,达官营,过街楼
57,11,23,2019-06-04 07:43:01,1,达官营,榄杆市
57,11,20,2019-06-04 07:43:01,1,达官营,桥湾
57,12,14,2019-06-04 07:44:01,1,广安门内,菜市口西
57,12,12,2019-06-04 07:46:01,1,广安门内,广安门内
57,13,28,2019-06-04 07:47:01,1,牛街路口东,垂杨柳
57,13,27,2019-06-04 07:47:01,1,牛街路口东,马圈
57,13,14,2019-06-04 07:50:01,1,牛街路口东,菜市口西
57,13,18,2019-06-04 07:50:01,1,牛街路口东,过街楼
57,13,23,2019-06-04 07:50:01,1,牛街路口东,榄杆市
57,13,22,2019-06-04 07:50:01,1,牛街路口东,磁器口西
57,14,29,2019-06-04 07:51:01,1,菜市口西,双井桥北
57,14,29,2019-06-04 07:51:01,1,菜市口西,双井桥北
57,14,34,2019-06-04 07:51:01,1,菜市口西,四惠枢纽站
57,15,31,2019-06-04 07:55:01,1,虎坊桥路口西,大北窑南
57,16,28,2019-06-04 07:59:01,1,虎坊桥路口东,垂杨柳
57,16,27,2019-06-04 07:59:01,1,虎坊桥路口东,马圈
57,16,16,2019-06-04 07:59:01,1,虎坊桥路口东,虎坊桥路口东
57,16,29,2019-06-04 07:59:01,1,虎坊桥路口东,双井桥北
57,16,32,2019-06-04 07:59:01,1,虎坊桥路口东,大北窑东
57,17,29,2019-06-04 08:00:01,1,板章路,双井桥北
57,17,31,2019-06-04 08:00:01,1,板章路,大北窑南
57,17,30,2019-06-04 08:00:01,1,板章路,双花园
57,18,23,2019-06-04 08:03:01,1,过街楼,榄杆市
57,18,24,2019-06-04 08:03:01,1,过街楼,培新街
57,18,19,2019-06-04 08:03:01,1,过街楼,东城三里河
57,18,24,2019-06-04 08:03:01,1,过街楼,培新街
57,18,24,2019-06-04 08:03:01,1,过街楼,培新街
57,18,24,2019-06-04 08:04:01,1,过街楼,培新街
57,19,31,2019-06-04 08:04:01,1,东城三里河,大北窑南
57,19,26,2019-06-04 08:07:01,1,东城三里河,广渠门内
57,19,29,2019-06-04 08:07:01,1,东城三里河,双井桥北
57,22,25,2019-06-04 08:08:01,1,磁器口西,安化楼
57,22,27,2019-06-04 08:08:01,1,磁器口西,马圈
57,22,24,2019-06-04 08:08:01,1,磁器口西,培新街
57,22,23,2019-06-04 08:08:01,1,磁器口西,榄杆市
57,22,22,2019-06-04 08:08:01,1,磁器口西,磁器口西
57,22,23,2019-06-04 08:08:01,1,磁器口西,榄杆市
57,22,23,2019-06-04 08:08:01,1,磁器口西,榄杆市
57,23,26,2019-06-04 08:11:01,1,榄杆市,广渠门内
57,23,26,2019-06-04 08:11:01,1,榄杆市,广渠门内
57,23,32,2019-06-04 08:11:01,1,榄杆市,大北窑东
57,23,29,2019-06-04 08:11:01,1,榄杆市,双井桥北
57,24,28,2019-06-04 08:14:01,1,培新街,垂杨柳
57,24,25,2019-06-04 08:14:01,1,培新街,安化楼
57,24,29,2019-06-04 08:14:01,1,培新街,双井桥北
57,24,31,2019-06-04 08:14:01,1,培新街,大北窑南
57,24,30,2019-06-04 08:14:01,1,培新街,双花园
57,24,32,2019-06-04 08:14:01,1,培新街,大北窑东
57,26,34,2019-06-04 08:16:01,1,广渠门内,四惠枢纽站
57,26,31,2019-06-04 08:16:01,1,广渠门内,大北窑南
57,27,32,2019-06-04 08:19:01,1,马圈,大北窑东
57,27,31,2019-06-04 08:19:01,1,马圈,大北窑南
57,27,31,2019-06-04 08:19:01,1,马圈,大北窑南
57,27,29,2019-06-04 08:19:01,1,马圈,双井桥北
57,27,32,2019-06-04 08:19:01,1,马圈,大北窑东
57,30,30,2019-06-04 08:28:01,1,双花园,双花园
57,31,32,2019-06-04 08:36:01,1,大北窑南,大北窑东
57,31,32,2019-06-04 08:36:01,1,大北窑南,大北窑东
57,31,34,2019-06-04 08:36:01,1,大北窑南,四惠枢纽站
57,31,34,2019-06-04 08:36:01,1,大北窑南,四惠枢纽站
57,31,34,2019-06-04 08:36:01,1,大北窑南,四惠枢纽站
57,31,32,2019-06-04 08:36:01,1,大北窑南,大北窑东
57,31,32,2019-06-04 08:36:01,1,大北窑南,大北窑东
57,31,32,2019-06-04 08:36:01,1,大北窑南,大北窑东
57,32,34,2019-06-04 08:40:01,1,大北窑东,四惠枢纽站
57,2,17,2019-06-04 06:47:01,1,岳各庄东路北口,板章路
57,1,17,2019-06-04 06:47:01,1,靛厂新村,板章路
57,1,2,2019-06-04 06:47:01,1,靛厂新村,岳各庄东路北口
57,2,8,2019-06-04 06:47:01,1,岳各庄东路北口,六里桥东
57,2,5,2019-06-04 06:47:01,1,岳各庄东路北口,白塔村
57,2,10,2019-06-04 06:47:01,1,岳各庄东路北口,湾子
57,1,11,2019-06-04 06:47:01,1,靛厂新村,达官营
57,1,11,2019-06-04 06:47:01,1,靛厂新村,达官营
57,2,11,2019-06-04 06:47:01,1,岳各庄东路北口,达官营
57,2,7,2019-06-04 06:48:01,1,岳各庄东路北口,六里桥西
57,2,7,2019-06-04 06:48:01,1,岳各庄东路北口,六里桥西
57,2,9,2019-06-04 06:48:01,1,岳各庄东路北口,莲花池
57,2,9,2019-06-04 06:48:01,1,岳各庄东路北口,莲花池
57,2,9,2019-06-04 06:48:01,1,岳各庄东路北口,莲花池
57,2,11,2019-06-04 06:48:01,1,岳各庄东路北口,达官营
57,2,11,2019-06-04 06:48:01,1,岳各庄东路北口,达官营
57,4,18,2019-06-04 06:50:01,1,水衙沟路东口,过街楼
57,4,7,2019-06-04 06:50:01,1,水衙沟路东口,六里桥西
57,4,7,2019-06-04 06:50:01,1,水衙沟路东口,六里桥西
57,4,13,2019-06-04 06:50:01,1,水衙沟路东口,牛街路口东
57,4,11,2019-06-04 06:50:01,1,水衙沟路东口,达官营
57,4,9,2019-06-04 06:50:01,1,水衙沟路东口,莲花池
57,4,11,2019-06-04 06:50:01,1,水衙沟路东口,达官营
57,4,7,2019-06-04 06:51:01,1,水衙沟路东口,六里桥西
57,5,7,2019-06-04 06:52:01,1,白塔村,六里桥西
57,5,13,2019-06-04 06:52:01,1,白塔村,牛街路口东
57,7,11,2019-06-04 06:54:01,1,六里桥西,达官营
57,7,8,2019-06-04 06:56:01,1,六里桥西,六里桥东
57,7,25,2019-06-04 06:56:01,1,六里桥西,安化楼
57,8,23,2019-06-04 06:59:01,1,六里桥东,榄杆市
57,9,15,2019-06-04 06:59:01,1,莲花池,虎坊桥路口西
57,8,18,2019-06-04 06:59:01,1,六里桥东,过街楼
57,8,20,2019-06-04 06:59:01,1,六里桥东,桥湾
57,9,10,2019-06-04 06:59:01,1,莲花池,湾子
57,9,11,2019-06-04 06:59:01,1,莲花池,达官营
57,9,11,2019-06-04 06:59:01,1,莲花池,达官营
57,8,11,2019-06-04 06:59:01,1,六里桥东,达官营
57,9,13,2019-06-04 06:59:01,1,莲花池,牛街路口东
57,9,11,2019-06-04 06:59:01,1,莲花池,达官营
57,9,11,2019-06-04 06:59:01,1,莲花池,达官营
57,9,13,2019-06-04 06:59:01,1,莲花池,牛街路口东
57,10,20,2019-06-04 07:05:01,1,湾子,桥湾
57,10,17,2019-06-04 07:05:01,1,湾子,板章路
57,10,29,2019-06-04 07:05:01,1,湾子,双井桥北
57,10,11,2019-06-04 07:05:01,1,湾子,达官营
57,10,19,2019-06-04 07:06:01,1,湾子,东城三里河
57,10,16,2019-06-04 07:06:01,1,湾子,虎坊桥路口东
57,10,16,2019-06-04 07:06:01,1,湾子,虎坊桥路口东
57,10,30,2019-06-04 07:06:01,1,湾子,双花园
57,10,34,2019-06-04 07:06:01,1,湾子,四惠枢纽站
57,11,22,2019-06-04 07:08:01,1,达官营,磁器口西
57,11,15,2019-06-04 07:08:01,1,达官营,虎坊桥路口西
57,11,15,2019-06-04 07:08:01,1,达官营,虎坊桥路口西
57,11,24,2019-06-04 07:08:01,1,达官营,培新街
57,11,29,2019-06-04 07:08:01,1,达官营,双井桥北
57,11,26,2019-06-04 07:08:01,1,达官营,广渠门内
57,11,11,2019-06-04 07:08:01,1,达官营,达官营
57,11,31,2019-06-04 07:08:01,1,达官营,大北窑南
57,12,22,2019-06-04 07:12:01,1,广安门内,磁器口西
57,12,22,2019-06-04 07:12:01,1,广安门内,磁器口西
57,12,12,2019-06-04 07:12:01,1,广安门内,广安门内
57,12,31,2019-06-04 07:12:01,1,广安门内,大北窑南
57,12,33,2019-06-04 07:12:01,1,广安门内,郎家园
57,13,15,2019-06-04 07:14:01,1,牛街路口东,虎坊桥路口西
57,13,19,2019-06-04 07:14:01,1,牛街路口东,东城三里河
57,13,30,2019-06-04 07:14:01,1,牛街路口东,双花园
57,13,32,2019-06-04 07:14:01,1,牛街路口东,大北窑东
57,14,21,2019-06-04 07:15:01,1,菜市口西,水道子
57,14,16,2019-06-04 07:15:01,1,菜市口西,虎坊桥路口东
57,14,21,2019-06-04 07:15:01,1,菜市口西,水道子
57,14,30,2019-06-04 07:15:01,1,菜市口西,双花园
57,14,30,2019-06-04 07:15:01,1,菜市口西,双花园
57,14,30,2019-06-04 07:15:01,1,菜市口西,双花园
57,14,30,2019-06-04 07:15:01,1,菜市口西,双花园
57,14,32,2019-06-04 07:15:01,1,菜市口西,大北窑东
57,14,34,2019-06-04 07:15:01,1,菜市口西,四惠枢纽站
57,14,34,2019-06-04 07:15:01,1,菜市口西,四惠枢纽站
57,15,34,2019-06-04 07:18:01,1,虎坊桥路口西,四惠枢纽站
57,15,31,2019-06-04 07:18:01,1,虎坊桥路口西,大北窑南
57,16,25,2019-06-04 07:19:01,1,虎坊桥路口东,安化楼
57,16,30,2019-06-04 07:19:01,1,虎坊桥路口东,双花园
57,16,24,2019-06-04 07:19:01,1,虎坊桥路口东,培新街
57,16,30,2019-06-04 07:19:01,1,虎坊桥路口东,双花园
57,16,32,2019-06-04 07:19:01,1,虎坊桥路口东,大北窑东
57,17,21,2019-06-04 07:20:01,1,板章路,水道子
57,17,23,2019-06-04 07:20:01,1,板章路,榄杆市
57,17,21,2019-06-04 07:20:01,1,板章路,水道子
57,17,22,2019-06-04 07:20:01,1,板章路,磁器口西
57,17,21,2019-06-04 07:20:01,1,板章路,水道子
57,17,27,2019-06-04 07:20:01,1,板章路,马圈
57,18,26,2019-06-04 07:24:01,1,过街楼,广渠门内
57,18,34,2019-06-04 07:24:01,1,过街楼,四惠枢纽站
57,19,34,2019-06-04 07:24:01,1,东城三里河,四惠枢纽站
57,19,34,2019-06-04 07:24:01,1,东城三里河,四惠枢纽站
57,20,23,2019-06-04 07:25:01,1,桥湾,榄杆市
57,20,34,2019-06-04 07:25:01,1,桥湾,四惠枢纽站
57,21,22,2019-06-04 07:27:01,1,水道子,磁器口西
57,21,21,2019-06-04 07:27:01,1,水道子,水道子
57,22,22,2019-06-04 07:28:01,1,磁器口西,磁器口西
57,22,23,2019-06-04 07:28:01,1,磁器口西,榄杆市
57,22,29,2019-06-04 07:28:01,1,磁器口西,双井桥北
57,22,30,2019-06-04 07:28:01,1,磁器口西,双花园
57,23,28,2019-06-04 07:30:01,1,榄杆市,垂杨柳
57,23,26,2019-06-04 07:30:01,1,榄杆市,广渠门内
57,23,24,2019-06-04 07:30:01,1,榄杆市,培新街
57,23,29,2019-06-04 07:30:01,1,榄杆市,双井桥北
57,24,28,2019-06-04 07:30:01,1,培新街,垂杨柳
57,24,24,2019-06-04 07:30:01,1,培新街,培新街
57,24,31,2019-06-04 07:30:01,1,培新街,大北窑南
57,23,27,2019-06-04 07:30:01,1,榄杆市,马圈
57,23,26,2019-06-04 07:30:01,1,榄杆市,广渠门内
57,24,28,2019-06-04 07:30:01,1,培新街,垂杨柳
57,23,33,2019-06-04 07:30:01,1,榄杆市,郎家园
57,23,33,2019-06-04 07:30:01,1,榄杆市,郎家园
57,24,33,2019-06-04 07:30:01,1,培新街,郎家园
57,25,28,2019-06-04 07:33:01,1,安化楼,垂杨柳
57,25,29,2019-06-04 07:33:01,1,安化楼,双井桥北
57,24,29,2019-06-04 07:33:01,1,培新街,双井桥北
57,25,30,2019-06-04 07:33:01,1,安化楼,双花园
57,24,26,2019-06-04 07:33:01,1,培新街,广渠门内
57,24,30,2019-06-04 07:33:01,1,培新街,双花园
57,25,30,2019-06-04 07:34:01,1,安化楼,双花园
57,25,28,2019-06-04 07:34:01,1,安化楼,垂杨柳
57,25,34,2019-06-04 07:34:01,1,安化楼,四惠枢纽站
57,25,33,2019-06-04 07:34:01,1,安化楼,郎家园
57,25,34,2019-06-04 07:34:01,1,安化楼,四惠枢纽站
57,25,34,2019-06-04 07:34:01,1,安化楼,四惠枢纽站
57,26,30,2019-06-04 07:35:01,1,广渠门内,双花园
57,26,26,2019-06-04 07:35:01,1,广渠门内,广渠门内
57,26,30,2019-06-04 07:35:01,1,广渠门内,双花园
57,26,28,2019-06-04 07:35:01,1,广渠门内,垂杨柳
57,26,30,2019-06-04 07:35:01,1,广渠门内,双花园
57,26,30,2019-06-04 07:35:01,1,广渠门内,双花园
57,26,30,2019-06-04 07:35:01,1,广渠门内,双花园
57,26,30,2019-06-04 07:35:01,1,广渠门内,双花园
57,26,30,2019-06-04 07:35:01,1,广渠门内,双花园
57,26,34,2019-06-04 07:35:01,1,广渠门内,四惠枢纽站
57,27,31,2019-06-04 07:35:01,1,马圈,大北窑南
57,27,32,2019-06-04 07:35:01,1,马圈,大北窑东
57,28,30,2019-06-04 07:37:01,1,垂杨柳,双花园
57,28,33,2019-06-04 07:37:01,1,垂杨柳,郎家园
57,28,33,2019-06-04 07:37:01,1,垂杨柳,郎家园
57,28,32,2019-06-04 07:37:01,1,垂杨柳,大北窑东
57,29,34,2019-06-04 07:37:01,1,双井桥北,四惠枢纽站
57,28,32,2019-06-04 07:37:01,1,垂杨柳,大北窑东
57,29,30,2019-06-04 07:38:01,1,双井桥北,双花园
57,29,30,2019-06-04 07:38:01,1,双井桥北,双花园
57,29,31,2019-06-04 07:38:01,1,双井桥北,大北窑南
57,29,33,2019-06-04 07:38:01,1,双井桥北,郎家园
57,29,34,2019-06-04 07:38:01,1,双井桥北,四惠枢纽站
57,29,31,2019-06-04 07:38:01,1,双井桥北,大北窑南
57,29,31,2019-06-04 07:38:01,1,双井桥北,大北窑南
57,29,32,2019-06-04 07:38:01,1,双井桥北,大北窑东
57,29,33,2019-06-04 07:38:01,1,双井桥北,郎家园
57,29,33,2019-06-04 07:38:01,1,双井桥北,郎家园
57,30,30,2019-06-04 07:41:01,1,双花园,双花园
57,30,33,2019-06-04 07:41:01,1,双花园,郎家园
57,30,31,2019-06-04 07:41:01,1,双花园,大北窑南
57,30,34,2019-06-04 07:43:01,1,双花园,四惠枢纽站
57,30,34,2019-06-04 07:43:01,1,双花园,四惠枢纽站
57,31,34,2019-06-04 07:47:01,1,大北窑南,四惠枢纽站
57,31,33,2019-06-04 07:47:01,1,大北窑南,郎家园
57,31,32,2019-06-04 07:47:01,1,大北窑南,大北窑东
57,31,34,2019-06-04 07:47:01,1,大北窑南,四惠枢纽站
57,31,33,2019-06-04 07:47:01,1,大北窑南,郎家园
57,31,32,2019-06-04 07:48:01,1,大北窑南,大北窑东
57,31,33,2019-06-04 07:48:01,1,大北窑南,郎家园
57,31,32,2019-06-04 07:48:01,1,大北窑南,大北窑东
57,32,34,2019-06-04 07:49:01,1,大北窑东,四惠枢纽站
57,33,34,2019-06-04 07:50:01,1,郎家园,四惠枢纽站
57,33,34,2019-06-04 07:50:01,1,郎家园,四惠枢纽站
57,33,34,2019-06-04 07:50:01,1,郎家园,四惠枢纽站
57,33,34,2019-06-04 07:50:01,1,郎家园,四惠枢纽站
57,33,34,2019-06-04 07:50:01,1,郎家园,四惠枢纽站
57,33,34,2019-06-04 07:50:01,1,郎家园,四惠枢纽站
57,1,4,2019-06-04 09:22:01,1,靛厂新村,水衙沟路东口
57,1,1,2019-06-04 09:22:01,1,靛厂新村,靛厂新村
57,1,9,2019-06-04 09:22:01,1,靛厂新村,莲花池
57,1,7,2019-06-04 09:22:01,1,靛厂新村,六里桥西
57,3,3,2019-06-04 09:23:01,1,靛厂村南站,靛厂村南站
57,3,4,2019-06-04 09:23:01,1,靛厂村南站,水衙沟路东口
57,3,15,2019-06-04 09:23:01,1,靛厂村南站,虎坊桥路口西
57,3,10,2019-06-04 09:25:01,1,靛厂村南站,湾子
57,3,11,2019-06-04 09:25:01,1,靛厂村南站,达官营
57,8,12,2019-06-04 06:58:01,1,六里桥东,广安门内
57,8,16,2019-06-04 06:58:01,1,六里桥东,虎坊桥路口东
57,8,14,2019-06-04 06:58:01,1,六里桥东,菜市口西
57,8,14,2019-06-04 06:58:01,1,六里桥东,菜市口西
57,8,19,2019-06-04 06:58:01,1,六里桥东,东城三里河
57,8,12,2019-06-04 06:58:01,1,六里桥东,广安门内
57,8,14,2019-06-04 06:58:01,1,六里桥东,菜市口西
57,8,8,2019-06-04 06:58:01,1,六里桥东,六里桥东
57,8,19,2019-06-04 06:58:01,1,六里桥东,东城三里河
57,8,19,2019-06-04 06:58:01,1,六里桥东,东城三里河
57,8,19,2019-06-04 06:58:01,1,六里桥东,东城三里河
57,8,19,2019-06-04 06:58:01,1,六里桥东,东城三里河
57,8,10,2019-06-04 06:58:01,1,六里桥东,湾子
57,8,8,2019-06-04 06:58:01,1,六里桥东,六里桥东
57,8,11,2019-06-04 06:58:01,1,六里桥东,达官营
57,8,10,2019-06-04 06:58:01,1,六里桥东,湾子
57,8,12,2019-06-04 06:58:01,1,六里桥东,广安门内
57,8,22,2019-06-04 06:58:01,1,六里桥东,磁器口西
57,8,23,2019-06-04 06:58:01,1,六里桥东,榄杆市
57,8,11,2019-06-04 06:59:01,1,六里桥东,达官营
57,9,22,2019-06-04 07:02:01,1,莲花池,磁器口西
57,10,14,2019-06-04 07:06:01,1,湾子,菜市口西
57,10,14,2019-06-04 07:06:01,1,湾子,菜市口西
57,10,20,2019-06-04 07:06:01,1,湾子,桥湾
57,10,12,2019-06-04 07:06:01,1,湾子,广安门内
57,11,14,2019-06-04 07:09:01,1,达官营,菜市口西
57,11,14,2019-06-04 07:09:01,1,达官营,菜市口西
57,11,12,2019-06-04 07:09:01,1,达官营,广安门内
57,11,12,2019-06-04 07:09:01,1,达官营,广安门内
57,11,13,2019-06-04 07:09:01,1,达官营,牛街路口东
57,11,14,2019-06-04 07:09:01,1,达官营,菜市口西
57,11,12,2019-06-04 07:09:01,1,达官营,广安门内
57,12,22,2019-06-04 07:09:01,1,广安门内,磁器口西
57,11,23,2019-06-04 07:09:01,1,达官营,榄杆市
57,11,23,2019-06-04 07:09:01,1,达官营,榄杆市
57,12,14,2019-06-04 07:12:01,1,广安门内,菜市口西
57,12,15,2019-06-04 07:12:01,1,广安门内,虎坊桥路口西
57,12,22,2019-06-04 07:12:01,1,广安门内,磁器口西
57,12,23,2019-06-04 07:12:01,1,广安门内,榄杆市
57,12,18,2019-06-04 07:16:01,1,广安门内,过街楼
57,12,22,2019-06-04 07:16:01,1,广安门内,磁器口西
57,13,16,2019-06-04 07:18:01,1,牛街路口东,虎坊桥路口东
57,13,14,2019-06-04 07:18:01,1,牛街路口东,菜市口西
57,13,14,2019-06-04 07:18:01,1,牛街路口东,菜市口西
57,13,14,2019-06-04 07:18:01,1,牛街路口东,菜市口西
57,14,14,2019-06-04 07:18:01,1,菜市口西,菜市口西
57,13,23,2019-06-04 07:18:01,1,牛街路口东,榄杆市
57,13,23,2019-06-04 07:18:01,1,牛街路口东,榄杆市
57,13,23,2019-06-04 07:18:01,1,牛街路口东,榄杆市
57,13,23,2019-06-04 07:18:01,1,牛街路口东,榄杆市
57,14,18,2019-06-04 07:21:01,1,菜市口西,过街楼
57,14,19,2019-06-04 07:22:01,1,菜市口西,东城三里河
57,14,22,2019-06-04 07:22:01,1,菜市口西,磁器口西
57,14,18,2019-06-04 07:24:01,1,菜市口西,过街楼
57,14,18,2019-06-04 07:24:01,1,菜市口西,过街楼
57,14,23,2019-06-04 07:24:01,1,菜市口西,榄杆市
57,17,17,2019-06-04 07:26:01,1,板章路,板章路
57,16,19,2019-06-04 07:26:01,1,虎坊桥路口东,东城三里河
57,16,19,2019-06-04 07:26:01,1,虎坊桥路口东,东城三里河
57,17,20,2019-06-04 07:27:01,1,板章路,桥湾
57,19,19,2019-06-04 07:28:01,1,东城三里河,东城三里河
57,19,20,2019-06-04 07:28:01,1,东城三里河,桥湾
57,19,23,2019-06-04 07:28:01,1,东城三里河,榄杆市
57,19,23,2019-06-04 07:28:01,1,东城三里河,榄杆市
57,19,23,2019-06-04 07:28:01,1,东城三里河,榄杆市
57,19,21,2019-06-04 07:30:01,1,东城三里河,水道子
57,19,19,2019-06-04 07:30:01,1,东城三里河,东城三里河
57,19,19,2019-06-04 07:30:01,1,东城三里河,东城三里河
57,19,20,2019-06-04 07:30:01,1,东城三里河,桥湾
57,19,19,2019-06-04 07:30:01,1,东城三里河,东城三里河
57,19,20,2019-06-04 07:30:01,1,东城三里河,桥湾
57,19,22,2019-06-04 07:33:01,1,东城三里河,磁器口西
57,19,19,2019-06-04 07:33:01,1,东城三里河,东城三里河
57,19,19,2019-06-04 07:33:01,1,东城三里河,东城三里河
57,19,22,2019-06-04 07:33:01,1,东城三里河,磁器口西
57,19,23,2019-06-04 07:33:01,1,东城三里河,榄杆市
57,19,22,2019-06-04 07:33:01,1,东城三里河,磁器口西
57,19,23,2019-06-04 07:33:01,1,东城三里河,榄杆市
57,19,23,2019-06-04 07:33:01,1,东城三里河,榄杆市
57,19,23,2019-06-04 07:33:01,1,东城三里河,榄杆市
57,19,23,2019-06-04 07:33:01,1,东城三里河,榄杆市
57,20,22,2019-06-04 07:34:01,1,桥湾,磁器口西
57,20,22,2019-06-04 07:34:01,1,桥湾,磁器口西
57,20,23,2019-06-04 07:34:01,1,桥湾,榄杆市
57,21,22,2019-06-04 07:35:01,1,水道子,磁器口西
57,21,22,2019-06-04 07:35:01,1,水道子,磁器口西
57,21,22,2019-06-04 07:35:01,1,水道子,磁器口西
57,21,23,2019-06-04 07:35:01,1,水道子,榄杆市
57,21,22,2019-06-04 07:35:01,1,水道子,磁器口西
57,21,22,2019-06-04 07:35:01,1,水道子,磁器口西
57,21,22,2019-06-04 07:35:01,1,水道子,磁器口西
57,21,23,2019-06-04 07:35:01,1,水道子,榄杆市
57,21,23,2019-06-04 07:35:01,1,水道子,榄杆市
57,22,22,2019-06-04 07:37:01,1,磁器口西,磁器口西
57,22,22,2019-06-04 07:37:01,1,磁器口西,磁器口西
57,22,23,2019-06-04 07:47:01,1,磁器口西,榄杆市
57,22,23,2019-06-04 07:47:01,1,磁器口西,榄杆市
57,22,23,2019-06-04 07:48:01,1,磁器口西,榄杆市
57,23,23,2019-06-04 07:52:01,1,榄杆市,榄杆市
57,23,23,2019-06-04 07:52:01,1,榄杆市,榄杆市
57,23,23,2019-06-04 07:52:01,1,榄杆市,榄杆市
57,23,23,2019-06-04 07:52:01,1,榄杆市,榄杆市
57,23,23,2019-06-04 07:52:01,1,榄杆市,榄杆市
57,23,23,2019-06-04 07:52:01,1,榄杆市,榄杆市
57,23,23,2019-06-04 07:52:01,1,榄杆市,榄杆市
57,23,23,2019-06-04 07:55:01,1,榄杆市,榄杆市
57,23,23,2019-06-04 07:55:01,1,榄杆市,榄杆市
57,1,11,2019-06-04 06:42:01,1,靛厂新村,达官营
57,1,10,2019-06-04 06:43:01,1,靛厂新村,湾子
57,1,5,2019-06-04 06:43:01,1,靛厂新村,白塔村
57,1,5,2019-06-04 06:43:01,1,靛厂新村,白塔村
57,1,24,2019-06-04 06:43:01,1,靛厂新村,培新街
57,1,10,2019-06-04 06:43:01,1,靛厂新村,湾子
57,3,7,2019-06-04 06:44:01,1,靛厂村南站,六里桥西
57,3,12,2019-06-04 06:44:01,1,靛厂村南站,广安门内
57,2,15,2019-06-04 06:44:01,1,岳各庄东路北口,虎坊桥路口西
57,2,9,2019-06-04 06:44:01,1,岳各庄东路北口,莲花池
57,2,21,2019-06-04 06:44:01,1,岳各庄东路北口,水道子
57,3,7,2019-06-04 06:44:01,1,靛厂村南站,六里桥西
57,2,6,2019-06-04 06:44:01,1,岳各庄东路北口,小井路口东
57,3,9,2019-06-04 06:46:01,1,靛厂村南站,莲花池
57,3,17,2019-06-04 06:46:01,1,靛厂村南站,板章路
57,4,17,2019-06-04 06:46:01,1,水衙沟路东口,板章路
57,3,12,2019-06-04 06:46:01,1,靛厂村南站,广安门内
57,4,17,2019-06-04 06:46:01,1,水衙沟路东口,板章路
57,3,15,2019-06-04 06:46:01,1,靛厂村南站,虎坊桥路口西
57,3,12,2019-06-04 06:46:01,1,靛厂村南站,广安门内
57,3,4,2019-06-04 06:46:01,1,靛厂村南站,水衙沟路东口
57,3,8,2019-06-04 06:46:01,1,靛厂村南站,六里桥东
57,3,4,2019-06-04 06:46:01,1,靛厂村南站,水衙沟路东口
57,3,21,2019-06-04 06:46:01,1,靛厂村南站,水道子
57,3,7,2019-06-04 06:46:01,1,靛厂村南站,六里桥西
57,5,8,2019-06-04 06:47:01,1,白塔村,六里桥东
57,4,15,2019-06-04 06:47:01,1,水衙沟路东口,虎坊桥路口西
57,4,8,2019-06-04 06:47:01,1,水衙沟路东口,六里桥东
57,5,13,2019-06-04 06:47:01,1,白塔村,牛街路口东
57,4,7,2019-06-04 06:47:01,1,水衙沟路东口,六里桥西
57,5,8,2019-06-04 06:47:01,1,白塔村,六里桥东
57,5,34,2019-06-04 06:47:01,1,白塔村,四惠枢纽站
57,5,9,2019-06-04 06:47:01,1,白塔村,莲花池
57,4,5,2019-06-04 06:47:01,1,水衙沟路东口,白塔村
57,5,12,2019-06-04 06:49:01,1,白塔村,广安门内
57,7,8,2019-06-04 06:51:01,1,六里桥西,六里桥东
57,6,21,2019-06-04 06:51:01,1,小井路口东,水道子
57,7,15,2019-06-04 06:51:01,1,六里桥西,虎坊桥路口西
57,6,21,2019-06-04 06:51:01,1,小井路口东,水道子
57,6,34,2019-06-04 06:51:01,1,小井路口东,四惠枢纽站
57,7,26,2019-06-04 06:51:01,1,六里桥西,广渠门内
57,7,7,2019-06-04 06:51:01,1,六里桥西,六里桥西
57,7,28,2019-06-04 06:51:01,1,六里桥西,垂杨柳
57,6,28,2019-06-04 06:51:01,1,小井路口东,垂杨柳
57,7,12,2019-06-04 06:53:01,1,六里桥西,广安门内
57,7,13,2019-06-04 06:53:01,1,六里桥西,牛街路口东
57,7,10,2019-06-04 06:53:01,1,六里桥西,湾子
57,7,12,2019-06-04 06:53:01,1,六里桥西,广安门内
57,7,33,2019-06-04 06:53:01,1,六里桥西,郎家园
57,8,9,2019-06-04 06:56:01,1,六里桥东,莲花池
57,8,19,2019-06-04 06:56:01,1,六里桥东,东城三里河
57,8,13,2019-06-04 06:56:01,1,六里桥东,牛街路口东
57,8,17,2019-06-04 06:56:01,1,六里桥东,板章路
57,8,12,2019-06-04 06:56:01,1,六里桥东,广安门内
57,8,14,2019-06-04 06:56:01,1,六里桥东,菜市口西
57,8,12,2019-06-04 06:56:01,1,六里桥东,广安门内
57,8,13,2019-06-04 06:56:01,1,六里桥东,牛街路口东
57,8,22,2019-06-04 06:56:01,1,六里桥东,磁器口西
57,8,26,2019-06-04 06:56:01,1,六里桥东,广渠门内
57,8,25,2019-06-04 06:56:01,1,六里桥东,安化楼
57,8,33,2019-06-04 06:56:01,1,六里桥东,郎家园
57,8,9,2019-06-04 06:56:01,1,六里桥东,莲花池
57,8,11,2019-06-04 06:56:01,1,六里桥东,达官营
57,8,31,2019-06-04 06:56:01,1,六里桥东,大北窑南
57,8,28,2019-06-04 06:56:01,1,六里桥东,垂杨柳
57,8,12,2019-06-04 06:57:01,1,六里桥东,广安门内
57,8,17,2019-06-04 06:57:01,1,六里桥东,板章路
57,8,16,2019-06-04 06:57:01,1,六里桥东,虎坊桥路口东
57,8,15,2019-06-04 06:57:01,1,六里桥东,虎坊桥路口西
57,8,12,2019-06-04 06:57:01,1,六里桥东,广安门内
57,8,14,2019-06-04 06:57:01,1,六里桥东,菜市口西
57,8,13,2019-06-04 06:57:01,1,六里桥东,牛街路口东
57,8,14,2019-06-04 06:57:01,1,六里桥东,菜市口西
57,8,9,2019-06-04 06:57:01,1,六里桥东,莲花池
57,8,9,2019-06-04 06:57:01,1,六里桥东,莲花池
57,8,12,2019-06-04 06:57:01,1,六里桥东,广安门内
57,8,23,2019-06-04 06:57:01,1,六里桥东,榄杆市
57,8,27,2019-06-04 06:57:01,1,六里桥东,马圈
57,8,27,2019-06-04 06:57:01,1,六里桥东,马圈
57,8,24,2019-06-04 06:57:01,1,六里桥东,培新街
57,8,33,2019-06-04 06:57:01,1,六里桥东,郎家园
57,8,10,2019-06-04 06:57:01,1,六里桥东,湾子
57,8,9,2019-06-04 06:57:01,1,六里桥东,莲花池
57,8,33,2019-06-04 06:57:01,1,六里桥东,郎家园
57,8,27,2019-06-04 06:57:01,1,六里桥东,马圈
57,9,22,2019-06-04 06:58:01,1,莲花池,磁器口西
57,9,13,2019-06-04 07:02:01,1,莲花池,牛街路口东
57,9,16,2019-06-04 07:02:01,1,莲花池,虎坊桥路口东
57,9,17,2019-06-04 07:02:01,1,莲花池,板章路
57,9,13,2019-06-04 07:02:01,1,莲花池,牛街路口东
57,9,10,2019-06-04 07:02:01,1,莲花池,湾子
57,10,27,2019-06-04 07:06:01,1,湾子,马圈
57,10,12,2019-06-04 07:06:01,1,湾子,广安门内
57,12,24,2019-06-04 07:12:01,1,广安门内,培新街
57,13,22,2019-06-04 07:16:01,1,牛街路口东,磁器口西
57,13,15,2019-06-04 07:16:01,1,牛街路口东,虎坊桥路口西
57,14,28,2019-06-04 07:19:01,1,菜市口西,垂杨柳
57,15,34,2019-06-04 07:22:01,1,虎坊桥路口西,四惠枢纽站
57,15,34,2019-06-04 07:22:01,1,虎坊桥路口西,四惠枢纽站
57,15,34,2019-06-04 07:22:01,1,虎坊桥路口西,四惠枢纽站
57,21,34,2019-06-04 07:30:01,1,水道子,四惠枢纽站
57,21,31,2019-06-04 07:30:01,1,水道子,大北窑南
57,22,28,2019-06-04 07:31:01,1,磁器口西,垂杨柳
57,22,28,2019-06-04 07:31:01,1,磁器口西,垂杨柳
57,23,26,2019-06-04 07:33:01,1,榄杆市,广渠门内
57,23,27,2019-06-04 07:33:01,1,榄杆市,马圈
57,23,32,2019-06-04 07:33:01,1,榄杆市,大北窑东
57,23,32,2019-06-04 07:33:01,1,榄杆市,大北窑东
57,23,28,2019-06-04 07:33:01,1,榄杆市,垂杨柳
57,23,31,2019-06-04 07:33:01,1,榄杆市,大北窑南
57,24,27,2019-06-04 07:36:01,1,培新街,马圈
57,24,24,2019-06-04 07:36:01,1,培新街,培新街
57,24,28,2019-06-04 07:36:01,1,培新街,垂杨柳
57,24,27,2019-06-04 07:36:01,1,培新街,马圈
57,24,27,2019-06-04 07:36:01,1,培新街,马圈
57,24,27,2019-06-04 07:36:01,1,培新街,马圈
57,24,28,2019-06-04 07:36:01,1,培新街,垂杨柳
57,24,31,2019-06-04 07:36:01,1,培新街,大北窑南
57,24,28,2019-06-04 07:36:01,1,培新街,垂杨柳
57,24,31,2019-06-04 07:36:01,1,培新街,大北窑南
57,24,31,2019-06-04 07:36:01,1,培新街,大北窑南
57,24,32,2019-06-04 07:36:01,1,培新街,大北窑东
57,25,31,2019-06-04 07:37:01,1,安化楼,大北窑南
57,26,31,2019-06-04 07:38:01,1,广渠门内,大北窑南
57,26,28,2019-06-04 07:38:01,1,广渠门内,垂杨柳
57,27,33,2019-06-04 07:42:01,1,马圈,郎家园
57,27,33,2019-06-04 07:42:01,1,马圈,郎家园
57,27,31,2019-06-04 07:42:01,1,马圈,大北窑南
57,27,31,2019-06-04 07:42:01,1,马圈,大北窑南
57,27,32,2019-06-04 07:42:01,1,马圈,大北窑东
57,28,34,2019-06-04 07:44:01,1,垂杨柳,四惠枢纽站
57,28,33,2019-06-04 07:44:01,1,垂杨柳,郎家园
57,28,32,2019-06-04 07:44:01,1,垂杨柳,大北窑东
57,28,34,2019-06-04 07:44:01,1,垂杨柳,四惠枢纽站
57,28,34,2019-06-04 07:44:01,1,垂杨柳,四惠枢纽站
57,28,34,2019-06-04 07:44:01,1,垂杨柳,四惠枢纽站
57,28,31,2019-06-04 07:44:01,1,垂杨柳,大北窑南
57,28,31,2019-06-04 07:44:01,1,垂杨柳,大北窑南
57,28,28,2019-06-04 07:44:01,1,垂杨柳,垂杨柳
57,28,31,2019-06-04 07:44:01,1,垂杨柳,大北窑南
57,1,12,2019-06-04 08:44:01,1,靛厂新村,广安门内
57,1,32,2019-06-04 08:44:01,1,靛厂新村,大北窑东
57,1,7,2019-06-04 08:44:01,1,靛厂新村,六里桥西
57,1,5,2019-06-04 08:44:01,1,靛厂新村,白塔村
57,1,7,2019-06-04 08:44:01,1,靛厂新村,六里桥西
57,1,7,2019-06-04 08:44:01,1,靛厂新村,六里桥西
57,2,32,2019-06-04 08:45:01,1,岳各庄东路北口,大北窑东
57,2,7,2019-06-04 08:45:01,1,岳各庄东路北口,六里桥西
57,2,8,2019-06-04 08:45:01,1,岳各庄东路北口,六里桥东
57,4,15,2019-06-04 08:46:01,1,水衙沟路东口,虎坊桥路口西
57,3,7,2019-06-04 08:46:01,1,靛厂村南站,六里桥西
57,3,7,2019-06-04 08:46:01,1,靛厂村南站,六里桥西
57,7,11,2019-06-04 08:54:01,1,六里桥西,达官营
57,7,8,2019-06-04 08:54:01,1,六里桥西,六里桥东
57,8,15,2019-06-04 08:56:01,1,六里桥东,虎坊桥路口西
57,8,21,2019-06-04 08:56:01,1,六里桥东,水道子
57,8,21,2019-06-04 08:56:01,1,六里桥东,水道子
57,8,10,2019-06-04 08:56:01,1,六里桥东,湾子
57,8,10,2019-06-04 08:56:01,1,六里桥东,湾子
57,8,11,2019-06-04 08:56:01,1,六里桥东,达官营
57,8,13,2019-06-04 08:56:01,1,六里桥东,牛街路口东
57,8,32,2019-06-04 08:56:01,1,六里桥东,大北窑东
57,8,32,2019-06-04 08:56:01,1,六里桥东,大北窑东
57,8,29,2019-06-04 08:56:01,1,六里桥东,双井桥北
57,8,29,2019-06-04 08:56:01,1,六里桥东,双井桥北
57,8,34,2019-06-04 08:56:01,1,六里桥东,四惠枢纽站
57,8,29,2019-06-04 08:56:01,1,六里桥东,双井桥北
57,8,25,2019-06-04 08:56:01,1,六里桥东,安化楼
57,9,21,2019-06-04 09:00:01,1,莲花池,水道子
57,10,24,2019-06-04 09:04:01,1,湾子,培新街
57,11,12,2019-06-04 09:06:01,1,达官营,广安门内
57,11,11,2019-06-04 09:06:01,1,达官营,达官营
57,11,33,2019-06-04 09:06:01,1,达官营,郎家园
57,11,34,2019-06-04 09:06:01,1,达官营,四惠枢纽站
57,11,29,2019-06-04 09:06:01,1,达官营,双井桥北
57,13,18,2019-06-04 09:12:01,1,牛街路口东,过街楼
57,13,19,2019-06-04 09:12:01,1,牛街路口东,东城三里河
57,13,17,2019-06-04 09:12:01,1,牛街路口东,板章路
57,13,21,2019-06-04 09:12:01,1,牛街路口东,水道子
57,14,17,2019-06-04 09:12:01,1,菜市口西,板章路
57,13,14,2019-06-04 09:12:01,1,牛街路口东,菜市口西
57,13,24,2019-06-04 09:12:01,1,牛街路口东,培新街
57,14,15,2019-06-04 09:14:01,1,菜市口西,虎坊桥路口西
57,14,16,2019-06-04 09:14:01,1,菜市口西,虎坊桥路口东
57,14,15,2019-06-04 09:14:01,1,菜市口西,虎坊桥路口西
57,14,32,2019-06-04 09:14:01,1,菜市口西,大北窑东
57,16,22,2019-06-04 09:18:01,1,虎坊桥路口东,磁器口西
57,16,34,2019-06-04 09:18:01,1,虎坊桥路口东,四惠枢纽站
57,16,34,2019-06-04 09:18:01,1,虎坊桥路口东,四惠枢纽站
57,17,18,2019-06-04 09:20:01,1,板章路,过街楼
57,17,18,2019-06-04 09:20:01,1,板章路,过街楼
57,18,29,2019-06-04 09:21:01,1,过街楼,双井桥北
57,20,21,2019-06-04 09:24:01,1,桥湾,水道子
57,20,20,2019-06-04 09:24:01,1,桥湾,桥湾
57,20,20,2019-06-04 09:24:01,1,桥湾,桥湾
57,20,20,2019-06-04 09:24:01,1,桥湾,桥湾
57,20,34,2019-06-04 09:24:01,1,桥湾,四惠枢纽站
57,20,29,2019-06-04 09:24:01,1,桥湾,双井桥北
57,20,27,2019-06-04 09:24:01,1,桥湾,马圈
57,20,26,2019-06-04 09:24:01,1,桥湾,广渠门内
57,21,26,2019-06-04 09:25:01,1,水道子,广渠门内
57,22,23,2019-06-04 09:26:01,1,磁器口西,榄杆市
57,21,22,2019-06-04 09:26:01,1,水道子,磁器口西
57,22,29,2019-06-04 09:26:01,1,磁器口西,双井桥北
57,22,29,2019-06-04 09:26:01,1,磁器口西,双井桥北
57,22,26,2019-06-04 09:26:01,1,磁器口西,广渠门内
57,23,33,2019-06-04 09:28:01,1,榄杆市,郎家园
57,23,26,2019-06-04 09:28:01,1,榄杆市,广渠门内
57,23,26,2019-06-04 09:28:01,1,榄杆市,广渠门内
57,24,28,2019-06-04 09:28:01,1,培新街,垂杨柳
57,23,26,2019-06-04 09:28:01,1,榄杆市,广渠门内
57,23,29,2019-06-04 09:28:01,1,榄杆市,双井桥北
57,23,26,2019-06-04 09:28:01,1,榄杆市,广渠门内
57,23,25,2019-06-04 09:28:01,1,榄杆市,安化楼
57,23,24,2019-06-04 09:28:01,1,榄杆市,培新街
57,13,29,2019-06-04 06:30:01,1,牛街路口东,双井桥北
57,13,33,2019-06-04 06:30:01,1,牛街路口东,郎家园
57,13,33,2019-06-04 06:30:01,1,牛街路口东,郎家园
57,13,21,2019-06-04 06:30:01,1,牛街路口东,水道子
57,13,14,2019-06-04 06:30:01,1,牛街路口东,菜市口西
57,15,15,2019-06-04 06:32:01,1,虎坊桥路口西,虎坊桥路口西
57,15,26,2019-06-04 06:35:01,1,虎坊桥路口西,广渠门内
57,15,26,2019-06-04 06:35:01,1,虎坊桥路口西,广渠门内
57,16,22,2019-06-04 06:37:01,1,虎坊桥路口东,磁器口西
57,19,26,2019-06-04 06:41:01,1,东城三里河,广渠门内
57,21,33,2019-06-04 06:42:01,1,水道子,郎家园
57,22,26,2019-06-04 06:43:01,1,磁器口西,广渠门内
57,23,28,2019-06-04 06:46:01,1,榄杆市,垂杨柳
57,23,24,2019-06-04 06:46:01,1,榄杆市,培新街
57,23,23,2019-06-04 06:46:01,1,榄杆市,榄杆市
57,23,28,2019-06-04 06:46:01,1,榄杆市,垂杨柳
57,24,33,2019-06-04 06:48:01,1,培新街,郎家园
57,24,27,2019-06-04 06:48:01,1,培新街,马圈
57,24,26,2019-06-04 06:48:01,1,培新街,广渠门内
57,26,33,2019-06-04 06:51:01,1,广渠门内,郎家园
57,26,32,2019-06-04 06:51:01,1,广渠门内,大北窑东
57,26,27,2019-06-04 06:51:01,1,广渠门内,马圈
57,28,32,2019-06-04 07:03:01,1,垂杨柳,大北窑东
57,29,30,2019-06-04 07:05:01,1,双井桥北,双花园
57,30,33,2019-06-04 07:05:01,1,双花园,郎家园
57,29,33,2019-06-04 07:05:01,1,双井桥北,郎家园
57,29,32,2019-06-04 07:05:01,1,双井桥北,大北窑东
57,12,27,2019-06-04 08:34:01,1,广安门内,马圈
57,12,16,2019-06-04 08:34:01,1,广安门内,虎坊桥路口东
57,13,13,2019-06-04 08:35:01,1,牛街路口东,牛街路口东
57,13,14,2019-06-04 08:36:01,1,牛街路口东,菜市口西
57,16,31,2019-06-04 08:44:01,1,虎坊桥路口东,大北窑南
57,16,26,2019-06-04 08:44:01,1,虎坊桥路口东,广渠门内
57,16,28,2019-06-04 08:44:01,1,虎坊桥路口东,垂杨柳
57,16,27,2019-06-04 08:44:01,1,虎坊桥路口东,马圈
57,16,21,2019-06-04 08:44:01,1,虎坊桥路口东,水道子
57,16,22,2019-06-04 08:44:01,1,虎坊桥路口东,磁器口西
57,17,27,2019-06-04 08:45:01,1,板章路,马圈
57,17,20,2019-06-04 08:45:01,1,板章路,桥湾
57,17,17,2019-06-04 08:45:01,1,板章路,板章路
57,19,23,2019-06-04 08:49:01,1,东城三里河,榄杆市
57,20,31,2019-06-04 08:50:01,1,桥湾,大北窑南
57,20,20,2019-06-04 08:50:01,1,桥湾,桥湾
57,20,31,2019-06-04 08:52:01,1,桥湾,大北窑南
57,20,27,2019-06-04 08:52:01,1,桥湾,马圈
57,20,26,2019-06-04 08:52:01,1,桥湾,广渠门内
57,20,26,2019-06-04 08:52:01,1,桥湾,广渠门内
57,20,26,2019-06-04 08:52:01,1,桥湾,广渠门内
57,20,20,2019-06-04 08:52:01,1,桥湾,桥湾
57,20,23,2019-06-04 08:52:01,1,桥湾,榄杆市
57,20,20,2019-06-04 08:52:01,1,桥湾,桥湾
57,21,25,2019-06-04 08:53:01,1,水道子,安化楼
57,21,21,2019-06-04 08:53:01,1,水道子,水道子
57,21,22,2019-06-04 08:53:01,1,水道子,磁器口西
57,23,29,2019-06-04 08:55:01,1,榄杆市,双井桥北
57,26,28,2019-06-04 09:02:01,1,广渠门内,垂杨柳
57,29,29,2019-06-04 09:18:01,1,双井桥北,双井桥北
57,9,21,2019-06-04 06:31:01,1,莲花池,水道子
57,9,26,2019-06-04 06:31:01,1,莲花池,广渠门内
57,10,25,2019-06-04 06:32:01,1,湾子,安化楼
57,11,20,2019-06-04 06:34:01,1,达官营,桥湾
57,11,20,2019-06-04 06:34:01,1,达官营,桥湾
57,11,28,2019-06-04 06:34:01,1,达官营,垂杨柳
57,11,23,2019-06-04 06:34:01,1,达官营,榄杆市
57,12,18,2019-06-04 06:37:01,1,广安门内,过街楼
57,12,20,2019-06-04 06:37:01,1,广安门内,桥湾
57,12,21,2019-06-04 06:37:01,1,广安门内,水道子
57,12,21,2019-06-04 06:37:01,1,广安门内,水道子
57,12,18,2019-06-04 06:37:01,1,广安门内,过街楼
57,12,26,2019-06-04 06:37:01,1,广安门内,广渠门内
57,12,24,2019-06-04 06:37:01,1,广安门内,培新街
57,13,27,2019-06-04 06:38:01,1,牛街路口东,马圈
57,13,27,2019-06-04 06:38:01,1,牛街路口东,马圈
57,13,31,2019-06-04 06:40:01,1,牛街路口东,大北窑南
57,13,21,2019-06-04 06:40:01,1,牛街路口东,水道子
57,13,27,2019-06-04 06:40:01,1,牛街路口东,马圈
57,14,24,2019-06-04 06:42:01,1,菜市口西,培新街
57,14,23,2019-06-04 06:42:01,1,菜市口西,榄杆市
57,14,24,2019-06-04 06:42:01,1,菜市口西,培新街
57,14,23,2019-06-04 06:42:01,1,菜市口西,榄杆市
57,16,29,2019-06-04 06:48:01,1,虎坊桥路口东,双井桥北
57,16,20,2019-06-04 06:48:01,1,虎坊桥路口东,桥湾
57,16,27,2019-06-04 06:48:01,1,虎坊桥路口东,马圈
57,20,20,2019-06-04 06:54:01,1,桥湾,桥湾
57,20,21,2019-06-04 06:54:01,1,桥湾,水道子
57,20,25,2019-06-04 06:54:01,1,桥湾,安化楼
57,21,21,2019-06-04 06:56:01,1,水道子,水道子
57,21,26,2019-06-04 06:56:01,1,水道子,广渠门内
57,23,26,2019-06-04 06:57:01,1,榄杆市,广渠门内
57,24,31,2019-06-04 07:04:01,1,培新街,大北窑南
57,24,28,2019-06-04 07:04:01,1,培新街,垂杨柳
57,25,31,2019-06-04 07:05:01,1,安化楼,大北窑南
57,25,29,2019-06-04 07:05:01,1,安化楼,双井桥北
57,26,30,2019-06-04 07:06:01,1,广渠门内,双花园
57,26,31,2019-06-04 07:06:01,1,广渠门内,大北窑南
57,26,31,2019-06-04 07:06:01,1,广渠门内,大北窑南
57,26,31,2019-06-04 07:06:01,1,广渠门内,大北窑南
57,26,29,2019-06-04 07:06:01,1,广渠门内,双井桥北
57,26,31,2019-06-04 07:06:01,1,广渠门内,大北窑南
57,26,31,2019-06-04 07:06:01,1,广渠门内,大北窑南
57,26,27,2019-06-04 07:06:01,1,广渠门内,马圈
57,27,30,2019-06-04 07:09:01,1,马圈,双花园
57,28,28,2019-06-04 07:09:01,1,垂杨柳,垂杨柳
57,27,29,2019-06-04 07:09:01,1,马圈,双井桥北
57,28,31,2019-06-04 07:12:01,1,垂杨柳,大北窑南
57,1,14,2019-06-04 08:50:01,1,靛厂新村,菜市口西
57,1,14,2019-06-04 08:50:01,1,靛厂新村,菜市口西
57,1,8,2019-06-04 08:50:01,1,靛厂新村,六里桥东
57,1,8,2019-06-04 08:50:01,1,靛厂新村,六里桥东
57,1,7,2019-06-04 08:50:01,1,靛厂新村,六里桥西
57,1,11,2019-06-04 08:50:01,1,靛厂新村,达官营
57,1,7,2019-06-04 08:50:01,1,靛厂新村,六里桥西
57,1,7,2019-06-04 08:50:01,1,靛厂新村,六里桥西
57,1,7,2019-06-04 08:50:01,1,靛厂新村,六里桥西
57,1,11,2019-06-04 08:50:01,1,靛厂新村,达官营
57,1,11,2019-06-04 08:50:01,1,靛厂新村,达官营
57,1,9,2019-06-04 08:50:01,1,靛厂新村,莲花池
57,1,7,2019-06-04 08:50:01,1,靛厂新村,六里桥西
57,1,23,2019-06-04 08:50:01,1,靛厂新村,榄杆市
57,1,16,2019-06-04 08:50:01,1,靛厂新村,虎坊桥路口东
57,1,4,2019-06-04 08:50:01,1,靛厂新村,水衙沟路东口
57,1,7,2019-06-04 08:50:01,1,靛厂新村,六里桥西
57,2,8,2019-06-04 08:52:01,1,岳各庄东路北口,六里桥东
57,2,10,2019-06-04 08:52:01,1,岳各庄东路北口,湾子
57,2,10,2019-06-04 08:52:01,1,岳各庄东路北口,湾子
57,2,10,2019-06-04 08:52:01,1,岳各庄东路北口,湾子
57,2,11,2019-06-04 08:52:01,1,岳各庄东路北口,达官营
57,2,8,2019-06-04 08:52:01,1,岳各庄东路北口,六里桥东
57,2,10,2019-06-04 08:52:01,1,岳各庄东路北口,湾子
57,2,18,2019-06-04 08:52:01,1,岳各庄东路北口,过街楼
57,2,16,2019-06-04 08:52:01,1,岳各庄东路北口,虎坊桥路口东
57,2,2,2019-06-04 08:52:01,1,岳各庄东路北口,岳各庄东路北口
57,2,6,2019-06-04 08:52:01,1,岳各庄东路北口,小井路口东
57,3,7,2019-06-04 08:54:01,1,靛厂村南站,六里桥西
57,3,7,2019-06-04 08:54:01,1,靛厂村南站,六里桥西
57,3,7,2019-06-04 08:54:01,1,靛厂村南站,六里桥西
57,4,13,2019-06-04 08:55:01,1,水衙沟路东口,牛街路口东
57,4,14,2019-06-04 08:55:01,1,水衙沟路东口,菜市口西
57,4,11,2019-06-04 08:55:01,1,水衙沟路东口,达官营
57,4,7,2019-06-04 08:55:01,1,水衙沟路东口,六里桥西
57,4,5,2019-06-04 08:55:01,1,水衙沟路东口,白塔村
57,4,7,2019-06-04 08:55:01,1,水衙沟路东口,六里桥西
57,5,9,2019-06-04 08:56:01,1,白塔村,莲花池
57,5,8,2019-06-04 08:56:01,1,白塔村,六里桥东
57,5,6,2019-06-04 08:56:01,1,白塔村,小井路口东
57,7,13,2019-06-04 09:01:01,1,六里桥西,牛街路口东
57,7,12,2019-06-04 09:01:01,1,六里桥西,广安门内
57,8,33,2019-06-04 09:02:01,1,六里桥东,郎家园
57,8,13,2019-06-04 09:02:01,1,六里桥东,牛街路口东
57,8,13,2019-06-04 09:02:01,1,六里桥东,牛街路口东
57,8,13,2019-06-04 09:02:01,1,六里桥东,牛街路口东
57,8,13,2019-06-04 09:02:01,1,六里桥东,牛街路口东
57,8,10,2019-06-04 09:02:01,1,六里桥东,湾子
57,8,12,2019-06-04 09:02:01,1,六里桥东,广安门内
57,8,24,2019-06-04 09:02:01,1,六里桥东,培新街
57,8,21,2019-06-04 09:02:01,1,六里桥东,水道子
57,8,23,2019-06-04 09:02:01,1,六里桥东,榄杆市
57,8,33,2019-06-04 09:03:01,1,六里桥东,郎家园
57,8,13,2019-06-04 09:03:01,1,六里桥东,牛街路口东
57,8,12,2019-06-04 09:03:01,1,六里桥东,广安门内
57,8,10,2019-06-04 09:03:01,1,六里桥东,湾子
57,8,11,2019-06-04 09:03:01,1,六里桥东,达官营
57,8,9,2019-06-04 09:03:01,1,六里桥东,莲花池
57,8,10,2019-06-04 09:03:01,1,六里桥东,湾子
57,8,21,2019-06-04 09:03:01,1,六里桥东,水道子
57,8,17,2019-06-04 09:03:01,1,六里桥东,板章路
57,8,15,2019-06-04 09:03:01,1,六里桥东,虎坊桥路口西
57,9,32,2019-06-04 09:05:01,1,莲花池,大北窑东
57,9,32,2019-06-04 09:05:01,1,莲花池,大北窑东
57,9,12,2019-06-04 09:06:01,1,莲花池,广安门内
57,9,23,2019-06-04 09:06:01,1,莲花池,榄杆市
57,9,15,2019-06-04 09:06:01,1,莲花池,虎坊桥路口西
57,10,33,2019-06-04 09:09:01,1,湾子,郎家园
57,10,14,2019-06-04 09:09:01,1,湾子,菜市口西
57,10,14,2019-06-04 09:09:01,1,湾子,菜市口西
57,10,12,2019-06-04 09:09:01,1,湾子,广安门内
57,10,12,2019-06-04 09:09:01,1,湾子,广安门内
57,10,11,2019-06-04 09:09:01,1,湾子,达官营
57,10,12,2019-06-04 09:09:01,1,湾子,广安门内
57,10,12,2019-06-04 09:09:01,1,湾子,广安门内
57,10,16,2019-06-04 09:09:01,1,湾子,虎坊桥路口东
57,10,15,2019-06-04 09:09:01,1,湾子,虎坊桥路口西
57,10,15,2019-06-04 09:09:01,1,湾子,虎坊桥路口西
57,10,22,2019-06-04 09:09:01,1,湾子,磁器口西
57,11,11,2019-06-04 09:11:01,1,达官营,达官营
57,11,15,2019-06-04 09:11:01,1,达官营,虎坊桥路口西
57,11,14,2019-06-04 09:11:01,1,达官营,菜市口西
57,11,14,2019-06-04 09:11:01,1,达官营,菜市口西
57,11,11,2019-06-04 09:11:01,1,达官营,达官营
57,11,11,2019-06-04 09:11:01,1,达官营,达官营
57,11,12,2019-06-04 09:11:01,1,达官营,广安门内
57,11,11,2019-06-04 09:11:01,1,达官营,达官营
57,11,11,2019-06-04 09:11:01,1,达官营,达官营
57,11,15,2019-06-04 09:11:01,1,达官营,虎坊桥路口西
57,12,15,2019-06-04 09:14:01,1,广安门内,虎坊桥路口西
57,12,15,2019-06-04 09:14:01,1,广安门内,虎坊桥路口西
57,12,19,2019-06-04 09:14:01,1,广安门内,东城三里河
57,13,14,2019-06-04 09:16:01,1,牛街路口东,菜市口西
57,13,13,2019-06-04 09:16:01,1,牛街路口东,牛街路口东
57,13,13,2019-06-04 09:16:01,1,牛街路口东,牛街路口东
57,13,13,2019-06-04 09:16:01,1,牛街路口东,牛街路口东
57,13,23,2019-06-04 09:16:01,1,牛街路口东,榄杆市
57,13,25,2019-06-04 09:16:01,1,牛街路口东,安化楼
57,14,14,2019-06-04 09:17:01,1,菜市口西,菜市口西
57,14,15,2019-06-04 09:18:01,1,菜市口西,虎坊桥路口西
57,14,15,2019-06-04 09:18:01,1,菜市口西,虎坊桥路口西
57,15,30,2019-06-04 09:22:01,1,虎坊桥路口西,双花园
57,15,18,2019-06-04 09:22:01,1,虎坊桥路口西,过街楼
57,15,15,2019-06-04 09:22:01,1,虎坊桥路口西,虎坊桥路口西
57,15,19,2019-06-04 09:22:01,1,虎坊桥路口西,东城三里河
57,16,33,2019-06-04 09:23:01,1,虎坊桥路口东,郎家园
57,17,30,2019-06-04 09:26:01,1,板章路,双花园
57,17,26,2019-06-04 09:26:01,1,板章路,广渠门内
57,17,18,2019-06-04 09:26:01,1,板章路,过街楼
57,17,21,2019-06-04 09:26:01,1,板章路,水道子
57,17,23,2019-06-04 09:26:01,1,板章路,榄杆市
57,17,24,2019-06-04 09:26:01,1,板章路,培新街
57,18,30,2019-06-04 09:27:01,1,过街楼,双花园
57,18,30,2019-06-04 09:27:01,1,过街楼,双花园
57,18,26,2019-06-04 09:27:01,1,过街楼,广渠门内
57,19,19,2019-06-04 09:27:01,1,东城三里河,东城三里河
57,18,22,2019-06-04 09:27:01,1,过街楼,磁器口西
57,18,21,2019-06-04 09:27:01,1,过街楼,水道子
57,18,19,2019-06-04 09:27:01,1,过街楼,东城三里河
57,18,25,2019-06-04 09:27:01,1,过街楼,安化楼
57,19,20,2019-06-04 09:28:01,1,东城三里河,桥湾
57,1,16,2019-06-04 07:33:01,1,靛厂新村,虎坊桥路口东
57,1,16,2019-06-04 07:33:01,1,靛厂新村,虎坊桥路口东
57,1,16,2019-06-04 07:33:01,1,靛厂新村,虎坊桥路口东
57,1,7,2019-06-04 07:33:01,1,靛厂新村,六里桥西
57,1,12,2019-06-04 07:33:01,1,靛厂新村,广安门内
57,1,11,2019-06-04 07:33:01,1,靛厂新村,达官营
57,2,2,2019-06-04 07:34:01,1,岳各庄东路北口,岳各庄东路北口
57,2,6,2019-06-04 07:34:01,1,岳各庄东路北口,小井路口东
57,2,7,2019-06-04 07:34:01,1,岳各庄东路北口,六里桥西
57,2,8,2019-06-04 07:34:01,1,岳各庄东路北口,六里桥东
57,2,7,2019-06-04 07:34:01,1,岳各庄东路北口,六里桥西
57,2,12,2019-06-04 07:34:01,1,岳各庄东路北口,广安门内
57,3,16,2019-06-04 07:35:01,1,靛厂村南站,虎坊桥路口东
57,4,8,2019-06-04 07:36:01,1,水衙沟路东口,六里桥东
57,4,7,2019-06-04 07:36:01,1,水衙沟路东口,六里桥西
57,4,11,2019-06-04 07:36:01,1,水衙沟路东口,达官营
57,5,7,2019-06-04 07:38:01,1,白塔村,六里桥西
57,5,7,2019-06-04 07:38:01,1,白塔村,六里桥西
57,6,24,2019-06-04 07:43:01,1,小井路口东,培新街
57,7,24,2019-06-04 07:46:01,1,六里桥西,培新街
57,7,12,2019-06-04 07:47:01,1,六里桥西,广安门内
57,7,12,2019-06-04 07:47:01,1,六里桥西,广安门内
57,8,22,2019-06-04 07:51:01,1,六里桥东,磁器口西
57,8,22,2019-06-04 07:51:01,1,六里桥东,磁器口西
57,8,22,2019-06-04 07:51:01,1,六里桥东,磁器口西
57,8,18,2019-06-04 07:51:01,1,六里桥东,过街楼
57,8,23,2019-06-04 07:51:01,1,六里桥东,榄杆市
57,8,26,2019-06-04 07:51:01,1,六里桥东,广渠门内
57,8,24,2019-06-04 07:51:01,1,六里桥东,培新街
57,8,23,2019-06-04 07:51:01,1,六里桥东,榄杆市
57,8,26,2019-06-04 07:51:01,1,六里桥东,广渠门内
57,9,11,2019-06-04 07:59:01,1,莲花池,达官营
57,9,11,2019-06-04 07:59:01,1,莲花池,达官营
57,9,15,2019-06-04 07:59:01,1,莲花池,虎坊桥路口西
57,9,23,2019-06-04 07:59:01,1,莲花池,榄杆市
57,9,24,2019-06-04 07:59:01,1,莲花池,培新街
57,9,26,2019-06-04 07:59:01,1,莲花池,广渠门内
57,9,25,2019-06-04 07:59:01,1,莲花池,安化楼
57,11,18,2019-06-04 08:01:01,1,达官营,过街楼
57,11,26,2019-06-04 08:01:01,1,达官营,广渠门内
57,11,17,2019-06-04 08:02:01,1,达官营,板章路
57,11,19,2019-06-04 08:02:01,1,达官营,东城三里河
57,11,21,2019-06-04 08:02:01,1,达官营,水道子
57,11,22,2019-06-04 08:02:01,1,达官营,磁器口西
57,11,15,2019-06-04 08:02:01,1,达官营,虎坊桥路口西
57,11,11,2019-06-04 08:02:01,1,达官营,达官营
57,11,11,2019-06-04 08:02:01,1,达官营,达官营
57,11,26,2019-06-04 08:02:01,1,达官营,广渠门内
57,11,26,2019-06-04 08:02:01,1,达官营,广渠门内
57,13,15,2019-06-04 08:10:01,1,牛街路口东,虎坊桥路口西
57,13,21,2019-06-04 08:10:01,1,牛街路口东,水道子
57,14,23,2019-06-04 08:12:01,1,菜市口西,榄杆市
57,7,22,2019-06-04 08:17:01,1,六里桥西,磁器口西
57,16,24,2019-06-04 08:17:01,1,虎坊桥路口东,培新街
57,17,18,2019-06-04 08:18:01,1,板章路,过街楼
57,17,17,2019-06-04 08:18:01,1,板章路,板章路
57,17,25,2019-06-04 08:18:01,1,板章路,安化楼
57,17,25,2019-06-04 08:18:01,1,板章路,安化楼
57,19,21,2019-06-04 08:21:01,1,东城三里河,水道子
57,19,22,2019-06-04 08:21:01,1,东城三里河,磁器口西
57,19,26,2019-06-04 08:21:01,1,东城三里河,广渠门内
57,21,26,2019-06-04 08:26:01,1,水道子,广渠门内
57,22,23,2019-06-04 08:27:01,1,磁器口西,榄杆市
57,24,25,2019-06-04 08:34:01,1,培新街,安化楼
57,1,8,2019-06-04 08:04:01,1,靛厂新村,六里桥东
57,1,8,2019-06-04 08:04:01,1,靛厂新村,六里桥东
57,1,7,2019-06-04 08:04:01,1,靛厂新村,六里桥西
57,2,6,2019-06-04 08:04:01,1,岳各庄东路北口,小井路口东
57,1,7,2019-06-04 08:04:01,1,靛厂新村,六里桥西
57,1,8,2019-06-04 08:04:01,1,靛厂新村,六里桥东
57,1,6,2019-06-04 08:04:01,1,靛厂新村,小井路口东
57,1,7,2019-06-04 08:04:01,1,靛厂新村,六里桥西
57,1,7,2019-06-04 08:04:01,1,靛厂新村,六里桥西
57,2,8,2019-06-04 08:04:01,1,岳各庄东路北口,六里桥东
57,1,7,2019-06-04 08:04:01,1,靛厂新村,六里桥西
57,1,7,2019-06-04 08:04:01,1,靛厂新村,六里桥西
57,1,2,2019-06-04 08:04:01,1,靛厂新村,岳各庄东路北口
57,1,5,2019-06-04 08:04:01,1,靛厂新村,白塔村
57,1,1,2019-06-04 08:04:01,1,靛厂新村,靛厂新村
57,1,5,2019-06-04 08:04:01,1,靛厂新村,白塔村
57,1,3,2019-06-04 08:04:01,1,靛厂新村,靛厂村南站
57,1,13,2019-06-04 08:04:01,1,靛厂新村,牛街路口东
57,1,16,2019-06-04 08:04:01,1,靛厂新村,虎坊桥路口东
57,1,14,2019-06-04 08:04:01,1,靛厂新村,菜市口西
57,1,16,2019-06-04 08:04:01,1,靛厂新村,虎坊桥路口东
57,1,12,2019-06-04 08:04:01,1,靛厂新村,广安门内
57,1,16,2019-06-04 08:04:01,1,靛厂新村,虎坊桥路口东
57,2,7,2019-06-04 08:05:01,1,岳各庄东路北口,六里桥西
57,2,7,2019-06-04 08:05:01,1,岳各庄东路北口,六里桥西
57,2,8,2019-06-04 08:05:01,1,岳各庄东路北口,六里桥东
57,2,5,2019-06-04 08:05:01,1,岳各庄东路北口,白塔村
57,2,7,2019-06-04 08:05:01,1,岳各庄东路北口,六里桥西
57,2,7,2019-06-04 08:05:01,1,岳各庄东路北口,六里桥西
57,2,7,2019-06-04 08:05:01,1,岳各庄东路北口,六里桥西
57,2,10,2019-06-04 08:05:01,1,岳各庄东路北口,湾子
57,2,7,2019-06-04 08:05:01,1,岳各庄东路北口,六里桥西
57,2,7,2019-06-04 08:05:01,1,岳各庄东路北口,六里桥西
57,2,7,2019-06-04 08:05:01,1,岳各庄东路北口,六里桥西
57,2,5,2019-06-04 08:05:01,1,岳各庄东路北口,白塔村
57,2,6,2019-06-04 08:05:01,1,岳各庄东路北口,小井路口东
57,2,4,2019-06-04 08:05:01,1,岳各庄东路北口,水衙沟路东口
57,2,4,2019-06-04 08:05:01,1,岳各庄东路北口,水衙沟路东口
57,2,10,2019-06-04 08:05:01,1,岳各庄东路北口,湾子
57,2,19,2019-06-04 08:05:01,1,岳各庄东路北口,东城三里河
57,2,7,2019-06-04 08:06:01,1,岳各庄东路北口,六里桥西
57,3,9,2019-06-04 08:08:01,1,靛厂村南站,莲花池
57,3,6,2019-06-04 08:08:01,1,靛厂村南站,小井路口东
57,3,9,2019-06-04 08:08:01,1,靛厂村南站,莲花池
57,3,6,2019-06-04 08:08:01,1,靛厂村南站,小井路口东
57,3,28,2019-06-04 08:08:01,1,靛厂村南站,垂杨柳
57,3,28,2019-06-04 08:08:01,1,靛厂村南站,垂杨柳
57,3,14,2019-06-04 08:08:01,1,靛厂村南站,菜市口西
57,3,7,2019-06-04 08:09:01,1,靛厂村南站,六里桥西
57,3,8,2019-06-04 08:09:01,1,靛厂村南站,六里桥东
57,3,10,2019-06-04 08:09:01,1,靛厂村南站,湾子
57,3,8,2019-06-04 08:09:01,1,靛厂村南站,六里桥东
57,3,5,2019-06-04 08:09:01,1,靛厂村南站,白塔村
57,3,22,2019-06-04 08:09:01,1,靛厂村南站,磁器口西
57,3,14,2019-06-04 08:09:01,1,靛厂村南站,菜市口西
57,3,13,2019-06-04 08:09:01,1,靛厂村南站,牛街路口东
57,3,16,2019-06-04 08:09:01,1,靛厂村南站,虎坊桥路口东
57,3,10,2019-06-04 08:09:01,1,靛厂村南站,湾子
57,3,12,2019-06-04 08:09:01,1,靛厂村南站,广安门内
57,3,10,2019-06-04 08:09:01,1,靛厂村南站,湾子
57,3,12,2019-06-04 08:09:01,1,靛厂村南站,广安门内
57,4,8,2019-06-04 08:10:01,1,水衙沟路东口,六里桥东
57,5,19,2019-06-04 08:12:01,1,白塔村,东城三里河
57,5,8,2019-06-04 08:13:01,1,白塔村,六里桥东
57,5,10,2019-06-04 08:13:01,1,白塔村,湾子
57,7,8,2019-06-04 08:16:01,1,六里桥西,六里桥东
57,7,9,2019-06-04 08:16:01,1,六里桥西,莲花池
57,7,32,2019-06-04 08:16:01,1,六里桥西,大北窑东
57,7,23,2019-06-04 08:16:01,1,六里桥西,榄杆市
57,7,13,2019-06-04 08:16:01,1,六里桥西,牛街路口东
57,7,10,2019-06-04 08:16:01,1,六里桥西,湾子
57,7,10,2019-06-04 08:16:01,1,六里桥西,湾子
57,7,9,2019-06-04 08:17:01,1,六里桥西,莲花池
57,8,23,2019-06-04 08:20:01,1,六里桥东,榄杆市
57,8,17,2019-06-04 08:20:01,1,六里桥东,板章路
57,8,19,2019-06-04 08:20:01,1,六里桥东,东城三里河
57,8,16,2019-06-04 08:20:01,1,六里桥东,虎坊桥路口东
57,8,14,2019-06-04 08:20:01,1,六里桥东,菜市口西
57,8,14,2019-06-04 08:20:01,1,六里桥东,菜市口西
57,8,14,2019-06-04 08:20:01,1,六里桥东,菜市口西
57,8,12,2019-06-04 08:20:01,1,六里桥东,广安门内
57,8,8,2019-06-04 08:21:01,1,六里桥东,六里桥东
57,8,10,2019-06-04 08:21:01,1,六里桥东,湾子
57,8,10,2019-06-04 08:21:01,1,六里桥东,湾子
57,9,23,2019-06-04 08:26:01,1,莲花池,榄杆市
57,9,11,2019-06-04 08:26:01,1,莲花池,达官营
57,10,12,2019-06-04 08:28:01,1,湾子,广安门内
57,12,12,2019-06-04 08:32:01,1,广安门内,广安门内
57,13,28,2019-06-04 08:38:01,1,牛街路口东,垂杨柳
57,14,29,2019-06-04 08:42:01,1,菜市口西,双井桥北
57,16,25,2019-06-04 08:45:01,1,虎坊桥路口东,安化楼
57,22,28,2019-06-04 08:58:01,1,磁器口西,垂杨柳
57,21,28,2019-06-04 08:58:01,1,水道子,垂杨柳
57,21,28,2019-06-04 08:58:01,1,水道子,垂杨柳
57,25,28,2019-06-04 09:02:01,1,安化楼,垂杨柳
57,25,28,2019-06-04 09:02:01,1,安化楼,垂杨柳
57,25,28,2019-06-04 09:02:01,1,安化楼,垂杨柳
57,26,28,2019-06-04 09:04:01,1,广渠门内,垂杨柳
57,28,32,2019-06-04 09:16:01,1,垂杨柳,大北窑东
57,28,28,2019-06-04 09:16:01,1,垂杨柳,垂杨柳
57,28,28,2019-06-04 09:16:01,1,垂杨柳,垂杨柳
57,29,32,2019-06-04 09:18:01,1,双井桥北,大北窑东
57,29,32,2019-06-04 09:18:01,1,双井桥北,大北窑东
57,29,32,2019-06-04 09:18:01,1,双井桥北,大北窑东
57,29,29,2019-06-04 09:19:01,1,双井桥北,双井桥北
57,26,34,2019-06-04 06:30:01,1,广渠门内,四惠枢纽站
57,26,34,2019-06-04 06:30:01,1,广渠门内,四惠枢纽站
57,26,29,2019-06-04 06:30:01,1,广渠门内,双井桥北
57,26,26,2019-06-04 06:30:01,1,广渠门内,广渠门内
57,29,34,2019-06-04 06:33:01,1,双井桥北,四惠枢纽站
57,29,34,2019-06-04 06:34:01,1,双井桥北,四惠枢纽站
57,29,32,2019-06-04 06:35:01,1,双井桥北,大北窑东
57,31,34,2019-06-04 06:36:01,1,大北窑南,四惠枢纽站
57,31,33,2019-06-04 06:36:01,1,大北窑南,郎家园
57,32,34,2019-06-04 06:36:01,1,大北窑东,四惠枢纽站
57,31,32,2019-06-04 06:36:01,1,大北窑南,大北窑东
57,32,32,2019-06-04 06:36:01,1,大北窑东,大北窑东
57,31,34,2019-06-04 06:36:01,1,大北窑南,四惠枢纽站
57,31,32,2019-06-04 06:36:01,1,大北窑南,大北窑东
57,31,34,2019-06-04 06:36:01,1,大北窑南,四惠枢纽站
57,31,33,2019-06-04 06:36:01,1,大北窑南,郎家园
57,31,32,2019-06-04 06:36:01,1,大北窑南,大北窑东
57,31,32,2019-06-04 06:36:01,1,大北窑南,大北窑东
57,1,6,2019-06-04 08:24:01,1,靛厂新村,小井路口东
57,1,12,2019-06-04 08:24:01,1,靛厂新村,广安门内
57,1,17,2019-06-04 08:24:01,1,靛厂新村,板章路
57,1,12,2019-06-04 08:24:01,1,靛厂新村,广安门内
57,1,8,2019-06-04 08:24:01,1,靛厂新村,六里桥东
57,1,6,2019-06-04 08:24:01,1,靛厂新村,小井路口东
57,1,6,2019-06-04 08:24:01,1,靛厂新村,小井路口东
57,1,6,2019-06-04 08:24:01,1,靛厂新村,小井路口东
57,1,6,2019-06-04 08:24:01,1,靛厂新村,小井路口东
57,1,17,2019-06-04 08:24:01,1,靛厂新村,板章路
57,1,8,2019-06-04 08:24:01,1,靛厂新村,六里桥东
57,1,1,2019-06-04 08:24:01,1,靛厂新村,靛厂新村
57,1,6,2019-06-04 08:24:01,1,靛厂新村,小井路口东
57,1,7,2019-06-04 08:24:01,1,靛厂新村,六里桥西
57,1,1,2019-06-04 08:24:01,1,靛厂新村,靛厂新村
57,1,7,2019-06-04 08:24:01,1,靛厂新村,六里桥西
57,1,34,2019-06-04 08:24:01,1,靛厂新村,四惠枢纽站
57,1,1,2019-06-04 08:24:01,1,靛厂新村,靛厂新村
57,1,7,2019-06-04 08:24:01,1,靛厂新村,六里桥西
57,1,7,2019-06-04 08:24:01,1,靛厂新村,六里桥西
57,1,7,2019-06-04 08:24:01,1,靛厂新村,六里桥西
57,1,7,2019-06-04 08:24:01,1,靛厂新村,六里桥西
57,1,7,2019-06-04 08:24:01,1,靛厂新村,六里桥西
57,1,7,2019-06-04 08:24:01,1,靛厂新村,六里桥西
57,1,8,2019-06-04 08:24:01,1,靛厂新村,六里桥东
57,1,8,2019-06-04 08:24:01,1,靛厂新村,六里桥东
57,1,7,2019-06-04 08:24:01,1,靛厂新村,六里桥西
57,1,8,2019-06-04 08:26:01,1,靛厂新村,六里桥东
57,1,6,2019-06-04 08:26:01,1,靛厂新村,小井路口东
57,1,7,2019-06-04 08:26:01,1,靛厂新村,六里桥西
57,1,8,2019-06-04 08:26:01,1,靛厂新村,六里桥东
57,1,7,2019-06-04 08:26:01,1,靛厂新村,六里桥西
57,1,29,2019-06-04 08:26:01,1,靛厂新村,双井桥北
57,6,7,2019-06-04 08:28:01,1,小井路口东,六里桥西
57,6,8,2019-06-04 08:28:01,1,小井路口东,六里桥东
57,6,17,2019-06-04 08:29:01,1,小井路口东,板章路
57,6,8,2019-06-04 08:29:01,1,小井路口东,六里桥东
57,6,8,2019-06-04 08:29:01,1,小井路口东,六里桥东
57,6,7,2019-06-04 08:29:01,1,小井路口东,六里桥西
57,6,29,2019-06-04 08:29:01,1,小井路口东,双井桥北
57,6,8,2019-06-04 08:29:01,1,小井路口东,六里桥东
57,6,12,2019-06-04 08:29:01,1,小井路口东,广安门内
57,6,17,2019-06-04 08:29:01,1,小井路口东,板章路
57,6,12,2019-06-04 08:29:01,1,小井路口东,广安门内
57,6,7,2019-06-04 08:29:01,1,小井路口东,六里桥西
57,6,8,2019-06-04 08:29:01,1,小井路口东,六里桥东
57,6,6,2019-06-04 08:29:01,1,小井路口东,小井路口东
57,6,26,2019-06-04 08:29:01,1,小井路口东,广渠门内
57,6,6,2019-06-04 08:31:01,1,小井路口东,小井路口东
57,6,12,2019-06-04 08:31:01,1,小井路口东,广安门内
57,6,17,2019-06-04 08:33:01,1,小井路口东,板章路
57,6,12,2019-06-04 08:33:01,1,小井路口东,广安门内
57,6,6,2019-06-04 08:33:01,1,小井路口东,小井路口东
57,6,17,2019-06-04 08:33:01,1,小井路口东,板章路
57,6,17,2019-06-04 08:33:01,1,小井路口东,板章路
57,7,7,2019-06-04 08:36:01,1,六里桥西,六里桥西
57,7,12,2019-06-04 08:36:01,1,六里桥西,广安门内
57,8,26,2019-06-04 08:38:01,1,六里桥东,广渠门内
57,8,29,2019-06-04 08:43:01,1,六里桥东,双井桥北
57,8,29,2019-06-04 08:43:01,1,六里桥东,双井桥北
57,8,8,2019-06-04 08:43:01,1,六里桥东,六里桥东
57,8,34,2019-06-04 08:43:01,1,六里桥东,四惠枢纽站
57,8,8,2019-06-04 08:43:01,1,六里桥东,六里桥东
57,8,8,2019-06-04 08:44:01,1,六里桥东,六里桥东
57,8,22,2019-06-04 08:44:01,1,六里桥东,磁器口西
57,8,8,2019-06-04 08:44:01,1,六里桥东,六里桥东
57,8,17,2019-06-04 08:44:01,1,六里桥东,板章路
57,8,17,2019-06-04 08:44:01,1,六里桥东,板章路
57,8,8,2019-06-04 08:44:01,1,六里桥东,六里桥东
57,8,17,2019-06-04 08:44:01,1,六里桥东,板章路
57,8,17,2019-06-04 08:44:01,1,六里桥东,板章路
57,8,29,2019-06-04 08:44:01,1,六里桥东,双井桥北
57,8,29,2019-06-04 08:44:01,1,六里桥东,双井桥北
57,8,12,2019-06-04 08:44:01,1,六里桥东,广安门内
57,8,12,2019-06-04 08:44:01,1,六里桥东,广安门内
57,8,12,2019-06-04 08:44:01,1,六里桥东,广安门内
57,8,12,2019-06-04 08:44:01,1,六里桥东,广安门内
57,8,26,2019-06-04 08:44:01,1,六里桥东,广渠门内
57,8,29,2019-06-04 08:44:01,1,六里桥东,双井桥北
57,8,8,2019-06-04 08:44:01,1,六里桥东,六里桥东
57,8,29,2019-06-04 08:44:01,1,六里桥东,双井桥北
57,8,29,2019-06-04 08:44:01,1,六里桥东,双井桥北
57,8,8,2019-06-04 08:44:01,1,六里桥东,六里桥东
57,8,8,2019-06-04 08:45:01,1,六里桥东,六里桥东
57,8,26,2019-06-04 08:48:01,1,六里桥东,广渠门内
57,8,29,2019-06-04 08:48:01,1,六里桥东,双井桥北
57,8,8,2019-06-04 08:48:01,1,六里桥东,六里桥东
57,8,29,2019-06-04 08:52:01,1,六里桥东,双井桥北
57,8,17,2019-06-04 08:52:01,1,六里桥东,板章路
57,8,17,2019-06-04 08:52:01,1,六里桥东,板章路
57,8,8,2019-06-04 08:52:01,1,六里桥东,六里桥东
57,8,12,2019-06-04 08:52:01,1,六里桥东,广安门内
57,8,8,2019-06-04 08:52:01,1,六里桥东,六里桥东
57,8,12,2019-06-04 08:52:01,1,六里桥东,广安门内
57,8,12,2019-06-04 08:53:01,1,六里桥东,广安门内
57,8,22,2019-06-04 08:53:01,1,六里桥东,磁器口西
57,8,12,2019-06-04 08:54:01,1,六里桥东,广安门内
57,8,12,2019-06-04 08:54:01,1,六里桥东,广安门内
57,8,12,2019-06-04 08:54:01,1,六里桥东,广安门内
57,8,8,2019-06-04 08:54:01,1,六里桥东,六里桥东
57,8,12,2019-06-04 08:54:01,1,六里桥东,广安门内
57,8,12,2019-06-04 08:54:01,1,六里桥东,广安门内
57,8,22,2019-06-04 08:54:01,1,六里桥东,磁器口西
57,8,29,2019-06-04 08:54:01,1,六里桥东,双井桥北
57,8,12,2019-06-04 08:54:01,1,六里桥东,广安门内
57,12,17,2019-06-04 08:57:01,1,广安门内,板章路
57,12,34,2019-06-04 08:57:01,1,广安门内,四惠枢纽站
57,12,26,2019-06-04 08:57:01,1,广安门内,广渠门内
57,12,17,2019-06-04 08:57:01,1,广安门内,板章路
57,12,29,2019-06-04 08:59:01,1,广安门内,双井桥北
57,12,29,2019-06-04 08:59:01,1,广安门内,双井桥北
57,12,12,2019-06-04 08:59:01,1,广安门内,广安门内
57,12,26,2019-06-04 08:59:01,1,广安门内,广渠门内
57,12,29,2019-06-04 08:59:01,1,广安门内,双井桥北
57,12,29,2019-06-04 08:59:01,1,广安门内,双井桥北
57,12,17,2019-06-04 09:01:01,1,广安门内,板章路
57,12,26,2019-06-04 09:01:01,1,广安门内,广渠门内
57,12,29,2019-06-04 09:01:01,1,广安门内,双井桥北
57,12,26,2019-06-04 09:01:01,1,广安门内,广渠门内
57,12,29,2019-06-04 09:01:01,1,广安门内,双井桥北
57,12,12,2019-06-04 09:01:01,1,广安门内,广安门内
57,12,33,2019-06-04 09:04:01,1,广安门内,郎家园
57,12,26,2019-06-04 09:04:01,1,广安门内,广渠门内
57,17,26,2019-06-04 09:05:01,1,板章路,广渠门内
57,17,34,2019-06-04 09:05:01,1,板章路,四惠枢纽站
57,17,34,2019-06-04 09:05:01,1,板章路,四惠枢纽站
57,17,17,2019-06-04 09:05:01,1,板章路,板章路
57,17,29,2019-06-04 09:06:01,1,板章路,双井桥北
57,17,17,2019-06-04 09:08:01,1,板章路,板章路
57,17,29,2019-06-04 09:08:01,1,板章路,双井桥北
57,17,17,2019-06-04 09:08:01,1,板章路,板章路
57,17,22,2019-06-04 09:09:01,1,板章路,磁器口西
57,17,29,2019-06-04 09:09:01,1,板章路,双井桥北
57,22,22,2019-06-04 09:13:01,1,磁器口西,磁器口西
57,22,26,2019-06-04 09:13:01,1,磁器口西,广渠门内
57,22,29,2019-06-04 09:13:01,1,磁器口西,双井桥北
57,22,22,2019-06-04 09:14:01,1,磁器口西,磁器口西
57,22,22,2019-06-04 09:14:01,1,磁器口西,磁器口西
57,22,22,2019-06-04 09:14:01,1,磁器口西,磁器口西
57,22,29,2019-06-04 09:15:01,1,磁器口西,双井桥北
57,22,22,2019-06-04 09:15:01,1,磁器口西,磁器口西
57,22,22,2019-06-04 09:15:01,1,磁器口西,磁器口西
57,22,29,2019-06-04 09:18:01,1,磁器口西,双井桥北
57,22,29,2019-06-04 09:18:01,1,磁器口西,双井桥北
57,22,29,2019-06-04 09:18:01,1,磁器口西,双井桥北
57,22,29,2019-06-04 09:18:01,1,磁器口西,双井桥北
57,22,34,2019-06-04 09:18:01,1,磁器口西,四惠枢纽站
57,22,26,2019-06-04 09:18:01,1,磁器口西,广渠门内
57,22,29,2019-06-04 09:18:01,1,磁器口西,双井桥北
57,22,29,2019-06-04 09:18:01,1,磁器口西,双井桥北
57,26,33,2019-06-04 09:19:01,1,广渠门内,郎家园
57,26,29,2019-06-04 09:19:01,1,广渠门内,双井桥北
57,26,34,2019-06-04 09:19:01,1,广渠门内,四惠枢纽站
57,26,29,2019-06-04 09:19:01,1,广渠门内,双井桥北
57,26,29,2019-06-04 09:19:01,1,广渠门内,双井桥北
57,26,29,2019-06-04 09:19:01,1,广渠门内,双井桥北
57,26,34,2019-06-04 09:19:01,1,广渠门内,四惠枢纽站
57,26,34,2019-06-04 09:19:01,1,广渠门内,四惠枢纽站
57,26,26,2019-06-04 09:20:01,1,广渠门内,广渠门内
57,26,26,2019-06-04 09:20:01,1,广渠门内,广渠门内
57,26,29,2019-06-04 09:20:01,1,广渠门内,双井桥北
57,26,29,2019-06-04 09:20:01,1,广渠门内,双井桥北
57,26,29,2019-06-04 09:21:01,1,广渠门内,双井桥北
57,26,29,2019-06-04 09:21:01,1,广渠门内,双井桥北
57,26,29,2019-06-04 09:21:01,1,广渠门内,双井桥北
57,26,29,2019-06-04 09:21:01,1,广渠门内,双井桥北
57,26,29,2019-06-04 09:21:01,1,广渠门内,双井桥北
57,26,29,2019-06-04 09:21:01,1,广渠门内,双井桥北
57,26,29,2019-06-04 09:21:01,1,广渠门内,双井桥北
57,26,26,2019-06-04 09:21:01,1,广渠门内,广渠门内
57,26,26,2019-06-04 09:21:01,1,广渠门内,广渠门内
57,26,26,2019-06-04 09:21:01,1,广渠门内,广渠门内
57,26,26,2019-06-04 09:23:01,1,广渠门内,广渠门内
57,26,29,2019-06-04 09:23:01,1,广渠门内,双井桥北
57,26,29,2019-06-04 09:23:01,1,广渠门内,双井桥北
57,26,29,2019-06-04 09:23:01,1,广渠门内,双井桥北
57,26,34,2019-06-04 09:23:01,1,广渠门内,四惠枢纽站
57,26,29,2019-06-04 09:23:01,1,广渠门内,双井桥北
57,26,34,2019-06-04 09:23:01,1,广渠门内,四惠枢纽站
57,26,26,2019-06-04 09:23:01,1,广渠门内,广渠门内
57,26,26,2019-06-04 09:23:01,1,广渠门内,广渠门内
57,26,33,2019-06-04 09:24:01,1,广渠门内,郎家园
57,26,29,2019-06-04 09:25:01,1,广渠门内,双井桥北
57,26,33,2019-06-04 09:25:01,1,广渠门内,郎家园
57,26,29,2019-06-04 09:25:01,1,广渠门内,双井桥北
57,26,29,2019-06-04 09:25:01,1,广渠门内,双井桥北
57,16,28,2019-06-04 06:33:01,1,虎坊桥路口东,垂杨柳
57,16,23,2019-06-04 06:34:01,1,虎坊桥路口东,榄杆市
57,17,21,2019-06-04 06:35:01,1,板章路,水道子
57,17,29,2019-06-04 06:35:01,1,板章路,双井桥北
57,22,25,2019-06-04 06:40:01,1,磁器口西,安化楼
57,22,27,2019-06-04 06:41:01,1,磁器口西,马圈
57,24,31,2019-06-04 06:46:01,1,培新街,大北窑南
57,24,27,2019-06-04 06:46:01,1,培新街,马圈
57,24,27,2019-06-04 06:46:01,1,培新街,马圈
57,24,27,2019-06-04 06:46:01,1,培新街,马圈
57,24,27,2019-06-04 06:46:01,1,培新街,马圈
57,25,31,2019-06-04 06:48:01,1,安化楼,大北窑南
57,26,31,2019-06-04 06:48:01,1,广渠门内,大北窑南
57,26,27,2019-06-04 06:48:01,1,广渠门内,马圈
57,26,29,2019-06-04 06:48:01,1,广渠门内,双井桥北
57,26,29,2019-06-04 06:48:01,1,广渠门内,双井桥北
57,25,29,2019-06-04 06:48:01,1,安化楼,双井桥北
57,25,29,2019-06-04 06:48:01,1,安化楼,双井桥北
57,28,31,2019-06-04 06:52:01,1,垂杨柳,大北窑南
57,29,31,2019-06-04 06:58:01,1,双井桥北,大北窑南
57,29,31,2019-06-04 06:58:01,1,双井桥北,大北窑南
57,29,31,2019-06-04 06:58:01,1,双井桥北,大北窑南
57,29,31,2019-06-04 06:58:01,1,双井桥北,大北窑南
57,1,12,2019-06-04 08:34:01,1,靛厂新村,广安门内
57,1,9,2019-06-04 08:34:01,1,靛厂新村,莲花池
57,1,20,2019-06-04 08:35:01,1,靛厂新村,桥湾
57,1,10,2019-06-04 08:35:01,1,靛厂新村,湾子
57,1,15,2019-06-04 08:35:01,1,靛厂新村,虎坊桥路口西
57,1,26,2019-06-04 08:35:01,1,靛厂新村,广渠门内
57,1,6,2019-06-04 08:35:01,1,靛厂新村,小井路口东
57,1,4,2019-06-04 08:35:01,1,靛厂新村,水衙沟路东口
57,1,6,2019-06-04 08:35:01,1,靛厂新村,小井路口东
57,1,6,2019-06-04 08:35:01,1,靛厂新村,小井路口东
57,1,1,2019-06-04 08:35:01,1,靛厂新村,靛厂新村
57,1,1,2019-06-04 08:35:01,1,靛厂新村,靛厂新村
57,1,8,2019-06-04 08:35:01,1,靛厂新村,六里桥东
57,1,8,2019-06-04 08:35:01,1,靛厂新村,六里桥东
57,1,5,2019-06-04 08:35:01,1,靛厂新村,白塔村
57,1,7,2019-06-04 08:35:01,1,靛厂新村,六里桥西
57,1,1,2019-06-04 08:35:01,1,靛厂新村,靛厂新村
57,2,15,2019-06-04 08:36:01,1,岳各庄东路北口,虎坊桥路口西
57,2,5,2019-06-04 08:36:01,1,岳各庄东路北口,白塔村
57,2,6,2019-06-04 08:36:01,1,岳各庄东路北口,小井路口东
57,2,7,2019-06-04 08:36:01,1,岳各庄东路北口,六里桥西
57,2,6,2019-06-04 08:36:01,1,岳各庄东路北口,小井路口东
57,2,6,2019-06-04 08:36:01,1,岳各庄东路北口,小井路口东
57,2,8,2019-06-04 08:37:01,1,岳各庄东路北口,六里桥东
57,2,2,2019-06-04 08:37:01,1,岳各庄东路北口,岳各庄东路北口
57,3,13,2019-06-04 08:39:01,1,靛厂村南站,牛街路口东
57,3,13,2019-06-04 08:39:01,1,靛厂村南站,牛街路口东
57,3,13,2019-06-04 08:39:01,1,靛厂村南站,牛街路口东
57,3,28,2019-06-04 08:39:01,1,靛厂村南站,垂杨柳
57,3,8,2019-06-04 08:39:01,1,靛厂村南站,六里桥东
57,4,15,2019-06-04 08:40:01,1,水衙沟路东口,虎坊桥路口西
57,4,12,2019-06-04 08:40:01,1,水衙沟路东口,广安门内
57,4,15,2019-06-04 08:40:01,1,水衙沟路东口,虎坊桥路口西
57,4,14,2019-06-04 08:40:01,1,水衙沟路东口,菜市口西
57,4,8,2019-06-04 08:40:01,1,水衙沟路东口,六里桥东
57,4,5,2019-06-04 08:40:01,1,水衙沟路东口,白塔村
57,4,8,2019-06-04 08:40:01,1,水衙沟路东口,六里桥东
57,4,6,2019-06-04 08:40:01,1,水衙沟路东口,小井路口东
57,4,6,2019-06-04 08:40:01,1,水衙沟路东口,小井路口东
57,4,5,2019-06-04 08:40:01,1,水衙沟路东口,白塔村
57,5,8,2019-06-04 08:42:01,1,白塔村,六里桥东
57,5,7,2019-06-04 08:42:01,1,白塔村,六里桥西
57,7,7,2019-06-04 08:48:01,1,六里桥西,六里桥西
57,7,21,2019-06-04 08:49:01,1,六里桥西,水道子
57,7,12,2019-06-04 08:49:01,1,六里桥西,广安门内
57,7,12,2019-06-04 08:49:01,1,六里桥西,广安门内
57,7,12,2019-06-04 08:49:01,1,六里桥西,广安门内
57,7,12,2019-06-04 08:49:01,1,六里桥西,广安门内
57,7,12,2019-06-04 08:49:01,1,六里桥西,广安门内
57,7,12,2019-06-04 08:49:01,1,六里桥西,广安门内
57,8,34,2019-06-04 08:51:01,1,六里桥东,四惠枢纽站
57,8,14,2019-06-04 08:51:01,1,六里桥东,菜市口西
57,8,24,2019-06-04 08:51:01,1,六里桥东,培新街
57,8,24,2019-06-04 08:51:01,1,六里桥东,培新街
57,8,24,2019-06-04 08:51:01,1,六里桥东,培新街
57,8,24,2019-06-04 08:51:01,1,六里桥东,培新街
57,8,19,2019-06-04 08:52:01,1,六里桥东,东城三里河
57,8,21,2019-06-04 08:52:01,1,六里桥东,水道子
57,8,17,2019-06-04 08:52:01,1,六里桥东,板章路
57,8,17,2019-06-04 08:52:01,1,六里桥东,板章路
57,8,17,2019-06-04 08:52:01,1,六里桥东,板章路
57,8,16,2019-06-04 08:52:01,1,六里桥东,虎坊桥路口东
57,8,12,2019-06-04 08:52:01,1,六里桥东,广安门内
57,8,15,2019-06-04 08:52:01,1,六里桥东,虎坊桥路口西
57,8,12,2019-06-04 08:52:01,1,六里桥东,广安门内
57,8,12,2019-06-04 08:52:01,1,六里桥东,广安门内
57,8,13,2019-06-04 08:52:01,1,六里桥东,牛街路口东
57,8,15,2019-06-04 08:52:01,1,六里桥东,虎坊桥路口西
57,8,9,2019-06-04 08:52:01,1,六里桥东,莲花池
57,8,9,2019-06-04 08:52:01,1,六里桥东,莲花池
57,8,12,2019-06-04 08:52:01,1,六里桥东,广安门内
57,8,14,2019-06-04 08:52:01,1,六里桥东,菜市口西
57,8,8,2019-06-04 08:52:01,1,六里桥东,六里桥东
57,8,13,2019-06-04 08:52:01,1,六里桥东,牛街路口东
57,8,23,2019-06-04 08:52:01,1,六里桥东,榄杆市
57,8,28,2019-06-04 08:52:01,1,六里桥东,垂杨柳
57,8,24,2019-06-04 08:52:01,1,六里桥东,培新街
57,8,28,2019-06-04 08:52:01,1,六里桥东,垂杨柳
57,8,24,2019-06-04 08:52:01,1,六里桥东,培新街
57,8,26,2019-06-04 08:52:01,1,六里桥东,广渠门内
57,8,9,2019-06-04 08:52:01,1,六里桥东,莲花池
57,9,12,2019-06-04 08:56:01,1,莲花池,广安门内
57,9,13,2019-06-04 08:56:01,1,莲花池,牛街路口东
57,10,12,2019-06-04 09:00:01,1,湾子,广安门内
57,10,14,2019-06-04 09:00:01,1,湾子,菜市口西
57,10,13,2019-06-04 09:00:01,1,湾子,牛街路口东
57,10,14,2019-06-04 09:00:01,1,湾子,菜市口西
57,10,26,2019-06-04 09:00:01,1,湾子,广渠门内
57,10,27,2019-06-04 09:00:01,1,湾子,马圈
57,11,16,2019-06-04 09:03:01,1,达官营,虎坊桥路口东
57,11,12,2019-06-04 09:03:01,1,达官营,广安门内
57,11,12,2019-06-04 09:03:01,1,达官营,广安门内
57,11,12,2019-06-04 09:03:01,1,达官营,广安门内
57,11,12,2019-06-04 09:03:01,1,达官营,广安门内
57,11,12,2019-06-04 09:03:01,1,达官营,广安门内
57,11,12,2019-06-04 09:03:01,1,达官营,广安门内
57,11,12,2019-06-04 09:03:01,1,达官营,广安门内
57,11,12,2019-06-04 09:03:01,1,达官营,广安门内
57,11,12,2019-06-04 09:03:01,1,达官营,广安门内
57,11,29,2019-06-04 09:03:01,1,达官营,双井桥北
57,12,12,2019-06-04 09:06:01,1,广安门内,广安门内
57,13,24,2019-06-04 09:09:01,1,牛街路口东,培新街
57,14,17,2019-06-04 09:11:01,1,菜市口西,板章路
57,16,16,2019-06-04 09:16:01,1,虎坊桥路口东,虎坊桥路口东
57,16,29,2019-06-04 09:16:01,1,虎坊桥路口东,双井桥北
57,16,28,2019-06-04 09:16:01,1,虎坊桥路口东,垂杨柳
57,17,26,2019-06-04 09:18:01,1,板章路,广渠门内
57,19,20,2019-06-04 09:22:01,1,东城三里河,桥湾
57,20,28,2019-06-04 09:23:01,1,桥湾,垂杨柳
57,20,20,2019-06-04 09:24:01,1,桥湾,桥湾
57,22,26,2019-06-04 09:25:01,1,磁器口西,广渠门内
57,22,26,2019-06-04 09:25:01,1,磁器口西,广渠门内
57,22,26,2019-06-04 09:25:01,1,磁器口西,广渠门内
57,23,24,2019-06-04 09:26:01,1,榄杆市,培新街
57,1,7,2019-06-04 07:31:01,1,靛厂新村,六里桥西
57,2,2,2019-06-04 07:32:01,1,岳各庄东路北口,岳各庄东路北口
57,3,8,2019-06-04 07:50:01,1,靛厂村南站,六里桥东
57,3,8,2019-06-04 07:50:01,1,靛厂村南站,六里桥东
57,3,3,2019-06-04 07:50:01,1,靛厂村南站,靛厂村南站
57,3,8,2019-06-04 07:50:01,1,靛厂村南站,六里桥东
57,5,9,2019-06-04 08:01:01,1,白塔村,莲花池
57,7,9,2019-06-04 08:18:01,1,六里桥西,莲花池
57,8,8,2019-06-04 08:25:01,1,六里桥东,六里桥东
57,9,9,2019-06-04 08:41:01,1,莲花池,莲花池
57,9,9,2019-06-04 08:41:01,1,莲花池,莲花池
57,3,12,2019-06-03 06:32:01,1,靛厂村南站,广安门内
57,3,7,2019-06-03 06:32:01,1,靛厂村南站,六里桥西
57,3,12,2019-06-03 06:32:01,1,靛厂村南站,广安门内
57,3,12,2019-06-03 06:32:01,1,靛厂村南站,广安门内
57,3,12,2019-06-03 06:32:01,1,靛厂村南站,广安门内
57,3,11,2019-06-03 06:32:01,1,靛厂村南站,达官营
57,3,10,2019-06-03 06:32:01,1,靛厂村南站,湾子
57,4,9,2019-06-03 06:33:01,1,水衙沟路东口,莲花池
57,4,12,2019-06-03 06:33:01,1,水衙沟路东口,广安门内
57,4,10,2019-06-03 06:33:01,1,水衙沟路东口,湾子
57,4,25,2019-06-03 06:33:01,1,水衙沟路东口,安化楼
57,4,7,2019-06-03 06:33:01,1,水衙沟路东口,六里桥西
57,4,7,2019-06-03 06:33:01,1,水衙沟路东口,六里桥西
57,6,27,2019-06-03 06:39:01,1,小井路口东,马圈
57,7,12,2019-06-03 06:41:01,1,六里桥西,广安门内
57,7,10,2019-06-03 06:41:01,1,六里桥西,湾子
57,7,10,2019-06-03 06:45:01,1,六里桥西,湾子
57,7,13,2019-06-03 06:45:01,1,六里桥西,牛街路口东
57,7,12,2019-06-03 06:45:01,1,六里桥西,广安门内
57,7,26,2019-06-03 06:45:01,1,六里桥西,广渠门内
57,7,17,2019-06-03 06:45:01,1,六里桥西,板章路
57,7,27,2019-06-03 06:45:01,1,六里桥西,马圈
57,7,17,2019-06-03 06:45:01,1,六里桥西,板章路
57,7,28,2019-06-03 06:45:01,1,六里桥西,垂杨柳
57,7,34,2019-06-03 06:45:01,1,六里桥西,四惠枢纽站
57,7,34,2019-06-03 06:45:01,1,六里桥西,四惠枢纽站
57,9,9,2019-06-03 06:46:01,1,莲花池,莲花池
57,10,12,2019-06-03 06:52:01,1,湾子,广安门内
57,10,17,2019-06-03 06:52:01,1,湾子,板章路
57,10,17,2019-06-03 06:52:01,1,湾子,板章路
57,10,18,2019-06-03 06:52:01,1,湾子,过街楼
57,11,25,2019-06-03 06:54:01,1,达官营,安化楼
57,12,27,2019-06-03 06:58:01,1,广安门内,马圈
57,12,28,2019-06-03 06:58:01,1,广安门内,垂杨柳
57,14,27,2019-06-03 07:03:01,1,菜市口西,马圈
57,14,27,2019-06-03 07:03:01,1,菜市口西,马圈
57,14,34,2019-06-03 07:03:01,1,菜市口西,四惠枢纽站
57,14,28,2019-06-03 07:03:01,1,菜市口西,垂杨柳
57,16,27,2019-06-03 07:09:01,1,虎坊桥路口东,马圈
57,18,24,2019-06-03 07:15:01,1,过街楼,培新街
57,18,22,2019-06-03 07:15:01,1,过街楼,磁器口西
57,18,27,2019-06-03 07:15:01,1,过街楼,马圈
57,18,28,2019-06-03 07:15:01,1,过街楼,垂杨柳
57,19,24,2019-06-03 07:16:01,1,东城三里河,培新街
57,19,21,2019-06-03 07:16:01,1,东城三里河,水道子
57,18,34,2019-06-03 07:16:01,1,过街楼,四惠枢纽站
57,20,28,2019-06-03 07:18:01,1,桥湾,垂杨柳
57,21,28,2019-06-03 07:19:01,1,水道子,垂杨柳
57,23,26,2019-06-03 07:21:01,1,榄杆市,广渠门内
57,23,23,2019-06-03 07:21:01,1,榄杆市,榄杆市
57,24,25,2019-06-03 07:26:01,1,培新街,安化楼
57,24,25,2019-06-03 07:26:01,1,培新街,安化楼
57,24,28,2019-06-03 07:26:01,1,培新街,垂杨柳
57,24,34,2019-06-03 07:26:01,1,培新街,四惠枢纽站
57,24,27,2019-06-03 07:27:01,1,培新街,马圈
57,24,26,2019-06-03 07:27:01,1,培新街,广渠门内
57,24,28,2019-06-03 07:27:01,1,培新街,垂杨柳
57,24,28,2019-06-03 07:27:01,1,培新街,垂杨柳
57,25,27,2019-06-03 07:28:01,1,安化楼,马圈
57,25,27,2019-06-03 07:28:01,1,安化楼,马圈
57,24,26,2019-06-03 07:28:01,1,培新街,广渠门内
57,25,28,2019-06-03 07:28:01,1,安化楼,垂杨柳
57,24,28,2019-06-03 07:28:01,1,培新街,垂杨柳
57,25,27,2019-06-03 07:28:01,1,安化楼,马圈
57,25,28,2019-06-03 07:28:01,1,安化楼,垂杨柳
57,25,28,2019-06-03 07:28:01,1,安化楼,垂杨柳
57,25,28,2019-06-03 07:28:01,1,安化楼,垂杨柳
57,25,27,2019-06-03 07:29:01,1,安化楼,马圈
57,26,27,2019-06-03 07:32:01,1,广渠门内,马圈
57,26,28,2019-06-03 07:32:01,1,广渠门内,垂杨柳
57,26,34,2019-06-03 07:32:01,1,广渠门内,四惠枢纽站
57,26,28,2019-06-03 07:32:01,1,广渠门内,垂杨柳
57,27,28,2019-06-03 07:44:01,1,马圈,垂杨柳
57,27,28,2019-06-03 07:44:01,1,马圈,垂杨柳
57,28,28,2019-06-03 07:57:01,1,垂杨柳,垂杨柳
57,28,34,2019-06-03 07:57:01,1,垂杨柳,四惠枢纽站
57,28,28,2019-06-03 08:00:01,1,垂杨柳,垂杨柳
57,28,34,2019-06-03 08:01:01,1,垂杨柳,四惠枢纽站
57,1,4,2019-06-03 08:07:01,1,靛厂新村,水衙沟路东口
57,1,7,2019-06-03 08:07:01,1,靛厂新村,六里桥西
57,1,6,2019-06-03 08:07:01,1,靛厂新村,小井路口东
57,1,7,2019-06-03 08:07:01,1,靛厂新村,六里桥西
57,1,7,2019-06-03 08:07:01,1,靛厂新村,六里桥西
57,1,7,2019-06-03 08:07:01,1,靛厂新村,六里桥西
57,1,10,2019-06-03 08:07:01,1,靛厂新村,湾子
57,2,7,2019-06-03 08:08:01,1,岳各庄东路北口,六里桥西
57,2,11,2019-06-03 08:08:01,1,岳各庄东路北口,达官营
57,2,7,2019-06-03 08:09:01,1,岳各庄东路北口,六里桥西
57,2,9,2019-06-03 08:09:01,1,岳各庄东路北口,莲花池
57,2,10,2019-06-03 08:09:01,1,岳各庄东路北口,湾子
57,3,7,2019-06-03 08:10:01,1,靛厂村南站,六里桥西
57,3,10,2019-06-03 08:10:01,1,靛厂村南站,湾子
57,3,13,2019-06-03 08:10:01,1,靛厂村南站,牛街路口东
57,3,4,2019-06-03 08:11:01,1,靛厂村南站,水衙沟路东口
57,4,11,2019-06-03 08:11:01,1,水衙沟路东口,达官营
57,3,10,2019-06-03 08:11:01,1,靛厂村南站,湾子
57,4,14,2019-06-03 08:11:01,1,水衙沟路东口,菜市口西
57,4,10,2019-06-03 08:11:01,1,水衙沟路东口,湾子
57,4,16,2019-06-03 08:11:01,1,水衙沟路东口,虎坊桥路口东
57,4,12,2019-06-03 08:12:01,1,水衙沟路东口,广安门内
57,6,7,2019-06-03 08:18:01,1,小井路口东,六里桥西
57,6,12,2019-06-03 08:18:01,1,小井路口东,广安门内
57,6,11,2019-06-03 08:18:01,1,小井路口东,达官营
57,6,10,2019-06-03 08:18:01,1,小井路口东,湾子
57,6,11,2019-06-03 08:18:01,1,小井路口东,达官营
57,6,20,2019-06-03 08:18:01,1,小井路口东,桥湾
57,7,10,2019-06-03 08:22:01,1,六里桥西,湾子
57,7,12,2019-06-03 08:35:01,1,六里桥西,广安门内
57,7,22,2019-06-03 08:35:01,1,六里桥西,磁器口西
57,7,22,2019-06-03 08:35:01,1,六里桥西,磁器口西
57,7,22,2019-06-03 08:35:01,1,六里桥西,磁器口西
57,7,33,2019-06-03 08:35:01,1,六里桥西,郎家园
57,7,28,2019-06-03 08:35:01,1,六里桥西,垂杨柳
57,7,16,2019-06-03 08:35:01,1,六里桥西,虎坊桥路口东
57,7,18,2019-06-03 08:35:01,1,六里桥西,过街楼
57,7,23,2019-06-03 08:36:01,1,六里桥西,榄杆市
57,7,25,2019-06-03 08:36:01,1,六里桥西,安化楼
57,7,12,2019-06-03 08:36:01,1,六里桥西,广安门内
57,7,10,2019-06-03 08:36:01,1,六里桥西,湾子
57,7,11,2019-06-03 08:36:01,1,六里桥西,达官营
57,7,13,2019-06-03 08:36:01,1,六里桥西,牛街路口东
57,7,12,2019-06-03 08:36:01,1,六里桥西,广安门内
57,7,14,2019-06-03 08:36:01,1,六里桥西,菜市口西
57,7,10,2019-06-03 08:36:01,1,六里桥西,湾子
57,7,14,2019-06-03 08:36:01,1,六里桥西,菜市口西
57,7,14,2019-06-03 08:36:01,1,六里桥西,菜市口西
57,7,23,2019-06-03 08:36:01,1,六里桥西,榄杆市
57,7,23,2019-06-03 08:36:01,1,六里桥西,榄杆市
57,7,34,2019-06-03 08:36:01,1,六里桥西,四惠枢纽站
57,7,7,2019-06-03 08:36:01,1,六里桥西,六里桥西
57,7,7,2019-06-03 08:36:01,1,六里桥西,六里桥西
57,7,14,2019-06-03 08:36:01,1,六里桥西,菜市口西
57,7,20,2019-06-03 08:36:01,1,六里桥西,桥湾
57,7,20,2019-06-03 08:36:01,1,六里桥西,桥湾
57,7,18,2019-06-03 08:36:01,1,六里桥西,过街楼
57,10,10,2019-06-03 08:43:01,1,湾子,湾子
57,9,12,2019-06-03 08:43:01,1,莲花池,广安门内
57,9,12,2019-06-03 08:43:01,1,莲花池,广安门内
57,9,20,2019-06-03 08:43:01,1,莲花池,桥湾
57,9,16,2019-06-03 08:43:01,1,莲花池,虎坊桥路口东
57,9,16,2019-06-03 08:43:01,1,莲花池,虎坊桥路口东
57,10,20,2019-06-03 08:45:01,1,湾子,桥湾
57,10,25,2019-06-03 08:46:01,1,湾子,安化楼
57,10,13,2019-06-03 08:46:01,1,湾子,牛街路口东
57,10,13,2019-06-03 08:46:01,1,湾子,牛街路口东
57,10,12,2019-06-03 08:46:01,1,湾子,广安门内
57,10,13,2019-06-03 08:46:01,1,湾子,牛街路口东
57,11,33,2019-06-03 08:47:01,1,达官营,郎家园
57,11,11,2019-06-03 08:47:01,1,达官营,达官营
57,11,12,2019-06-03 08:47:01,1,达官营,广安门内
57,11,13,2019-06-03 08:47:01,1,达官营,牛街路口东
57,11,11,2019-06-03 08:47:01,1,达官营,达官营
57,11,11,2019-06-03 08:47:01,1,达官营,达官营
57,11,11,2019-06-03 08:47:01,1,达官营,达官营
57,11,20,2019-06-03 08:47:01,1,达官营,桥湾
57,11,15,2019-06-03 08:47:01,1,达官营,虎坊桥路口西
57,11,17,2019-06-03 08:47:01,1,达官营,板章路
57,11,16,2019-06-03 08:47:01,1,达官营,虎坊桥路口东
57,12,13,2019-06-03 08:50:01,1,广安门内,牛街路口东
57,12,29,2019-06-03 08:50:01,1,广安门内,双井桥北
57,12,16,2019-06-03 08:50:01,1,广安门内,虎坊桥路口东
57,13,20,2019-06-03 08:52:01,1,牛街路口东,桥湾
57,14,24,2019-06-03 08:55:01,1,菜市口西,培新街
57,14,31,2019-06-03 08:55:01,1,菜市口西,大北窑南
57,14,16,2019-06-03 08:55:01,1,菜市口西,虎坊桥路口东
57,14,16,2019-06-03 08:55:01,1,菜市口西,虎坊桥路口东
57,14,14,2019-06-03 08:55:01,1,菜市口西,菜市口西
57,15,18,2019-06-03 08:57:01,1,虎坊桥路口西,过街楼
57,16,25,2019-06-03 08:59:01,1,虎坊桥路口东,安化楼
57,17,24,2019-06-03 09:01:01,1,板章路,培新街
57,17,27,2019-06-03 09:01:01,1,板章路,马圈
57,17,24,2019-06-03 09:01:01,1,板章路,培新街
57,17,20,2019-06-03 09:01:01,1,板章路,桥湾
57,17,28,2019-06-03 09:01:01,1,板章路,垂杨柳
57,17,31,2019-06-03 09:01:01,1,板章路,大北窑南
57,17,20,2019-06-03 09:01:01,1,板章路,桥湾
57,18,24,2019-06-03 09:07:01,1,过街楼,培新街
57,18,24,2019-06-03 09:07:01,1,过街楼,培新街
57,18,19,2019-06-03 09:07:01,1,过街楼,东城三里河
57,19,27,2019-06-03 09:08:01,1,东城三里河,马圈
57,19,20,2019-06-03 09:08:01,1,东城三里河,桥湾
57,20,34,2019-06-03 09:13:01,1,桥湾,四惠枢纽站
57,20,24,2019-06-03 09:13:01,1,桥湾,培新街
57,20,24,2019-06-03 09:13:01,1,桥湾,培新街
57,20,23,2019-06-03 09:13:01,1,桥湾,榄杆市
57,22,28,2019-06-03 09:14:01,1,磁器口西,垂杨柳
57,22,28,2019-06-03 09:14:01,1,磁器口西,垂杨柳
57,23,34,2019-06-03 09:17:01,1,榄杆市,四惠枢纽站
57,23,27,2019-06-03 09:17:01,1,榄杆市,马圈
57,23,27,2019-06-03 09:17:01,1,榄杆市,马圈
57,23,28,2019-06-03 09:17:01,1,榄杆市,垂杨柳
57,23,24,2019-06-03 09:18:01,1,榄杆市,培新街
57,23,24,2019-06-03 09:18:01,1,榄杆市,培新街
57,23,29,2019-06-03 09:18:01,1,榄杆市,双井桥北
57,24,33,2019-06-03 09:21:01,1,培新街,郎家园
57,24,26,2019-06-03 09:21:01,1,培新街,广渠门内
57,24,27,2019-06-03 09:21:01,1,培新街,马圈
57,24,25,2019-06-03 09:21:01,1,培新街,安化楼
57,24,24,2019-06-03 09:21:01,1,培新街,培新街
57,24,31,2019-06-03 09:21:01,1,培新街,大北窑南
57,24,32,2019-06-03 09:21:01,1,培新街,大北窑东
57,24,32,2019-06-03 09:21:01,1,培新街,大北窑东
57,25,29,2019-06-03 09:22:01,1,安化楼,双井桥北
57,25,28,2019-06-03 09:22:01,1,安化楼,垂杨柳
57,25,25,2019-06-03 09:22:01,1,安化楼,安化楼
57,25,28,2019-06-03 09:22:01,1,安化楼,垂杨柳
57,28,34,2019-06-03 09:27:01,1,垂杨柳,四惠枢纽站
57,28,33,2019-06-03 09:27:01,1,垂杨柳,郎家园
57,28,31,2019-06-03 09:27:01,1,垂杨柳,大北窑南
57,28,31,2019-06-03 09:27:01,1,垂杨柳,大北窑南
57,28,32,2019-06-03 09:27:01,1,垂杨柳,大北窑东
57,28,33,2019-06-03 09:27:01,1,垂杨柳,郎家园
57,1,5,2019-06-03 08:04:01,1,靛厂新村,白塔村
57,1,7,2019-06-03 08:04:01,1,靛厂新村,六里桥西
57,1,5,2019-06-03 08:04:01,1,靛厂新村,白塔村
57,1,4,2019-06-03 08:04:01,1,靛厂新村,水衙沟路东口
57,1,7,2019-06-03 08:04:01,1,靛厂新村,六里桥西
57,1,5,2019-06-03 08:04:01,1,靛厂新村,白塔村
57,1,7,2019-06-03 08:04:01,1,靛厂新村,六里桥西
57,1,4,2019-06-03 08:04:01,1,靛厂新村,水衙沟路东口
57,1,8,2019-06-03 08:04:01,1,靛厂新村,六里桥东
57,1,8,2019-06-03 08:04:01,1,靛厂新村,六里桥东
57,1,20,2019-06-03 08:04:01,1,靛厂新村,桥湾
57,1,13,2019-06-03 08:04:01,1,靛厂新村,牛街路口东
57,1,14,2019-06-03 08:04:01,1,靛厂新村,菜市口西
57,1,14,2019-06-03 08:04:01,1,靛厂新村,菜市口西
57,1,31,2019-06-03 08:04:01,1,靛厂新村,大北窑南
57,2,5,2019-06-03 08:05:01,1,岳各庄东路北口,白塔村
57,2,2,2019-06-03 08:05:01,1,岳各庄东路北口,岳各庄东路北口
57,2,7,2019-06-03 08:05:01,1,岳各庄东路北口,六里桥西
57,2,2,2019-06-03 08:05:01,1,岳各庄东路北口,岳各庄东路北口
57,2,8,2019-06-03 08:05:01,1,岳各庄东路北口,六里桥东
57,2,10,2019-06-03 08:05:01,1,岳各庄东路北口,湾子
57,2,31,2019-06-03 08:05:01,1,岳各庄东路北口,大北窑南
57,2,2,2019-06-03 08:06:01,1,岳各庄东路北口,岳各庄东路北口
57,2,4,2019-06-03 08:06:01,1,岳各庄东路北口,水衙沟路东口
57,2,9,2019-06-03 08:06:01,1,岳各庄东路北口,莲花池
57,2,7,2019-06-03 08:08:01,1,岳各庄东路北口,六里桥西
57,2,2,2019-06-03 08:08:01,1,岳各庄东路北口,岳各庄东路北口
57,4,7,2019-06-03 08:09:01,1,水衙沟路东口,六里桥西
57,4,8,2019-06-03 08:09:01,1,水衙沟路东口,六里桥东
57,4,5,2019-06-03 08:09:01,1,水衙沟路东口,白塔村
57,2,7,2019-06-03 08:09:01,1,岳各庄东路北口,六里桥西
57,4,7,2019-06-03 08:09:01,1,水衙沟路东口,六里桥西
57,4,7,2019-06-03 08:09:01,1,水衙沟路东口,六里桥西
57,4,7,2019-06-03 08:09:01,1,水衙沟路东口,六里桥西
57,4,8,2019-06-03 08:09:01,1,水衙沟路东口,六里桥东
57,4,8,2019-06-03 08:09:01,1,水衙沟路东口,六里桥东
57,4,10,2019-06-03 08:09:01,1,水衙沟路东口,湾子
57,5,18,2019-06-03 08:10:01,1,白塔村,过街楼
57,5,10,2019-06-03 08:11:01,1,白塔村,湾子
57,5,11,2019-06-03 08:11:01,1,白塔村,达官营
57,5,8,2019-06-03 08:12:01,1,白塔村,六里桥东
57,5,18,2019-06-03 08:12:01,1,白塔村,过街楼
57,5,20,2019-06-03 08:12:01,1,白塔村,桥湾
57,5,5,2019-06-03 08:13:01,1,白塔村,白塔村
57,5,12,2019-06-03 08:13:01,1,白塔村,广安门内
57,5,12,2019-06-03 08:13:01,1,白塔村,广安门内
57,5,13,2019-06-03 08:13:01,1,白塔村,牛街路口东
57,5,19,2019-06-03 08:13:01,1,白塔村,东城三里河
57,5,8,2019-06-03 08:13:01,1,白塔村,六里桥东
57,7,11,2019-06-03 08:17:01,1,六里桥西,达官营
57,7,14,2019-06-03 08:17:01,1,六里桥西,菜市口西
57,7,13,2019-06-03 08:17:01,1,六里桥西,牛街路口东
57,7,13,2019-06-03 08:17:01,1,六里桥西,牛街路口东
57,7,10,2019-06-03 08:17:01,1,六里桥西,湾子
57,7,8,2019-06-03 08:17:01,1,六里桥西,六里桥东
57,8,10,2019-06-03 08:33:01,1,六里桥东,湾子
57,8,22,2019-06-03 08:33:01,1,六里桥东,磁器口西
57,8,20,2019-06-03 08:33:01,1,六里桥东,桥湾
57,8,14,2019-06-03 08:33:01,1,六里桥东,菜市口西
57,8,9,2019-06-03 08:33:01,1,六里桥东,莲花池
57,8,14,2019-06-03 08:33:01,1,六里桥东,菜市口西
57,8,29,2019-06-03 08:33:01,1,六里桥东,双井桥北
57,8,18,2019-06-03 08:33:01,1,六里桥东,过街楼
57,8,30,2019-06-03 08:33:01,1,六里桥东,双花园
57,8,30,2019-06-03 08:33:01,1,六里桥东,双花园
57,8,10,2019-06-03 08:33:01,1,六里桥东,湾子
57,8,8,2019-06-03 08:34:01,1,六里桥东,六里桥东
57,8,14,2019-06-03 08:34:01,1,六里桥东,菜市口西
57,8,14,2019-06-03 08:34:01,1,六里桥东,菜市口西
57,8,8,2019-06-03 08:34:01,1,六里桥东,六里桥东
57,8,14,2019-06-03 08:34:01,1,六里桥东,菜市口西
57,10,13,2019-06-03 08:38:01,1,湾子,牛街路口东
57,9,13,2019-06-03 08:38:01,1,莲花池,牛街路口东
57,9,12,2019-06-03 08:38:01,1,莲花池,广安门内
57,9,24,2019-06-03 08:38:01,1,莲花池,培新街
57,10,11,2019-06-03 08:42:01,1,湾子,达官营
57,10,14,2019-06-03 08:42:01,1,湾子,菜市口西
57,10,12,2019-06-03 08:42:01,1,湾子,广安门内
57,10,14,2019-06-03 08:42:01,1,湾子,菜市口西
57,10,20,2019-06-03 08:42:01,1,湾子,桥湾
57,10,12,2019-06-03 08:42:01,1,湾子,广安门内
57,10,12,2019-06-03 08:42:01,1,湾子,广安门内
57,11,14,2019-06-03 08:43:01,1,达官营,菜市口西
57,11,11,2019-06-03 08:43:01,1,达官营,达官营
57,11,26,2019-06-03 08:43:01,1,达官营,广渠门内
57,11,14,2019-06-03 08:43:01,1,达官营,菜市口西
57,11,14,2019-06-03 08:43:01,1,达官营,菜市口西
57,11,14,2019-06-03 08:43:01,1,达官营,菜市口西
57,11,14,2019-06-03 08:44:01,1,达官营,菜市口西
57,11,21,2019-06-03 08:44:01,1,达官营,水道子
57,11,22,2019-06-03 08:44:01,1,达官营,磁器口西
57,11,12,2019-06-03 08:44:01,1,达官营,广安门内
57,11,18,2019-06-03 08:44:01,1,达官营,过街楼
57,11,29,2019-06-03 08:44:01,1,达官营,双井桥北
57,11,30,2019-06-03 08:44:01,1,达官营,双花园
57,11,29,2019-06-03 08:44:01,1,达官营,双井桥北
57,11,22,2019-06-03 08:44:01,1,达官营,磁器口西
57,11,26,2019-06-03 08:44:01,1,达官营,广渠门内
57,11,12,2019-06-03 08:44:01,1,达官营,广安门内
57,11,12,2019-06-03 08:44:01,1,达官营,广安门内
57,11,12,2019-06-03 08:44:01,1,达官营,广安门内
57,12,29,2019-06-03 08:46:01,1,广安门内,双井桥北
57,12,24,2019-06-03 08:46:01,1,广安门内,培新街
57,12,21,2019-06-03 08:46:01,1,广安门内,水道子
57,12,22,2019-06-03 08:46:01,1,广安门内,磁器口西
57,12,22,2019-06-03 08:46:01,1,广安门内,磁器口西
57,12,34,2019-06-03 08:46:01,1,广安门内,四惠枢纽站
57,13,14,2019-06-03 08:49:01,1,牛街路口东,菜市口西
57,13,24,2019-06-03 08:49:01,1,牛街路口东,培新街
57,13,13,2019-06-03 08:49:01,1,牛街路口东,牛街路口东
57,13,23,2019-06-03 08:49:01,1,牛街路口东,榄杆市
57,13,29,2019-06-03 08:49:01,1,牛街路口东,双井桥北
57,13,29,2019-06-03 08:49:01,1,牛街路口东,双井桥北
57,14,30,2019-06-03 08:51:01,1,菜市口西,双花园
57,14,14,2019-06-03 08:51:01,1,菜市口西,菜市口西
57,14,14,2019-06-03 08:51:01,1,菜市口西,菜市口西
57,14,23,2019-06-03 08:51:01,1,菜市口西,榄杆市
57,14,32,2019-06-03 08:51:01,1,菜市口西,大北窑东
57,14,29,2019-06-03 08:51:01,1,菜市口西,双井桥北
57,14,30,2019-06-03 08:56:01,1,菜市口西,双花园
57,17,26,2019-06-03 08:57:01,1,板章路,广渠门内
57,19,23,2019-06-03 09:03:01,1,东城三里河,榄杆市
57,18,23,2019-06-03 09:03:01,1,过街楼,榄杆市
57,24,25,2019-06-03 09:13:01,1,培新街,安化楼
57,24,31,2019-06-03 09:13:01,1,培新街,大北窑南
57,25,26,2019-06-03 09:15:01,1,安化楼,广渠门内
57,25,26,2019-06-03 09:15:01,1,安化楼,广渠门内
57,25,25,2019-06-03 09:15:01,1,安化楼,安化楼
57,25,26,2019-06-03 09:15:01,1,安化楼,广渠门内
57,25,25,2019-06-03 09:15:01,1,安化楼,安化楼
57,26,29,2019-06-03 09:17:01,1,广渠门内,双井桥北
57,26,29,2019-06-03 09:17:01,1,广渠门内,双井桥北
57,26,26,2019-06-03 09:17:01,1,广渠门内,广渠门内
57,26,27,2019-06-03 09:17:01,1,广渠门内,马圈
57,26,30,2019-06-03 09:17:01,1,广渠门内,双花园
57,26,30,2019-06-03 09:17:01,1,广渠门内,双花园
57,26,26,2019-06-03 09:17:01,1,广渠门内,广渠门内
57,26,30,2019-06-03 09:17:01,1,广渠门内,双花园
57,26,26,2019-06-03 09:17:01,1,广渠门内,广渠门内
57,26,32,2019-06-03 09:17:01,1,广渠门内,大北窑东
57,27,29,2019-06-03 09:19:01,1,马圈,双井桥北
57,27,34,2019-06-03 09:19:01,1,马圈,四惠枢纽站
57,27,34,2019-06-03 09:19:01,1,马圈,四惠枢纽站
57,27,32,2019-06-03 09:19:01,1,马圈,大北窑东
57,27,34,2019-06-03 09:19:01,1,马圈,四惠枢纽站
57,29,34,2019-06-03 09:22:01,1,双井桥北,四惠枢纽站
57,29,31,2019-06-03 09:22:01,1,双井桥北,大北窑南
57,29,34,2019-06-03 09:22:01,1,双井桥北,四惠枢纽站
57,29,30,2019-06-03 09:23:01,1,双井桥北,双花园
57,29,34,2019-06-03 09:23:01,1,双井桥北,四惠枢纽站
57,29,30,2019-06-03 09:23:01,1,双井桥北,双花园
57,30,30,2019-06-03 09:27:01,1,双花园,双花园
57,30,32,2019-06-03 09:27:01,1,双花园,大北窑东
57,30,34,2019-06-03 09:27:01,1,双花园,四惠枢纽站
57,30,34,2019-06-03 09:27:01,1,双花园,四惠枢纽站
57,31,34,2019-06-03 09:29:01,1,大北窑南,四惠枢纽站
57,1,4,2019-06-03 07:00:01,1,靛厂新村,水衙沟路东口
57,1,4,2019-06-03 07:00:01,1,靛厂新村,水衙沟路东口
57,1,10,2019-06-03 07:00:01,1,靛厂新村,湾子
57,1,10,2019-06-03 07:00:01,1,靛厂新村,湾子
57,1,10,2019-06-03 07:00:01,1,靛厂新村,湾子
57,1,10,2019-06-03 07:00:01,1,靛厂新村,湾子
57,1,23,2019-06-03 07:00:01,1,靛厂新村,榄杆市
57,1,4,2019-06-03 07:00:01,1,靛厂新村,水衙沟路东口
57,1,4,2019-06-03 07:00:01,1,靛厂新村,水衙沟路东口
57,1,4,2019-06-03 07:00:01,1,靛厂新村,水衙沟路东口
57,1,4,2019-06-03 07:00:01,1,靛厂新村,水衙沟路东口
57,1,4,2019-06-03 07:00:01,1,靛厂新村,水衙沟路东口
57,1,18,2019-06-03 07:00:01,1,靛厂新村,过街楼
57,1,18,2019-06-03 07:00:01,1,靛厂新村,过街楼
57,1,18,2019-06-03 07:00:01,1,靛厂新村,过街楼
57,2,10,2019-06-03 07:02:01,1,岳各庄东路北口,湾子
57,2,4,2019-06-03 07:02:01,1,岳各庄东路北口,水衙沟路东口
57,2,4,2019-06-03 07:02:01,1,岳各庄东路北口,水衙沟路东口
57,2,13,2019-06-03 07:02:01,1,岳各庄东路北口,牛街路口东
57,3,10,2019-06-03 07:03:01,1,靛厂村南站,湾子
57,3,10,2019-06-03 07:03:01,1,靛厂村南站,湾子
57,3,8,2019-06-03 07:03:01,1,靛厂村南站,六里桥东
57,4,10,2019-06-03 07:04:01,1,水衙沟路东口,湾子
57,4,10,2019-06-03 07:04:01,1,水衙沟路东口,湾子
57,4,10,2019-06-03 07:04:01,1,水衙沟路东口,湾子
57,4,30,2019-06-03 07:04:01,1,水衙沟路东口,双花园
57,4,4,2019-06-03 07:04:01,1,水衙沟路东口,水衙沟路东口
57,4,4,2019-06-03 07:04:01,1,水衙沟路东口,水衙沟路东口
57,4,4,2019-06-03 07:04:01,1,水衙沟路东口,水衙沟路东口
57,4,4,2019-06-03 07:04:01,1,水衙沟路东口,水衙沟路东口
57,4,4,2019-06-03 07:04:01,1,水衙沟路东口,水衙沟路东口
57,4,4,2019-06-03 07:04:01,1,水衙沟路东口,水衙沟路东口
57,4,13,2019-06-03 07:04:01,1,水衙沟路东口,牛街路口东
57,4,4,2019-06-03 07:04:01,1,水衙沟路东口,水衙沟路东口
57,4,12,2019-06-03 07:04:01,1,水衙沟路东口,广安门内
57,4,23,2019-06-03 07:06:01,1,水衙沟路东口,榄杆市
57,4,4,2019-06-03 07:06:01,1,水衙沟路东口,水衙沟路东口
57,4,10,2019-06-03 07:08:01,1,水衙沟路东口,湾子
57,4,19,2019-06-03 07:08:01,1,水衙沟路东口,东城三里河
57,4,22,2019-06-03 07:08:01,1,水衙沟路东口,磁器口西
57,4,19,2019-06-03 07:08:01,1,水衙沟路东口,东城三里河
57,4,15,2019-06-03 07:08:01,1,水衙沟路东口,虎坊桥路口西
57,4,18,2019-06-03 07:08:01,1,水衙沟路东口,过街楼
57,4,10,2019-06-03 07:11:01,1,水衙沟路东口,湾子
57,4,22,2019-06-03 07:11:01,1,水衙沟路东口,磁器口西
57,4,22,2019-06-03 07:11:01,1,水衙沟路东口,磁器口西
57,8,23,2019-06-03 07:22:01,1,六里桥东,榄杆市
57,8,19,2019-06-03 07:22:01,1,六里桥东,东城三里河
57,8,22,2019-06-03 07:22:01,1,六里桥东,磁器口西
57,8,23,2019-06-03 07:22:01,1,六里桥东,榄杆市
57,8,24,2019-06-03 07:22:01,1,六里桥东,培新街
57,8,29,2019-06-03 07:22:01,1,六里桥东,双井桥北
57,8,29,2019-06-03 07:22:01,1,六里桥东,双井桥北
57,8,15,2019-06-03 07:22:01,1,六里桥东,虎坊桥路口西
57,8,14,2019-06-03 07:22:01,1,六里桥东,菜市口西
57,8,15,2019-06-03 07:22:01,1,六里桥东,虎坊桥路口西
57,8,14,2019-06-03 07:22:01,1,六里桥东,菜市口西
57,8,15,2019-06-03 07:22:01,1,六里桥东,虎坊桥路口西
57,8,16,2019-06-03 07:22:01,1,六里桥东,虎坊桥路口东
57,8,16,2019-06-03 07:22:01,1,六里桥东,虎坊桥路口东
57,8,18,2019-06-03 07:22:01,1,六里桥东,过街楼
57,8,18,2019-06-03 07:22:01,1,六里桥东,过街楼
57,8,18,2019-06-03 07:22:01,1,六里桥东,过街楼
57,8,10,2019-06-03 07:23:01,1,六里桥东,湾子
57,8,10,2019-06-03 07:23:01,1,六里桥东,湾子
57,8,24,2019-06-03 07:23:01,1,六里桥东,培新街
57,8,22,2019-06-03 07:23:01,1,六里桥东,磁器口西
57,8,22,2019-06-03 07:23:01,1,六里桥东,磁器口西
57,8,23,2019-06-03 07:23:01,1,六里桥东,榄杆市
57,8,29,2019-06-03 07:23:01,1,六里桥东,双井桥北
57,8,33,2019-06-03 07:23:01,1,六里桥东,郎家园
57,8,16,2019-06-03 07:23:01,1,六里桥东,虎坊桥路口东
57,8,13,2019-06-03 07:23:01,1,六里桥东,牛街路口东
57,8,14,2019-06-03 07:23:01,1,六里桥东,菜市口西
57,8,16,2019-06-03 07:23:01,1,六里桥东,虎坊桥路口东
57,8,18,2019-06-03 07:23:01,1,六里桥东,过街楼
57,9,23,2019-06-03 07:27:01,1,莲花池,榄杆市
57,9,13,2019-06-03 07:27:01,1,莲花池,牛街路口东
57,10,10,2019-06-03 07:31:01,1,湾子,湾子
57,10,13,2019-06-03 07:31:01,1,湾子,牛街路口东
57,10,13,2019-06-03 07:31:01,1,湾子,牛街路口东
57,10,10,2019-06-03 07:34:01,1,湾子,湾子
57,10,10,2019-06-03 07:34:01,1,湾子,湾子
57,10,23,2019-06-03 07:34:01,1,湾子,榄杆市
57,10,31,2019-06-03 07:34:01,1,湾子,大北窑南
57,10,13,2019-06-03 07:34:01,1,湾子,牛街路口东
57,10,15,2019-06-03 07:34:01,1,湾子,虎坊桥路口西
57,10,23,2019-06-03 07:37:01,1,湾子,榄杆市
57,10,15,2019-06-03 07:37:01,1,湾子,虎坊桥路口西
57,12,23,2019-06-03 07:38:01,1,广安门内,榄杆市
57,12,29,2019-06-03 07:38:01,1,广安门内,双井桥北
57,12,16,2019-06-03 07:38:01,1,广安门内,虎坊桥路口东
57,12,12,2019-06-03 07:39:01,1,广安门内,广安门内
57,12,12,2019-06-03 07:39:01,1,广安门内,广安门内
57,13,29,2019-06-03 07:43:01,1,牛街路口东,双井桥北
57,35,11,2019-06-03 07:45:01,1,四惠枢纽站,达官营
57,13,23,2019-06-03 07:46:01,1,牛街路口东,榄杆市
57,18,18,2019-06-03 08:02:01,1,过街楼,过街楼
57,18,23,2019-06-03 08:10:01,1,过街楼,榄杆市
57,18,22,2019-06-03 08:11:01,1,过街楼,磁器口西
57,22,24,2019-06-03 08:14:01,1,磁器口西,培新街
57,22,23,2019-06-03 08:14:01,1,磁器口西,榄杆市
57,22,23,2019-06-03 08:14:01,1,磁器口西,榄杆市
57,22,24,2019-06-03 08:14:01,1,磁器口西,培新街
57,22,31,2019-06-03 08:14:01,1,磁器口西,大北窑南
57,22,29,2019-06-03 08:14:01,1,磁器口西,双井桥北
57,22,22,2019-06-03 08:15:01,1,磁器口西,磁器口西
57,22,23,2019-06-03 08:16:01,1,磁器口西,榄杆市
57,22,23,2019-06-03 08:16:01,1,磁器口西,榄杆市
57,22,24,2019-06-03 08:16:01,1,磁器口西,培新街
57,22,29,2019-06-03 08:16:01,1,磁器口西,双井桥北
57,22,24,2019-06-03 08:16:01,1,磁器口西,培新街
57,22,31,2019-06-03 08:16:01,1,磁器口西,大北窑南
57,23,29,2019-06-03 08:21:01,1,榄杆市,双井桥北
57,23,24,2019-06-03 08:21:01,1,榄杆市,培新街
57,23,24,2019-06-03 08:21:01,1,榄杆市,培新街
57,23,31,2019-06-03 08:21:01,1,榄杆市,大北窑南
57,23,29,2019-06-03 08:21:01,1,榄杆市,双井桥北
57,23,29,2019-06-03 08:21:01,1,榄杆市,双井桥北
57,23,31,2019-06-03 08:21:01,1,榄杆市,大北窑南
57,23,29,2019-06-03 08:21:01,1,榄杆市,双井桥北
57,24,24,2019-06-03 08:26:01,1,培新街,培新街
57,24,29,2019-06-03 08:26:01,1,培新街,双井桥北
57,24,29,2019-06-03 08:26:01,1,培新街,双井桥北
57,24,29,2019-06-03 08:26:01,1,培新街,双井桥北
57,24,33,2019-06-03 08:26:01,1,培新街,郎家园
57,24,29,2019-06-03 08:26:01,1,培新街,双井桥北
57,24,29,2019-06-03 08:26:01,1,培新街,双井桥北
57,25,31,2019-06-03 08:29:01,1,安化楼,大北窑南
57,29,31,2019-06-03 08:41:01,1,双井桥北,大北窑南
57,1,1,2019-06-03 06:52:01,1,靛厂新村,靛厂新村
57,1,1,2019-06-03 06:52:01,1,靛厂新村,靛厂新村
57,1,1,2019-06-03 06:52:01,1,靛厂新村,靛厂新村
57,1,1,2019-06-03 06:52:01,1,靛厂新村,靛厂新村
57,1,1,2019-06-03 06:52:01,1,靛厂新村,靛厂新村
57,1,1,2019-06-03 06:53:01,1,靛厂新村,靛厂新村
57,1,1,2019-06-03 06:53:01,1,靛厂新村,靛厂新村
57,1,1,2019-06-03 07:00:01,1,靛厂新村,靛厂新村
57,1,1,2019-06-03 07:00:01,1,靛厂新村,靛厂新村
57,1,1,2019-06-03 07:02:01,1,靛厂新村,靛厂新村
57,1,1,2019-06-03 07:02:01,1,靛厂新村,靛厂新村
57,1,1,2019-06-03 07:04:01,1,靛厂新村,靛厂新村
57,1,1,2019-06-03 07:04:01,1,靛厂新村,靛厂新村
57,1,1,2019-06-03 07:04:01,1,靛厂新村,靛厂新村
57,1,1,2019-06-03 07:08:01,1,靛厂新村,靛厂新村
57,1,1,2019-06-03 07:13:01,1,靛厂新村,靛厂新村
57,1,1,2019-06-03 07:13:01,1,靛厂新村,靛厂新村
57,1,1,2019-06-03 07:14:01,1,靛厂新村,靛厂新村
57,1,1,2019-06-03 07:14:01,1,靛厂新村,靛厂新村
57,1,1,2019-06-03 07:14:01,1,靛厂新村,靛厂新村
57,1,1,2019-06-03 07:14:01,1,靛厂新村,靛厂新村
57,1,1,2019-06-03 07:14:01,1,靛厂新村,靛厂新村
57,1,1,2019-06-03 07:21:01,1,靛厂新村,靛厂新村
57,1,1,2019-06-03 07:21:01,1,靛厂新村,靛厂新村
57,1,1,2019-06-03 07:22:01,1,靛厂新村,靛厂新村
57,1,1,2019-06-03 07:24:01,1,靛厂新村,靛厂新村
57,1,1,2019-06-03 07:24:01,1,靛厂新村,靛厂新村
57,1,1,2019-06-03 07:28:01,1,靛厂新村,靛厂新村
57,1,1,2019-06-03 07:33:01,1,靛厂新村,靛厂新村
57,1,1,2019-06-03 07:36:01,1,靛厂新村,靛厂新村
57,1,1,2019-06-03 07:42:01,1,靛厂新村,靛厂新村
57,1,1,2019-06-03 07:44:01,1,靛厂新村,靛厂新村
57,1,1,2019-06-03 07:45:01,1,靛厂新村,靛厂新村
57,1,1,2019-06-03 07:47:01,1,靛厂新村,靛厂新村
57,1,1,2019-06-03 07:47:01,1,靛厂新村,靛厂新村
57,1,1,2019-06-03 07:47:01,1,靛厂新村,靛厂新村
57,1,1,2019-06-03 07:54:01,1,靛厂新村,靛厂新村
57,31,1,2019-06-03 08:41:01,1,大北窑南,靛厂新村
57,1,1,2019-06-03 08:45:01,1,靛厂新村,靛厂新村
57,1,1,2019-06-03 08:45:01,1,靛厂新村,靛厂新村
57,1,1,2019-06-03 08:45:01,1,靛厂新村,靛厂新村
57,1,1,2019-06-03 08:45:01,1,靛厂新村,靛厂新村
57,1,1,2019-06-03 08:45:01,1,靛厂新村,靛厂新村
57,1,1,2019-06-03 08:45:01,1,靛厂新村,靛厂新村
57,1,1,2019-06-03 08:45:01,1,靛厂新村,靛厂新村
57,1,1,2019-06-03 08:45:01,1,靛厂新村,靛厂新村
57,1,1,2019-06-03 08:45:01,1,靛厂新村,靛厂新村
57,1,1,2019-06-03 08:46:01,1,靛厂新村,靛厂新村
57,1,1,2019-06-03 08:46:01,1,靛厂新村,靛厂新村
57,1,1,2019-06-03 08:46:01,1,靛厂新村,靛厂新村
57,1,1,2019-06-03 08:46:01,1,靛厂新村,靛厂新村
57,1,1,2019-06-03 08:46:01,1,靛厂新村,靛厂新村
57,1,1,2019-06-03 08:46:01,1,靛厂新村,靛厂新村
57,1,1,2019-06-03 08:46:01,1,靛厂新村,靛厂新村
57,1,1,2019-06-03 08:46:01,1,靛厂新村,靛厂新村
57,1,1,2019-06-03 08:46:01,1,靛厂新村,靛厂新村
57,1,1,2019-06-03 08:46:01,1,靛厂新村,靛厂新村
57,1,1,2019-06-03 08:47:01,1,靛厂新村,靛厂新村
57,1,1,2019-06-03 08:47:01,1,靛厂新村,靛厂新村
57,1,1,2019-06-03 08:47:01,1,靛厂新村,靛厂新村
57,1,1,2019-06-03 08:47:01,1,靛厂新村,靛厂新村
57,1,1,2019-06-03 08:47:01,1,靛厂新村,靛厂新村
57,1,1,2019-06-03 08:47:01,1,靛厂新村,靛厂新村
57,1,1,2019-06-03 08:47:01,1,靛厂新村,靛厂新村
57,1,1,2019-06-03 08:49:01,1,靛厂新村,靛厂新村
57,1,1,2019-06-03 08:49:01,1,靛厂新村,靛厂新村
57,1,1,2019-06-03 08:49:01,1,靛厂新村,靛厂新村
57,1,1,2019-06-03 08:49:01,1,靛厂新村,靛厂新村
57,1,1,2019-06-03 08:49:01,1,靛厂新村,靛厂新村
57,1,1,2019-06-03 08:49:01,1,靛厂新村,靛厂新村
57,1,1,2019-06-03 08:49:01,1,靛厂新村,靛厂新村
57,1,1,2019-06-03 08:49:01,1,靛厂新村,靛厂新村
57,1,1,2019-06-03 08:49:01,1,靛厂新村,靛厂新村
57,1,1,2019-06-03 08:50:01,1,靛厂新村,靛厂新村
57,1,1,2019-06-03 08:50:01,1,靛厂新村,靛厂新村
57,1,1,2019-06-03 08:50:01,1,靛厂新村,靛厂新村
57,1,1,2019-06-03 08:50:01,1,靛厂新村,靛厂新村
57,1,1,2019-06-03 08:50:01,1,靛厂新村,靛厂新村
57,1,1,2019-06-03 08:50:01,1,靛厂新村,靛厂新村
57,1,1,2019-06-03 08:50:01,1,靛厂新村,靛厂新村
57,1,1,2019-06-03 08:50:01,1,靛厂新村,靛厂新村
57,1,1,2019-06-03 08:50:01,1,靛厂新村,靛厂新村
57,1,1,2019-06-03 08:50:01,1,靛厂新村,靛厂新村
57,1,1,2019-06-03 08:50:01,1,靛厂新村,靛厂新村
57,1,1,2019-06-03 08:52:01,1,靛厂新村,靛厂新村
57,1,1,2019-06-03 08:52:01,1,靛厂新村,靛厂新村
57,1,1,2019-06-03 08:55:01,1,靛厂新村,靛厂新村
57,1,1,2019-06-03 08:55:01,1,靛厂新村,靛厂新村
57,1,1,2019-06-03 08:55:01,1,靛厂新村,靛厂新村
57,1,1,2019-06-03 08:55:01,1,靛厂新村,靛厂新村
57,1,1,2019-06-03 08:55:01,1,靛厂新村,靛厂新村
57,1,1,2019-06-03 08:55:01,1,靛厂新村,靛厂新村
57,1,1,2019-06-03 08:58:01,1,靛厂新村,靛厂新村
57,1,1,2019-06-03 08:58:01,1,靛厂新村,靛厂新村
57,1,1,2019-06-03 08:58:01,1,靛厂新村,靛厂新村
57,1,1,2019-06-03 08:58:01,1,靛厂新村,靛厂新村
57,1,1,2019-06-03 09:01:01,1,靛厂新村,靛厂新村
57,1,1,2019-06-03 09:01:01,1,靛厂新村,靛厂新村
57,1,1,2019-06-03 09:01:01,1,靛厂新村,靛厂新村
57,1,1,2019-06-03 09:01:01,1,靛厂新村,靛厂新村
57,1,1,2019-06-03 09:01:01,1,靛厂新村,靛厂新村
57,1,1,2019-06-03 09:01:01,1,靛厂新村,靛厂新村
57,1,1,2019-06-03 09:01:01,1,靛厂新村,靛厂新村
57,1,1,2019-06-03 09:01:01,1,靛厂新村,靛厂新村
57,1,1,2019-06-03 09:02:01,1,靛厂新村,靛厂新村
57,1,1,2019-06-03 09:02:01,1,靛厂新村,靛厂新村
57,1,1,2019-06-03 09:02:01,1,靛厂新村,靛厂新村
57,1,1,2019-06-03 09:02:01,1,靛厂新村,靛厂新村
57,1,1,2019-06-03 09:02:01,1,靛厂新村,靛厂新村
57,1,1,2019-06-03 09:02:01,1,靛厂新村,靛厂新村
57,1,1,2019-06-03 09:02:01,1,靛厂新村,靛厂新村
57,1,1,2019-06-03 09:02:01,1,靛厂新村,靛厂新村
57,1,1,2019-06-03 09:02:01,1,靛厂新村,靛厂新村
57,1,1,2019-06-03 09:02:01,1,靛厂新村,靛厂新村
57,1,1,2019-06-03 09:02:01,1,靛厂新村,靛厂新村
57,1,1,2019-06-03 09:02:01,1,靛厂新村,靛厂新村
57,1,1,2019-06-03 09:02:01,1,靛厂新村,靛厂新村
57,1,1,2019-06-03 09:02:01,1,靛厂新村,靛厂新村
57,1,1,2019-06-03 09:02:01,1,靛厂新村,靛厂新村
57,1,1,2019-06-03 09:03:01,1,靛厂新村,靛厂新村
57,1,1,2019-06-03 09:08:01,1,靛厂新村,靛厂新村
57,1,1,2019-06-03 09:08:01,1,靛厂新村,靛厂新村
57,1,1,2019-06-03 09:08:01,1,靛厂新村,靛厂新村
57,1,1,2019-06-03 09:08:01,1,靛厂新村,靛厂新村
57,1,1,2019-06-03 09:08:01,1,靛厂新村,靛厂新村
57,1,1,2019-06-03 09:08:01,1,靛厂新村,靛厂新村
57,1,1,2019-06-03 09:10:01,1,靛厂新村,靛厂新村
57,1,1,2019-06-03 09:10:01,1,靛厂新村,靛厂新村
57,1,1,2019-06-03 09:10:01,1,靛厂新村,靛厂新村
57,1,1,2019-06-03 09:10:01,1,靛厂新村,靛厂新村
57,1,1,2019-06-03 09:10:01,1,靛厂新村,靛厂新村
57,1,1,2019-06-03 09:10:01,1,靛厂新村,靛厂新村
57,1,1,2019-06-03 09:10:01,1,靛厂新村,靛厂新村
57,1,1,2019-06-03 09:10:01,1,靛厂新村,靛厂新村
57,1,1,2019-06-03 09:10:01,1,靛厂新村,靛厂新村
57,1,1,2019-06-03 09:10:01,1,靛厂新村,靛厂新村
57,1,1,2019-06-03 09:13:01,1,靛厂新村,靛厂新村
57,1,1,2019-06-03 09:13:01,1,靛厂新村,靛厂新村
57,1,1,2019-06-03 09:13:01,1,靛厂新村,靛厂新村
57,1,1,2019-06-03 09:13:01,1,靛厂新村,靛厂新村
57,1,1,2019-06-03 09:13:01,1,靛厂新村,靛厂新村
57,1,1,2019-06-03 09:13:01,1,靛厂新村,靛厂新村
57,1,1,2019-06-03 09:13:01,1,靛厂新村,靛厂新村
57,1,1,2019-06-03 09:13:01,1,靛厂新村,靛厂新村
57,1,1,2019-06-03 09:13:01,1,靛厂新村,靛厂新村
57,1,1,2019-06-03 09:13:01,1,靛厂新村,靛厂新村
57,1,1,2019-06-03 09:13:01,1,靛厂新村,靛厂新村
57,1,1,2019-06-03 09:16:01,1,靛厂新村,靛厂新村
57,1,1,2019-06-03 09:16:01,1,靛厂新村,靛厂新村
57,1,1,2019-06-03 09:16:01,1,靛厂新村,靛厂新村
57,1,1,2019-06-03 09:17:01,1,靛厂新村,靛厂新村
57,1,1,2019-06-03 09:17:01,1,靛厂新村,靛厂新村
57,1,1,2019-06-03 09:17:01,1,靛厂新村,靛厂新村
57,1,1,2019-06-03 09:17:01,1,靛厂新村,靛厂新村
57,1,1,2019-06-03 09:17:01,1,靛厂新村,靛厂新村
57,1,1,2019-06-03 09:17:01,1,靛厂新村,靛厂新村
57,1,1,2019-06-03 09:17:01,1,靛厂新村,靛厂新村
57,1,1,2019-06-03 09:17:01,1,靛厂新村,靛厂新村
57,1,1,2019-06-03 09:18:01,1,靛厂新村,靛厂新村
57,1,1,2019-06-03 09:19:01,1,靛厂新村,靛厂新村
57,1,1,2019-06-03 09:19:01,1,靛厂新村,靛厂新村
57,1,1,2019-06-03 09:19:01,1,靛厂新村,靛厂新村
57,1,1,2019-06-03 09:19:01,1,靛厂新村,靛厂新村
57,1,1,2019-06-03 09:19:01,1,靛厂新村,靛厂新村
57,1,1,2019-06-03 09:20:01,1,靛厂新村,靛厂新村
57,1,1,2019-06-03 09:21:01,1,靛厂新村,靛厂新村
57,1,1,2019-06-03 09:21:01,1,靛厂新村,靛厂新村
57,1,1,2019-06-03 09:21:01,1,靛厂新村,靛厂新村
57,1,1,2019-06-03 09:23:01,1,靛厂新村,靛厂新村
57,1,1,2019-06-03 09:23:01,1,靛厂新村,靛厂新村
57,1,1,2019-06-03 09:25:01,1,靛厂新村,靛厂新村
57,1,1,2019-06-03 09:29:01,1,靛厂新村,靛厂新村
57,1,13,2019-06-03 07:32:01,1,靛厂新村,牛街路口东
57,1,13,2019-06-03 07:32:01,1,靛厂新村,牛街路口东
57,1,1,2019-06-03 07:33:01,1,靛厂新村,靛厂新村
57,1,1,2019-06-03 07:33:01,1,靛厂新村,靛厂新村
57,1,2,2019-06-03 07:33:01,1,靛厂新村,岳各庄东路北口
57,1,21,2019-06-03 07:33:01,1,靛厂新村,水道子
57,1,7,2019-06-03 07:33:01,1,靛厂新村,六里桥西
57,1,7,2019-06-03 07:33:01,1,靛厂新村,六里桥西
57,1,7,2019-06-03 07:33:01,1,靛厂新村,六里桥西
57,1,6,2019-06-03 07:33:01,1,靛厂新村,小井路口东
57,1,7,2019-06-03 07:33:01,1,靛厂新村,六里桥西
57,1,8,2019-06-03 07:33:01,1,靛厂新村,六里桥东
57,1,8,2019-06-03 07:33:01,1,靛厂新村,六里桥东
57,1,14,2019-06-03 07:33:01,1,靛厂新村,菜市口西
57,1,13,2019-06-03 07:33:01,1,靛厂新村,牛街路口东
57,1,12,2019-06-03 07:33:01,1,靛厂新村,广安门内
57,2,2,2019-06-03 07:34:01,1,岳各庄东路北口,岳各庄东路北口
57,2,11,2019-06-03 07:34:01,1,岳各庄东路北口,达官营
57,2,13,2019-06-03 07:34:01,1,岳各庄东路北口,牛街路口东
57,2,10,2019-06-03 07:34:01,1,岳各庄东路北口,湾子
57,2,7,2019-06-03 07:34:01,1,岳各庄东路北口,六里桥西
57,2,7,2019-06-03 07:34:01,1,岳各庄东路北口,六里桥西
57,2,7,2019-06-03 07:34:01,1,岳各庄东路北口,六里桥西
57,2,7,2019-06-03 07:34:01,1,岳各庄东路北口,六里桥西
57,2,7,2019-06-03 07:34:01,1,岳各庄东路北口,六里桥西
57,2,5,2019-06-03 07:34:01,1,岳各庄东路北口,白塔村
57,2,7,2019-06-03 07:34:01,1,岳各庄东路北口,六里桥西
57,2,2,2019-06-03 07:34:01,1,岳各庄东路北口,岳各庄东路北口
57,2,7,2019-06-03 07:34:01,1,岳各庄东路北口,六里桥西
57,2,7,2019-06-03 07:34:01,1,岳各庄东路北口,六里桥西
57,2,7,2019-06-03 07:34:01,1,岳各庄东路北口,六里桥西
57,2,7,2019-06-03 07:34:01,1,岳各庄东路北口,六里桥西
57,2,12,2019-06-03 07:34:01,1,岳各庄东路北口,广安门内
57,2,10,2019-06-03 07:34:01,1,岳各庄东路北口,湾子
57,2,9,2019-06-03 07:34:01,1,岳各庄东路北口,莲花池
57,3,12,2019-06-03 07:36:01,1,靛厂村南站,广安门内
57,3,7,2019-06-03 07:36:01,1,靛厂村南站,六里桥西
57,3,7,2019-06-03 07:36:01,1,靛厂村南站,六里桥西
57,3,7,2019-06-03 07:36:01,1,靛厂村南站,六里桥西
57,3,3,2019-06-03 07:36:01,1,靛厂村南站,靛厂村南站
57,3,7,2019-06-03 07:36:01,1,靛厂村南站,六里桥西
57,3,19,2019-06-03 07:36:01,1,靛厂村南站,东城三里河
57,3,16,2019-06-03 07:36:01,1,靛厂村南站,虎坊桥路口东
57,3,23,2019-06-03 07:36:01,1,靛厂村南站,榄杆市
57,3,20,2019-06-03 07:36:01,1,靛厂村南站,桥湾
57,3,15,2019-06-03 07:36:01,1,靛厂村南站,虎坊桥路口西
57,3,23,2019-06-03 07:36:01,1,靛厂村南站,榄杆市
57,3,11,2019-06-03 07:36:01,1,靛厂村南站,达官营
57,3,10,2019-06-03 07:36:01,1,靛厂村南站,湾子
57,3,10,2019-06-03 07:36:01,1,靛厂村南站,湾子
57,4,12,2019-06-03 07:37:01,1,水衙沟路东口,广安门内
57,4,12,2019-06-03 07:37:01,1,水衙沟路东口,广安门内
57,4,11,2019-06-03 07:37:01,1,水衙沟路东口,达官营
57,4,5,2019-06-03 07:37:01,1,水衙沟路东口,白塔村
57,4,7,2019-06-03 07:37:01,1,水衙沟路东口,六里桥西
57,4,15,2019-06-03 07:37:01,1,水衙沟路东口,虎坊桥路口西
57,4,16,2019-06-03 07:37:01,1,水衙沟路东口,虎坊桥路口东
57,4,11,2019-06-03 07:37:01,1,水衙沟路东口,达官营
57,5,7,2019-06-03 07:39:01,1,白塔村,六里桥西
57,5,6,2019-06-03 07:39:01,1,白塔村,小井路口东
57,5,13,2019-06-03 07:39:01,1,白塔村,牛街路口东
57,6,16,2019-06-03 07:40:01,1,小井路口东,虎坊桥路口东
57,7,10,2019-06-03 07:45:01,1,六里桥西,湾子
57,7,14,2019-06-03 07:45:01,1,六里桥西,菜市口西
57,7,10,2019-06-03 07:45:01,1,六里桥西,湾子
57,7,20,2019-06-03 07:45:01,1,六里桥西,桥湾
57,7,10,2019-06-03 07:45:01,1,六里桥西,湾子
57,7,8,2019-06-03 07:45:01,1,六里桥西,六里桥东
57,7,21,2019-06-03 07:45:01,1,六里桥西,水道子
57,7,11,2019-06-03 07:45:01,1,六里桥西,达官营
57,7,11,2019-06-03 07:45:01,1,六里桥西,达官营
57,8,22,2019-06-03 07:51:01,1,六里桥东,磁器口西
57,8,18,2019-06-03 07:51:01,1,六里桥东,过街楼
57,8,17,2019-06-03 07:51:01,1,六里桥东,板章路
57,8,8,2019-06-03 07:51:01,1,六里桥东,六里桥东
57,8,8,2019-06-03 07:51:01,1,六里桥东,六里桥东
57,8,18,2019-06-03 07:51:01,1,六里桥东,过街楼
57,8,14,2019-06-03 07:51:01,1,六里桥东,菜市口西
57,8,16,2019-06-03 07:51:01,1,六里桥东,虎坊桥路口东
57,8,15,2019-06-03 07:51:01,1,六里桥东,虎坊桥路口西
57,8,12,2019-06-03 07:51:01,1,六里桥东,广安门内
57,8,12,2019-06-03 07:51:01,1,六里桥东,广安门内
57,8,15,2019-06-03 07:51:01,1,六里桥东,虎坊桥路口西
57,8,21,2019-06-03 07:51:01,1,六里桥东,水道子
57,8,19,2019-06-03 07:51:01,1,六里桥东,东城三里河
57,8,9,2019-06-03 07:51:01,1,六里桥东,莲花池
57,8,10,2019-06-03 07:52:01,1,六里桥东,湾子
57,8,12,2019-06-03 07:52:01,1,六里桥东,广安门内
57,8,10,2019-06-03 07:52:01,1,六里桥东,湾子
57,8,8,2019-06-03 07:52:01,1,六里桥东,六里桥东
57,8,10,2019-06-03 07:52:01,1,六里桥东,湾子
57,8,10,2019-06-03 07:52:01,1,六里桥东,湾子
57,8,11,2019-06-03 07:52:01,1,六里桥东,达官营
57,9,12,2019-06-03 07:55:01,1,莲花池,广安门内
57,10,13,2019-06-03 08:00:01,1,湾子,牛街路口东
57,10,16,2019-06-03 08:00:01,1,湾子,虎坊桥路口东
57,10,23,2019-06-03 08:00:01,1,湾子,榄杆市
57,10,20,2019-06-03 08:00:01,1,湾子,桥湾
57,10,12,2019-06-03 08:00:01,1,湾子,广安门内
57,11,12,2019-06-03 08:02:01,1,达官营,广安门内
57,11,12,2019-06-03 08:02:01,1,达官营,广安门内
57,11,12,2019-06-03 08:02:01,1,达官营,广安门内
57,11,26,2019-06-03 08:02:01,1,达官营,广渠门内
57,11,12,2019-06-03 08:02:01,1,达官营,广安门内
57,11,21,2019-06-03 08:02:01,1,达官营,水道子
57,11,13,2019-06-03 08:02:01,1,达官营,牛街路口东
57,11,12,2019-06-03 08:03:01,1,达官营,广安门内
57,11,12,2019-06-03 08:03:01,1,达官营,广安门内
57,11,13,2019-06-03 08:03:01,1,达官营,牛街路口东
57,11,11,2019-06-03 08:03:01,1,达官营,达官营
57,11,20,2019-06-03 08:03:01,1,达官营,桥湾
57,11,14,2019-06-03 08:03:01,1,达官营,菜市口西
57,11,16,2019-06-03 08:03:01,1,达官营,虎坊桥路口东
57,11,12,2019-06-03 08:03:01,1,达官营,广安门内
57,11,21,2019-06-03 08:03:01,1,达官营,水道子
57,11,25,2019-06-03 08:03:01,1,达官营,安化楼
57,11,16,2019-06-03 08:03:01,1,达官营,虎坊桥路口东
57,11,14,2019-06-03 08:03:01,1,达官营,菜市口西
57,12,14,2019-06-03 08:06:01,1,广安门内,菜市口西
57,12,15,2019-06-03 08:06:01,1,广安门内,虎坊桥路口西
57,12,29,2019-06-03 08:06:01,1,广安门内,双井桥北
57,12,13,2019-06-03 08:06:01,1,广安门内,牛街路口东
57,12,20,2019-06-03 08:06:01,1,广安门内,桥湾
57,12,26,2019-06-03 08:07:01,1,广安门内,广渠门内
57,12,13,2019-06-03 08:07:01,1,广安门内,牛街路口东
57,13,14,2019-06-03 08:09:01,1,牛街路口东,菜市口西
57,13,14,2019-06-03 08:09:01,1,牛街路口东,菜市口西
57,14,25,2019-06-03 08:12:01,1,菜市口西,安化楼
57,14,21,2019-06-03 08:12:01,1,菜市口西,水道子
57,15,15,2019-06-03 08:13:01,1,虎坊桥路口西,虎坊桥路口西
57,15,16,2019-06-03 08:16:01,1,虎坊桥路口西,虎坊桥路口东
57,15,23,2019-06-03 08:16:01,1,虎坊桥路口西,榄杆市
57,15,22,2019-06-03 08:16:01,1,虎坊桥路口西,磁器口西
57,17,24,2019-06-03 08:21:01,1,板章路,培新街
57,17,18,2019-06-03 08:21:01,1,板章路,过街楼
57,18,20,2019-06-03 08:26:01,1,过街楼,桥湾
57,22,25,2019-06-03 08:32:01,1,磁器口西,安化楼
57,23,25,2019-06-03 08:36:01,1,榄杆市,安化楼
57,24,25,2019-06-03 08:37:01,1,培新街,安化楼
57,24,25,2019-06-03 08:37:01,1,培新街,安化楼
57,24,27,2019-06-03 08:37:01,1,培新街,马圈
57,24,25,2019-06-03 08:37:01,1,培新街,安化楼
57,24,25,2019-06-03 08:37:01,1,培新街,安化楼
57,25,25,2019-06-03 08:38:01,1,安化楼,安化楼
57,25,25,2019-06-03 08:38:01,1,安化楼,安化楼
57,25,25,2019-06-03 08:38:01,1,安化楼,安化楼
57,25,25,2019-06-03 08:43:01,1,安化楼,安化楼
57,25,27,2019-06-03 08:43:01,1,安化楼,马圈
57,25,25,2019-06-03 08:43:01,1,安化楼,安化楼
57,25,27,2019-06-03 08:46:01,1,安化楼,马圈
57,26,26,2019-06-03 08:47:01,1,广渠门内,广渠门内
57,26,29,2019-06-03 08:48:01,1,广渠门内,双井桥北
57,27,29,2019-06-03 08:58:01,1,马圈,双井桥北
57,8,8,2019-06-03 06:32:01,1,六里桥东,六里桥东
57,8,11,2019-06-03 06:33:01,1,六里桥东,达官营
57,8,13,2019-06-03 06:33:01,1,六里桥东,牛街路口东
57,8,12,2019-06-03 06:33:01,1,六里桥东,广安门内
57,8,12,2019-06-03 06:33:01,1,六里桥东,广安门内
57,8,14,2019-06-03 06:33:01,1,六里桥东,菜市口西
57,8,30,2019-06-03 06:33:01,1,六里桥东,双花园
57,7,30,2019-06-03 06:33:01,1,六里桥西,双花园
57,8,26,2019-06-03 06:33:01,1,六里桥东,广渠门内
57,8,30,2019-06-03 06:33:01,1,六里桥东,双花园
57,8,30,2019-06-03 06:33:01,1,六里桥东,双花园
57,8,23,2019-06-03 06:33:01,1,六里桥东,榄杆市
57,8,28,2019-06-03 06:33:01,1,六里桥东,垂杨柳
57,8,8,2019-06-03 06:33:01,1,六里桥东,六里桥东
57,8,11,2019-06-03 06:33:01,1,六里桥东,达官营
57,8,8,2019-06-03 06:33:01,1,六里桥东,六里桥东
57,8,14,2019-06-03 06:33:01,1,六里桥东,菜市口西
57,8,13,2019-06-03 06:33:01,1,六里桥东,牛街路口东
57,8,22,2019-06-03 06:33:01,1,六里桥东,磁器口西
57,8,20,2019-06-03 06:33:01,1,六里桥东,桥湾
57,8,13,2019-06-03 06:33:01,1,六里桥东,牛街路口东
57,8,15,2019-06-03 06:33:01,1,六里桥东,虎坊桥路口西
57,8,33,2019-06-03 06:33:01,1,六里桥东,郎家园
57,8,27,2019-06-03 06:33:01,1,六里桥东,马圈
57,8,31,2019-06-03 06:33:01,1,六里桥东,大北窑南
57,8,27,2019-06-03 06:34:01,1,六里桥东,马圈
57,8,13,2019-06-03 06:34:01,1,六里桥东,牛街路口东
57,9,26,2019-06-03 06:37:01,1,莲花池,广渠门内
57,10,12,2019-06-03 06:40:01,1,湾子,广安门内
57,10,31,2019-06-03 06:40:01,1,湾子,大北窑南
57,11,23,2019-06-03 06:42:01,1,达官营,榄杆市
57,11,11,2019-06-03 06:42:01,1,达官营,达官营
57,11,30,2019-06-03 06:42:01,1,达官营,双花园
57,11,28,2019-06-03 06:42:01,1,达官营,垂杨柳
57,11,32,2019-06-03 06:42:01,1,达官营,大北窑东
57,11,32,2019-06-03 06:42:01,1,达官营,大北窑东
57,11,11,2019-06-03 06:43:01,1,达官营,达官营
57,11,12,2019-06-03 06:43:01,1,达官营,广安门内
57,11,30,2019-06-03 06:43:01,1,达官营,双花园
57,11,28,2019-06-03 06:43:01,1,达官营,垂杨柳
57,11,15,2019-06-03 06:43:01,1,达官营,虎坊桥路口西
57,11,15,2019-06-03 06:43:01,1,达官营,虎坊桥路口西
57,12,12,2019-06-03 06:46:01,1,广安门内,广安门内
57,12,23,2019-06-03 06:46:01,1,广安门内,榄杆市
57,12,30,2019-06-03 06:46:01,1,广安门内,双花园
57,12,30,2019-06-03 06:46:01,1,广安门内,双花园
57,12,30,2019-06-03 06:46:01,1,广安门内,双花园
57,13,13,2019-06-03 06:50:01,1,牛街路口东,牛街路口东
57,13,29,2019-06-03 06:50:01,1,牛街路口东,双井桥北
57,13,27,2019-06-03 06:50:01,1,牛街路口东,马圈
57,14,32,2019-06-03 06:52:01,1,菜市口西,大北窑东
57,14,27,2019-06-03 06:52:01,1,菜市口西,马圈
57,14,20,2019-06-03 06:52:01,1,菜市口西,桥湾
57,14,31,2019-06-03 06:52:01,1,菜市口西,大北窑南
57,14,33,2019-06-03 06:52:01,1,菜市口西,郎家园
57,15,20,2019-06-03 06:53:01,1,虎坊桥路口西,桥湾
57,15,30,2019-06-03 06:55:01,1,虎坊桥路口西,双花园
57,15,26,2019-06-03 06:55:01,1,虎坊桥路口西,广渠门内
57,15,30,2019-06-03 06:55:01,1,虎坊桥路口西,双花园
57,16,23,2019-06-03 06:57:01,1,虎坊桥路口东,榄杆市
57,16,29,2019-06-03 06:57:01,1,虎坊桥路口东,双井桥北
57,16,24,2019-06-03 06:58:01,1,虎坊桥路口东,培新街
57,16,23,2019-06-03 06:58:01,1,虎坊桥路口东,榄杆市
57,16,28,2019-06-03 06:58:01,1,虎坊桥路口东,垂杨柳
57,16,28,2019-06-03 06:58:01,1,虎坊桥路口东,垂杨柳
57,16,22,2019-06-03 06:58:01,1,虎坊桥路口东,磁器口西
57,16,22,2019-06-03 06:58:01,1,虎坊桥路口东,磁器口西
57,17,29,2019-06-03 06:59:01,1,板章路,双井桥北
57,17,31,2019-06-03 06:59:01,1,板章路,大北窑南
57,17,32,2019-06-03 06:59:01,1,板章路,大北窑东
57,18,27,2019-06-03 07:02:01,1,过街楼,马圈
57,18,33,2019-06-03 07:02:01,1,过街楼,郎家园
57,18,25,2019-06-03 07:02:01,1,过街楼,安化楼
57,18,31,2019-06-03 07:02:01,1,过街楼,大北窑南
57,18,33,2019-06-03 07:02:01,1,过街楼,郎家园
57,20,27,2019-06-03 07:03:01,1,桥湾,马圈
57,19,29,2019-06-03 07:03:01,1,东城三里河,双井桥北
57,20,30,2019-06-03 07:04:01,1,桥湾,双花园
57,21,25,2019-06-03 07:04:01,1,水道子,安化楼
57,21,28,2019-06-03 07:04:01,1,水道子,垂杨柳
57,21,27,2019-06-03 07:05:01,1,水道子,马圈
57,21,28,2019-06-03 07:05:01,1,水道子,垂杨柳
57,21,23,2019-06-03 07:05:01,1,水道子,榄杆市
57,21,21,2019-06-03 07:05:01,1,水道子,水道子
57,21,30,2019-06-03 07:05:01,1,水道子,双花园
57,21,21,2019-06-03 07:05:01,1,水道子,水道子
57,22,27,2019-06-03 07:06:01,1,磁器口西,马圈
57,22,28,2019-06-03 07:06:01,1,磁器口西,垂杨柳
57,22,32,2019-06-03 07:06:01,1,磁器口西,大北窑东
57,22,27,2019-06-03 07:06:01,1,磁器口西,马圈
57,22,31,2019-06-03 07:06:01,1,磁器口西,大北窑南
57,22,32,2019-06-03 07:06:01,1,磁器口西,大北窑东
57,23,33,2019-06-03 07:10:01,1,榄杆市,郎家园
57,23,28,2019-06-03 07:10:01,1,榄杆市,垂杨柳
57,23,26,2019-06-03 07:10:01,1,榄杆市,广渠门内
57,23,33,2019-06-03 07:10:01,1,榄杆市,郎家园
57,23,26,2019-06-03 07:10:01,1,榄杆市,广渠门内
57,23,25,2019-06-03 07:10:01,1,榄杆市,安化楼
57,23,33,2019-06-03 07:10:01,1,榄杆市,郎家园
57,23,30,2019-06-03 07:10:01,1,榄杆市,双花园
57,23,29,2019-06-03 07:10:01,1,榄杆市,双井桥北
57,23,25,2019-06-03 07:10:01,1,榄杆市,安化楼
57,23,23,2019-06-03 07:10:01,1,榄杆市,榄杆市
57,23,25,2019-06-03 07:10:01,1,榄杆市,安化楼
57,23,28,2019-06-03 07:10:01,1,榄杆市,垂杨柳
57,23,28,2019-06-03 07:10:01,1,榄杆市,垂杨柳
57,23,30,2019-06-03 07:10:01,1,榄杆市,双花园
57,23,30,2019-06-03 07:10:01,1,榄杆市,双花园
57,23,23,2019-06-03 07:10:01,1,榄杆市,榄杆市
57,23,27,2019-06-03 07:10:01,1,榄杆市,马圈
57,23,26,2019-06-03 07:10:01,1,榄杆市,广渠门内
57,23,27,2019-06-03 07:10:01,1,榄杆市,马圈
57,23,31,2019-06-03 07:10:01,1,榄杆市,大北窑南
57,24,27,2019-06-03 07:11:01,1,培新街,马圈
57,24,25,2019-06-03 07:11:01,1,培新街,安化楼
57,24,28,2019-06-03 07:11:01,1,培新街,垂杨柳
57,24,31,2019-06-03 07:11:01,1,培新街,大北窑南
57,24,31,2019-06-03 07:11:01,1,培新街,大北窑南
57,25,31,2019-06-03 07:12:01,1,安化楼,大北窑南
57,25,25,2019-06-03 07:12:01,1,安化楼,安化楼
57,25,31,2019-06-03 07:12:01,1,安化楼,大北窑南
57,25,30,2019-06-03 07:12:01,1,安化楼,双花园
57,25,33,2019-06-03 07:12:01,1,安化楼,郎家园
57,25,32,2019-06-03 07:12:01,1,安化楼,大北窑东
57,25,28,2019-06-03 07:12:01,1,安化楼,垂杨柳
57,25,30,2019-06-03 07:12:01,1,安化楼,双花园
57,25,28,2019-06-03 07:12:01,1,安化楼,垂杨柳
57,25,30,2019-06-03 07:12:01,1,安化楼,双花园
57,25,26,2019-06-03 07:13:01,1,安化楼,广渠门内
57,25,25,2019-06-03 07:13:01,1,安化楼,安化楼
57,26,28,2019-06-03 07:15:01,1,广渠门内,垂杨柳
57,26,31,2019-06-03 07:15:01,1,广渠门内,大北窑南
57,26,30,2019-06-03 07:15:01,1,广渠门内,双花园
57,26,33,2019-06-03 07:15:01,1,广渠门内,郎家园
57,27,33,2019-06-03 07:16:01,1,马圈,郎家园
57,27,33,2019-06-03 07:17:01,1,马圈,郎家园
57,27,28,2019-06-03 07:17:01,1,马圈,垂杨柳
57,27,31,2019-06-03 07:17:01,1,马圈,大北窑南
57,27,29,2019-06-03 07:17:01,1,马圈,双井桥北
57,28,30,2019-06-03 07:20:01,1,垂杨柳,双花园
57,29,33,2019-06-03 07:21:01,1,双井桥北,郎家园
57,29,29,2019-06-03 07:21:01,1,双井桥北,双井桥北
57,30,31,2019-06-03 07:24:01,1,双花园,大北窑南
57,30,30,2019-06-03 07:24:01,1,双花园,双花园
57,30,32,2019-06-03 07:24:01,1,双花园,大北窑东
57,30,32,2019-06-03 07:24:01,1,双花园,大北窑东
57,1,7,2019-06-03 07:51:01,1,靛厂新村,六里桥西
57,1,7,2019-06-03 07:51:01,1,靛厂新村,六里桥西
57,1,12,2019-06-03 07:51:01,1,靛厂新村,广安门内
57,1,15,2019-06-03 07:51:01,1,靛厂新村,虎坊桥路口西
57,1,15,2019-06-03 07:51:01,1,靛厂新村,虎坊桥路口西
57,1,26,2019-06-03 07:51:01,1,靛厂新村,广渠门内
57,1,1,2019-06-03 07:51:01,1,靛厂新村,靛厂新村
57,1,31,2019-06-03 07:51:01,1,靛厂新村,大北窑南
57,1,16,2019-06-03 07:51:01,1,靛厂新村,虎坊桥路口东
57,1,7,2019-06-03 07:51:01,1,靛厂新村,六里桥西
57,1,5,2019-06-03 07:51:01,1,靛厂新村,白塔村
57,2,7,2019-06-03 07:53:01,1,岳各庄东路北口,六里桥西
57,1,7,2019-06-03 07:53:01,1,靛厂新村,六里桥西
57,1,7,2019-06-03 07:53:01,1,靛厂新村,六里桥西
57,1,12,2019-06-03 07:53:01,1,靛厂新村,广安门内
57,1,7,2019-06-03 07:53:01,1,靛厂新村,六里桥西
57,2,8,2019-06-03 07:53:01,1,岳各庄东路北口,六里桥东
57,1,10,2019-06-03 07:53:01,1,靛厂新村,湾子
57,1,1,2019-06-03 07:53:01,1,靛厂新村,靛厂新村
57,1,7,2019-06-03 07:53:01,1,靛厂新村,六里桥西
57,1,7,2019-06-03 07:53:01,1,靛厂新村,六里桥西
57,1,5,2019-06-03 07:53:01,1,靛厂新村,白塔村
57,2,6,2019-06-03 07:53:01,1,岳各庄东路北口,小井路口东
57,2,7,2019-06-03 07:53:01,1,岳各庄东路北口,六里桥西
57,2,6,2019-06-03 07:53:01,1,岳各庄东路北口,小井路口东
57,3,8,2019-06-03 07:56:01,1,靛厂村南站,六里桥东
57,3,8,2019-06-03 07:56:01,1,靛厂村南站,六里桥东
57,3,22,2019-06-03 07:56:01,1,靛厂村南站,磁器口西
57,3,6,2019-06-03 07:56:01,1,靛厂村南站,小井路口东
57,3,5,2019-06-03 07:56:01,1,靛厂村南站,白塔村
57,4,8,2019-06-03 07:57:01,1,水衙沟路东口,六里桥东
57,4,12,2019-06-03 07:57:01,1,水衙沟路东口,广安门内
57,4,8,2019-06-03 07:57:01,1,水衙沟路东口,六里桥东
57,4,8,2019-06-03 07:57:01,1,水衙沟路东口,六里桥东
57,4,7,2019-06-03 07:57:01,1,水衙沟路东口,六里桥西
57,4,11,2019-06-03 07:57:01,1,水衙沟路东口,达官营
57,4,14,2019-06-03 07:57:01,1,水衙沟路东口,菜市口西
57,4,17,2019-06-03 07:57:01,1,水衙沟路东口,板章路
57,4,17,2019-06-03 07:57:01,1,水衙沟路东口,板章路
57,4,6,2019-06-03 07:57:01,1,水衙沟路东口,小井路口东
57,4,5,2019-06-03 07:57:01,1,水衙沟路东口,白塔村
57,4,7,2019-06-03 07:57:01,1,水衙沟路东口,六里桥西
57,4,7,2019-06-03 07:57:01,1,水衙沟路东口,六里桥西
57,4,6,2019-06-03 07:57:01,1,水衙沟路东口,小井路口东
57,5,13,2019-06-03 07:59:01,1,白塔村,牛街路口东
57,6,12,2019-06-03 08:03:01,1,小井路口东,广安门内
57,6,12,2019-06-03 08:03:01,1,小井路口东,广安门内
57,6,14,2019-06-03 08:03:01,1,小井路口东,菜市口西
57,6,13,2019-06-03 08:03:01,1,小井路口东,牛街路口东
57,6,24,2019-06-03 08:03:01,1,小井路口东,培新街
57,6,32,2019-06-03 08:03:01,1,小井路口东,大北窑东
57,6,32,2019-06-03 08:03:01,1,小井路口东,大北窑东
57,7,9,2019-06-03 08:08:01,1,六里桥西,莲花池
57,7,8,2019-06-03 08:08:01,1,六里桥西,六里桥东
57,7,10,2019-06-03 08:08:01,1,六里桥西,湾子
57,7,14,2019-06-03 08:08:01,1,六里桥西,菜市口西
57,7,22,2019-06-03 08:08:01,1,六里桥西,磁器口西
57,7,31,2019-06-03 08:08:01,1,六里桥西,大北窑南
57,8,12,2019-06-03 08:25:01,1,六里桥东,广安门内
57,8,8,2019-06-03 08:25:01,1,六里桥东,六里桥东
57,8,10,2019-06-03 08:25:01,1,六里桥东,湾子
57,8,14,2019-06-03 08:25:01,1,六里桥东,菜市口西
57,8,14,2019-06-03 08:25:01,1,六里桥东,菜市口西
57,8,13,2019-06-03 08:25:01,1,六里桥东,牛街路口东
57,8,26,2019-06-03 08:25:01,1,六里桥东,广渠门内
57,8,23,2019-06-03 08:25:01,1,六里桥东,榄杆市
57,8,24,2019-06-03 08:25:01,1,六里桥东,培新街
57,8,18,2019-06-03 08:25:01,1,六里桥东,过街楼
57,8,24,2019-06-03 08:25:01,1,六里桥东,培新街
57,8,32,2019-06-03 08:25:01,1,六里桥东,大北窑东
57,8,31,2019-06-03 08:25:01,1,六里桥东,大北窑南
57,8,32,2019-06-03 08:25:01,1,六里桥东,大北窑东
57,8,16,2019-06-03 08:25:01,1,六里桥东,虎坊桥路口东
57,8,10,2019-06-03 08:26:01,1,六里桥东,湾子
57,8,11,2019-06-03 08:26:01,1,六里桥东,达官营
57,8,8,2019-06-03 08:26:01,1,六里桥东,六里桥东
57,8,11,2019-06-03 08:26:01,1,六里桥东,达官营
57,8,10,2019-06-03 08:26:01,1,六里桥东,湾子
57,8,8,2019-06-03 08:26:01,1,六里桥东,六里桥东
57,8,8,2019-06-03 08:26:01,1,六里桥东,六里桥东
57,8,8,2019-06-03 08:26:01,1,六里桥东,六里桥东
57,8,8,2019-06-03 08:26:01,1,六里桥东,六里桥东
57,8,8,2019-06-03 08:26:01,1,六里桥东,六里桥东
57,8,8,2019-06-03 08:26:01,1,六里桥东,六里桥东
57,8,9,2019-06-03 08:26:01,1,六里桥东,莲花池
57,8,10,2019-06-03 08:26:01,1,六里桥东,湾子
57,8,15,2019-06-03 08:26:01,1,六里桥东,虎坊桥路口西
57,8,15,2019-06-03 08:26:01,1,六里桥东,虎坊桥路口西
57,8,12,2019-06-03 08:26:01,1,六里桥东,广安门内
57,8,27,2019-06-03 08:26:01,1,六里桥东,马圈
57,8,21,2019-06-03 08:26:01,1,六里桥东,水道子
57,8,26,2019-06-03 08:26:01,1,六里桥东,广渠门内
57,8,12,2019-06-03 08:26:01,1,六里桥东,广安门内
57,8,24,2019-06-03 08:26:01,1,六里桥东,培新街
57,8,22,2019-06-03 08:26:01,1,六里桥东,磁器口西
57,8,21,2019-06-03 08:26:01,1,六里桥东,水道子
57,8,16,2019-06-03 08:26:01,1,六里桥东,虎坊桥路口东
57,8,21,2019-06-03 08:26:01,1,六里桥东,水道子
57,8,10,2019-06-03 08:27:01,1,六里桥东,湾子
57,8,12,2019-06-03 08:27:01,1,六里桥东,广安门内
57,8,14,2019-06-03 08:27:01,1,六里桥东,菜市口西
57,8,32,2019-06-03 08:27:01,1,六里桥东,大北窑东
57,8,32,2019-06-03 08:27:01,1,六里桥东,大北窑东
57,8,32,2019-06-03 08:27:01,1,六里桥东,大北窑东
57,8,16,2019-06-03 08:27:01,1,六里桥东,虎坊桥路口东
57,8,16,2019-06-03 08:27:01,1,六里桥东,虎坊桥路口东
57,9,11,2019-06-03 08:30:01,1,莲花池,达官营
57,9,14,2019-06-03 08:30:01,1,莲花池,菜市口西
57,9,15,2019-06-03 08:30:01,1,莲花池,虎坊桥路口西
57,9,19,2019-06-03 08:30:01,1,莲花池,东城三里河
57,10,11,2019-06-03 08:32:01,1,湾子,达官营
57,10,34,2019-06-03 08:32:01,1,湾子,四惠枢纽站
57,10,13,2019-06-03 08:32:01,1,湾子,牛街路口东
57,10,32,2019-06-03 08:32:01,1,湾子,大北窑东
57,10,12,2019-06-03 08:33:01,1,湾子,广安门内
57,10,13,2019-06-03 08:33:01,1,湾子,牛街路口东
57,10,21,2019-06-03 08:33:01,1,湾子,水道子
57,10,21,2019-06-03 08:33:01,1,湾子,水道子
57,11,12,2019-06-03 08:34:01,1,达官营,广安门内
57,11,11,2019-06-03 08:34:01,1,达官营,达官营
57,11,12,2019-06-03 08:34:01,1,达官营,广安门内
57,11,12,2019-06-03 08:34:01,1,达官营,广安门内
57,11,22,2019-06-03 08:34:01,1,达官营,磁器口西
57,11,24,2019-06-03 08:34:01,1,达官营,培新街
57,11,21,2019-06-03 08:34:01,1,达官营,水道子
57,11,24,2019-06-03 08:34:01,1,达官营,培新街
57,11,11,2019-06-03 08:35:01,1,达官营,达官营
57,11,12,2019-06-03 08:35:01,1,达官营,广安门内
57,11,12,2019-06-03 08:35:01,1,达官营,广安门内
57,11,12,2019-06-03 08:35:01,1,达官营,广安门内
57,11,16,2019-06-03 08:35:01,1,达官营,虎坊桥路口东
57,11,27,2019-06-03 08:35:01,1,达官营,马圈
57,11,21,2019-06-03 08:35:01,1,达官营,水道子
57,11,22,2019-06-03 08:35:01,1,达官营,磁器口西
57,11,32,2019-06-03 08:35:01,1,达官营,大北窑东
57,11,21,2019-06-03 08:35:01,1,达官营,水道子
57,12,21,2019-06-03 08:38:01,1,广安门内,水道子
57,12,29,2019-06-03 08:38:01,1,广安门内,双井桥北
57,12,29,2019-06-03 08:38:01,1,广安门内,双井桥北
57,12,19,2019-06-03 08:38:01,1,广安门内,东城三里河
57,12,22,2019-06-03 08:39:01,1,广安门内,磁器口西
57,12,20,2019-06-03 08:39:01,1,广安门内,桥湾
57,13,34,2019-06-03 08:42:01,1,牛街路口东,四惠枢纽站
57,13,15,2019-06-03 08:42:01,1,牛街路口东,虎坊桥路口西
57,13,26,2019-06-03 08:42:01,1,牛街路口东,广渠门内
57,13,20,2019-06-03 08:42:01,1,牛街路口东,桥湾
57,13,26,2019-06-03 08:42:01,1,牛街路口东,广渠门内
57,13,34,2019-06-03 08:42:01,1,牛街路口东,四惠枢纽站
57,13,32,2019-06-03 08:42:01,1,牛街路口东,大北窑东
57,13,17,2019-06-03 08:42:01,1,牛街路口东,板章路
57,13,17,2019-06-03 08:42:01,1,牛街路口东,板章路
57,14,34,2019-06-03 08:45:01,1,菜市口西,四惠枢纽站
57,14,15,2019-06-03 08:45:01,1,菜市口西,虎坊桥路口西
57,14,14,2019-06-03 08:45:01,1,菜市口西,菜市口西
57,14,15,2019-06-03 08:45:01,1,菜市口西,虎坊桥路口西
57,14,15,2019-06-03 08:45:01,1,菜市口西,虎坊桥路口西
57,14,26,2019-06-03 08:45:01,1,菜市口西,广渠门内
57,14,32,2019-06-03 08:45:01,1,菜市口西,大北窑东
57,14,31,2019-06-03 08:45:01,1,菜市口西,大北窑南
57,14,16,2019-06-03 08:45:01,1,菜市口西,虎坊桥路口东
57,14,16,2019-06-03 08:45:01,1,菜市口西,虎坊桥路口东
57,14,16,2019-06-03 08:45:01,1,菜市口西,虎坊桥路口东
57,15,15,2019-06-03 08:47:01,1,虎坊桥路口西,虎坊桥路口西
57,16,34,2019-06-03 08:52:01,1,虎坊桥路口东,四惠枢纽站
57,16,32,2019-06-03 08:52:01,1,虎坊桥路口东,大北窑东
57,16,31,2019-06-03 08:52:01,1,虎坊桥路口东,大北窑南
57,16,34,2019-06-03 08:52:01,1,虎坊桥路口东,四惠枢纽站
57,16,32,2019-06-03 08:52:01,1,虎坊桥路口东,大北窑东
57,22,23,2019-06-03 09:08:01,1,磁器口西,榄杆市
57,24,34,2019-06-03 09:15:01,1,培新街,四惠枢纽站
57,25,33,2019-06-03 09:16:01,1,安化楼,郎家园
57,26,29,2019-06-03 09:17:01,1,广渠门内,双井桥北
57,18,19,2019-06-03 06:30:01,1,过街楼,东城三里河
57,18,19,2019-06-03 06:30:01,1,过街楼,东城三里河
57,18,25,2019-06-03 06:30:01,1,过街楼,安化楼
57,20,24,2019-06-03 06:32:01,1,桥湾,培新街
57,21,21,2019-06-03 06:33:01,1,水道子,水道子
57,22,25,2019-06-03 06:33:01,1,磁器口西,安化楼
57,22,25,2019-06-03 06:33:01,1,磁器口西,安化楼
57,21,25,2019-06-03 06:33:01,1,水道子,安化楼
57,23,23,2019-06-03 06:35:01,1,榄杆市,榄杆市
57,23,23,2019-06-03 06:35:01,1,榄杆市,榄杆市
57,23,25,2019-06-03 06:38:01,1,榄杆市,安化楼
57,23,24,2019-06-03 06:38:01,1,榄杆市,培新街
57,23,25,2019-06-03 06:38:01,1,榄杆市,安化楼
57,1,7,2019-06-03 07:55:01,1,靛厂新村,六里桥西
57,1,12,2019-06-03 07:55:01,1,靛厂新村,广安门内
57,1,10,2019-06-03 07:55:01,1,靛厂新村,湾子
57,1,12,2019-06-03 07:55:01,1,靛厂新村,广安门内
57,1,8,2019-06-03 07:55:01,1,靛厂新村,六里桥东
57,1,11,2019-06-03 07:55:01,1,靛厂新村,达官营
57,1,10,2019-06-03 07:55:01,1,靛厂新村,湾子
57,1,7,2019-06-03 07:55:01,1,靛厂新村,六里桥西
57,1,7,2019-06-03 07:55:01,1,靛厂新村,六里桥西
57,1,7,2019-06-03 07:55:01,1,靛厂新村,六里桥西
57,1,10,2019-06-03 07:55:01,1,靛厂新村,湾子
57,1,9,2019-06-03 07:55:01,1,靛厂新村,莲花池
57,1,30,2019-06-03 07:55:01,1,靛厂新村,双花园
57,1,12,2019-06-03 07:55:01,1,靛厂新村,广安门内
57,1,13,2019-06-03 07:55:01,1,靛厂新村,牛街路口东
57,1,15,2019-06-03 07:55:01,1,靛厂新村,虎坊桥路口西
57,1,13,2019-06-03 07:55:01,1,靛厂新村,牛街路口东
57,1,34,2019-06-03 07:55:01,1,靛厂新村,四惠枢纽站
57,1,6,2019-06-03 07:55:01,1,靛厂新村,小井路口东
57,2,7,2019-06-03 07:56:01,1,岳各庄东路北口,六里桥西
57,2,7,2019-06-03 07:56:01,1,岳各庄东路北口,六里桥西
57,2,8,2019-06-03 07:56:01,1,岳各庄东路北口,六里桥东
57,2,7,2019-06-03 07:56:01,1,岳各庄东路北口,六里桥西
57,2,7,2019-06-03 07:56:01,1,岳各庄东路北口,六里桥西
57,2,7,2019-06-03 07:56:01,1,岳各庄东路北口,六里桥西
57,2,13,2019-06-03 07:57:01,1,岳各庄东路北口,牛街路口东
57,3,7,2019-06-03 07:59:01,1,靛厂村南站,六里桥西
57,3,7,2019-06-03 07:59:01,1,靛厂村南站,六里桥西
57,4,10,2019-06-03 08:00:01,1,水衙沟路东口,湾子
57,4,11,2019-06-03 08:00:01,1,水衙沟路东口,达官营
57,4,8,2019-06-03 08:00:01,1,水衙沟路东口,六里桥东
57,4,7,2019-06-03 08:00:01,1,水衙沟路东口,六里桥西
57,4,14,2019-06-03 08:00:01,1,水衙沟路东口,菜市口西
57,4,14,2019-06-03 08:00:01,1,水衙沟路东口,菜市口西
57,3,7,2019-06-03 08:00:01,1,靛厂村南站,六里桥西
57,6,8,2019-06-03 08:02:01,1,小井路口东,六里桥东
57,6,8,2019-06-03 08:02:01,1,小井路口东,六里桥东
57,6,8,2019-06-03 08:06:01,1,小井路口东,六里桥东
57,6,16,2019-06-03 08:06:01,1,小井路口东,虎坊桥路口东
57,6,26,2019-06-03 08:06:01,1,小井路口东,广渠门内
57,6,26,2019-06-03 08:06:01,1,小井路口东,广渠门内
57,7,7,2019-06-03 08:11:01,1,六里桥西,六里桥西
57,7,10,2019-06-03 08:11:01,1,六里桥西,湾子
57,7,12,2019-06-03 08:11:01,1,六里桥西,广安门内
57,8,31,2019-06-03 08:27:01,1,六里桥东,大北窑南
57,8,32,2019-06-03 08:27:01,1,六里桥东,大北窑东
57,8,33,2019-06-03 08:27:01,1,六里桥东,郎家园
57,8,14,2019-06-03 08:27:01,1,六里桥东,菜市口西
57,8,16,2019-06-03 08:27:01,1,六里桥东,虎坊桥路口东
57,8,14,2019-06-03 08:27:01,1,六里桥东,菜市口西
57,8,20,2019-06-03 08:27:01,1,六里桥东,桥湾
57,8,24,2019-06-03 08:27:01,1,六里桥东,培新街
57,8,21,2019-06-03 08:27:01,1,六里桥东,水道子
57,8,22,2019-06-03 08:27:01,1,六里桥东,磁器口西
57,8,23,2019-06-03 08:27:01,1,六里桥东,榄杆市
57,8,10,2019-06-03 08:28:01,1,六里桥东,湾子
57,8,11,2019-06-03 08:28:01,1,六里桥东,达官营
57,8,9,2019-06-03 08:28:01,1,六里桥东,莲花池
57,8,10,2019-06-03 08:28:01,1,六里桥东,湾子
57,8,11,2019-06-03 08:28:01,1,六里桥东,达官营
57,8,9,2019-06-03 08:28:01,1,六里桥东,莲花池
57,8,10,2019-06-03 08:28:01,1,六里桥东,湾子
57,8,9,2019-06-03 08:28:01,1,六里桥东,莲花池
57,8,13,2019-06-03 08:28:01,1,六里桥东,牛街路口东
57,8,12,2019-06-03 08:28:01,1,六里桥东,广安门内
57,8,12,2019-06-03 08:28:01,1,六里桥东,广安门内
57,8,16,2019-06-03 08:28:01,1,六里桥东,虎坊桥路口东
57,8,12,2019-06-03 08:28:01,1,六里桥东,广安门内
57,8,16,2019-06-03 08:28:01,1,六里桥东,虎坊桥路口东
57,8,14,2019-06-03 08:28:01,1,六里桥东,菜市口西
57,8,20,2019-06-03 08:28:01,1,六里桥东,桥湾
57,8,23,2019-06-03 08:28:01,1,六里桥东,榄杆市
57,8,25,2019-06-03 08:28:01,1,六里桥东,安化楼
57,8,21,2019-06-03 08:28:01,1,六里桥东,水道子
57,8,21,2019-06-03 08:28:01,1,六里桥东,水道子
57,8,17,2019-06-03 08:28:01,1,六里桥东,板章路
57,8,27,2019-06-03 08:28:01,1,六里桥东,马圈
57,8,34,2019-06-03 08:28:01,1,六里桥东,四惠枢纽站
57,8,19,2019-06-03 08:28:01,1,六里桥东,东城三里河
57,8,16,2019-06-03 08:28:01,1,六里桥东,虎坊桥路口东
57,8,21,2019-06-03 08:28:01,1,六里桥东,水道子
57,8,9,2019-06-03 08:29:01,1,六里桥东,莲花池
57,9,26,2019-06-03 08:33:01,1,莲花池,广渠门内
57,10,10,2019-06-03 08:37:01,1,湾子,湾子
57,10,10,2019-06-03 08:37:01,1,湾子,湾子
57,10,13,2019-06-03 08:37:01,1,湾子,牛街路口东
57,10,17,2019-06-03 08:37:01,1,湾子,板章路
57,10,12,2019-06-03 08:37:01,1,湾子,广安门内
57,10,12,2019-06-03 08:37:01,1,湾子,广安门内
57,10,11,2019-06-03 08:37:01,1,湾子,达官营
57,11,20,2019-06-03 08:37:01,1,达官营,桥湾
57,10,22,2019-06-03 08:37:01,1,湾子,磁器口西
57,10,17,2019-06-03 08:37:01,1,湾子,板章路
57,10,22,2019-06-03 08:37:01,1,湾子,磁器口西
57,10,34,2019-06-03 08:37:01,1,湾子,四惠枢纽站
57,11,11,2019-06-03 08:38:01,1,达官营,达官营
57,11,12,2019-06-03 08:38:01,1,达官营,广安门内
57,11,15,2019-06-03 08:38:01,1,达官营,虎坊桥路口西
57,11,12,2019-06-03 08:38:01,1,达官营,广安门内
57,11,12,2019-06-03 08:38:01,1,达官营,广安门内
57,11,13,2019-06-03 08:38:01,1,达官营,牛街路口东
57,11,12,2019-06-03 08:38:01,1,达官营,广安门内
57,11,24,2019-06-03 08:38:01,1,达官营,培新街
57,11,25,2019-06-03 08:38:01,1,达官营,安化楼
57,12,32,2019-06-03 08:41:01,1,广安门内,大北窑东
57,12,31,2019-06-03 08:41:01,1,广安门内,大北窑南
57,13,32,2019-06-03 08:44:01,1,牛街路口东,大北窑东
57,13,14,2019-06-03 08:44:01,1,牛街路口东,菜市口西
57,13,16,2019-06-03 08:44:01,1,牛街路口东,虎坊桥路口东
57,13,27,2019-06-03 08:44:01,1,牛街路口东,马圈
57,13,21,2019-06-03 08:44:01,1,牛街路口东,水道子
57,13,28,2019-06-03 08:44:01,1,牛街路口东,垂杨柳
57,13,34,2019-06-03 08:44:01,1,牛街路口东,四惠枢纽站
57,13,34,2019-06-03 08:44:01,1,牛街路口东,四惠枢纽站
57,14,33,2019-06-03 08:46:01,1,菜市口西,郎家园
57,14,34,2019-06-03 08:46:01,1,菜市口西,四惠枢纽站
57,14,16,2019-06-03 08:46:01,1,菜市口西,虎坊桥路口东
57,14,21,2019-06-03 08:46:01,1,菜市口西,水道子
57,14,21,2019-06-03 08:46:01,1,菜市口西,水道子
57,15,32,2019-06-03 08:50:01,1,虎坊桥路口西,大北窑东
57,15,25,2019-06-03 08:50:01,1,虎坊桥路口西,安化楼
57,16,32,2019-06-03 08:52:01,1,虎坊桥路口东,大北窑东
57,16,22,2019-06-03 08:52:01,1,虎坊桥路口东,磁器口西
57,16,33,2019-06-03 08:53:01,1,虎坊桥路口东,郎家园
57,16,22,2019-06-03 08:53:01,1,虎坊桥路口东,磁器口西
57,17,31,2019-06-03 08:54:01,1,板章路,大北窑南
57,17,31,2019-06-03 08:54:01,1,板章路,大北窑南
57,17,23,2019-06-03 08:54:01,1,板章路,榄杆市
57,17,34,2019-06-03 08:54:01,1,板章路,四惠枢纽站
57,17,28,2019-06-03 08:55:01,1,板章路,垂杨柳
57,18,23,2019-06-03 09:01:01,1,过街楼,榄杆市
57,19,23,2019-06-03 09:01:01,1,东城三里河,榄杆市
57,18,21,2019-06-03 09:01:01,1,过街楼,水道子
57,19,21,2019-06-03 09:02:01,1,东城三里河,水道子
57,19,21,2019-06-03 09:02:01,1,东城三里河,水道子
57,21,33,2019-06-03 09:06:01,1,水道子,郎家园
57,21,32,2019-06-03 09:06:01,1,水道子,大北窑东
57,21,28,2019-06-03 09:06:01,1,水道子,垂杨柳
57,22,32,2019-06-03 09:07:01,1,磁器口西,大北窑东
57,22,34,2019-06-03 09:07:01,1,磁器口西,四惠枢纽站
57,22,27,2019-06-03 09:07:01,1,磁器口西,马圈
57,22,23,2019-06-03 09:07:01,1,磁器口西,榄杆市
57,22,23,2019-06-03 09:07:01,1,磁器口西,榄杆市
57,22,25,2019-06-03 09:07:01,1,磁器口西,安化楼
57,22,23,2019-06-03 09:07:01,1,磁器口西,榄杆市
57,22,34,2019-06-03 09:07:01,1,磁器口西,四惠枢纽站
57,22,34,2019-06-03 09:07:01,1,磁器口西,四惠枢纽站
57,23,32,2019-06-03 09:08:01,1,榄杆市,大北窑东
57,23,32,2019-06-03 09:08:01,1,榄杆市,大北窑东
57,23,24,2019-06-03 09:08:01,1,榄杆市,培新街
57,23,32,2019-06-03 09:09:01,1,榄杆市,大北窑东
57,23,32,2019-06-03 09:09:01,1,榄杆市,大北窑东
57,24,29,2019-06-03 09:13:01,1,培新街,双井桥北
57,24,29,2019-06-03 09:13:01,1,培新街,双井桥北
57,24,25,2019-06-03 09:13:01,1,培新街,安化楼
57,25,30,2019-06-03 09:15:01,1,安化楼,双花园
57,25,32,2019-06-03 09:15:01,1,安化楼,大北窑东
57,26,34,2019-06-03 09:15:01,1,广渠门内,四惠枢纽站
57,26,31,2019-06-03 09:15:01,1,广渠门内,大北窑南
57,25,31,2019-06-03 09:15:01,1,安化楼,大北窑南
57,26,30,2019-06-03 09:15:01,1,广渠门内,双花园
57,25,28,2019-06-03 09:15:01,1,安化楼,垂杨柳
57,26,29,2019-06-03 09:15:01,1,广渠门内,双井桥北
57,26,29,2019-06-03 09:15:01,1,广渠门内,双井桥北
57,26,34,2019-06-03 09:15:01,1,广渠门内,四惠枢纽站
57,26,31,2019-06-03 09:16:01,1,广渠门内,大北窑南
57,26,31,2019-06-03 09:16:01,1,广渠门内,大北窑南
57,26,29,2019-06-03 09:16:01,1,广渠门内,双井桥北
57,26,28,2019-06-03 09:16:01,1,广渠门内,垂杨柳
57,26,28,2019-06-03 09:16:01,1,广渠门内,垂杨柳
57,27,29,2019-06-03 09:19:01,1,马圈,双井桥北
57,27,29,2019-06-03 09:19:01,1,马圈,双井桥北
57,27,29,2019-06-03 09:19:01,1,马圈,双井桥北
57,28,31,2019-06-03 09:21:01,1,垂杨柳,大北窑南
57,28,34,2019-06-03 09:21:01,1,垂杨柳,四惠枢纽站
57,28,34,2019-06-03 09:21:01,1,垂杨柳,四惠枢纽站
57,29,34,2019-06-03 09:26:01,1,双井桥北,四惠枢纽站
57,23,27,2019-06-03 06:39:01,1,榄杆市,马圈
57,25,27,2019-06-03 06:41:01,1,安化楼,马圈
57,25,25,2019-06-03 06:41:01,1,安化楼,安化楼
57,1,26,2019-06-03 09:11:01,1,靛厂新村,广渠门内
57,1,8,2019-06-03 09:11:01,1,靛厂新村,六里桥东
57,1,11,2019-06-03 09:11:01,1,靛厂新村,达官营
57,1,11,2019-06-03 09:11:01,1,靛厂新村,达官营
57,1,8,2019-06-03 09:11:01,1,靛厂新村,六里桥东
57,1,11,2019-06-03 09:11:01,1,靛厂新村,达官营
57,1,4,2019-06-03 09:11:01,1,靛厂新村,水衙沟路东口
57,1,1,2019-06-03 09:11:01,1,靛厂新村,靛厂新村
57,1,3,2019-06-03 09:11:01,1,靛厂新村,靛厂村南站
57,1,4,2019-06-03 09:11:01,1,靛厂新村,水衙沟路东口
57,1,5,2019-06-03 09:11:01,1,靛厂新村,白塔村
57,1,13,2019-06-03 09:11:01,1,靛厂新村,牛街路口东
57,1,17,2019-06-03 09:11:01,1,靛厂新村,板章路
57,1,11,2019-06-03 09:12:01,1,靛厂新村,达官营
57,1,10,2019-06-03 09:12:01,1,靛厂新村,湾子
57,1,4,2019-06-03 09:12:01,1,靛厂新村,水衙沟路东口
57,1,3,2019-06-03 09:12:01,1,靛厂新村,靛厂村南站
57,1,4,2019-06-03 09:12:01,1,靛厂新村,水衙沟路东口
57,1,9,2019-06-03 09:13:01,1,靛厂新村,莲花池
57,1,12,2019-06-03 09:13:01,1,靛厂新村,广安门内
57,1,8,2019-06-03 09:13:01,1,靛厂新村,六里桥东
57,1,7,2019-06-03 09:13:01,1,靛厂新村,六里桥西
57,1,8,2019-06-03 09:13:01,1,靛厂新村,六里桥东
57,1,12,2019-06-03 09:13:01,1,靛厂新村,广安门内
57,1,12,2019-06-03 09:13:01,1,靛厂新村,广安门内
57,4,10,2019-06-03 09:15:01,1,水衙沟路东口,湾子
57,4,4,2019-06-03 09:15:01,1,水衙沟路东口,水衙沟路东口
57,4,5,2019-06-03 09:15:01,1,水衙沟路东口,白塔村
57,4,7,2019-06-03 09:15:01,1,水衙沟路东口,六里桥西
57,4,7,2019-06-03 09:15:01,1,水衙沟路东口,六里桥西
57,4,7,2019-06-03 09:16:01,1,水衙沟路东口,六里桥西
57,4,17,2019-06-03 09:16:01,1,水衙沟路东口,板章路
57,4,17,2019-06-03 09:16:01,1,水衙沟路东口,板章路
57,5,26,2019-06-03 09:19:01,1,白塔村,广渠门内
57,7,12,2019-06-03 09:22:01,1,六里桥西,广安门内
57,7,9,2019-06-03 09:22:01,1,六里桥西,莲花池
57,7,13,2019-06-03 09:22:01,1,六里桥西,牛街路口东
57,7,13,2019-06-03 09:22:01,1,六里桥西,牛街路口东
57,7,15,2019-06-03 09:22:01,1,六里桥西,虎坊桥路口西
57,7,15,2019-06-03 09:22:01,1,六里桥西,虎坊桥路口西
57,8,12,2019-06-03 09:23:01,1,六里桥东,广安门内
57,8,26,2019-06-03 09:24:01,1,六里桥东,广渠门内
57,8,25,2019-06-03 09:24:01,1,六里桥东,安化楼
57,8,26,2019-06-03 09:24:01,1,六里桥东,广渠门内
57,8,26,2019-06-03 09:24:01,1,六里桥东,广渠门内
57,8,11,2019-06-03 09:24:01,1,六里桥东,达官营
57,8,13,2019-06-03 09:24:01,1,六里桥东,牛街路口东
57,8,13,2019-06-03 09:24:01,1,六里桥东,牛街路口东
57,8,24,2019-06-03 09:24:01,1,六里桥东,培新街
57,9,12,2019-06-03 09:29:01,1,莲花池,广安门内
57,10,12,2019-06-03 09:29:01,1,湾子,广安门内
57,9,10,2019-06-03 09:29:01,1,莲花池,湾子
57,9,15,2019-06-03 09:29:01,1,莲花池,虎坊桥路口西
57,9,14,2019-06-03 06:31:01,1,莲花池,菜市口西
57,9,18,2019-06-03 06:31:01,1,莲花池,过街楼
57,9,18,2019-06-03 06:31:01,1,莲花池,过街楼
57,9,10,2019-06-03 06:31:01,1,莲花池,湾子
57,9,18,2019-06-03 06:31:01,1,莲花池,过街楼
57,10,16,2019-06-03 06:32:01,1,湾子,虎坊桥路口东
57,10,10,2019-06-03 06:32:01,1,湾子,湾子
57,10,10,2019-06-03 06:32:01,1,湾子,湾子
57,10,18,2019-06-03 06:32:01,1,湾子,过街楼
57,10,18,2019-06-03 06:33:01,1,湾子,过街楼
57,10,13,2019-06-03 06:33:01,1,湾子,牛街路口东
57,10,11,2019-06-03 06:33:01,1,湾子,达官营
57,11,14,2019-06-03 06:36:01,1,达官营,菜市口西
57,11,17,2019-06-03 06:36:01,1,达官营,板章路
57,11,11,2019-06-03 06:36:01,1,达官营,达官营
57,11,18,2019-06-03 06:37:01,1,达官营,过街楼
57,11,12,2019-06-03 06:37:01,1,达官营,广安门内
57,11,14,2019-06-03 06:37:01,1,达官营,菜市口西
57,12,18,2019-06-03 06:39:01,1,广安门内,过街楼
57,12,15,2019-06-03 06:40:01,1,广安门内,虎坊桥路口西
57,13,18,2019-06-03 06:42:01,1,牛街路口东,过街楼
57,13,16,2019-06-03 06:45:01,1,牛街路口东,虎坊桥路口东
57,13,18,2019-06-03 06:45:01,1,牛街路口东,过街楼
57,13,18,2019-06-03 06:45:01,1,牛街路口东,过街楼
57,14,14,2019-06-03 06:46:01,1,菜市口西,菜市口西
57,14,18,2019-06-03 06:46:01,1,菜市口西,过街楼
57,14,14,2019-06-03 06:49:01,1,菜市口西,菜市口西
57,14,14,2019-06-03 06:49:01,1,菜市口西,菜市口西
57,14,14,2019-06-03 06:49:01,1,菜市口西,菜市口西
57,14,18,2019-06-03 06:51:01,1,菜市口西,过街楼
57,14,18,2019-06-03 06:51:01,1,菜市口西,过街楼
57,14,18,2019-06-03 06:51:01,1,菜市口西,过街楼
57,14,14,2019-06-03 06:52:01,1,菜市口西,菜市口西
57,14,18,2019-06-03 06:52:01,1,菜市口西,过街楼
57,14,18,2019-06-03 06:52:01,1,菜市口西,过街楼
57,15,18,2019-06-03 06:54:01,1,虎坊桥路口西,过街楼
57,15,18,2019-06-03 06:54:01,1,虎坊桥路口西,过街楼
57,16,18,2019-06-03 06:56:01,1,虎坊桥路口东,过街楼
57,17,18,2019-06-03 06:57:01,1,板章路,过街楼
57,16,18,2019-06-03 06:57:01,1,虎坊桥路口东,过街楼
57,17,18,2019-06-03 06:57:01,1,板章路,过街楼
57,17,18,2019-06-03 06:57:01,1,板章路,过街楼
57,16,18,2019-06-03 06:57:01,1,虎坊桥路口东,过街楼
57,16,18,2019-06-03 06:57:01,1,虎坊桥路口东,过街楼
57,18,18,2019-06-03 06:58:01,1,过街楼,过街楼
57,18,18,2019-06-03 06:58:01,1,过街楼,过街楼
57,18,18,2019-06-03 06:58:01,1,过街楼,过街楼
57,17,18,2019-06-03 06:58:01,1,板章路,过街楼
57,18,18,2019-06-03 06:58:01,1,过街楼,过街楼
57,18,18,2019-06-03 06:58:01,1,过街楼,过街楼
57,18,18,2019-06-03 06:58:01,1,过街楼,过街楼
57,18,18,2019-06-03 07:02:01,1,过街楼,过街楼
57,18,18,2019-06-03 07:02:01,1,过街楼,过街楼
57,18,18,2019-06-03 07:02:01,1,过街楼,过街楼
57,18,18,2019-06-03 07:03:01,1,过街楼,过街楼
57,18,18,2019-06-03 07:03:01,1,过街楼,过街楼
57,18,18,2019-06-03 07:03:01,1,过街楼,过街楼
57,18,18,2019-06-03 07:03:01,1,过街楼,过街楼
57,18,18,2019-06-03 07:03:01,1,过街楼,过街楼
57,18,18,2019-06-03 07:07:01,1,过街楼,过街楼
57,18,18,2019-06-03 07:10:01,1,过街楼,过街楼
57,18,18,2019-06-03 07:10:01,1,过街楼,过街楼
57,18,18,2019-06-03 07:10:01,1,过街楼,过街楼
57,18,18,2019-06-03 07:10:01,1,过街楼,过街楼
57,26,27,2019-06-03 08:57:01,1,广渠门内,马圈
57,26,27,2019-06-03 08:57:01,1,广渠门内,马圈
57,26,27,2019-06-03 08:57:01,1,广渠门内,马圈
57,27,27,2019-06-03 08:59:01,1,马圈,马圈
57,27,28,2019-06-03 08:59:01,1,马圈,垂杨柳
57,27,27,2019-06-03 08:59:01,1,马圈,马圈
57,27,27,2019-06-03 09:15:01,1,马圈,马圈
57,8,17,2019-06-03 06:32:01,1,六里桥东,板章路
57,8,17,2019-06-03 06:32:01,1,六里桥东,板章路
57,8,17,2019-06-03 06:32:01,1,六里桥东,板章路
57,8,21,2019-06-03 06:32:01,1,六里桥东,水道子
57,8,13,2019-06-03 06:32:01,1,六里桥东,牛街路口东
57,8,19,2019-06-03 06:32:01,1,六里桥东,东城三里河
57,8,13,2019-06-03 06:32:01,1,六里桥东,牛街路口东
57,8,13,2019-06-03 06:32:01,1,六里桥东,牛街路口东
57,8,15,2019-06-03 06:32:01,1,六里桥东,虎坊桥路口西
57,8,13,2019-06-03 06:32:01,1,六里桥东,牛街路口东
57,8,10,2019-06-03 06:32:01,1,六里桥东,湾子
57,8,8,2019-06-03 06:32:01,1,六里桥东,六里桥东
57,8,8,2019-06-03 06:32:01,1,六里桥东,六里桥东
57,8,10,2019-06-03 06:32:01,1,六里桥东,湾子
57,8,25,2019-06-03 06:32:01,1,六里桥东,安化楼
57,8,24,2019-06-03 06:32:01,1,六里桥东,培新街
57,8,22,2019-06-03 06:32:01,1,六里桥东,磁器口西
57,8,13,2019-06-03 06:33:01,1,六里桥东,牛街路口东
57,8,15,2019-06-03 06:33:01,1,六里桥东,虎坊桥路口西
57,8,10,2019-06-03 06:33:01,1,六里桥东,湾子
57,8,15,2019-06-03 06:33:01,1,六里桥东,虎坊桥路口西
57,8,17,2019-06-03 06:33:01,1,六里桥东,板章路
57,8,10,2019-06-03 06:33:01,1,六里桥东,湾子
57,9,18,2019-06-03 06:37:01,1,莲花池,过街楼
57,9,10,2019-06-03 06:37:01,1,莲花池,湾子
57,9,24,2019-06-03 06:37:01,1,莲花池,培新街
57,9,25,2019-06-03 06:37:01,1,莲花池,安化楼
57,10,21,2019-06-03 06:39:01,1,湾子,水道子
57,10,10,2019-06-03 06:39:01,1,湾子,湾子
57,10,10,2019-06-03 06:39:01,1,湾子,湾子
57,10,10,2019-06-03 06:39:01,1,湾子,湾子
57,10,26,2019-06-03 06:39:01,1,湾子,广渠门内
57,10,26,2019-06-03 06:39:01,1,湾子,广渠门内
57,10,21,2019-06-03 06:41:01,1,湾子,水道子
57,10,13,2019-06-03 06:41:01,1,湾子,牛街路口东
57,10,10,2019-06-03 06:41:01,1,湾子,湾子
57,10,10,2019-06-03 06:41:01,1,湾子,湾子
57,10,16,2019-06-03 06:41:01,1,湾子,虎坊桥路口东
57,10,13,2019-06-03 06:41:01,1,湾子,牛街路口东
57,10,11,2019-06-03 06:41:01,1,湾子,达官营
57,10,15,2019-06-03 06:41:01,1,湾子,虎坊桥路口西
57,10,10,2019-06-03 06:41:01,1,湾子,湾子
57,11,20,2019-06-03 06:44:01,1,达官营,桥湾
57,11,15,2019-06-03 06:44:01,1,达官营,虎坊桥路口西
57,11,26,2019-06-03 06:44:01,1,达官营,广渠门内
57,13,26,2019-06-03 06:47:01,1,牛街路口东,广渠门内
57,13,24,2019-06-03 06:50:01,1,牛街路口东,培新街
57,13,24,2019-06-03 06:50:01,1,牛街路口东,培新街
57,17,18,2019-06-03 06:54:01,1,板章路,过街楼
57,16,24,2019-06-03 06:54:01,1,虎坊桥路口东,培新街
57,16,25,2019-06-03 06:54:01,1,虎坊桥路口东,安化楼
57,17,22,2019-06-03 06:55:01,1,板章路,磁器口西
57,17,24,2019-06-03 06:55:01,1,板章路,培新街
57,17,26,2019-06-03 06:56:01,1,板章路,广渠门内
57,18,21,2019-06-03 06:58:01,1,过街楼,水道子
57,18,21,2019-06-03 06:58:01,1,过街楼,水道子
57,18,24,2019-06-03 06:58:01,1,过街楼,培新街
57,18,24,2019-06-03 06:58:01,1,过街楼,培新街
57,19,24,2019-06-03 06:59:01,1,东城三里河,培新街
57,19,24,2019-06-03 06:59:01,1,东城三里河,培新街
57,20,24,2019-06-03 07:00:01,1,桥湾,培新街
57,24,24,2019-06-03 07:06:01,1,培新街,培新街
57,1,7,2019-06-03 08:27:01,1,靛厂新村,六里桥西
57,1,7,2019-06-03 08:27:01,1,靛厂新村,六里桥西
57,1,1,2019-06-03 08:27:01,1,靛厂新村,靛厂新村
57,1,8,2019-06-03 08:27:01,1,靛厂新村,六里桥东
57,1,16,2019-06-03 08:27:01,1,靛厂新村,虎坊桥路口东
57,1,12,2019-06-03 08:27:01,1,靛厂新村,广安门内
57,2,3,2019-06-03 08:28:01,1,岳各庄东路北口,靛厂村南站
57,2,7,2019-06-03 08:29:01,1,岳各庄东路北口,六里桥西
57,2,7,2019-06-03 08:29:01,1,岳各庄东路北口,六里桥西
57,2,2,2019-06-03 08:29:01,1,岳各庄东路北口,岳各庄东路北口
57,2,32,2019-06-03 08:29:01,1,岳各庄东路北口,大北窑东
57,2,27,2019-06-03 08:29:01,1,岳各庄东路北口,马圈
57,2,9,2019-06-03 08:29:01,1,岳各庄东路北口,莲花池
57,3,13,2019-06-03 08:30:01,1,靛厂村南站,牛街路口东
57,3,3,2019-06-03 08:31:01,1,靛厂村南站,靛厂村南站
57,3,16,2019-06-03 08:31:01,1,靛厂村南站,虎坊桥路口东
57,4,8,2019-06-03 08:32:01,1,水衙沟路东口,六里桥东
57,4,14,2019-06-03 08:32:01,1,水衙沟路东口,菜市口西
57,4,11,2019-06-03 08:32:01,1,水衙沟路东口,达官营
57,4,14,2019-06-03 08:32:01,1,水衙沟路东口,菜市口西
57,5,30,2019-06-03 08:33:01,1,白塔村,双花园
57,6,8,2019-06-03 08:37:01,1,小井路口东,六里桥东
57,7,8,2019-06-03 08:40:01,1,六里桥西,六里桥东
57,7,8,2019-06-03 08:40:01,1,六里桥西,六里桥东
57,8,23,2019-06-03 08:50:01,1,六里桥东,榄杆市
57,8,24,2019-06-03 08:50:01,1,六里桥东,培新街
57,8,24,2019-06-03 08:50:01,1,六里桥东,培新街
57,8,24,2019-06-03 08:50:01,1,六里桥东,培新街
57,8,24,2019-06-03 08:50:01,1,六里桥东,培新街
57,8,27,2019-06-03 08:50:01,1,六里桥东,马圈
57,8,24,2019-06-03 08:50:01,1,六里桥东,培新街
57,8,24,2019-06-03 08:50:01,1,六里桥东,培新街
57,8,24,2019-06-03 08:50:01,1,六里桥东,培新街
57,8,14,2019-06-03 08:50:01,1,六里桥东,菜市口西
57,8,8,2019-06-03 08:51:01,1,六里桥东,六里桥东
57,8,9,2019-06-03 08:51:01,1,六里桥东,莲花池
57,8,8,2019-06-03 08:51:01,1,六里桥东,六里桥东
57,8,8,2019-06-03 08:51:01,1,六里桥东,六里桥东
57,8,16,2019-06-03 08:51:01,1,六里桥东,虎坊桥路口东
57,8,13,2019-06-03 08:51:01,1,六里桥东,牛街路口东
57,8,14,2019-06-03 08:51:01,1,六里桥东,菜市口西
57,8,11,2019-06-03 08:51:01,1,六里桥东,达官营
57,8,12,2019-06-03 08:51:01,1,六里桥东,广安门内
57,8,13,2019-06-03 08:51:01,1,六里桥东,牛街路口东
57,8,12,2019-06-03 08:51:01,1,六里桥东,广安门内
57,8,11,2019-06-03 08:51:01,1,六里桥东,达官营
57,8,13,2019-06-03 08:51:01,1,六里桥东,牛街路口东
57,8,11,2019-06-03 08:51:01,1,六里桥东,达官营
57,8,33,2019-06-03 08:51:01,1,六里桥东,郎家园
57,9,15,2019-06-03 08:55:01,1,莲花池,虎坊桥路口西
57,9,11,2019-06-03 08:55:01,1,莲花池,达官营
57,9,10,2019-06-03 08:55:01,1,莲花池,湾子
57,9,10,2019-06-03 08:56:01,1,莲花池,湾子
57,10,12,2019-06-03 08:58:01,1,湾子,广安门内
57,11,22,2019-06-03 09:00:01,1,达官营,磁器口西
57,11,12,2019-06-03 09:00:01,1,达官营,广安门内
57,11,15,2019-06-03 09:00:01,1,达官营,虎坊桥路口西
57,11,15,2019-06-03 09:00:01,1,达官营,虎坊桥路口西
57,11,13,2019-06-03 09:01:01,1,达官营,牛街路口东
57,11,11,2019-06-03 09:01:01,1,达官营,达官营
57,14,24,2019-06-03 09:08:01,1,菜市口西,培新街
57,14,16,2019-06-03 09:08:01,1,菜市口西,虎坊桥路口东
57,14,15,2019-06-03 09:08:01,1,菜市口西,虎坊桥路口西
57,14,31,2019-06-03 09:08:01,1,菜市口西,大北窑南
57,14,23,2019-06-03 09:09:01,1,菜市口西,榄杆市
57,16,29,2019-06-03 09:14:01,1,虎坊桥路口东,双井桥北
57,16,29,2019-06-03 09:14:01,1,虎坊桥路口东,双井桥北
57,17,30,2019-06-03 09:15:01,1,板章路,双花园
57,17,24,2019-06-03 09:15:01,1,板章路,培新街
57,17,23,2019-06-03 09:15:01,1,板章路,榄杆市
57,17,27,2019-06-03 09:15:01,1,板章路,马圈
57,17,26,2019-06-03 09:15:01,1,板章路,广渠门内
57,17,17,2019-06-03 09:15:01,1,板章路,板章路
57,17,34,2019-06-03 09:15:01,1,板章路,四惠枢纽站
57,19,24,2019-06-03 09:21:01,1,东城三里河,培新街
57,19,19,2019-06-03 09:21:01,1,东城三里河,东城三里河
57,21,23,2019-06-03 09:25:01,1,水道子,榄杆市
57,21,23,2019-06-03 09:25:01,1,水道子,榄杆市
57,21,25,2019-06-03 09:25:01,1,水道子,安化楼
57,21,24,2019-06-03 09:25:01,1,水道子,培新街
57,23,33,2019-06-03 09:29:01,1,榄杆市,郎家园
57,23,33,2019-06-03 09:29:01,1,榄杆市,郎家园
57,23,33,2019-06-03 09:29:01,1,榄杆市,郎家园
57,23,29,2019-06-03 09:29:01,1,榄杆市,双井桥北
57,23,23,2019-06-03 09:29:01,1,榄杆市,榄杆市
57,23,27,2019-06-03 09:29:01,1,榄杆市,马圈
57,1,10,2019-06-03 07:05:01,1,靛厂新村,湾子
57,1,20,2019-06-03 07:05:01,1,靛厂新村,桥湾
57,1,11,2019-06-03 07:05:01,1,靛厂新村,达官营
57,1,14,2019-06-03 07:05:01,1,靛厂新村,菜市口西
57,1,7,2019-06-03 07:05:01,1,靛厂新村,六里桥西
57,1,10,2019-06-03 07:06:01,1,靛厂新村,湾子
57,1,9,2019-06-03 07:06:01,1,靛厂新村,莲花池
57,1,7,2019-06-03 07:06:01,1,靛厂新村,六里桥西
57,1,6,2019-06-03 07:06:01,1,靛厂新村,小井路口东
57,1,1,2019-06-03 07:06:01,1,靛厂新村,靛厂新村
57,1,7,2019-06-03 07:06:01,1,靛厂新村,六里桥西
57,1,12,2019-06-03 07:06:01,1,靛厂新村,广安门内
57,1,7,2019-06-03 07:06:01,1,靛厂新村,六里桥西
57,1,18,2019-06-03 07:06:01,1,靛厂新村,过街楼
57,2,31,2019-06-03 07:07:01,1,岳各庄东路北口,大北窑南
57,2,7,2019-06-03 07:07:01,1,岳各庄东路北口,六里桥西
57,2,7,2019-06-03 07:07:01,1,岳各庄东路北口,六里桥西
57,2,12,2019-06-03 07:07:01,1,岳各庄东路北口,广安门内
57,2,7,2019-06-03 07:07:01,1,岳各庄东路北口,六里桥西
57,2,7,2019-06-03 07:07:01,1,岳各庄东路北口,六里桥西
57,2,7,2019-06-03 07:07:01,1,岳各庄东路北口,六里桥西
57,3,8,2019-06-03 07:09:01,1,靛厂村南站,六里桥东
57,3,8,2019-06-03 07:09:01,1,靛厂村南站,六里桥东
57,3,28,2019-06-03 07:09:01,1,靛厂村南站,垂杨柳
57,3,25,2019-06-03 07:09:01,1,靛厂村南站,安化楼
57,3,7,2019-06-03 07:09:01,1,靛厂村南站,六里桥西
57,3,6,2019-06-03 07:09:01,1,靛厂村南站,小井路口东
57,4,7,2019-06-03 07:09:01,1,水衙沟路东口,六里桥西
57,3,7,2019-06-03 07:09:01,1,靛厂村南站,六里桥西
57,3,6,2019-06-03 07:09:01,1,靛厂村南站,小井路口东
57,3,18,2019-06-03 07:09:01,1,靛厂村南站,过街楼
57,4,10,2019-06-03 07:10:01,1,水衙沟路东口,湾子
57,4,10,2019-06-03 07:10:01,1,水衙沟路东口,湾子
57,4,26,2019-06-03 07:10:01,1,水衙沟路东口,广渠门内
57,4,24,2019-06-03 07:10:01,1,水衙沟路东口,培新街
57,4,5,2019-06-03 07:10:01,1,水衙沟路东口,白塔村
57,4,7,2019-06-03 07:10:01,1,水衙沟路东口,六里桥西
57,4,11,2019-06-03 07:10:01,1,水衙沟路东口,达官营
57,4,12,2019-06-03 07:10:01,1,水衙沟路东口,广安门内
57,4,12,2019-06-03 07:10:01,1,水衙沟路东口,广安门内
57,4,12,2019-06-03 07:10:01,1,水衙沟路东口,广安门内
57,4,12,2019-06-03 07:10:01,1,水衙沟路东口,广安门内
57,4,8,2019-06-03 07:10:01,1,水衙沟路东口,六里桥东
57,4,12,2019-06-03 07:10:01,1,水衙沟路东口,广安门内
57,4,16,2019-06-03 07:10:01,1,水衙沟路东口,虎坊桥路口东
57,5,9,2019-06-03 07:11:01,1,白塔村,莲花池
57,6,10,2019-06-03 07:14:01,1,小井路口东,湾子
57,6,19,2019-06-03 07:14:01,1,小井路口东,东城三里河
57,6,29,2019-06-03 07:14:01,1,小井路口东,双井桥北
57,6,12,2019-06-03 07:14:01,1,小井路口东,广安门内
57,6,12,2019-06-03 07:14:01,1,小井路口东,广安门内
57,6,17,2019-06-03 07:14:01,1,小井路口东,板章路
57,7,23,2019-06-03 07:16:01,1,六里桥西,榄杆市
57,7,25,2019-06-03 07:16:01,1,六里桥西,安化楼
57,7,32,2019-06-03 07:16:01,1,六里桥西,大北窑东
57,7,13,2019-06-03 07:16:01,1,六里桥西,牛街路口东
57,7,11,2019-06-03 07:16:01,1,六里桥西,达官营
57,8,18,2019-06-03 07:25:01,1,六里桥东,过街楼
57,9,9,2019-06-03 07:25:01,1,莲花池,莲花池
57,8,23,2019-06-03 07:25:01,1,六里桥东,榄杆市
57,8,22,2019-06-03 07:25:01,1,六里桥东,磁器口西
57,8,26,2019-06-03 07:25:01,1,六里桥东,广渠门内
57,8,19,2019-06-03 07:25:01,1,六里桥东,东城三里河
57,8,24,2019-06-03 07:25:01,1,六里桥东,培新街
57,8,21,2019-06-03 07:25:01,1,六里桥东,水道子
57,8,31,2019-06-03 07:25:01,1,六里桥东,大北窑南
57,8,29,2019-06-03 07:25:01,1,六里桥东,双井桥北
57,8,34,2019-06-03 07:25:01,1,六里桥东,四惠枢纽站
57,8,32,2019-06-03 07:25:01,1,六里桥东,大北窑东
57,8,12,2019-06-03 07:25:01,1,六里桥东,广安门内
57,8,14,2019-06-03 07:25:01,1,六里桥东,菜市口西
57,8,12,2019-06-03 07:25:01,1,六里桥东,广安门内
57,8,12,2019-06-03 07:25:01,1,六里桥东,广安门内
57,8,14,2019-06-03 07:25:01,1,六里桥东,菜市口西
57,8,31,2019-06-03 07:25:01,1,六里桥东,大北窑南
57,8,18,2019-06-03 07:25:01,1,六里桥东,过街楼
57,8,16,2019-06-03 07:25:01,1,六里桥东,虎坊桥路口东
57,8,18,2019-06-03 07:25:01,1,六里桥东,过街楼
57,9,22,2019-06-03 07:31:01,1,莲花池,磁器口西
57,9,22,2019-06-03 07:31:01,1,莲花池,磁器口西
57,10,18,2019-06-03 07:36:01,1,湾子,过街楼
57,10,27,2019-06-03 07:36:01,1,湾子,马圈
57,10,12,2019-06-03 07:36:01,1,湾子,广安门内
57,10,11,2019-06-03 07:36:01,1,湾子,达官营
57,10,17,2019-06-03 07:36:01,1,湾子,板章路
57,10,28,2019-06-03 07:37:01,1,湾子,垂杨柳
57,10,11,2019-06-03 07:37:01,1,湾子,达官营
57,10,14,2019-06-03 07:37:01,1,湾子,菜市口西
57,10,12,2019-06-03 07:37:01,1,湾子,广安门内
57,11,18,2019-06-03 07:37:01,1,达官营,过街楼
57,10,16,2019-06-03 07:37:01,1,湾子,虎坊桥路口东
57,11,21,2019-06-03 07:38:01,1,达官营,水道子
57,11,21,2019-06-03 07:38:01,1,达官营,水道子
57,11,22,2019-06-03 07:38:01,1,达官营,磁器口西
57,11,30,2019-06-03 07:38:01,1,达官营,双花园
57,11,29,2019-06-03 07:38:01,1,达官营,双井桥北
57,11,14,2019-06-03 07:38:01,1,达官营,菜市口西
57,11,14,2019-06-03 07:38:01,1,达官营,菜市口西
57,11,12,2019-06-03 07:38:01,1,达官营,广安门内
57,11,12,2019-06-03 07:38:01,1,达官营,广安门内
57,11,13,2019-06-03 07:38:01,1,达官营,牛街路口东
57,11,13,2019-06-03 07:38:01,1,达官营,牛街路口东
57,11,16,2019-06-03 07:38:01,1,达官营,虎坊桥路口东
57,12,29,2019-06-03 07:39:01,1,广安门内,双井桥北
57,11,34,2019-06-03 07:39:01,1,达官营,四惠枢纽站
57,11,12,2019-06-03 07:39:01,1,达官营,广安门内
57,12,31,2019-06-03 07:43:01,1,广安门内,大北窑南
57,13,14,2019-06-03 07:46:01,1,牛街路口东,菜市口西
57,13,22,2019-06-03 07:47:01,1,牛街路口东,磁器口西
57,14,15,2019-06-03 07:47:01,1,菜市口西,虎坊桥路口西
57,14,29,2019-06-03 07:49:01,1,菜市口西,双井桥北
57,14,29,2019-06-03 07:49:01,1,菜市口西,双井桥北
57,14,33,2019-06-03 07:49:01,1,菜市口西,郎家园
57,14,15,2019-06-03 07:49:01,1,菜市口西,虎坊桥路口西
57,14,29,2019-06-03 07:49:01,1,菜市口西,双井桥北
57,14,16,2019-06-03 07:49:01,1,菜市口西,虎坊桥路口东
57,15,15,2019-06-03 07:53:01,1,虎坊桥路口西,虎坊桥路口西
57,16,22,2019-06-03 07:54:01,1,虎坊桥路口东,磁器口西
57,16,32,2019-06-03 07:54:01,1,虎坊桥路口东,大北窑东
57,16,31,2019-06-03 07:54:01,1,虎坊桥路口东,大北窑南
57,16,18,2019-06-03 07:54:01,1,虎坊桥路口东,过街楼
57,16,17,2019-06-03 07:54:01,1,虎坊桥路口东,板章路
57,16,18,2019-06-03 07:54:01,1,虎坊桥路口东,过街楼
57,16,17,2019-06-03 07:54:01,1,虎坊桥路口东,板章路
57,16,18,2019-06-03 07:54:01,1,虎坊桥路口东,过街楼
57,17,27,2019-06-03 08:00:01,1,板章路,马圈
57,17,25,2019-06-03 08:00:01,1,板章路,安化楼
57,17,20,2019-06-03 08:00:01,1,板章路,桥湾
57,17,22,2019-06-03 08:00:01,1,板章路,磁器口西
57,17,31,2019-06-03 08:00:01,1,板章路,大北窑南
57,17,34,2019-06-03 08:00:01,1,板章路,四惠枢纽站
57,17,18,2019-06-03 08:00:01,1,板章路,过街楼
57,17,18,2019-06-03 08:00:01,1,板章路,过街楼
57,18,23,2019-06-03 08:17:01,1,过街楼,榄杆市
57,18,27,2019-06-03 08:17:01,1,过街楼,马圈
57,18,28,2019-06-03 08:17:01,1,过街楼,垂杨柳
57,18,22,2019-06-03 08:17:01,1,过街楼,磁器口西
57,19,23,2019-06-03 08:17:01,1,东城三里河,榄杆市
57,18,29,2019-06-03 08:17:01,1,过街楼,双井桥北
57,18,34,2019-06-03 08:17:01,1,过街楼,四惠枢纽站
57,19,23,2019-06-03 08:18:01,1,东城三里河,榄杆市
57,19,24,2019-06-03 08:18:01,1,东城三里河,培新街
57,20,27,2019-06-03 08:19:01,1,桥湾,马圈
57,20,21,2019-06-03 08:19:01,1,桥湾,水道子
57,20,26,2019-06-03 08:19:01,1,桥湾,广渠门内
57,20,34,2019-06-03 08:19:01,1,桥湾,四惠枢纽站
57,22,25,2019-06-03 08:21:01,1,磁器口西,安化楼
57,21,23,2019-06-03 08:21:01,1,水道子,榄杆市
57,21,29,2019-06-03 08:21:01,1,水道子,双井桥北
57,22,26,2019-06-03 08:21:01,1,磁器口西,广渠门内
57,22,26,2019-06-03 08:21:01,1,磁器口西,广渠门内
57,21,29,2019-06-03 08:21:01,1,水道子,双井桥北
57,23,24,2019-06-03 08:22:01,1,榄杆市,培新街
57,23,31,2019-06-03 08:22:01,1,榄杆市,大北窑南
57,23,31,2019-06-03 08:22:01,1,榄杆市,大北窑南
57,24,27,2019-06-03 08:25:01,1,培新街,马圈
57,24,27,2019-06-03 08:25:01,1,培新街,马圈
57,25,32,2019-06-03 08:25:01,1,安化楼,大北窑东
57,25,32,2019-06-03 08:25:01,1,安化楼,大北窑东
57,24,31,2019-06-03 08:25:01,1,培新街,大北窑南
57,25,28,2019-06-03 08:26:01,1,安化楼,垂杨柳
57,25,33,2019-06-03 08:26:01,1,安化楼,郎家园
57,25,33,2019-06-03 08:26:01,1,安化楼,郎家园
57,26,29,2019-06-03 08:27:01,1,广渠门内,双井桥北
57,26,28,2019-06-03 08:27:01,1,广渠门内,垂杨柳
57,26,33,2019-06-03 08:27:01,1,广渠门内,郎家园
57,26,32,2019-06-03 08:27:01,1,广渠门内,大北窑东
57,26,32,2019-06-03 08:27:01,1,广渠门内,大北窑东
57,26,29,2019-06-03 08:27:01,1,广渠门内,双井桥北
57,26,29,2019-06-03 08:27:01,1,广渠门内,双井桥北
57,27,29,2019-06-03 08:30:01,1,马圈,双井桥北
57,27,29,2019-06-03 08:30:01,1,马圈,双井桥北
57,27,31,2019-06-03 08:30:01,1,马圈,大北窑南
57,27,31,2019-06-03 08:30:01,1,马圈,大北窑南
57,27,29,2019-06-03 08:30:01,1,马圈,双井桥北
57,28,34,2019-06-03 08:31:01,1,垂杨柳,四惠枢纽站
57,28,34,2019-06-03 08:31:01,1,垂杨柳,四惠枢纽站
57,28,29,2019-06-03 08:32:01,1,垂杨柳,双井桥北
57,28,28,2019-06-03 08:32:01,1,垂杨柳,垂杨柳
57,29,29,2019-06-03 08:33:01,1,双井桥北,双井桥北
57,29,31,2019-06-03 08:40:01,1,双井桥北,大北窑南
57,29,31,2019-06-03 08:40:01,1,双井桥北,大北窑南
57,29,31,2019-06-03 08:40:01,1,双井桥北,大北窑南
57,31,33,2019-06-03 08:50:01,1,大北窑南,郎家园
57,31,32,2019-06-03 08:50:01,1,大北窑南,大北窑东
57,31,34,2019-06-03 08:50:01,1,大北窑南,四惠枢纽站
57,32,33,2019-06-03 08:57:01,1,大北窑东,郎家园
57,16,31,2019-06-03 06:30:01,1,虎坊桥路口东,大北窑南
57,16,31,2019-06-03 06:30:01,1,虎坊桥路口东,大北窑南
57,18,29,2019-06-03 06:34:01,1,过街楼,双井桥北
57,21,26,2019-06-03 06:37:01,1,水道子,广渠门内
57,23,30,2019-06-03 06:41:01,1,榄杆市,双花园
57,23,29,2019-06-03 06:41:01,1,榄杆市,双井桥北
57,24,29,2019-06-03 06:43:01,1,培新街,双井桥北
57,24,29,2019-06-03 06:43:01,1,培新街,双井桥北
57,24,28,2019-06-03 06:43:01,1,培新街,垂杨柳
57,24,31,2019-06-03 06:44:01,1,培新街,大北窑南
57,24,33,2019-06-03 06:44:01,1,培新街,郎家园
57,24,31,2019-06-03 06:44:01,1,培新街,大北窑南
57,25,29,2019-06-03 06:46:01,1,安化楼,双井桥北
57,26,29,2019-06-03 06:46:01,1,广渠门内,双井桥北
57,26,29,2019-06-03 06:46:01,1,广渠门内,双井桥北
57,26,33,2019-06-03 06:46:01,1,广渠门内,郎家园
57,1,5,2019-06-03 06:55:01,1,靛厂新村,白塔村
57,1,5,2019-06-03 06:55:01,1,靛厂新村,白塔村
57,1,1,2019-06-03 06:55:01,1,靛厂新村,靛厂新村
57,1,12,2019-06-03 06:55:01,1,靛厂新村,广安门内
57,2,7,2019-06-03 06:55:01,1,岳各庄东路北口,六里桥西
57,1,15,2019-06-03 06:55:01,1,靛厂新村,虎坊桥路口西
57,1,7,2019-06-03 06:55:01,1,靛厂新村,六里桥西
57,2,12,2019-06-03 06:56:01,1,岳各庄东路北口,广安门内
57,2,6,2019-06-03 06:56:01,1,岳各庄东路北口,小井路口东
57,2,7,2019-06-03 06:56:01,1,岳各庄东路北口,六里桥西
57,2,15,2019-06-03 06:56:01,1,岳各庄东路北口,虎坊桥路口西
57,2,7,2019-06-03 06:56:01,1,岳各庄东路北口,六里桥西
57,3,7,2019-06-03 06:57:01,1,靛厂村南站,六里桥西
57,3,17,2019-06-03 06:57:01,1,靛厂村南站,板章路
57,3,6,2019-06-03 06:58:01,1,靛厂村南站,小井路口东
57,4,4,2019-06-03 06:58:01,1,水衙沟路东口,水衙沟路东口
57,4,10,2019-06-03 06:58:01,1,水衙沟路东口,湾子
57,3,7,2019-06-03 06:58:01,1,靛厂村南站,六里桥西
57,3,7,2019-06-03 06:58:01,1,靛厂村南站,六里桥西
57,4,16,2019-06-03 06:58:01,1,水衙沟路东口,虎坊桥路口东
57,4,6,2019-06-03 06:58:01,1,水衙沟路东口,小井路口东
57,5,10,2019-06-03 06:59:01,1,白塔村,湾子
57,5,10,2019-06-03 06:59:01,1,白塔村,湾子
57,4,15,2019-06-03 06:59:01,1,水衙沟路东口,虎坊桥路口西
57,4,15,2019-06-03 06:59:01,1,水衙沟路东口,虎坊桥路口西
57,5,5,2019-06-03 07:00:01,1,白塔村,白塔村
57,5,6,2019-06-03 07:00:01,1,白塔村,小井路口东
57,6,26,2019-06-03 07:04:01,1,小井路口东,广渠门内
57,6,26,2019-06-03 07:04:01,1,小井路口东,广渠门内
57,6,16,2019-06-03 07:04:01,1,小井路口东,虎坊桥路口东
57,7,12,2019-06-03 07:07:01,1,六里桥西,广安门内
57,7,24,2019-06-03 07:07:01,1,六里桥西,培新街
57,7,7,2019-06-03 07:07:01,1,六里桥西,六里桥西
57,7,8,2019-06-03 07:07:01,1,六里桥西,六里桥东
57,7,8,2019-06-03 07:07:01,1,六里桥西,六里桥东
57,8,12,2019-06-03 07:17:01,1,六里桥东,广安门内
57,8,11,2019-06-03 07:17:01,1,六里桥东,达官营
57,8,24,2019-06-03 07:17:01,1,六里桥东,培新街
57,8,20,2019-06-03 07:17:01,1,六里桥东,桥湾
57,8,23,2019-06-03 07:17:01,1,六里桥东,榄杆市
57,8,11,2019-06-03 07:17:01,1,六里桥东,达官营
57,8,12,2019-06-03 07:17:01,1,六里桥东,广安门内
57,8,10,2019-06-03 07:17:01,1,六里桥东,湾子
57,8,13,2019-06-03 07:17:01,1,六里桥东,牛街路口东
57,8,24,2019-06-03 07:17:01,1,六里桥东,培新街
57,8,23,2019-06-03 07:17:01,1,六里桥东,榄杆市
57,8,22,2019-06-03 07:17:01,1,六里桥东,磁器口西
57,8,22,2019-06-03 07:17:01,1,六里桥东,磁器口西
57,8,22,2019-06-03 07:17:01,1,六里桥东,磁器口西
57,8,24,2019-06-03 07:17:01,1,六里桥东,培新街
57,8,21,2019-06-03 07:17:01,1,六里桥东,水道子
57,8,25,2019-06-03 07:17:01,1,六里桥东,安化楼
57,8,8,2019-06-03 07:17:01,1,六里桥东,六里桥东
57,8,8,2019-06-03 07:17:01,1,六里桥东,六里桥东
57,8,9,2019-06-03 07:17:01,1,六里桥东,莲花池
57,8,15,2019-06-03 07:17:01,1,六里桥东,虎坊桥路口西
57,8,16,2019-06-03 07:17:01,1,六里桥东,虎坊桥路口东
57,8,14,2019-06-03 07:17:01,1,六里桥东,菜市口西
57,8,17,2019-06-03 07:17:01,1,六里桥东,板章路
57,8,17,2019-06-03 07:17:01,1,六里桥东,板章路
57,8,17,2019-06-03 07:17:01,1,六里桥东,板章路
57,8,11,2019-06-03 07:18:01,1,六里桥东,达官营
57,8,11,2019-06-03 07:18:01,1,六里桥东,达官营
57,8,26,2019-06-03 07:18:01,1,六里桥东,广渠门内
57,8,26,2019-06-03 07:18:01,1,六里桥东,广渠门内
57,9,12,2019-06-03 07:25:01,1,莲花池,广安门内
57,9,10,2019-06-03 07:26:01,1,莲花池,湾子
57,11,12,2019-06-03 07:29:01,1,达官营,广安门内
57,10,11,2019-06-03 07:29:01,1,湾子,达官营
57,10,21,2019-06-03 07:29:01,1,湾子,水道子
57,10,19,2019-06-03 07:29:01,1,湾子,东城三里河
57,10,14,2019-06-03 07:29:01,1,湾子,菜市口西
57,11,12,2019-06-03 07:31:01,1,达官营,广安门内
57,11,12,2019-06-03 07:31:01,1,达官营,广安门内
57,11,12,2019-06-03 07:31:01,1,达官营,广安门内
57,11,11,2019-06-03 07:31:01,1,达官营,达官营
57,11,29,2019-06-03 07:31:01,1,达官营,双井桥北
57,11,34,2019-06-03 07:31:01,1,达官营,四惠枢纽站
57,11,17,2019-06-03 07:31:01,1,达官营,板章路
57,11,16,2019-06-03 07:31:01,1,达官营,虎坊桥路口东
57,11,15,2019-06-03 07:31:01,1,达官营,虎坊桥路口西
57,12,24,2019-06-03 07:36:01,1,广安门内,培新街
57,12,24,2019-06-03 07:36:01,1,广安门内,培新街
57,12,20,2019-06-03 07:36:01,1,广安门内,桥湾
57,13,14,2019-06-03 07:36:01,1,牛街路口东,菜市口西
57,13,25,2019-06-03 07:39:01,1,牛街路口东,安化楼
57,13,21,2019-06-03 07:39:01,1,牛街路口东,水道子
57,13,21,2019-06-03 07:39:01,1,牛街路口东,水道子
57,13,16,2019-06-03 07:39:01,1,牛街路口东,虎坊桥路口东
57,13,13,2019-06-03 07:39:01,1,牛街路口东,牛街路口东
57,13,13,2019-06-03 07:39:01,1,牛街路口东,牛街路口东
57,13,18,2019-06-03 07:39:01,1,牛街路口东,过街楼
57,13,17,2019-06-03 07:39:01,1,牛街路口东,板章路
57,13,31,2019-06-03 07:40:01,1,牛街路口东,大北窑南
57,13,15,2019-06-03 07:40:01,1,牛街路口东,虎坊桥路口西
57,13,16,2019-06-03 07:40:01,1,牛街路口东,虎坊桥路口东
57,13,19,2019-06-03 07:40:01,1,牛街路口东,东城三里河
57,14,20,2019-06-03 07:42:01,1,菜市口西,桥湾
57,14,27,2019-06-03 07:42:01,1,菜市口西,马圈
57,14,21,2019-06-03 07:42:01,1,菜市口西,水道子
57,14,27,2019-06-03 07:42:01,1,菜市口西,马圈
57,16,25,2019-06-03 07:47:01,1,虎坊桥路口东,安化楼
57,16,31,2019-06-03 07:47:01,1,虎坊桥路口东,大北窑南
57,16,17,2019-06-03 07:47:01,1,虎坊桥路口东,板章路
57,16,21,2019-06-03 07:48:01,1,虎坊桥路口东,水道子
57,17,18,2019-06-03 07:48:01,1,板章路,过街楼
57,17,23,2019-06-03 07:49:01,1,板章路,榄杆市
57,17,23,2019-06-03 07:49:01,1,板章路,榄杆市
57,17,26,2019-06-03 07:49:01,1,板章路,广渠门内
57,17,21,2019-06-03 07:49:01,1,板章路,水道子
57,17,33,2019-06-03 07:49:01,1,板章路,郎家园
57,17,18,2019-06-03 07:49:01,1,板章路,过街楼
57,18,26,2019-06-03 08:05:01,1,过街楼,广渠门内
57,18,26,2019-06-03 08:05:01,1,过街楼,广渠门内
57,18,21,2019-06-03 08:05:01,1,过街楼,水道子
57,18,23,2019-06-03 08:05:01,1,过街楼,榄杆市
57,18,21,2019-06-03 08:05:01,1,过街楼,水道子
57,19,26,2019-06-03 08:05:01,1,东城三里河,广渠门内
57,19,24,2019-06-03 08:06:01,1,东城三里河,培新街
57,19,24,2019-06-03 08:06:01,1,东城三里河,培新街
57,19,24,2019-06-03 08:06:01,1,东城三里河,培新街
57,19,24,2019-06-03 08:06:01,1,东城三里河,培新街
57,19,22,2019-06-03 08:06:01,1,东城三里河,磁器口西
57,19,24,2019-06-03 08:06:01,1,东城三里河,培新街
57,19,24,2019-06-03 08:06:01,1,东城三里河,培新街
57,20,24,2019-06-03 08:07:01,1,桥湾,培新街
57,21,27,2019-06-03 08:07:01,1,水道子,马圈
57,20,23,2019-06-03 08:07:01,1,桥湾,榄杆市
57,21,26,2019-06-03 08:07:01,1,水道子,广渠门内
57,20,25,2019-06-03 08:07:01,1,桥湾,安化楼
57,21,23,2019-06-03 08:07:01,1,水道子,榄杆市
57,21,22,2019-06-03 08:08:01,1,水道子,磁器口西
57,21,24,2019-06-03 08:08:01,1,水道子,培新街
57,22,32,2019-06-03 08:08:01,1,磁器口西,大北窑东
57,22,23,2019-06-03 08:09:01,1,磁器口西,榄杆市
57,23,25,2019-06-03 08:09:01,1,榄杆市,安化楼
57,22,23,2019-06-03 08:09:01,1,磁器口西,榄杆市
57,22,24,2019-06-03 08:09:01,1,磁器口西,培新街
57,23,25,2019-06-03 08:09:01,1,榄杆市,安化楼
57,22,24,2019-06-03 08:09:01,1,磁器口西,培新街
57,22,24,2019-06-03 08:09:01,1,磁器口西,培新街
57,23,32,2019-06-03 08:10:01,1,榄杆市,大北窑东
57,23,23,2019-06-03 08:10:01,1,榄杆市,榄杆市
57,24,26,2019-06-03 08:13:01,1,培新街,广渠门内
57,24,25,2019-06-03 08:13:01,1,培新街,安化楼
57,24,25,2019-06-03 08:13:01,1,培新街,安化楼
57,24,26,2019-06-03 08:13:01,1,培新街,广渠门内
57,25,26,2019-06-03 08:14:01,1,安化楼,广渠门内
57,26,27,2019-06-03 08:15:01,1,广渠门内,马圈
57,26,34,2019-06-03 08:15:01,1,广渠门内,四惠枢纽站
57,26,31,2019-06-03 08:15:01,1,广渠门内,大北窑南
57,26,29,2019-06-03 08:16:01,1,广渠门内,双井桥北
57,27,34,2019-06-03 08:18:01,1,马圈,四惠枢纽站
57,27,31,2019-06-03 08:18:01,1,马圈,大北窑南
57,1,17,2019-06-03 07:26:01,1,靛厂新村,板章路
57,1,20,2019-06-03 07:26:01,1,靛厂新村,桥湾
57,1,5,2019-06-03 07:26:01,1,靛厂新村,白塔村
57,1,8,2019-06-03 07:26:01,1,靛厂新村,六里桥东
57,1,8,2019-06-03 07:26:01,1,靛厂新村,六里桥东
57,1,11,2019-06-03 07:26:01,1,靛厂新村,达官营
57,1,12,2019-06-03 07:26:01,1,靛厂新村,广安门内
57,1,13,2019-06-03 07:26:01,1,靛厂新村,牛街路口东
57,1,13,2019-06-03 07:26:01,1,靛厂新村,牛街路口东
57,1,8,2019-06-03 07:26:01,1,靛厂新村,六里桥东
57,1,11,2019-06-03 07:26:01,1,靛厂新村,达官营
57,1,11,2019-06-03 07:26:01,1,靛厂新村,达官营
57,1,2,2019-06-03 07:27:01,1,靛厂新村,岳各庄东路北口
57,1,4,2019-06-03 07:27:01,1,靛厂新村,水衙沟路东口
57,1,22,2019-06-03 07:27:01,1,靛厂新村,磁器口西
57,1,5,2019-06-03 07:27:01,1,靛厂新村,白塔村
57,1,5,2019-06-03 07:27:01,1,靛厂新村,白塔村
57,1,5,2019-06-03 07:27:01,1,靛厂新村,白塔村
57,1,6,2019-06-03 07:27:01,1,靛厂新村,小井路口东
57,1,7,2019-06-03 07:27:01,1,靛厂新村,六里桥西
57,1,12,2019-06-03 07:27:01,1,靛厂新村,广安门内
57,1,11,2019-06-03 07:27:01,1,靛厂新村,达官营
57,2,4,2019-06-03 07:28:01,1,岳各庄东路北口,水衙沟路东口
57,2,5,2019-06-03 07:28:01,1,岳各庄东路北口,白塔村
57,2,3,2019-06-03 07:28:01,1,岳各庄东路北口,靛厂村南站
57,2,17,2019-06-03 07:28:01,1,岳各庄东路北口,板章路
57,2,23,2019-06-03 07:28:01,1,岳各庄东路北口,榄杆市
57,2,5,2019-06-03 07:28:01,1,岳各庄东路北口,白塔村
57,2,5,2019-06-03 07:28:01,1,岳各庄东路北口,白塔村
57,2,5,2019-06-03 07:28:01,1,岳各庄东路北口,白塔村
57,2,6,2019-06-03 07:28:01,1,岳各庄东路北口,小井路口东
57,2,5,2019-06-03 07:28:01,1,岳各庄东路北口,白塔村
57,2,5,2019-06-03 07:28:01,1,岳各庄东路北口,白塔村
57,2,5,2019-06-03 07:28:01,1,岳各庄东路北口,白塔村
57,2,6,2019-06-03 07:28:01,1,岳各庄东路北口,小井路口东
57,2,6,2019-06-03 07:28:01,1,岳各庄东路北口,小井路口东
57,2,11,2019-06-03 07:28:01,1,岳各庄东路北口,达官营
57,2,8,2019-06-03 07:28:01,1,岳各庄东路北口,六里桥东
57,2,8,2019-06-03 07:28:01,1,岳各庄东路北口,六里桥东
57,3,3,2019-06-03 07:30:01,1,靛厂村南站,靛厂村南站
57,3,5,2019-06-03 07:30:01,1,靛厂村南站,白塔村
57,3,5,2019-06-03 07:30:01,1,靛厂村南站,白塔村
57,3,5,2019-06-03 07:31:01,1,靛厂村南站,白塔村
57,3,5,2019-06-03 07:31:01,1,靛厂村南站,白塔村
57,3,4,2019-06-03 07:31:01,1,靛厂村南站,水衙沟路东口
57,3,5,2019-06-03 07:31:01,1,靛厂村南站,白塔村
57,3,25,2019-06-03 07:31:01,1,靛厂村南站,安化楼
57,3,5,2019-06-03 07:31:01,1,靛厂村南站,白塔村
57,3,5,2019-06-03 07:31:01,1,靛厂村南站,白塔村
57,3,5,2019-06-03 07:31:01,1,靛厂村南站,白塔村
57,3,10,2019-06-03 07:31:01,1,靛厂村南站,湾子
57,3,13,2019-06-03 07:31:01,1,靛厂村南站,牛街路口东
57,3,8,2019-06-03 07:31:01,1,靛厂村南站,六里桥东
57,3,9,2019-06-03 07:31:01,1,靛厂村南站,莲花池
57,3,6,2019-06-03 07:31:01,1,靛厂村南站,小井路口东
57,3,10,2019-06-03 07:31:01,1,靛厂村南站,湾子
57,3,12,2019-06-03 07:31:01,1,靛厂村南站,广安门内
57,3,8,2019-06-03 07:31:01,1,靛厂村南站,六里桥东
57,3,9,2019-06-03 07:31:01,1,靛厂村南站,莲花池
57,3,12,2019-06-03 07:31:01,1,靛厂村南站,广安门内
57,3,4,2019-06-03 07:32:01,1,靛厂村南站,水衙沟路东口
57,3,4,2019-06-03 07:32:01,1,靛厂村南站,水衙沟路东口
57,3,8,2019-06-03 07:32:01,1,靛厂村南站,六里桥东
57,4,8,2019-06-03 07:33:01,1,水衙沟路东口,六里桥东
57,4,12,2019-06-03 07:33:01,1,水衙沟路东口,广安门内
57,4,5,2019-06-03 07:34:01,1,水衙沟路东口,白塔村
57,5,8,2019-06-03 07:38:01,1,白塔村,六里桥东
57,5,9,2019-06-03 07:38:01,1,白塔村,莲花池
57,5,8,2019-06-03 07:38:01,1,白塔村,六里桥东
57,5,11,2019-06-03 07:38:01,1,白塔村,达官营
57,5,9,2019-06-03 07:38:01,1,白塔村,莲花池
57,5,9,2019-06-03 07:38:01,1,白塔村,莲花池
57,5,12,2019-06-03 07:38:01,1,白塔村,广安门内
57,6,22,2019-06-03 07:46:01,1,小井路口东,磁器口西
57,6,14,2019-06-03 07:46:01,1,小井路口东,菜市口西
57,6,22,2019-06-03 07:46:01,1,小井路口东,磁器口西
57,6,19,2019-06-03 07:46:01,1,小井路口东,东城三里河
57,6,22,2019-06-03 07:46:01,1,小井路口东,磁器口西
57,6,22,2019-06-03 07:46:01,1,小井路口东,磁器口西
57,6,21,2019-06-03 07:46:01,1,小井路口东,水道子
57,6,19,2019-06-03 07:46:01,1,小井路口东,东城三里河
57,6,23,2019-06-03 07:46:01,1,小井路口东,榄杆市
57,6,24,2019-06-03 07:46:01,1,小井路口东,培新街
57,6,24,2019-06-03 07:46:01,1,小井路口东,培新街
57,6,10,2019-06-03 07:46:01,1,小井路口东,湾子
57,6,9,2019-06-03 07:46:01,1,小井路口东,莲花池
57,6,10,2019-06-03 07:46:01,1,小井路口东,湾子
57,6,6,2019-06-03 07:46:01,1,小井路口东,小井路口东
57,6,9,2019-06-03 07:46:01,1,小井路口东,莲花池
57,6,12,2019-06-03 07:46:01,1,小井路口东,广安门内
57,6,9,2019-06-03 07:46:01,1,小井路口东,莲花池
57,6,8,2019-06-03 07:46:01,1,小井路口东,六里桥东
57,6,14,2019-06-03 07:47:01,1,小井路口东,菜市口西
57,6,15,2019-06-03 07:47:01,1,小井路口东,虎坊桥路口西
57,6,20,2019-06-03 07:47:01,1,小井路口东,桥湾
57,6,15,2019-06-03 07:47:01,1,小井路口东,虎坊桥路口西
57,6,25,2019-06-03 07:47:01,1,小井路口东,安化楼
57,6,6,2019-06-03 07:47:01,1,小井路口东,小井路口东
57,6,7,2019-06-03 07:47:01,1,小井路口东,六里桥西
57,6,8,2019-06-03 07:47:01,1,小井路口东,六里桥东
57,6,6,2019-06-03 07:47:01,1,小井路口东,小井路口东
57,6,8,2019-06-03 07:47:01,1,小井路口东,六里桥东
57,6,10,2019-06-03 07:47:01,1,小井路口东,湾子
57,6,8,2019-06-03 07:47:01,1,小井路口东,六里桥东
57,6,8,2019-06-03 07:47:01,1,小井路口东,六里桥东
57,6,8,2019-06-03 07:47:01,1,小井路口东,六里桥东
57,7,23,2019-06-03 07:51:01,1,六里桥西,榄杆市
57,7,24,2019-06-03 07:51:01,1,六里桥西,培新街
57,7,24,2019-06-03 07:51:01,1,六里桥西,培新街
57,7,12,2019-06-03 07:51:01,1,六里桥西,广安门内
57,8,14,2019-06-03 07:54:01,1,六里桥东,菜市口西
57,8,20,2019-06-03 07:54:01,1,六里桥东,桥湾
57,9,13,2019-06-03 07:54:01,1,莲花池,牛街路口东
57,8,12,2019-06-03 07:54:01,1,六里桥东,广安门内
57,9,14,2019-06-03 07:56:01,1,莲花池,菜市口西
57,9,14,2019-06-03 07:56:01,1,莲花池,菜市口西
57,9,23,2019-06-03 07:56:01,1,莲花池,榄杆市
57,9,23,2019-06-03 07:56:01,1,莲花池,榄杆市
57,9,24,2019-06-03 07:56:01,1,莲花池,培新街
57,9,24,2019-06-03 07:56:01,1,莲花池,培新街
57,9,10,2019-06-03 07:56:01,1,莲花池,湾子
57,9,11,2019-06-03 07:56:01,1,莲花池,达官营
57,9,11,2019-06-03 07:56:01,1,莲花池,达官营
57,9,13,2019-06-03 07:56:01,1,莲花池,牛街路口东
57,9,9,2019-06-03 07:56:01,1,莲花池,莲花池
57,9,9,2019-06-03 07:56:01,1,莲花池,莲花池
57,9,10,2019-06-03 07:56:01,1,莲花池,湾子
57,9,10,2019-06-03 07:56:01,1,莲花池,湾子
57,9,19,2019-06-03 07:57:01,1,莲花池,东城三里河
57,9,22,2019-06-03 07:57:01,1,莲花池,磁器口西
57,9,13,2019-06-03 07:57:01,1,莲花池,牛街路口东
57,9,11,2019-06-03 07:57:01,1,莲花池,达官营
57,10,16,2019-06-03 08:00:01,1,湾子,虎坊桥路口东
57,10,24,2019-06-03 08:00:01,1,湾子,培新街
57,11,19,2019-06-03 08:01:01,1,达官营,东城三里河
57,11,21,2019-06-03 08:02:01,1,达官营,水道子
57,11,23,2019-06-03 08:02:01,1,达官营,榄杆市
57,11,18,2019-06-03 08:03:01,1,达官营,过街楼
57,11,14,2019-06-03 08:03:01,1,达官营,菜市口西
57,11,22,2019-06-03 08:03:01,1,达官营,磁器口西
57,11,24,2019-06-03 08:03:01,1,达官营,培新街
57,11,24,2019-06-03 08:03:01,1,达官营,培新街
57,12,23,2019-06-03 08:05:01,1,广安门内,榄杆市
57,12,18,2019-06-03 08:05:01,1,广安门内,过街楼
57,12,19,2019-06-03 08:05:01,1,广安门内,东城三里河
57,12,23,2019-06-03 08:05:01,1,广安门内,榄杆市
57,12,23,2019-06-03 08:05:01,1,广安门内,榄杆市
57,12,19,2019-06-03 08:05:01,1,广安门内,东城三里河
57,12,22,2019-06-03 08:05:01,1,广安门内,磁器口西
57,12,19,2019-06-03 08:05:01,1,广安门内,东城三里河
57,12,22,2019-06-03 08:05:01,1,广安门内,磁器口西
57,12,25,2019-06-03 08:05:01,1,广安门内,安化楼
57,12,24,2019-06-03 08:05:01,1,广安门内,培新街
57,12,24,2019-06-03 08:05:01,1,广安门内,培新街
57,12,24,2019-06-03 08:05:01,1,广安门内,培新街
57,12,24,2019-06-03 08:05:01,1,广安门内,培新街
57,14,17,2019-06-03 08:17:01,1,菜市口西,板章路
57,14,14,2019-06-03 08:17:01,1,菜市口西,菜市口西
57,15,24,2019-06-03 08:17:01,1,虎坊桥路口西,培新街
57,14,24,2019-06-03 08:17:01,1,菜市口西,培新街
57,14,24,2019-06-03 08:17:01,1,菜市口西,培新街
57,15,24,2019-06-03 08:17:01,1,虎坊桥路口西,培新街
57,15,23,2019-06-03 08:19:01,1,虎坊桥路口西,榄杆市
57,15,23,2019-06-03 08:19:01,1,虎坊桥路口西,榄杆市
57,15,16,2019-06-03 08:19:01,1,虎坊桥路口西,虎坊桥路口东
57,15,23,2019-06-03 08:19:01,1,虎坊桥路口西,榄杆市
57,15,16,2019-06-03 08:19:01,1,虎坊桥路口西,虎坊桥路口东
57,15,22,2019-06-03 08:19:01,1,虎坊桥路口西,磁器口西
57,15,19,2019-06-03 08:19:01,1,虎坊桥路口西,东城三里河
57,15,25,2019-06-03 08:19:01,1,虎坊桥路口西,安化楼
57,15,25,2019-06-03 08:19:01,1,虎坊桥路口西,安化楼
57,15,24,2019-06-03 08:20:01,1,虎坊桥路口西,培新街
57,16,18,2019-06-03 08:27:01,1,虎坊桥路口东,过街楼
57,16,18,2019-06-03 08:27:01,1,虎坊桥路口东,过街楼
57,18,22,2019-06-03 08:28:01,1,过街楼,磁器口西
57,19,19,2019-06-03 08:31:01,1,东城三里河,东城三里河
57,19,24,2019-06-03 08:31:01,1,东城三里河,培新街
57,20,22,2019-06-03 08:32:01,1,桥湾,磁器口西
57,20,24,2019-06-03 08:32:01,1,桥湾,培新街
57,22,25,2019-06-03 08:37:01,1,磁器口西,安化楼
57,22,24,2019-06-03 08:37:01,1,磁器口西,培新街
57,22,23,2019-06-03 08:38:01,1,磁器口西,榄杆市
57,23,24,2019-06-03 08:39:01,1,榄杆市,培新街
57,23,24,2019-06-03 08:39:01,1,榄杆市,培新街
57,23,24,2019-06-03 08:39:01,1,榄杆市,培新街
57,23,24,2019-06-03 08:43:01,1,榄杆市,培新街
57,23,24,2019-06-03 08:43:01,1,榄杆市,培新街
57,23,25,2019-06-03 08:45:01,1,榄杆市,安化楼
57,23,24,2019-06-03 08:45:01,1,榄杆市,培新街
57,24,25,2019-06-03 08:51:01,1,培新街,安化楼
57,24,24,2019-06-03 08:51:01,1,培新街,培新街
57,24,24,2019-06-03 08:51:01,1,培新街,培新街
57,24,24,2019-06-03 08:51:01,1,培新街,培新街
57,24,24,2019-06-03 08:53:01,1,培新街,培新街
57,24,24,2019-06-03 08:53:01,1,培新街,培新街
57,24,25,2019-06-03 09:03:01,1,培新街,安化楼
57,24,25,2019-06-03 09:03:01,1,培新街,安化楼
57,24,24,2019-06-03 09:03:01,1,培新街,培新街
57,24,24,2019-06-03 09:03:01,1,培新街,培新街
57,24,24,2019-06-03 09:03:01,1,培新街,培新街
57,24,24,2019-06-03 09:03:01,1,培新街,培新街
57,24,24,2019-06-03 09:03:01,1,培新街,培新街
57,24,24,2019-06-03 09:03:01,1,培新街,培新街
57,24,24,2019-06-03 09:03:01,1,培新街,培新街
57,24,25,2019-06-03 09:05:01,1,培新街,安化楼
57,24,25,2019-06-03 09:06:01,1,培新街,安化楼
57,24,25,2019-06-03 09:06:01,1,培新街,安化楼
57,24,25,2019-06-03 09:07:01,1,培新街,安化楼
57,24,25,2019-06-03 09:07:01,1,培新街,安化楼
57,25,25,2019-06-03 09:07:01,1,安化楼,安化楼
57,1,8,2019-06-03 06:47:01,1,靛厂新村,六里桥东
57,1,7,2019-06-03 06:47:01,1,靛厂新村,六里桥西
57,2,7,2019-06-03 06:48:01,1,岳各庄东路北口,六里桥西
57,2,14,2019-06-03 06:48:01,1,岳各庄东路北口,菜市口西
57,2,13,2019-06-03 06:48:01,1,岳各庄东路北口,牛街路口东
57,2,13,2019-06-03 06:48:01,1,岳各庄东路北口,牛街路口东
57,2,17,2019-06-03 06:50:01,1,岳各庄东路北口,板章路
57,2,9,2019-06-03 06:50:01,1,岳各庄东路北口,莲花池
57,2,2,2019-06-03 06:51:01,1,岳各庄东路北口,岳各庄东路北口
57,2,8,2019-06-03 06:51:01,1,岳各庄东路北口,六里桥东
57,2,12,2019-06-03 06:51:01,1,岳各庄东路北口,广安门内
57,2,12,2019-06-03 06:51:01,1,岳各庄东路北口,广安门内
57,3,12,2019-06-03 06:51:01,1,靛厂村南站,广安门内
57,2,12,2019-06-03 06:51:01,1,岳各庄东路北口,广安门内
57,3,8,2019-06-03 06:52:01,1,靛厂村南站,六里桥东
57,5,8,2019-06-03 06:52:01,1,白塔村,六里桥东
57,3,6,2019-06-03 06:52:01,1,靛厂村南站,小井路口东
57,4,12,2019-06-03 06:52:01,1,水衙沟路东口,广安门内
57,4,11,2019-06-03 06:52:01,1,水衙沟路东口,达官营
57,5,14,2019-06-03 06:53:01,1,白塔村,菜市口西
57,6,9,2019-06-03 06:55:01,1,小井路口东,莲花池
57,7,7,2019-06-03 06:57:01,1,六里桥西,六里桥西
57,7,13,2019-06-03 06:57:01,1,六里桥西,牛街路口东
57,7,12,2019-06-03 06:57:01,1,六里桥西,广安门内
57,7,29,2019-06-03 06:57:01,1,六里桥西,双井桥北
57,8,8,2019-06-03 07:03:01,1,六里桥东,六里桥东
57,8,8,2019-06-03 07:03:01,1,六里桥东,六里桥东
57,8,16,2019-06-03 07:03:01,1,六里桥东,虎坊桥路口东
57,8,19,2019-06-03 07:03:01,1,六里桥东,东城三里河
57,8,21,2019-06-03 07:03:01,1,六里桥东,水道子
57,8,15,2019-06-03 07:03:01,1,六里桥东,虎坊桥路口西
57,8,21,2019-06-03 07:03:01,1,六里桥东,水道子
57,8,22,2019-06-03 07:03:01,1,六里桥东,磁器口西
57,8,32,2019-06-03 07:03:01,1,六里桥东,大北窑东
57,8,10,2019-06-03 07:03:01,1,六里桥东,湾子
57,8,14,2019-06-03 07:03:01,1,六里桥东,菜市口西
57,8,11,2019-06-03 07:03:01,1,六里桥东,达官营
57,8,13,2019-06-03 07:03:01,1,六里桥东,牛街路口东
57,8,10,2019-06-03 07:03:01,1,六里桥东,湾子
57,8,8,2019-06-03 07:03:01,1,六里桥东,六里桥东
57,8,11,2019-06-03 07:03:01,1,六里桥东,达官营
57,8,28,2019-06-03 07:03:01,1,六里桥东,垂杨柳
57,8,11,2019-06-03 07:03:01,1,六里桥东,达官营
57,8,27,2019-06-03 07:03:01,1,六里桥东,马圈
57,8,10,2019-06-03 07:03:01,1,六里桥东,湾子
57,8,8,2019-06-03 07:03:01,1,六里桥东,六里桥东
57,8,25,2019-06-03 07:03:01,1,六里桥东,安化楼
57,8,29,2019-06-03 07:03:01,1,六里桥东,双井桥北
57,8,29,2019-06-03 07:03:01,1,六里桥东,双井桥北
57,9,9,2019-06-03 07:04:01,1,莲花池,莲花池
57,9,12,2019-06-03 07:04:01,1,莲花池,广安门内
57,9,16,2019-06-03 07:08:01,1,莲花池,虎坊桥路口东
57,9,15,2019-06-03 07:08:01,1,莲花池,虎坊桥路口西
57,9,9,2019-06-03 07:08:01,1,莲花池,莲花池
57,9,10,2019-06-03 07:08:01,1,莲花池,湾子
57,10,10,2019-06-03 07:08:01,1,湾子,湾子
57,9,13,2019-06-03 07:08:01,1,莲花池,牛街路口东
57,10,21,2019-06-03 07:09:01,1,湾子,水道子
57,10,32,2019-06-03 07:09:01,1,湾子,大北窑东
57,10,32,2019-06-03 07:09:01,1,湾子,大北窑东
57,10,11,2019-06-03 07:09:01,1,湾子,达官营
57,10,26,2019-06-03 07:09:01,1,湾子,广渠门内
57,11,12,2019-06-03 07:10:01,1,达官营,广安门内
57,11,12,2019-06-03 07:10:01,1,达官营,广安门内
57,11,16,2019-06-03 07:12:01,1,达官营,虎坊桥路口东
57,11,19,2019-06-03 07:12:01,1,达官营,东城三里河
57,11,19,2019-06-03 07:12:01,1,达官营,东城三里河
57,11,32,2019-06-03 07:12:01,1,达官营,大北窑东
57,11,32,2019-06-03 07:12:01,1,达官营,大北窑东
57,11,12,2019-06-03 07:12:01,1,达官营,广安门内
57,11,28,2019-06-03 07:12:01,1,达官营,垂杨柳
57,11,28,2019-06-03 07:12:01,1,达官营,垂杨柳
57,11,29,2019-06-03 07:12:01,1,达官营,双井桥北
57,11,31,2019-06-03 07:12:01,1,达官营,大北窑南
57,12,19,2019-06-03 07:17:01,1,广安门内,东城三里河
57,12,15,2019-06-03 07:17:01,1,广安门内,虎坊桥路口西
57,12,22,2019-06-03 07:17:01,1,广安门内,磁器口西
57,12,17,2019-06-03 07:17:01,1,广安门内,板章路
57,12,32,2019-06-03 07:17:01,1,广安门内,大北窑东
57,12,25,2019-06-03 07:17:01,1,广安门内,安化楼
57,12,27,2019-06-03 07:17:01,1,广安门内,马圈
57,13,27,2019-06-03 07:20:01,1,牛街路口东,马圈
57,15,16,2019-06-03 07:23:01,1,虎坊桥路口西,虎坊桥路口东
57,14,21,2019-06-03 07:23:01,1,菜市口西,水道子
57,14,32,2019-06-03 07:23:01,1,菜市口西,大北窑东
57,15,32,2019-06-03 07:23:01,1,虎坊桥路口西,大北窑东
57,14,32,2019-06-03 07:23:01,1,菜市口西,大北窑东
57,14,27,2019-06-03 07:23:01,1,菜市口西,马圈
57,14,29,2019-06-03 07:23:01,1,菜市口西,双井桥北
57,14,29,2019-06-03 07:23:01,1,菜市口西,双井桥北
57,15,32,2019-06-03 07:25:01,1,虎坊桥路口西,大北窑东
57,17,17,2019-06-03 07:26:01,1,板章路,板章路
57,16,16,2019-06-03 07:26:01,1,虎坊桥路口东,虎坊桥路口东
57,17,21,2019-06-03 07:28:01,1,板章路,水道子
57,17,31,2019-06-03 07:28:01,1,板章路,大北窑南
57,19,24,2019-06-03 07:31:01,1,东城三里河,培新街
57,19,29,2019-06-03 07:31:01,1,东城三里河,双井桥北
57,23,24,2019-06-03 07:37:01,1,榄杆市,培新街
57,23,32,2019-06-03 07:37:01,1,榄杆市,大北窑东
57,23,25,2019-06-03 07:37:01,1,榄杆市,安化楼
57,24,32,2019-06-03 07:41:01,1,培新街,大北窑东
57,25,32,2019-06-03 07:41:01,1,安化楼,大北窑东
57,24,32,2019-06-03 07:41:01,1,培新街,大北窑东
57,24,32,2019-06-03 07:41:01,1,培新街,大北窑东
57,25,32,2019-06-03 07:41:01,1,安化楼,大北窑东
57,24,32,2019-06-03 07:41:01,1,培新街,大北窑东
57,24,28,2019-06-03 07:41:01,1,培新街,垂杨柳
57,24,27,2019-06-03 07:41:01,1,培新街,马圈
57,24,29,2019-06-03 07:41:01,1,培新街,双井桥北
57,25,32,2019-06-03 07:42:01,1,安化楼,大北窑东
57,26,32,2019-06-03 07:43:01,1,广渠门内,大北窑东
57,26,32,2019-06-03 07:43:01,1,广渠门内,大北窑东
57,27,28,2019-06-03 07:46:01,1,马圈,垂杨柳
57,30,30,2019-06-03 07:53:01,1,双花园,双花园
57,32,32,2019-06-03 08:06:01,1,大北窑东,大北窑东
57,32,32,2019-06-03 08:08:01,1,大北窑东,大北窑东
57,10,10,2019-06-03 06:35:01,1,湾子,湾子
57,10,12,2019-06-03 06:35:01,1,湾子,广安门内
57,10,12,2019-06-03 06:35:01,1,湾子,广安门内
57,10,11,2019-06-03 06:36:01,1,湾子,达官营
57,10,12,2019-06-03 06:36:01,1,湾子,广安门内
57,10,12,2019-06-03 06:36:01,1,湾子,广安门内
57,11,12,2019-06-03 06:39:01,1,达官营,广安门内
57,11,12,2019-06-03 06:39:01,1,达官营,广安门内
57,11,12,2019-06-03 06:39:01,1,达官营,广安门内
57,12,12,2019-06-03 06:39:01,1,广安门内,广安门内
57,11,12,2019-06-03 06:39:01,1,达官营,广安门内
57,11,12,2019-06-03 06:39:01,1,达官营,广安门内
57,12,12,2019-06-03 06:41:01,1,广安门内,广安门内
57,12,12,2019-06-03 06:41:01,1,广安门内,广安门内
57,1,12,2019-06-03 07:02:01,1,靛厂新村,广安门内
57,1,12,2019-06-03 07:02:01,1,靛厂新村,广安门内
57,1,10,2019-06-03 09:18:01,1,靛厂新村,湾子
57,1,6,2019-06-03 09:18:01,1,靛厂新村,小井路口东
57,1,4,2019-06-03 09:18:01,1,靛厂新村,水衙沟路东口
57,1,8,2019-06-03 09:18:01,1,靛厂新村,六里桥东
57,1,4,2019-06-03 09:18:01,1,靛厂新村,水衙沟路东口
57,1,3,2019-06-03 09:18:01,1,靛厂新村,靛厂村南站
57,1,1,2019-06-03 09:18:01,1,靛厂新村,靛厂新村
57,1,3,2019-06-03 09:18:01,1,靛厂新村,靛厂村南站
57,1,3,2019-06-03 09:18:01,1,靛厂新村,靛厂村南站
57,1,1,2019-06-03 09:18:01,1,靛厂新村,靛厂新村
57,1,3,2019-06-03 09:18:01,1,靛厂新村,靛厂村南站
57,1,10,2019-06-03 09:18:01,1,靛厂新村,湾子
57,1,7,2019-06-03 09:19:01,1,靛厂新村,六里桥西
57,1,2,2019-06-03 09:19:01,1,靛厂新村,岳各庄东路北口
57,1,4,2019-06-03 09:19:01,1,靛厂新村,水衙沟路东口
57,1,4,2019-06-03 09:19:01,1,靛厂新村,水衙沟路东口
57,1,4,2019-06-03 09:19:01,1,靛厂新村,水衙沟路东口
57,1,3,2019-06-03 09:19:01,1,靛厂新村,靛厂村南站
57,1,3,2019-06-03 09:19:01,1,靛厂新村,靛厂村南站
57,1,3,2019-06-03 09:19:01,1,靛厂新村,靛厂村南站
57,1,1,2019-06-03 09:19:01,1,靛厂新村,靛厂新村
57,1,6,2019-06-03 09:21:01,1,靛厂新村,小井路口东
57,1,4,2019-06-03 09:21:01,1,靛厂新村,水衙沟路东口
57,1,4,2019-06-03 09:21:01,1,靛厂新村,水衙沟路东口
57,2,7,2019-06-03 09:22:01,1,岳各庄东路北口,六里桥西
57,2,8,2019-06-03 09:22:01,1,岳各庄东路北口,六里桥东
57,2,6,2019-06-03 09:22:01,1,岳各庄东路北口,小井路口东
57,2,7,2019-06-03 09:22:01,1,岳各庄东路北口,六里桥西
57,2,3,2019-06-03 09:22:01,1,岳各庄东路北口,靛厂村南站
57,2,4,2019-06-03 09:22:01,1,岳各庄东路北口,水衙沟路东口
57,2,4,2019-06-03 09:22:01,1,岳各庄东路北口,水衙沟路东口
57,2,4,2019-06-03 09:22:01,1,岳各庄东路北口,水衙沟路东口
57,2,4,2019-06-03 09:22:01,1,岳各庄东路北口,水衙沟路东口
57,3,9,2019-06-03 09:23:01,1,靛厂村南站,莲花池
57,3,4,2019-06-03 09:24:01,1,靛厂村南站,水衙沟路东口
57,3,6,2019-06-03 09:24:01,1,靛厂村南站,小井路口东
57,3,13,2019-06-03 09:25:01,1,靛厂村南站,牛街路口东
57,3,6,2019-06-03 09:25:01,1,靛厂村南站,小井路口东
57,3,3,2019-06-03 09:25:01,1,靛厂村南站,靛厂村南站
57,3,6,2019-06-03 09:25:01,1,靛厂村南站,小井路口东
57,3,8,2019-06-03 09:28:01,1,靛厂村南站,六里桥东
57,3,7,2019-06-03 09:28:01,1,靛厂村南站,六里桥西
57,3,8,2019-06-03 09:28:01,1,靛厂村南站,六里桥东
57,3,8,2019-06-03 09:28:01,1,靛厂村南站,六里桥东
57,3,6,2019-06-03 09:28:01,1,靛厂村南站,小井路口东
57,1,7,2019-06-03 07:10:01,1,靛厂新村,六里桥西
57,1,7,2019-06-03 07:10:01,1,靛厂新村,六里桥西
57,1,24,2019-06-03 07:10:01,1,靛厂新村,培新街
57,1,19,2019-06-03 07:10:01,1,靛厂新村,东城三里河
57,1,27,2019-06-03 07:10:01,1,靛厂新村,马圈
57,1,16,2019-06-03 07:10:01,1,靛厂新村,虎坊桥路口东
57,1,1,2019-06-03 07:10:01,1,靛厂新村,靛厂新村
57,1,6,2019-06-03 07:10:01,1,靛厂新村,小井路口东
57,1,7,2019-06-03 07:10:01,1,靛厂新村,六里桥西
57,1,10,2019-06-03 07:11:01,1,靛厂新村,湾子
57,1,8,2019-06-03 07:11:01,1,靛厂新村,六里桥东
57,1,9,2019-06-03 07:11:01,1,靛厂新村,莲花池
57,1,7,2019-06-03 07:11:01,1,靛厂新村,六里桥西
57,1,7,2019-06-03 07:11:01,1,靛厂新村,六里桥西
57,1,7,2019-06-03 07:11:01,1,靛厂新村,六里桥西
57,1,9,2019-06-03 07:11:01,1,靛厂新村,莲花池
57,1,8,2019-06-03 07:11:01,1,靛厂新村,六里桥东
57,1,8,2019-06-03 07:11:01,1,靛厂新村,六里桥东
57,1,15,2019-06-03 07:11:01,1,靛厂新村,虎坊桥路口西
57,2,12,2019-06-03 07:11:01,1,岳各庄东路北口,广安门内
57,1,13,2019-06-03 07:11:01,1,靛厂新村,牛街路口东
57,1,11,2019-06-03 07:11:01,1,靛厂新村,达官营
57,1,12,2019-06-03 07:11:01,1,靛厂新村,广安门内
57,2,9,2019-06-03 07:12:01,1,岳各庄东路北口,莲花池
57,2,7,2019-06-03 07:12:01,1,岳各庄东路北口,六里桥西
57,2,7,2019-06-03 07:12:01,1,岳各庄东路北口,六里桥西
57,2,7,2019-06-03 07:12:01,1,岳各庄东路北口,六里桥西
57,2,7,2019-06-03 07:12:01,1,岳各庄东路北口,六里桥西
57,2,26,2019-06-03 07:12:01,1,岳各庄东路北口,广渠门内
57,2,13,2019-06-03 07:12:01,1,岳各庄东路北口,牛街路口东
57,2,12,2019-06-03 07:12:01,1,岳各庄东路北口,广安门内
57,2,2,2019-06-03 07:12:01,1,岳各庄东路北口,岳各庄东路北口
57,2,7,2019-06-03 07:12:01,1,岳各庄东路北口,六里桥西
57,2,6,2019-06-03 07:12:01,1,岳各庄东路北口,小井路口东
57,2,4,2019-06-03 07:12:01,1,岳各庄东路北口,水衙沟路东口
57,3,7,2019-06-03 07:14:01,1,靛厂村南站,六里桥西
57,3,13,2019-06-03 07:14:01,1,靛厂村南站,牛街路口东
57,3,7,2019-06-03 07:14:01,1,靛厂村南站,六里桥西
57,4,7,2019-06-03 07:15:01,1,水衙沟路东口,六里桥西
57,4,8,2019-06-03 07:15:01,1,水衙沟路东口,六里桥东
57,4,21,2019-06-03 07:15:01,1,水衙沟路东口,水道子
57,4,12,2019-06-03 07:15:01,1,水衙沟路东口,广安门内
57,4,13,2019-06-03 07:15:01,1,水衙沟路东口,牛街路口东
57,4,16,2019-06-03 07:15:01,1,水衙沟路东口,虎坊桥路口东
57,4,6,2019-06-03 07:15:01,1,水衙沟路东口,小井路口东
57,4,6,2019-06-03 07:15:01,1,水衙沟路东口,小井路口东
57,4,4,2019-06-03 07:15:01,1,水衙沟路东口,水衙沟路东口
57,4,6,2019-06-03 07:15:01,1,水衙沟路东口,小井路口东
57,4,6,2019-06-03 07:15:01,1,水衙沟路东口,小井路口东
57,4,6,2019-06-03 07:15:01,1,水衙沟路东口,小井路口东
57,4,6,2019-06-03 07:15:01,1,水衙沟路东口,小井路口东
57,5,8,2019-06-03 07:16:01,1,白塔村,六里桥东
57,5,10,2019-06-03 07:17:01,1,白塔村,湾子
57,5,6,2019-06-03 07:17:01,1,白塔村,小井路口东
57,6,8,2019-06-03 07:21:01,1,小井路口东,六里桥东
57,6,10,2019-06-03 07:21:01,1,小井路口东,湾子
57,6,7,2019-06-03 07:21:01,1,小井路口东,六里桥西
57,6,9,2019-06-03 07:21:01,1,小井路口东,莲花池
57,6,10,2019-06-03 07:21:01,1,小井路口东,湾子
57,6,11,2019-06-03 07:21:01,1,小井路口东,达官营
57,7,8,2019-06-03 07:21:01,1,六里桥西,六里桥东
57,6,28,2019-06-03 07:21:01,1,小井路口东,垂杨柳
57,6,12,2019-06-03 07:21:01,1,小井路口东,广安门内
57,6,14,2019-06-03 07:21:01,1,小井路口东,菜市口西
57,6,13,2019-06-03 07:21:01,1,小井路口东,牛街路口东
57,7,8,2019-06-03 07:23:01,1,六里桥西,六里桥东
57,7,23,2019-06-03 07:23:01,1,六里桥西,榄杆市
57,7,13,2019-06-03 07:23:01,1,六里桥西,牛街路口东
57,7,15,2019-06-03 07:23:01,1,六里桥西,虎坊桥路口西
57,8,21,2019-06-03 07:27:01,1,六里桥东,水道子
57,8,21,2019-06-03 07:27:01,1,六里桥东,水道子
57,9,32,2019-06-03 07:27:01,1,莲花池,大北窑东
57,8,12,2019-06-03 07:27:01,1,六里桥东,广安门内
57,8,12,2019-06-03 07:27:01,1,六里桥东,广安门内
57,8,14,2019-06-03 07:27:01,1,六里桥东,菜市口西
57,8,12,2019-06-03 07:27:01,1,六里桥东,广安门内
57,8,17,2019-06-03 07:27:01,1,六里桥东,板章路
57,9,15,2019-06-03 07:31:01,1,莲花池,虎坊桥路口西
57,10,11,2019-06-03 07:37:01,1,湾子,达官营
57,10,15,2019-06-03 07:37:01,1,湾子,虎坊桥路口西
57,10,11,2019-06-03 07:37:01,1,湾子,达官营
57,11,22,2019-06-03 07:39:01,1,达官营,磁器口西
57,11,18,2019-06-03 07:39:01,1,达官营,过街楼
57,11,31,2019-06-03 07:40:01,1,达官营,大北窑南
57,11,12,2019-06-03 07:40:01,1,达官营,广安门内
57,11,16,2019-06-03 07:40:01,1,达官营,虎坊桥路口东
57,11,16,2019-06-03 07:40:01,1,达官营,虎坊桥路口东
57,12,26,2019-06-03 07:44:01,1,广安门内,广渠门内
57,13,22,2019-06-03 07:49:01,1,牛街路口东,磁器口西
57,13,27,2019-06-03 07:49:01,1,牛街路口东,马圈
57,13,33,2019-06-03 07:49:01,1,牛街路口东,郎家园
57,13,13,2019-06-03 07:49:01,1,牛街路口东,牛街路口东
57,13,13,2019-06-03 07:49:01,1,牛街路口东,牛街路口东
57,13,15,2019-06-03 07:49:01,1,牛街路口东,虎坊桥路口西
57,13,18,2019-06-03 07:50:01,1,牛街路口东,过街楼
57,15,16,2019-06-03 07:54:01,1,虎坊桥路口西,虎坊桥路口东
57,16,27,2019-06-03 07:57:01,1,虎坊桥路口东,马圈
57,16,23,2019-06-03 07:58:01,1,虎坊桥路口东,榄杆市
57,16,26,2019-06-03 07:58:01,1,虎坊桥路口东,广渠门内
57,16,28,2019-06-03 07:58:01,1,虎坊桥路口东,垂杨柳
57,16,25,2019-06-03 07:58:01,1,虎坊桥路口东,安化楼
57,16,22,2019-06-03 07:58:01,1,虎坊桥路口东,磁器口西
57,16,26,2019-06-03 07:58:01,1,虎坊桥路口东,广渠门内
57,16,26,2019-06-03 07:58:01,1,虎坊桥路口东,广渠门内
57,16,18,2019-06-03 07:58:01,1,虎坊桥路口东,过街楼
57,16,16,2019-06-03 07:58:01,1,虎坊桥路口东,虎坊桥路口东
57,17,19,2019-06-03 08:02:01,1,板章路,东城三里河
57,17,21,2019-06-03 08:02:01,1,板章路,水道子
57,17,24,2019-06-03 08:02:01,1,板章路,培新街
57,17,25,2019-06-03 08:02:01,1,板章路,安化楼
57,17,24,2019-06-03 08:02:01,1,板章路,培新街
57,17,28,2019-06-03 08:02:01,1,板章路,垂杨柳
57,17,30,2019-06-03 08:02:01,1,板章路,双花园
57,17,34,2019-06-03 08:02:01,1,板章路,四惠枢纽站
57,17,17,2019-06-03 08:02:01,1,板章路,板章路
57,20,25,2019-06-03 08:19:01,1,桥湾,安化楼
57,20,25,2019-06-03 08:19:01,1,桥湾,安化楼
57,21,21,2019-06-03 08:20:01,1,水道子,水道子
57,24,24,2019-06-03 08:23:01,1,培新街,培新街
57,23,30,2019-06-03 08:23:01,1,榄杆市,双花园
57,23,32,2019-06-03 08:23:01,1,榄杆市,大北窑东
57,23,29,2019-06-03 08:23:01,1,榄杆市,双井桥北
57,24,28,2019-06-03 08:25:01,1,培新街,垂杨柳
57,24,33,2019-06-03 08:25:01,1,培新街,郎家园
57,24,29,2019-06-03 08:25:01,1,培新街,双井桥北
57,24,30,2019-06-03 08:25:01,1,培新街,双花园
57,25,28,2019-06-03 08:26:01,1,安化楼,垂杨柳
57,25,25,2019-06-03 08:26:01,1,安化楼,安化楼
57,25,32,2019-06-03 08:26:01,1,安化楼,大北窑东
57,25,30,2019-06-03 08:26:01,1,安化楼,双花园
57,26,29,2019-06-03 08:31:01,1,广渠门内,双井桥北
57,28,30,2019-06-03 08:39:01,1,垂杨柳,双花园
57,28,32,2019-06-03 08:39:01,1,垂杨柳,大北窑东
57,28,30,2019-06-03 08:39:01,1,垂杨柳,双花园
57,28,30,2019-06-03 08:39:01,1,垂杨柳,双花园
57,28,34,2019-06-03 08:39:01,1,垂杨柳,四惠枢纽站
57,29,29,2019-06-03 08:41:01,1,双井桥北,双井桥北
57,33,34,2019-06-03 08:52:01,1,郎家园,四惠枢纽站
57,33,34,2019-06-03 08:52:01,1,郎家园,四惠枢纽站
57,33,34,2019-06-03 08:52:01,1,郎家园,四惠枢纽站
57,1,1,2019-06-03 06:34:01,1,靛厂新村,靛厂新村
57,1,1,2019-06-03 06:34:01,1,靛厂新村,靛厂新村
57,1,1,2019-06-03 06:34:01,1,靛厂新村,靛厂新村
57,1,1,2019-06-03 06:35:01,1,靛厂新村,靛厂新村
57,1,1,2019-06-03 06:40:01,1,靛厂新村,靛厂新村
57,1,1,2019-06-03 06:40:01,1,靛厂新村,靛厂新村
57,1,1,2019-06-03 06:40:01,1,靛厂新村,靛厂新村
57,1,1,2019-06-03 06:43:01,1,靛厂新村,靛厂新村
57,1,1,2019-06-03 06:43:01,1,靛厂新村,靛厂新村
57,1,1,2019-06-03 06:43:01,1,靛厂新村,靛厂新村
57,1,1,2019-06-03 06:49:01,1,靛厂新村,靛厂新村
57,1,1,2019-06-03 06:56:01,1,靛厂新村,靛厂新村
57,1,1,2019-06-03 07:19:01,1,靛厂新村,靛厂新村
57,1,1,2019-06-03 07:19:01,1,靛厂新村,靛厂新村
57,1,1,2019-06-03 07:19:01,1,靛厂新村,靛厂新村
57,1,1,2019-06-03 07:19:01,1,靛厂新村,靛厂新村
57,1,1,2019-06-03 07:19:01,1,靛厂新村,靛厂新村
57,1,1,2019-06-03 07:19:01,1,靛厂新村,靛厂新村
57,1,1,2019-06-03 07:19:01,1,靛厂新村,靛厂新村
57,1,1,2019-06-03 07:19:01,1,靛厂新村,靛厂新村
57,1,1,2019-06-03 07:19:01,1,靛厂新村,靛厂新村
57,1,1,2019-06-03 07:19:01,1,靛厂新村,靛厂新村
57,1,1,2019-06-03 07:19:01,1,靛厂新村,靛厂新村
57,1,1,2019-06-03 07:19:01,1,靛厂新村,靛厂新村
57,1,1,2019-06-03 07:19:01,1,靛厂新村,靛厂新村
57,1,1,2019-06-03 07:19:01,1,靛厂新村,靛厂新村
57,1,1,2019-06-03 07:19:01,1,靛厂新村,靛厂新村
57,1,1,2019-06-03 07:19:01,1,靛厂新村,靛厂新村
57,1,1,2019-06-03 07:19:01,1,靛厂新村,靛厂新村
57,1,1,2019-06-03 07:19:01,1,靛厂新村,靛厂新村
57,1,1,2019-06-03 07:19:01,1,靛厂新村,靛厂新村
57,1,1,2019-06-03 07:19:01,1,靛厂新村,靛厂新村
57,1,1,2019-06-03 07:19:01,1,靛厂新村,靛厂新村
57,1,1,2019-06-03 07:19:01,1,靛厂新村,靛厂新村
57,1,1,2019-06-03 07:19:01,1,靛厂新村,靛厂新村
57,1,1,2019-06-03 07:19:01,1,靛厂新村,靛厂新村
57,1,1,2019-06-03 07:19:01,1,靛厂新村,靛厂新村
57,1,1,2019-06-03 07:19:01,1,靛厂新村,靛厂新村
57,1,1,2019-06-03 07:19:01,1,靛厂新村,靛厂新村
57,1,1,2019-06-03 07:20:01,1,靛厂新村,靛厂新村
57,1,1,2019-06-03 07:20:01,1,靛厂新村,靛厂新村
57,1,1,2019-06-03 07:20:01,1,靛厂新村,靛厂新村
57,1,1,2019-06-03 07:20:01,1,靛厂新村,靛厂新村
57,1,1,2019-06-03 07:21:01,1,靛厂新村,靛厂新村
57,1,1,2019-06-03 07:21:01,1,靛厂新村,靛厂新村
57,1,1,2019-06-03 07:21:01,1,靛厂新村,靛厂新村
57,1,1,2019-06-03 07:21:01,1,靛厂新村,靛厂新村
57,1,1,2019-06-03 07:21:01,1,靛厂新村,靛厂新村
57,1,1,2019-06-03 07:21:01,1,靛厂新村,靛厂新村
57,1,1,2019-06-03 07:21:01,1,靛厂新村,靛厂新村
57,1,1,2019-06-03 07:21:01,1,靛厂新村,靛厂新村
57,1,1,2019-06-03 07:21:01,1,靛厂新村,靛厂新村
57,1,1,2019-06-03 07:21:01,1,靛厂新村,靛厂新村
57,1,1,2019-06-03 07:21:01,1,靛厂新村,靛厂新村
57,1,1,2019-06-03 07:21:01,1,靛厂新村,靛厂新村
57,1,1,2019-06-03 07:21:01,1,靛厂新村,靛厂新村
57,1,1,2019-06-03 07:21:01,1,靛厂新村,靛厂新村
57,1,1,2019-06-03 07:21:01,1,靛厂新村,靛厂新村
57,1,1,2019-06-03 07:21:01,1,靛厂新村,靛厂新村
57,1,1,2019-06-03 07:21:01,1,靛厂新村,靛厂新村
57,1,1,2019-06-03 07:23:01,1,靛厂新村,靛厂新村
57,1,1,2019-06-03 07:23:01,1,靛厂新村,靛厂新村
57,1,1,2019-06-03 07:23:01,1,靛厂新村,靛厂新村
57,1,1,2019-06-03 07:23:01,1,靛厂新村,靛厂新村
57,1,1,2019-06-03 07:23:01,1,靛厂新村,靛厂新村
57,1,1,2019-06-03 07:23:01,1,靛厂新村,靛厂新村
57,1,1,2019-06-03 07:23:01,1,靛厂新村,靛厂新村
57,1,1,2019-06-03 07:23:01,1,靛厂新村,靛厂新村
57,1,1,2019-06-03 07:23:01,1,靛厂新村,靛厂新村
57,1,1,2019-06-03 07:23:01,1,靛厂新村,靛厂新村
57,1,1,2019-06-03 07:23:01,1,靛厂新村,靛厂新村
57,1,1,2019-06-03 07:23:01,1,靛厂新村,靛厂新村
57,1,1,2019-06-03 07:24:01,1,靛厂新村,靛厂新村
57,1,1,2019-06-03 07:24:01,1,靛厂新村,靛厂新村
57,1,1,2019-06-03 07:24:01,1,靛厂新村,靛厂新村
57,1,1,2019-06-03 07:24:01,1,靛厂新村,靛厂新村
57,1,1,2019-06-03 07:24:01,1,靛厂新村,靛厂新村
57,1,1,2019-06-03 07:24:01,1,靛厂新村,靛厂新村
57,1,1,2019-06-03 07:24:01,1,靛厂新村,靛厂新村
57,1,1,2019-06-03 07:24:01,1,靛厂新村,靛厂新村
57,1,1,2019-06-03 07:24:01,1,靛厂新村,靛厂新村
57,1,1,2019-06-03 07:24:01,1,靛厂新村,靛厂新村
57,1,1,2019-06-03 07:24:01,1,靛厂新村,靛厂新村
57,1,1,2019-06-03 07:24:01,1,靛厂新村,靛厂新村
57,1,1,2019-06-03 07:24:01,1,靛厂新村,靛厂新村
57,1,1,2019-06-03 07:24:01,1,靛厂新村,靛厂新村
57,1,1,2019-06-03 07:24:01,1,靛厂新村,靛厂新村
57,1,1,2019-06-03 07:24:01,1,靛厂新村,靛厂新村
57,1,1,2019-06-03 07:24:01,1,靛厂新村,靛厂新村
57,1,1,2019-06-03 07:25:01,1,靛厂新村,靛厂新村
57,1,1,2019-06-03 07:26:01,1,靛厂新村,靛厂新村
57,1,1,2019-06-03 07:26:01,1,靛厂新村,靛厂新村
57,1,1,2019-06-03 07:26:01,1,靛厂新村,靛厂新村
57,1,1,2019-06-03 07:28:01,1,靛厂新村,靛厂新村
57,1,1,2019-06-03 07:28:01,1,靛厂新村,靛厂新村
57,1,1,2019-06-03 07:28:01,1,靛厂新村,靛厂新村
57,1,1,2019-06-03 07:28:01,1,靛厂新村,靛厂新村
57,1,1,2019-06-03 07:28:01,1,靛厂新村,靛厂新村
57,1,1,2019-06-03 07:28:01,1,靛厂新村,靛厂新村
57,1,1,2019-06-03 07:28:01,1,靛厂新村,靛厂新村
57,1,1,2019-06-03 07:32:01,1,靛厂新村,靛厂新村
57,1,1,2019-06-03 07:32:01,1,靛厂新村,靛厂新村
57,1,1,2019-06-03 07:32:01,1,靛厂新村,靛厂新村
57,1,1,2019-06-03 07:32:01,1,靛厂新村,靛厂新村
57,1,1,2019-06-03 07:32:01,1,靛厂新村,靛厂新村
57,1,1,2019-06-03 07:37:01,1,靛厂新村,靛厂新村
57,1,1,2019-06-03 07:37:01,1,靛厂新村,靛厂新村
57,1,1,2019-06-03 07:37:01,1,靛厂新村,靛厂新村
57,1,1,2019-06-03 07:37:01,1,靛厂新村,靛厂新村
57,1,1,2019-06-03 07:37:01,1,靛厂新村,靛厂新村
57,1,1,2019-06-03 07:37:01,1,靛厂新村,靛厂新村
57,1,1,2019-06-03 07:37:01,1,靛厂新村,靛厂新村
57,1,1,2019-06-03 07:37:01,1,靛厂新村,靛厂新村
57,1,1,2019-06-03 07:37:01,1,靛厂新村,靛厂新村
57,1,1,2019-06-03 07:37:01,1,靛厂新村,靛厂新村
57,1,1,2019-06-03 07:37:01,1,靛厂新村,靛厂新村
57,1,1,2019-06-03 07:37:01,1,靛厂新村,靛厂新村
57,1,1,2019-06-03 07:37:01,1,靛厂新村,靛厂新村
57,1,1,2019-06-03 07:37:01,1,靛厂新村,靛厂新村
57,1,1,2019-06-03 07:37:01,1,靛厂新村,靛厂新村
57,1,1,2019-06-03 07:37:01,1,靛厂新村,靛厂新村
57,1,1,2019-06-03 07:37:01,1,靛厂新村,靛厂新村
57,1,1,2019-06-03 07:37:01,1,靛厂新村,靛厂新村
57,1,1,2019-06-03 07:37:01,1,靛厂新村,靛厂新村
57,1,1,2019-06-03 07:37:01,1,靛厂新村,靛厂新村
57,1,1,2019-06-03 07:37:01,1,靛厂新村,靛厂新村
57,1,1,2019-06-03 07:38:01,1,靛厂新村,靛厂新村
57,1,1,2019-06-03 07:38:01,1,靛厂新村,靛厂新村
57,1,1,2019-06-03 07:38:01,1,靛厂新村,靛厂新村
57,1,1,2019-06-03 07:38:01,1,靛厂新村,靛厂新村
57,1,1,2019-06-03 07:38:01,1,靛厂新村,靛厂新村
57,1,1,2019-06-03 07:38:01,1,靛厂新村,靛厂新村
57,1,1,2019-06-03 07:38:01,1,靛厂新村,靛厂新村
57,1,1,2019-06-03 07:38:01,1,靛厂新村,靛厂新村
57,1,1,2019-06-03 07:38:01,1,靛厂新村,靛厂新村
57,1,1,2019-06-03 07:38:01,1,靛厂新村,靛厂新村
57,1,1,2019-06-03 07:38:01,1,靛厂新村,靛厂新村
57,1,1,2019-06-03 07:38:01,1,靛厂新村,靛厂新村
57,1,1,2019-06-03 07:38:01,1,靛厂新村,靛厂新村
57,1,1,2019-06-03 07:38:01,1,靛厂新村,靛厂新村
57,1,1,2019-06-03 07:38:01,1,靛厂新村,靛厂新村
57,1,1,2019-06-03 07:38:01,1,靛厂新村,靛厂新村
57,1,1,2019-06-03 07:38:01,1,靛厂新村,靛厂新村
57,1,1,2019-06-03 07:38:01,1,靛厂新村,靛厂新村
57,1,1,2019-06-03 07:38:01,1,靛厂新村,靛厂新村
57,1,1,2019-06-03 07:38:01,1,靛厂新村,靛厂新村
57,1,1,2019-06-03 07:38:01,1,靛厂新村,靛厂新村
57,1,1,2019-06-03 07:38:01,1,靛厂新村,靛厂新村
57,1,1,2019-06-03 07:38:01,1,靛厂新村,靛厂新村
57,1,1,2019-06-03 07:42:01,1,靛厂新村,靛厂新村
57,1,1,2019-06-03 07:42:01,1,靛厂新村,靛厂新村
57,1,1,2019-06-03 07:42:01,1,靛厂新村,靛厂新村
57,1,1,2019-06-03 07:42:01,1,靛厂新村,靛厂新村
57,1,1,2019-06-03 07:42:01,1,靛厂新村,靛厂新村
57,1,1,2019-06-03 07:42:01,1,靛厂新村,靛厂新村
57,1,1,2019-06-03 07:42:01,1,靛厂新村,靛厂新村
57,1,1,2019-06-03 07:43:01,1,靛厂新村,靛厂新村
57,1,1,2019-06-03 07:43:01,1,靛厂新村,靛厂新村
57,1,1,2019-06-03 07:43:01,1,靛厂新村,靛厂新村
57,1,1,2019-06-03 07:43:01,1,靛厂新村,靛厂新村
57,1,1,2019-06-03 07:47:01,1,靛厂新村,靛厂新村
57,1,1,2019-06-03 07:47:01,1,靛厂新村,靛厂新村
57,1,1,2019-06-03 07:47:01,1,靛厂新村,靛厂新村
57,1,1,2019-06-03 07:47:01,1,靛厂新村,靛厂新村
57,1,1,2019-06-03 07:47:01,1,靛厂新村,靛厂新村
57,1,1,2019-06-03 07:47:01,1,靛厂新村,靛厂新村
57,1,1,2019-06-03 07:47:01,1,靛厂新村,靛厂新村
57,1,1,2019-06-03 07:47:01,1,靛厂新村,靛厂新村
57,1,1,2019-06-03 07:47:01,1,靛厂新村,靛厂新村
57,1,1,2019-06-03 07:50:01,1,靛厂新村,靛厂新村
57,1,1,2019-06-03 07:50:01,1,靛厂新村,靛厂新村
57,1,1,2019-06-03 07:50:01,1,靛厂新村,靛厂新村
57,1,1,2019-06-03 07:50:01,1,靛厂新村,靛厂新村
57,1,1,2019-06-03 07:50:01,1,靛厂新村,靛厂新村
57,1,1,2019-06-03 07:50:01,1,靛厂新村,靛厂新村
57,1,1,2019-06-03 07:50:01,1,靛厂新村,靛厂新村
57,1,1,2019-06-03 07:50:01,1,靛厂新村,靛厂新村
57,1,1,2019-06-03 07:50:01,1,靛厂新村,靛厂新村
57,1,1,2019-06-03 07:50:01,1,靛厂新村,靛厂新村
57,1,1,2019-06-03 07:50:01,1,靛厂新村,靛厂新村
57,1,1,2019-06-03 07:50:01,1,靛厂新村,靛厂新村
57,1,1,2019-06-03 07:50:01,1,靛厂新村,靛厂新村
57,1,1,2019-06-03 07:50:01,1,靛厂新村,靛厂新村
57,1,1,2019-06-03 07:51:01,1,靛厂新村,靛厂新村
57,1,1,2019-06-03 07:54:01,1,靛厂新村,靛厂新村
57,1,1,2019-06-03 07:54:01,1,靛厂新村,靛厂新村
57,1,1,2019-06-03 07:54:01,1,靛厂新村,靛厂新村
57,1,1,2019-06-03 07:54:01,1,靛厂新村,靛厂新村
57,1,1,2019-06-03 07:54:01,1,靛厂新村,靛厂新村
57,1,1,2019-06-03 07:54:01,1,靛厂新村,靛厂新村
57,1,1,2019-06-03 07:54:01,1,靛厂新村,靛厂新村
57,1,1,2019-06-03 07:56:01,1,靛厂新村,靛厂新村
57,1,1,2019-06-03 07:56:01,1,靛厂新村,靛厂新村
57,1,1,2019-06-03 07:56:01,1,靛厂新村,靛厂新村
57,1,1,2019-06-03 07:56:01,1,靛厂新村,靛厂新村
57,1,1,2019-06-03 07:59:01,1,靛厂新村,靛厂新村
57,1,1,2019-06-03 07:59:01,1,靛厂新村,靛厂新村
57,1,1,2019-06-03 07:59:01,1,靛厂新村,靛厂新村
57,1,1,2019-06-03 07:59:01,1,靛厂新村,靛厂新村
57,1,1,2019-06-03 08:01:01,1,靛厂新村,靛厂新村
57,1,1,2019-06-03 08:04:01,1,靛厂新村,靛厂新村
57,1,1,2019-06-03 08:04:01,1,靛厂新村,靛厂新村
57,1,1,2019-06-03 08:04:01,1,靛厂新村,靛厂新村
57,1,1,2019-06-03 08:04:01,1,靛厂新村,靛厂新村
57,1,1,2019-06-03 08:04:01,1,靛厂新村,靛厂新村
57,1,1,2019-06-03 08:09:01,1,靛厂新村,靛厂新村
57,1,1,2019-06-03 08:09:01,1,靛厂新村,靛厂新村
57,1,1,2019-06-03 08:09:01,1,靛厂新村,靛厂新村
57,1,1,2019-06-03 08:09:01,1,靛厂新村,靛厂新村
57,1,1,2019-06-03 08:19:01,1,靛厂新村,靛厂新村
57,1,1,2019-06-03 08:19:01,1,靛厂新村,靛厂新村
57,1,1,2019-06-03 08:23:01,1,靛厂新村,靛厂新村
57,1,1,2019-06-03 08:23:01,1,靛厂新村,靛厂新村
57,1,1,2019-06-03 08:23:01,1,靛厂新村,靛厂新村
57,1,1,2019-06-03 08:25:01,1,靛厂新村,靛厂新村
57,1,1,2019-06-03 08:27:01,1,靛厂新村,靛厂新村
57,1,1,2019-06-03 08:31:01,1,靛厂新村,靛厂新村
57,1,1,2019-06-03 08:31:01,1,靛厂新村,靛厂新村
57,1,1,2019-06-03 08:37:01,1,靛厂新村,靛厂新村
57,1,1,2019-06-03 08:37:01,1,靛厂新村,靛厂新村
57,1,1,2019-06-03 08:37:01,1,靛厂新村,靛厂新村
57,1,1,2019-06-03 08:37:01,1,靛厂新村,靛厂新村
57,1,1,2019-06-03 08:37:01,1,靛厂新村,靛厂新村
57,1,1,2019-06-03 08:37:01,1,靛厂新村,靛厂新村
57,1,1,2019-06-03 08:37:01,1,靛厂新村,靛厂新村
57,1,1,2019-06-03 08:37:01,1,靛厂新村,靛厂新村
57,1,1,2019-06-03 08:37:01,1,靛厂新村,靛厂新村
57,1,1,2019-06-03 08:37:01,1,靛厂新村,靛厂新村
57,1,1,2019-06-03 08:37:01,1,靛厂新村,靛厂新村
57,1,1,2019-06-03 08:37:01,1,靛厂新村,靛厂新村
57,1,1,2019-06-03 08:38:01,1,靛厂新村,靛厂新村
57,1,1,2019-06-03 08:39:01,1,靛厂新村,靛厂新村
57,1,1,2019-06-03 08:39:01,1,靛厂新村,靛厂新村
57,1,1,2019-06-03 08:39:01,1,靛厂新村,靛厂新村
57,1,1,2019-06-03 08:39:01,1,靛厂新村,靛厂新村
57,1,1,2019-06-03 08:39:01,1,靛厂新村,靛厂新村
57,1,1,2019-06-03 08:39:01,1,靛厂新村,靛厂新村
57,1,1,2019-06-03 08:39:01,1,靛厂新村,靛厂新村
57,1,1,2019-06-03 08:39:01,1,靛厂新村,靛厂新村
57,1,1,2019-06-03 08:39:01,1,靛厂新村,靛厂新村
57,1,1,2019-06-03 08:39:01,1,靛厂新村,靛厂新村
57,1,1,2019-06-03 08:39:01,1,靛厂新村,靛厂新村
57,1,1,2019-06-03 08:39:01,1,靛厂新村,靛厂新村
57,1,1,2019-06-03 08:39:01,1,靛厂新村,靛厂新村
57,1,1,2019-06-03 08:39:01,1,靛厂新村,靛厂新村
57,1,1,2019-06-03 08:39:01,1,靛厂新村,靛厂新村
57,1,1,2019-06-03 08:39:01,1,靛厂新村,靛厂新村
57,1,1,2019-06-03 08:39:01,1,靛厂新村,靛厂新村
57,1,1,2019-06-03 08:39:01,1,靛厂新村,靛厂新村
57,1,1,2019-06-03 08:39:01,1,靛厂新村,靛厂新村
57,1,1,2019-06-03 08:45:01,1,靛厂新村,靛厂新村
57,1,1,2019-06-03 08:45:01,1,靛厂新村,靛厂新村
57,1,1,2019-06-03 08:45:01,1,靛厂新村,靛厂新村
57,1,1,2019-06-03 08:48:01,1,靛厂新村,靛厂新村
57,1,1,2019-06-03 08:48:01,1,靛厂新村,靛厂新村
57,1,1,2019-06-03 08:48:01,1,靛厂新村,靛厂新村
57,1,1,2019-06-03 08:48:01,1,靛厂新村,靛厂新村
57,1,1,2019-06-03 08:49:01,1,靛厂新村,靛厂新村
57,1,1,2019-06-03 08:49:01,1,靛厂新村,靛厂新村
57,1,1,2019-06-03 09:23:01,1,靛厂新村,靛厂新村
57,1,1,2019-06-03 09:23:01,1,靛厂新村,靛厂新村
57,1,1,2019-06-03 09:23:01,1,靛厂新村,靛厂新村
57,1,1,2019-06-03 09:23:01,1,靛厂新村,靛厂新村
57,1,1,2019-06-03 09:23:01,1,靛厂新村,靛厂新村
57,1,1,2019-06-03 09:23:01,1,靛厂新村,靛厂新村
57,1,1,2019-06-03 09:23:01,1,靛厂新村,靛厂新村
57,1,7,2019-06-03 06:40:01,1,靛厂新村,六里桥西
57,1,8,2019-06-03 06:40:01,1,靛厂新村,六里桥东
57,1,10,2019-06-03 06:40:01,1,靛厂新村,湾子
57,1,1,2019-06-03 06:40:01,1,靛厂新村,靛厂新村
57,1,4,2019-06-03 06:40:01,1,靛厂新村,水衙沟路东口
57,1,18,2019-06-03 06:40:01,1,靛厂新村,过街楼
57,1,16,2019-06-03 06:40:01,1,靛厂新村,虎坊桥路口东
57,1,16,2019-06-03 06:40:01,1,靛厂新村,虎坊桥路口东
57,1,16,2019-06-03 06:40:01,1,靛厂新村,虎坊桥路口东
57,1,17,2019-06-03 06:40:01,1,靛厂新村,板章路
57,1,17,2019-06-03 06:40:01,1,靛厂新村,板章路
57,1,18,2019-06-03 06:40:01,1,靛厂新村,过街楼
57,1,15,2019-06-03 06:40:01,1,靛厂新村,虎坊桥路口西
57,1,1,2019-06-03 06:40:01,1,靛厂新村,靛厂新村
57,1,1,2019-06-03 06:40:01,1,靛厂新村,靛厂新村
57,1,1,2019-06-03 06:40:01,1,靛厂新村,靛厂新村
57,1,12,2019-06-03 06:40:01,1,靛厂新村,广安门内
57,1,12,2019-06-03 06:40:01,1,靛厂新村,广安门内
57,1,12,2019-06-03 06:40:01,1,靛厂新村,广安门内
57,1,12,2019-06-03 06:40:01,1,靛厂新村,广安门内
57,1,10,2019-06-03 06:40:01,1,靛厂新村,湾子
57,1,13,2019-06-03 06:40:01,1,靛厂新村,牛街路口东
57,2,10,2019-06-03 06:41:01,1,岳各庄东路北口,湾子
57,2,5,2019-06-03 06:42:01,1,岳各庄东路北口,白塔村
57,2,7,2019-06-03 06:42:01,1,岳各庄东路北口,六里桥西
57,2,7,2019-06-03 06:42:01,1,岳各庄东路北口,六里桥西
57,2,6,2019-06-03 06:42:01,1,岳各庄东路北口,小井路口东
57,2,6,2019-06-03 06:42:01,1,岳各庄东路北口,小井路口东
57,2,16,2019-06-03 06:42:01,1,岳各庄东路北口,虎坊桥路口东
57,2,33,2019-06-03 06:42:01,1,岳各庄东路北口,郎家园
57,2,33,2019-06-03 06:42:01,1,岳各庄东路北口,郎家园
57,2,11,2019-06-03 06:42:01,1,岳各庄东路北口,达官营
57,2,10,2019-06-03 06:42:01,1,岳各庄东路北口,湾子
57,2,12,2019-06-03 06:42:01,1,岳各庄东路北口,广安门内
57,2,12,2019-06-03 06:42:01,1,岳各庄东路北口,广安门内
57,3,3,2019-06-03 06:43:01,1,靛厂村南站,靛厂村南站
57,3,11,2019-06-03 06:43:01,1,靛厂村南站,达官营
57,4,8,2019-06-03 06:44:01,1,水衙沟路东口,六里桥东
57,4,8,2019-06-03 06:44:01,1,水衙沟路东口,六里桥东
57,4,8,2019-06-03 06:44:01,1,水衙沟路东口,六里桥东
57,4,8,2019-06-03 06:44:01,1,水衙沟路东口,六里桥东
57,4,7,2019-06-03 06:44:01,1,水衙沟路东口,六里桥西
57,4,17,2019-06-03 06:44:01,1,水衙沟路东口,板章路
57,4,17,2019-06-03 06:44:01,1,水衙沟路东口,板章路
57,4,32,2019-06-03 06:44:01,1,水衙沟路东口,大北窑东
57,4,10,2019-06-03 06:44:01,1,水衙沟路东口,湾子
57,4,11,2019-06-03 06:44:01,1,水衙沟路东口,达官营
57,4,27,2019-06-03 06:44:01,1,水衙沟路东口,马圈
57,4,7,2019-06-03 06:45:01,1,水衙沟路东口,六里桥西
57,4,11,2019-06-03 06:45:01,1,水衙沟路东口,达官营
57,4,13,2019-06-03 06:45:01,1,水衙沟路东口,牛街路口东
57,5,6,2019-06-03 06:46:01,1,白塔村,小井路口东
57,5,9,2019-06-03 06:46:01,1,白塔村,莲花池
57,6,33,2019-06-03 06:48:01,1,小井路口东,郎家园
57,6,16,2019-06-03 06:48:01,1,小井路口东,虎坊桥路口东
57,6,23,2019-06-03 06:48:01,1,小井路口东,榄杆市
57,6,24,2019-06-03 06:48:01,1,小井路口东,培新街
57,6,33,2019-06-03 06:48:01,1,小井路口东,郎家园
57,6,12,2019-06-03 06:48:01,1,小井路口东,广安门内
57,6,14,2019-06-03 06:48:01,1,小井路口东,菜市口西
57,6,27,2019-06-03 06:48:01,1,小井路口东,马圈
57,6,27,2019-06-03 06:48:01,1,小井路口东,马圈
57,6,11,2019-06-03 06:48:01,1,小井路口东,达官营
57,6,14,2019-06-03 06:49:01,1,小井路口东,菜市口西
57,7,24,2019-06-03 06:51:01,1,六里桥西,培新街
57,7,12,2019-06-03 06:51:01,1,六里桥西,广安门内
57,7,12,2019-06-03 06:51:01,1,六里桥西,广安门内
57,7,12,2019-06-03 06:51:01,1,六里桥西,广安门内
57,7,12,2019-06-03 06:51:01,1,六里桥西,广安门内
57,7,12,2019-06-03 06:51:01,1,六里桥西,广安门内
57,7,14,2019-06-03 06:51:01,1,六里桥西,菜市口西
57,8,10,2019-06-03 06:56:01,1,六里桥东,湾子
57,8,16,2019-06-03 06:56:01,1,六里桥东,虎坊桥路口东
57,8,15,2019-06-03 06:56:01,1,六里桥东,虎坊桥路口西
57,8,24,2019-06-03 06:56:01,1,六里桥东,培新街
57,8,23,2019-06-03 06:56:01,1,六里桥东,榄杆市
57,8,13,2019-06-03 06:56:01,1,六里桥东,牛街路口东
57,8,11,2019-06-03 06:56:01,1,六里桥东,达官营
57,8,11,2019-06-03 06:56:01,1,六里桥东,达官营
57,8,11,2019-06-03 06:56:01,1,六里桥东,达官营
57,8,12,2019-06-03 06:56:01,1,六里桥东,广安门内
57,8,12,2019-06-03 06:56:01,1,六里桥东,广安门内
57,8,12,2019-06-03 06:56:01,1,六里桥东,广安门内
57,8,27,2019-06-03 06:56:01,1,六里桥东,马圈
57,8,9,2019-06-03 06:56:01,1,六里桥东,莲花池
57,8,13,2019-06-03 06:56:01,1,六里桥东,牛街路口东
57,8,26,2019-06-03 06:56:01,1,六里桥东,广渠门内
57,8,9,2019-06-03 06:57:01,1,六里桥东,莲花池
57,8,17,2019-06-03 06:57:01,1,六里桥东,板章路
57,8,12,2019-06-03 06:57:01,1,六里桥东,广安门内
57,8,11,2019-06-03 06:57:01,1,六里桥东,达官营
57,8,11,2019-06-03 06:57:01,1,六里桥东,达官营
57,8,11,2019-06-03 06:57:01,1,六里桥东,达官营
57,8,12,2019-06-03 06:57:01,1,六里桥东,广安门内
57,9,10,2019-06-03 07:01:01,1,莲花池,湾子
57,9,15,2019-06-03 07:01:01,1,莲花池,虎坊桥路口西
57,9,24,2019-06-03 07:01:01,1,莲花池,培新街
57,9,22,2019-06-03 07:01:01,1,莲花池,磁器口西
57,9,15,2019-06-03 07:01:01,1,莲花池,虎坊桥路口西
57,9,33,2019-06-03 07:01:01,1,莲花池,郎家园
57,9,12,2019-06-03 07:01:01,1,莲花池,广安门内
57,9,15,2019-06-03 07:01:01,1,莲花池,虎坊桥路口西
57,9,12,2019-06-03 07:01:01,1,莲花池,广安门内
57,9,25,2019-06-03 07:01:01,1,莲花池,安化楼
57,9,27,2019-06-03 07:01:01,1,莲花池,马圈
57,9,14,2019-06-03 07:01:01,1,莲花池,菜市口西
57,9,25,2019-06-03 07:01:01,1,莲花池,安化楼
57,9,12,2019-06-03 07:01:01,1,莲花池,广安门内
57,9,25,2019-06-03 07:01:01,1,莲花池,安化楼
57,9,26,2019-06-03 07:01:01,1,莲花池,广渠门内
57,10,15,2019-06-03 07:02:01,1,湾子,虎坊桥路口西
57,10,30,2019-06-03 07:02:01,1,湾子,双花园
57,10,15,2019-06-03 07:03:01,1,湾子,虎坊桥路口西
57,10,21,2019-06-03 07:03:01,1,湾子,水道子
57,10,24,2019-06-03 07:03:01,1,湾子,培新街
57,10,33,2019-06-03 07:03:01,1,湾子,郎家园
57,10,33,2019-06-03 07:03:01,1,湾子,郎家园
57,10,33,2019-06-03 07:03:01,1,湾子,郎家园
57,10,33,2019-06-03 07:03:01,1,湾子,郎家园
57,10,33,2019-06-03 07:03:01,1,湾子,郎家园
57,10,27,2019-06-03 07:03:01,1,湾子,马圈
57,10,13,2019-06-03 07:03:01,1,湾子,牛街路口东
57,11,16,2019-06-03 07:04:01,1,达官营,虎坊桥路口东
57,11,13,2019-06-03 07:04:01,1,达官营,牛街路口东
57,11,28,2019-06-03 07:04:01,1,达官营,垂杨柳
57,11,25,2019-06-03 07:04:01,1,达官营,安化楼
57,11,23,2019-06-03 07:05:01,1,达官营,榄杆市
57,11,22,2019-06-03 07:05:01,1,达官营,磁器口西
57,11,15,2019-06-03 07:05:01,1,达官营,虎坊桥路口西
57,11,15,2019-06-03 07:05:01,1,达官营,虎坊桥路口西
57,11,21,2019-06-03 07:05:01,1,达官营,水道子
57,11,31,2019-06-03 07:05:01,1,达官营,大北窑南
57,11,12,2019-06-03 07:05:01,1,达官营,广安门内
57,11,12,2019-06-03 07:05:01,1,达官营,广安门内
57,12,12,2019-06-03 07:05:01,1,广安门内,广安门内
57,11,12,2019-06-03 07:05:01,1,达官营,广安门内
57,11,28,2019-06-03 07:05:01,1,达官营,垂杨柳
57,11,27,2019-06-03 07:05:01,1,达官营,马圈
57,11,12,2019-06-03 07:05:01,1,达官营,广安门内
57,13,15,2019-06-03 07:09:01,1,牛街路口东,虎坊桥路口西
57,13,18,2019-06-03 07:09:01,1,牛街路口东,过街楼
57,13,18,2019-06-03 07:09:01,1,牛街路口东,过街楼
57,13,16,2019-06-03 07:10:01,1,牛街路口东,虎坊桥路口东
57,13,33,2019-06-03 07:10:01,1,牛街路口东,郎家园
57,13,13,2019-06-03 07:10:01,1,牛街路口东,牛街路口东
57,13,18,2019-06-03 07:13:01,1,牛街路口东,过街楼
57,13,27,2019-06-03 07:13:01,1,牛街路口东,马圈
57,13,26,2019-06-03 07:13:01,1,牛街路口东,广渠门内
57,13,29,2019-06-03 07:13:01,1,牛街路口东,双井桥北
57,14,33,2019-06-03 07:16:01,1,菜市口西,郎家园
57,14,30,2019-06-03 07:16:01,1,菜市口西,双花园
57,14,15,2019-06-03 07:16:01,1,菜市口西,虎坊桥路口西
57,15,15,2019-06-03 07:16:01,1,虎坊桥路口西,虎坊桥路口西
57,14,27,2019-06-03 07:16:01,1,菜市口西,马圈
57,15,33,2019-06-03 07:18:01,1,虎坊桥路口西,郎家园
57,15,30,2019-06-03 07:18:01,1,虎坊桥路口西,双花园
57,17,17,2019-06-03 07:21:01,1,板章路,板章路
57,16,33,2019-06-03 07:21:01,1,虎坊桥路口东,郎家园
57,16,32,2019-06-03 07:21:01,1,虎坊桥路口东,大北窑东
57,16,30,2019-06-03 07:21:01,1,虎坊桥路口东,双花园
57,17,21,2019-06-03 07:22:01,1,板章路,水道子
57,17,22,2019-06-03 07:22:01,1,板章路,磁器口西
57,17,21,2019-06-03 07:22:01,1,板章路,水道子
57,17,25,2019-06-03 07:22:01,1,板章路,安化楼
57,17,29,2019-06-03 07:22:01,1,板章路,双井桥北
57,17,30,2019-06-03 07:23:01,1,板章路,双花园
57,18,21,2019-06-03 07:25:01,1,过街楼,水道子
57,18,33,2019-06-03 07:25:01,1,过街楼,郎家园
57,18,26,2019-06-03 07:25:01,1,过街楼,广渠门内
57,18,25,2019-06-03 07:25:01,1,过街楼,安化楼
57,19,20,2019-06-03 07:26:01,1,东城三里河,桥湾
57,21,33,2019-06-03 07:27:01,1,水道子,郎家园
57,21,21,2019-06-03 07:30:01,1,水道子,水道子
57,21,21,2019-06-03 07:30:01,1,水道子,水道子
57,21,22,2019-06-03 07:30:01,1,水道子,磁器口西
57,21,32,2019-06-03 07:30:01,1,水道子,大北窑东
57,22,25,2019-06-03 07:30:01,1,磁器口西,安化楼
57,21,27,2019-06-03 07:30:01,1,水道子,马圈
57,21,27,2019-06-03 07:30:01,1,水道子,马圈
57,21,30,2019-06-03 07:30:01,1,水道子,双花园
57,22,24,2019-06-03 07:31:01,1,磁器口西,培新街
57,23,23,2019-06-03 07:33:01,1,榄杆市,榄杆市
57,23,32,2019-06-03 07:33:01,1,榄杆市,大北窑东
57,23,32,2019-06-03 07:33:01,1,榄杆市,大北窑东
57,23,30,2019-06-03 07:33:01,1,榄杆市,双花园
57,23,26,2019-06-03 07:33:01,1,榄杆市,广渠门内
57,23,28,2019-06-03 07:33:01,1,榄杆市,垂杨柳
57,23,29,2019-06-03 07:33:01,1,榄杆市,双井桥北
57,23,30,2019-06-03 07:33:01,1,榄杆市,双花园
57,23,25,2019-06-03 07:34:01,1,榄杆市,安化楼
57,24,32,2019-06-03 07:38:01,1,培新街,大北窑东
57,24,33,2019-06-03 07:38:01,1,培新街,郎家园
57,24,30,2019-06-03 07:38:01,1,培新街,双花园
57,24,28,2019-06-03 07:38:01,1,培新街,垂杨柳
57,24,25,2019-06-03 07:38:01,1,培新街,安化楼
57,24,25,2019-06-03 07:38:01,1,培新街,安化楼
57,24,26,2019-06-03 07:38:01,1,培新街,广渠门内
57,24,28,2019-06-03 07:38:01,1,培新街,垂杨柳
57,24,29,2019-06-03 07:38:01,1,培新街,双井桥北
57,24,29,2019-06-03 07:38:01,1,培新街,双井桥北
57,24,30,2019-06-03 07:38:01,1,培新街,双花园
57,24,30,2019-06-03 07:38:01,1,培新街,双花园
57,25,32,2019-06-03 07:40:01,1,安化楼,大北窑东
57,25,31,2019-06-03 07:40:01,1,安化楼,大北窑南
57,25,32,2019-06-03 07:40:01,1,安化楼,大北窑东
57,25,33,2019-06-03 07:40:01,1,安化楼,郎家园
57,25,28,2019-06-03 07:40:01,1,安化楼,垂杨柳
57,25,25,2019-06-03 07:40:01,1,安化楼,安化楼
57,25,26,2019-06-03 07:40:01,1,安化楼,广渠门内
57,25,26,2019-06-03 07:40:01,1,安化楼,广渠门内
57,25,27,2019-06-03 07:40:01,1,安化楼,马圈
57,25,29,2019-06-03 07:40:01,1,安化楼,双井桥北
57,26,32,2019-06-03 07:41:01,1,广渠门内,大北窑东
57,26,32,2019-06-03 07:41:01,1,广渠门内,大北窑东
57,26,30,2019-06-03 07:41:01,1,广渠门内,双花园
57,26,33,2019-06-03 07:41:01,1,广渠门内,郎家园
57,26,28,2019-06-03 07:41:01,1,广渠门内,垂杨柳
57,26,27,2019-06-03 07:41:01,1,广渠门内,马圈
57,26,27,2019-06-03 07:41:01,1,广渠门内,马圈
57,27,28,2019-06-03 07:41:01,1,马圈,垂杨柳
57,26,27,2019-06-03 07:41:01,1,广渠门内,马圈
57,26,28,2019-06-03 07:41:01,1,广渠门内,垂杨柳
57,26,27,2019-06-03 07:41:01,1,广渠门内,马圈
57,26,28,2019-06-03 07:41:01,1,广渠门内,垂杨柳
57,26,27,2019-06-03 07:41:01,1,广渠门内,马圈
57,26,29,2019-06-03 07:41:01,1,广渠门内,双井桥北
57,26,30,2019-06-03 07:41:01,1,广渠门内,双花园
57,26,30,2019-06-03 07:41:01,1,广渠门内,双花园
57,26,30,2019-06-03 07:41:01,1,广渠门内,双花园
57,26,30,2019-06-03 07:41:01,1,广渠门内,双花园
57,27,32,2019-06-03 07:45:01,1,马圈,大北窑东
57,27,31,2019-06-03 07:45:01,1,马圈,大北窑南
57,27,33,2019-06-03 07:45:01,1,马圈,郎家园
57,27,31,2019-06-03 07:45:01,1,马圈,大北窑南
57,27,27,2019-06-03 07:45:01,1,马圈,马圈
57,27,30,2019-06-03 07:45:01,1,马圈,双花园
57,27,30,2019-06-03 07:45:01,1,马圈,双花园
57,27,30,2019-06-03 07:45:01,1,马圈,双花园
57,27,33,2019-06-03 07:47:01,1,马圈,郎家园
57,27,33,2019-06-03 07:47:01,1,马圈,郎家园
57,27,28,2019-06-03 07:47:01,1,马圈,垂杨柳
57,27,30,2019-06-03 07:47:01,1,马圈,双花园
57,28,31,2019-06-03 07:52:01,1,垂杨柳,大北窑南
57,28,32,2019-06-03 07:52:01,1,垂杨柳,大北窑东
57,28,32,2019-06-03 07:52:01,1,垂杨柳,大北窑东
57,30,33,2019-06-03 08:05:01,1,双花园,郎家园
57,30,33,2019-06-03 08:05:01,1,双花园,郎家园
57,30,33,2019-06-03 08:05:01,1,双花园,郎家园
57,30,32,2019-06-03 08:05:01,1,双花园,大北窑东
57,30,33,2019-06-03 08:06:01,1,双花园,郎家园
57,30,32,2019-06-03 08:06:01,1,双花园,大北窑东
57,30,30,2019-06-03 08:06:01,1,双花园,双花园
57,30,33,2019-06-03 08:06:01,1,双花园,郎家园
57,30,32,2019-06-03 08:06:01,1,双花园,大北窑东
57,34,34,2019-06-03 08:33:01,1,四惠枢纽站,四惠枢纽站
57,1,13,2019-06-03 08:56:01,1,靛厂新村,牛街路口东
57,1,10,2019-06-03 08:56:01,1,靛厂新村,湾子
57,1,7,2019-06-03 08:56:01,1,靛厂新村,六里桥西
57,1,5,2019-06-03 08:56:01,1,靛厂新村,白塔村
57,1,10,2019-06-03 08:56:01,1,靛厂新村,湾子
57,1,9,2019-06-03 08:56:01,1,靛厂新村,莲花池
57,1,20,2019-06-03 08:56:01,1,靛厂新村,桥湾
57,1,1,2019-06-03 08:56:01,1,靛厂新村,靛厂新村
57,1,26,2019-06-03 08:56:01,1,靛厂新村,广渠门内
57,1,7,2019-06-03 08:57:01,1,靛厂新村,六里桥西
57,1,3,2019-06-03 08:57:01,1,靛厂新村,靛厂村南站
57,1,4,2019-06-03 08:57:01,1,靛厂新村,水衙沟路东口
57,1,4,2019-06-03 08:57:01,1,靛厂新村,水衙沟路东口
57,1,3,2019-06-03 08:57:01,1,靛厂新村,靛厂村南站
57,1,17,2019-06-03 08:58:01,1,靛厂新村,板章路
57,1,13,2019-06-03 08:58:01,1,靛厂新村,牛街路口东
57,1,13,2019-06-03 08:58:01,1,靛厂新村,牛街路口东
57,1,13,2019-06-03 08:58:01,1,靛厂新村,牛街路口东
57,1,6,2019-06-03 08:58:01,1,靛厂新村,小井路口东
57,1,4,2019-06-03 08:58:01,1,靛厂新村,水衙沟路东口
57,1,10,2019-06-03 08:58:01,1,靛厂新村,湾子
57,3,10,2019-06-03 09:01:01,1,靛厂村南站,湾子
57,3,6,2019-06-03 09:01:01,1,靛厂村南站,小井路口东
57,3,9,2019-06-03 09:01:01,1,靛厂村南站,莲花池
57,3,11,2019-06-03 09:01:01,1,靛厂村南站,达官营
57,3,25,2019-06-03 09:01:01,1,靛厂村南站,安化楼
57,3,25,2019-06-03 09:01:01,1,靛厂村南站,安化楼
57,4,10,2019-06-03 09:02:01,1,水衙沟路东口,湾子
57,4,10,2019-06-03 09:02:01,1,水衙沟路东口,湾子
57,4,8,2019-06-03 09:02:01,1,水衙沟路东口,六里桥东
57,4,4,2019-06-03 09:02:01,1,水衙沟路东口,水衙沟路东口
57,4,7,2019-06-03 09:02:01,1,水衙沟路东口,六里桥西
57,4,7,2019-06-03 09:02:01,1,水衙沟路东口,六里桥西
57,4,31,2019-06-03 09:02:01,1,水衙沟路东口,大北窑南
57,4,16,2019-06-03 09:03:01,1,水衙沟路东口,虎坊桥路口东
57,4,13,2019-06-03 09:03:01,1,水衙沟路东口,牛街路口东
57,4,9,2019-06-03 09:03:01,1,水衙沟路东口,莲花池
57,5,9,2019-06-03 09:03:01,1,白塔村,莲花池
57,4,10,2019-06-03 09:03:01,1,水衙沟路东口,湾子
57,5,12,2019-06-03 09:05:01,1,白塔村,广安门内
57,5,11,2019-06-03 09:05:01,1,白塔村,达官营
57,5,13,2019-06-03 09:05:01,1,白塔村,牛街路口东
57,5,20,2019-06-03 09:05:01,1,白塔村,桥湾
57,6,13,2019-06-03 09:07:01,1,小井路口东,牛街路口东
57,7,8,2019-06-03 09:07:01,1,六里桥西,六里桥东
57,7,22,2019-06-03 09:09:01,1,六里桥西,磁器口西
57,8,13,2019-06-03 09:11:01,1,六里桥东,牛街路口东
57,8,13,2019-06-03 09:11:01,1,六里桥东,牛街路口东
57,8,15,2019-06-03 09:11:01,1,六里桥东,虎坊桥路口西
57,8,16,2019-06-03 09:11:01,1,六里桥东,虎坊桥路口东
57,8,30,2019-06-03 09:11:01,1,六里桥东,双花园
57,8,30,2019-06-03 09:11:01,1,六里桥东,双花园
57,8,12,2019-06-03 09:12:01,1,六里桥东,广安门内
57,8,15,2019-06-03 09:12:01,1,六里桥东,虎坊桥路口西
57,8,13,2019-06-03 09:12:01,1,六里桥东,牛街路口东
57,8,16,2019-06-03 09:12:01,1,六里桥东,虎坊桥路口东
57,8,13,2019-06-03 09:12:01,1,六里桥东,牛街路口东
57,8,16,2019-06-03 09:12:01,1,六里桥东,虎坊桥路口东
57,8,11,2019-06-03 09:12:01,1,六里桥东,达官营
57,8,10,2019-06-03 09:12:01,1,六里桥东,湾子
57,8,11,2019-06-03 09:12:01,1,六里桥东,达官营
57,8,11,2019-06-03 09:12:01,1,六里桥东,达官营
57,8,11,2019-06-03 09:12:01,1,六里桥东,达官营
57,8,20,2019-06-03 09:12:01,1,六里桥东,桥湾
57,8,20,2019-06-03 09:12:01,1,六里桥东,桥湾
57,8,20,2019-06-03 09:12:01,1,六里桥东,桥湾
57,8,20,2019-06-03 09:12:01,1,六里桥东,桥湾
57,8,20,2019-06-03 09:12:01,1,六里桥东,桥湾
57,8,33,2019-06-03 09:12:01,1,六里桥东,郎家园
57,8,29,2019-06-03 09:12:01,1,六里桥东,双井桥北
57,8,20,2019-06-03 09:12:01,1,六里桥东,桥湾
57,8,30,2019-06-03 09:12:01,1,六里桥东,双花园
57,8,22,2019-06-03 09:12:01,1,六里桥东,磁器口西
57,8,22,2019-06-03 09:12:01,1,六里桥东,磁器口西
57,8,23,2019-06-03 09:12:01,1,六里桥东,榄杆市
57,8,33,2019-06-03 09:12:01,1,六里桥东,郎家园
57,8,9,2019-06-03 09:13:01,1,六里桥东,莲花池
57,8,18,2019-06-03 09:13:01,1,六里桥东,过街楼
57,9,11,2019-06-03 09:16:01,1,莲花池,达官营
57,9,11,2019-06-03 09:16:01,1,莲花池,达官营
57,9,9,2019-06-03 09:16:01,1,莲花池,莲花池
57,9,28,2019-06-03 09:16:01,1,莲花池,垂杨柳
57,9,32,2019-06-03 09:16:01,1,莲花池,大北窑东
57,10,12,2019-06-03 09:18:01,1,湾子,广安门内
57,10,21,2019-06-03 09:18:01,1,湾子,水道子
57,11,11,2019-06-03 09:20:01,1,达官营,达官营
57,11,12,2019-06-03 09:20:01,1,达官营,广安门内
57,11,22,2019-06-03 09:20:01,1,达官营,磁器口西
57,11,32,2019-06-03 09:20:01,1,达官营,大北窑东
57,12,18,2019-06-03 09:24:01,1,广安门内,过街楼
57,12,24,2019-06-03 09:24:01,1,广安门内,培新街
57,13,23,2019-06-03 09:28:01,1,牛街路口东,榄杆市
57,13,26,2019-06-03 07:03:01,1,牛街路口东,广渠门内
57,13,29,2019-06-03 07:03:01,1,牛街路口东,双井桥北
57,14,31,2019-06-03 07:06:01,1,菜市口西,大北窑南
57,14,14,2019-06-03 07:06:01,1,菜市口西,菜市口西
57,14,15,2019-06-03 07:06:01,1,菜市口西,虎坊桥路口西
57,16,29,2019-06-03 07:08:01,1,虎坊桥路口东,双井桥北
57,16,29,2019-06-03 07:08:01,1,虎坊桥路口东,双井桥北
57,16,26,2019-06-03 07:12:01,1,虎坊桥路口东,广渠门内
57,16,24,2019-06-03 07:12:01,1,虎坊桥路口东,培新街
57,16,16,2019-06-03 07:12:01,1,虎坊桥路口东,虎坊桥路口东
57,22,33,2019-06-03 07:19:01,1,磁器口西,郎家园
57,27,29,2019-06-03 07:29:01,1,马圈,双井桥北
57,27,29,2019-06-03 07:29:01,1,马圈,双井桥北
57,26,34,2019-06-03 07:29:01,1,广渠门内,四惠枢纽站
57,28,31,2019-06-03 07:33:01,1,垂杨柳,大北窑南
57,28,31,2019-06-03 07:33:01,1,垂杨柳,大北窑南
57,29,30,2019-06-03 07:41:01,1,双井桥北,双花园
57,29,30,2019-06-03 07:41:01,1,双井桥北,双花园
57,29,33,2019-06-03 07:41:01,1,双井桥北,郎家园
57,29,33,2019-06-03 07:41:01,1,双井桥北,郎家园
57,29,31,2019-06-03 07:41:01,1,双井桥北,大北窑南
57,29,31,2019-06-03 07:41:01,1,双井桥北,大北窑南
57,29,31,2019-06-03 07:41:01,1,双井桥北,大北窑南
57,30,30,2019-06-03 07:43:01,1,双花园,双花园
57,30,34,2019-06-03 07:43:01,1,双花园,四惠枢纽站
57,30,31,2019-06-03 07:43:01,1,双花园,大北窑南
57,30,33,2019-06-03 07:43:01,1,双花园,郎家园
57,30,31,2019-06-03 07:43:01,1,双花园,大北窑南
57,30,31,2019-06-03 07:43:01,1,双花园,大北窑南
57,30,33,2019-06-03 07:43:01,1,双花园,郎家园
57,30,34,2019-06-03 07:43:01,1,双花园,四惠枢纽站
57,30,34,2019-06-03 07:43:01,1,双花园,四惠枢纽站
57,31,34,2019-06-03 07:55:01,1,大北窑南,四惠枢纽站
57,31,33,2019-06-03 07:55:01,1,大北窑南,郎家园
57,31,34,2019-06-03 07:55:01,1,大北窑南,四惠枢纽站
57,32,34,2019-06-03 07:57:01,1,大北窑东,四惠枢纽站
57,33,34,2019-06-03 07:58:01,1,郎家园,四惠枢纽站
57,33,34,2019-06-03 07:58:01,1,郎家园,四惠枢纽站
57,33,34,2019-06-03 07:58:01,1,郎家园,四惠枢纽站
57,1,16,2019-06-03 08:14:01,1,靛厂新村,虎坊桥路口东
57,1,8,2019-06-03 08:14:01,1,靛厂新村,六里桥东
57,1,9,2019-06-03 08:14:01,1,靛厂新村,莲花池
57,1,9,2019-06-03 08:14:01,1,靛厂新村,莲花池
57,1,4,2019-06-03 08:14:01,1,靛厂新村,水衙沟路东口
57,1,5,2019-06-03 08:14:01,1,靛厂新村,白塔村
57,1,3,2019-06-03 08:14:01,1,靛厂新村,靛厂村南站
57,1,12,2019-06-03 08:14:01,1,靛厂新村,广安门内
57,1,6,2019-06-03 08:14:01,1,靛厂新村,小井路口东
57,1,8,2019-06-03 08:14:01,1,靛厂新村,六里桥东
57,1,8,2019-06-03 08:14:01,1,靛厂新村,六里桥东
57,1,4,2019-06-03 08:14:01,1,靛厂新村,水衙沟路东口
57,1,4,2019-06-03 08:14:01,1,靛厂新村,水衙沟路东口
57,1,3,2019-06-03 08:14:01,1,靛厂新村,靛厂村南站
57,1,5,2019-06-03 08:14:01,1,靛厂新村,白塔村
57,1,5,2019-06-03 08:14:01,1,靛厂新村,白塔村
57,1,5,2019-06-03 08:14:01,1,靛厂新村,白塔村
57,1,5,2019-06-03 08:14:01,1,靛厂新村,白塔村
57,1,9,2019-06-03 08:14:01,1,靛厂新村,莲花池
57,1,31,2019-06-03 08:14:01,1,靛厂新村,大北窑南
57,1,27,2019-06-03 08:14:01,1,靛厂新村,马圈
57,1,22,2019-06-03 08:14:01,1,靛厂新村,磁器口西
57,1,19,2019-06-03 08:14:01,1,靛厂新村,东城三里河
57,2,9,2019-06-03 08:16:01,1,岳各庄东路北口,莲花池
57,2,8,2019-06-03 08:16:01,1,岳各庄东路北口,六里桥东
57,2,4,2019-06-03 08:16:01,1,岳各庄东路北口,水衙沟路东口
57,2,5,2019-06-03 08:16:01,1,岳各庄东路北口,白塔村
57,2,3,2019-06-03 08:16:01,1,岳各庄东路北口,靛厂村南站
57,2,6,2019-06-03 08:16:01,1,岳各庄东路北口,小井路口东
57,2,5,2019-06-03 08:16:01,1,岳各庄东路北口,白塔村
57,2,5,2019-06-03 08:16:01,1,岳各庄东路北口,白塔村
57,2,5,2019-06-03 08:16:01,1,岳各庄东路北口,白塔村
57,2,5,2019-06-03 08:16:01,1,岳各庄东路北口,白塔村
57,2,2,2019-06-03 08:16:01,1,岳各庄东路北口,岳各庄东路北口
57,2,6,2019-06-03 08:16:01,1,岳各庄东路北口,小井路口东
57,2,5,2019-06-03 08:16:01,1,岳各庄东路北口,白塔村
57,2,6,2019-06-03 08:16:01,1,岳各庄东路北口,小井路口东
57,2,5,2019-06-03 08:16:01,1,岳各庄东路北口,白塔村
57,2,29,2019-06-03 08:16:01,1,岳各庄东路北口,双井桥北
57,3,8,2019-06-03 08:18:01,1,靛厂村南站,六里桥东
57,3,16,2019-06-03 08:18:01,1,靛厂村南站,虎坊桥路口东
57,3,15,2019-06-03 08:18:01,1,靛厂村南站,虎坊桥路口西
57,3,19,2019-06-03 08:18:01,1,靛厂村南站,东城三里河
57,3,4,2019-06-03 08:18:01,1,靛厂村南站,水衙沟路东口
57,3,7,2019-06-03 08:18:01,1,靛厂村南站,六里桥西
57,4,13,2019-06-03 08:19:01,1,水衙沟路东口,牛街路口东
57,4,11,2019-06-03 08:19:01,1,水衙沟路东口,达官营
57,4,9,2019-06-03 08:19:01,1,水衙沟路东口,莲花池
57,4,10,2019-06-03 08:19:01,1,水衙沟路东口,湾子
57,4,8,2019-06-03 08:19:01,1,水衙沟路东口,六里桥东
57,4,12,2019-06-03 08:19:01,1,水衙沟路东口,广安门内
57,4,13,2019-06-03 08:19:01,1,水衙沟路东口,牛街路口东
57,4,10,2019-06-03 08:19:01,1,水衙沟路东口,湾子
57,4,7,2019-06-03 08:19:01,1,水衙沟路东口,六里桥西
57,4,4,2019-06-03 08:19:01,1,水衙沟路东口,水衙沟路东口
57,4,4,2019-06-03 08:19:01,1,水衙沟路东口,水衙沟路东口
57,4,7,2019-06-03 08:19:01,1,水衙沟路东口,六里桥西
57,4,12,2019-06-03 08:25:01,1,水衙沟路东口,广安门内
57,4,11,2019-06-03 08:25:01,1,水衙沟路东口,达官营
57,5,8,2019-06-03 08:27:01,1,白塔村,六里桥东
57,5,13,2019-06-03 08:27:01,1,白塔村,牛街路口东
57,5,6,2019-06-03 08:27:01,1,白塔村,小井路口东
57,6,11,2019-06-03 08:40:01,1,小井路口东,达官营
57,6,13,2019-06-03 08:40:01,1,小井路口东,牛街路口东
57,6,10,2019-06-03 08:40:01,1,小井路口东,湾子
57,6,24,2019-06-03 08:40:01,1,小井路口东,培新街
57,6,26,2019-06-03 08:40:01,1,小井路口东,广渠门内
57,6,18,2019-06-03 08:41:01,1,小井路口东,过街楼
57,6,15,2019-06-03 08:41:01,1,小井路口东,虎坊桥路口西
57,6,16,2019-06-03 08:41:01,1,小井路口东,虎坊桥路口东
57,6,14,2019-06-03 08:41:01,1,小井路口东,菜市口西
57,6,6,2019-06-03 08:41:01,1,小井路口东,小井路口东
57,6,9,2019-06-03 08:41:01,1,小井路口东,莲花池
57,6,17,2019-06-03 08:41:01,1,小井路口东,板章路
57,6,29,2019-06-03 08:41:01,1,小井路口东,双井桥北
57,6,32,2019-06-03 08:41:01,1,小井路口东,大北窑东
57,6,26,2019-06-03 08:41:01,1,小井路口东,广渠门内
57,6,18,2019-06-03 08:41:01,1,小井路口东,过街楼
57,6,18,2019-06-03 08:41:01,1,小井路口东,过街楼
57,7,11,2019-06-03 08:47:01,1,六里桥西,达官营
57,7,11,2019-06-03 08:47:01,1,六里桥西,达官营
57,8,9,2019-06-03 08:50:01,1,六里桥东,莲花池
57,8,11,2019-06-03 08:50:01,1,六里桥东,达官营
57,8,9,2019-06-03 08:50:01,1,六里桥东,莲花池
57,8,20,2019-06-03 08:50:01,1,六里桥东,桥湾
57,8,16,2019-06-03 08:50:01,1,六里桥东,虎坊桥路口东
57,8,32,2019-06-03 08:50:01,1,六里桥东,大北窑东
57,9,13,2019-06-03 08:52:01,1,莲花池,牛街路口东
57,9,17,2019-06-03 08:52:01,1,莲花池,板章路
57,9,20,2019-06-03 08:52:01,1,莲花池,桥湾
57,9,31,2019-06-03 08:52:01,1,莲花池,大北窑南
57,10,19,2019-06-03 08:52:01,1,湾子,东城三里河
57,9,32,2019-06-03 08:52:01,1,莲花池,大北窑东
57,9,26,2019-06-03 08:52:01,1,莲花池,广渠门内
57,9,32,2019-06-03 08:52:01,1,莲花池,大北窑东
57,9,22,2019-06-03 08:52:01,1,莲花池,磁器口西
57,9,22,2019-06-03 08:52:01,1,莲花池,磁器口西
57,11,11,2019-06-03 08:54:01,1,达官营,达官营
57,11,11,2019-06-03 08:54:01,1,达官营,达官营
57,11,14,2019-06-03 08:54:01,1,达官营,菜市口西
57,11,19,2019-06-03 08:54:01,1,达官营,东城三里河
57,11,31,2019-06-03 08:55:01,1,达官营,大北窑南
57,12,15,2019-06-03 08:56:01,1,广安门内,虎坊桥路口西
57,12,31,2019-06-03 08:56:01,1,广安门内,大北窑南
57,13,15,2019-06-03 08:58:01,1,牛街路口东,虎坊桥路口西
57,13,14,2019-06-03 08:58:01,1,牛街路口东,菜市口西
57,13,14,2019-06-03 08:58:01,1,牛街路口东,菜市口西
57,13,14,2019-06-03 08:58:01,1,牛街路口东,菜市口西
57,13,13,2019-06-03 08:58:01,1,牛街路口东,牛街路口东
57,13,14,2019-06-03 08:58:01,1,牛街路口东,菜市口西
57,14,29,2019-06-03 08:58:01,1,菜市口西,双井桥北
57,14,15,2019-06-03 09:00:01,1,菜市口西,虎坊桥路口西
57,14,19,2019-06-03 09:00:01,1,菜市口西,东城三里河
57,14,28,2019-06-03 09:00:01,1,菜市口西,垂杨柳
57,15,25,2019-06-03 09:02:01,1,虎坊桥路口西,安化楼
57,16,19,2019-06-03 09:04:01,1,虎坊桥路口东,东城三里河
57,16,19,2019-06-03 09:04:01,1,虎坊桥路口东,东城三里河
57,16,19,2019-06-03 09:04:01,1,虎坊桥路口东,东城三里河
57,16,18,2019-06-03 09:04:01,1,虎坊桥路口东,过街楼
57,16,32,2019-06-03 09:05:01,1,虎坊桥路口东,大北窑东
57,17,23,2019-06-03 09:10:01,1,板章路,榄杆市
57,19,23,2019-06-03 09:18:01,1,东城三里河,榄杆市
57,19,19,2019-06-03 09:19:01,1,东城三里河,东城三里河
57,19,24,2019-06-03 09:19:01,1,东城三里河,培新街
57,21,29,2019-06-03 09:21:01,1,水道子,双井桥北
57,21,26,2019-06-03 09:21:01,1,水道子,广渠门内
57,21,28,2019-06-03 09:21:01,1,水道子,垂杨柳
57,21,25,2019-06-03 09:21:01,1,水道子,安化楼
57,22,22,2019-06-03 09:24:01,1,磁器口西,磁器口西
57,23,26,2019-06-03 09:25:01,1,榄杆市,广渠门内
57,25,28,2019-06-03 09:26:01,1,安化楼,垂杨柳
57,24,24,2019-06-03 09:26:01,1,培新街,培新街
57,26,27,2019-06-03 09:28:01,1,广渠门内,马圈
57,25,29,2019-06-03 09:28:01,1,安化楼,双井桥北
57,25,32,2019-06-03 09:28:01,1,安化楼,大北窑东
57,1,15,2019-06-03 09:04:01,1,靛厂新村,虎坊桥路口西
57,1,10,2019-06-03 09:04:01,1,靛厂新村,湾子
57,1,12,2019-06-03 09:04:01,1,靛厂新村,广安门内
57,1,13,2019-06-03 09:04:01,1,靛厂新村,牛街路口东
57,1,7,2019-06-03 09:04:01,1,靛厂新村,六里桥西
57,1,7,2019-06-03 09:04:01,1,靛厂新村,六里桥西
57,1,9,2019-06-03 09:04:01,1,靛厂新村,莲花池
57,1,6,2019-06-03 09:04:01,1,靛厂新村,小井路口东
57,1,5,2019-06-03 09:04:01,1,靛厂新村,白塔村
57,1,1,2019-06-03 09:04:01,1,靛厂新村,靛厂新村
57,1,2,2019-06-03 09:04:01,1,靛厂新村,岳各庄东路北口
57,1,5,2019-06-03 09:04:01,1,靛厂新村,白塔村
57,1,1,2019-06-03 09:04:01,1,靛厂新村,靛厂新村
57,1,5,2019-06-03 09:04:01,1,靛厂新村,白塔村
57,2,14,2019-06-03 09:05:01,1,岳各庄东路北口,菜市口西
57,2,10,2019-06-03 09:05:01,1,岳各庄东路北口,湾子
57,2,11,2019-06-03 09:05:01,1,岳各庄东路北口,达官营
57,2,7,2019-06-03 09:05:01,1,岳各庄东路北口,六里桥西
57,2,4,2019-06-03 09:05:01,1,岳各庄东路北口,水衙沟路东口
57,3,7,2019-06-03 09:06:01,1,靛厂村南站,六里桥西
57,3,12,2019-06-03 09:09:01,1,靛厂村南站,广安门内
57,3,12,2019-06-03 09:09:01,1,靛厂村南站,广安门内
57,3,12,2019-06-03 09:09:01,1,靛厂村南站,广安门内
57,3,9,2019-06-03 09:09:01,1,靛厂村南站,莲花池
57,3,9,2019-06-03 09:09:01,1,靛厂村南站,莲花池
57,3,3,2019-06-03 09:09:01,1,靛厂村南站,靛厂村南站
57,4,11,2019-06-03 09:10:01,1,水衙沟路东口,达官营
57,4,4,2019-06-03 09:10:01,1,水衙沟路东口,水衙沟路东口
57,4,8,2019-06-03 09:10:01,1,水衙沟路东口,六里桥东
57,4,6,2019-06-03 09:10:01,1,水衙沟路东口,小井路口东
57,4,7,2019-06-03 09:10:01,1,水衙沟路东口,六里桥西
57,4,10,2019-06-03 09:10:01,1,水衙沟路东口,湾子
57,4,5,2019-06-03 09:10:01,1,水衙沟路东口,白塔村
57,4,26,2019-06-03 09:10:01,1,水衙沟路东口,广渠门内
57,6,13,2019-06-03 09:13:01,1,小井路口东,牛街路口东
57,6,10,2019-06-03 09:13:01,1,小井路口东,湾子
57,6,29,2019-06-03 09:13:01,1,小井路口东,双井桥北
57,7,11,2019-06-03 09:16:01,1,六里桥西,达官营
57,7,12,2019-06-03 09:16:01,1,六里桥西,广安门内
57,7,32,2019-06-03 09:16:01,1,六里桥西,大北窑东
57,7,7,2019-06-03 09:16:01,1,六里桥西,六里桥西
57,8,14,2019-06-03 09:18:01,1,六里桥东,菜市口西
57,8,13,2019-06-03 09:18:01,1,六里桥东,牛街路口东
57,8,10,2019-06-03 09:18:01,1,六里桥东,湾子
57,8,10,2019-06-03 09:18:01,1,六里桥东,湾子
57,8,11,2019-06-03 09:18:01,1,六里桥东,达官营
57,8,12,2019-06-03 09:18:01,1,六里桥东,广安门内
57,8,16,2019-06-03 09:18:01,1,六里桥东,虎坊桥路口东
57,8,12,2019-06-03 09:18:01,1,六里桥东,广安门内
57,8,13,2019-06-03 09:18:01,1,六里桥东,牛街路口东
57,8,11,2019-06-03 09:18:01,1,六里桥东,达官营
57,8,12,2019-06-03 09:18:01,1,六里桥东,广安门内
57,8,11,2019-06-03 09:18:01,1,六里桥东,达官营
57,8,15,2019-06-03 09:18:01,1,六里桥东,虎坊桥路口西
57,8,11,2019-06-03 09:18:01,1,六里桥东,达官营
57,8,11,2019-06-03 09:18:01,1,六里桥东,达官营
57,8,12,2019-06-03 09:18:01,1,六里桥东,广安门内
57,8,31,2019-06-03 09:18:01,1,六里桥东,大北窑南
57,8,8,2019-06-03 09:18:01,1,六里桥东,六里桥东
57,8,9,2019-06-03 09:18:01,1,六里桥东,莲花池
57,8,18,2019-06-03 09:18:01,1,六里桥东,过街楼
57,8,16,2019-06-03 09:18:01,1,六里桥东,虎坊桥路口东
57,8,17,2019-06-03 09:18:01,1,六里桥东,板章路
57,8,19,2019-06-03 09:18:01,1,六里桥东,东城三里河
57,8,17,2019-06-03 09:18:01,1,六里桥东,板章路
57,9,9,2019-06-03 09:23:01,1,莲花池,莲花池
57,9,10,2019-06-03 09:24:01,1,莲花池,湾子
57,9,12,2019-06-03 09:24:01,1,莲花池,广安门内
57,9,17,2019-06-03 09:24:01,1,莲花池,板章路
57,10,15,2019-06-03 09:25:01,1,湾子,虎坊桥路口西
57,10,13,2019-06-03 09:25:01,1,湾子,牛街路口东
57,10,28,2019-06-03 09:25:01,1,湾子,垂杨柳
57,10,13,2019-06-03 09:26:01,1,湾子,牛街路口东
57,10,16,2019-06-03 09:26:01,1,湾子,虎坊桥路口东
57,10,16,2019-06-03 09:26:01,1,湾子,虎坊桥路口东
57,11,12,2019-06-03 09:28:01,1,达官营,广安门内
57,11,12,2019-06-03 09:28:01,1,达官营,广安门内
57,11,12,2019-06-03 09:28:01,1,达官营,广安门内
57,11,27,2019-06-03 09:28:01,1,达官营,马圈
57,11,22,2019-06-03 09:28:01,1,达官营,磁器口西
57,11,29,2019-06-03 09:28:01,1,达官营,双井桥北
57,1,7,2019-06-03 07:57:01,1,靛厂新村,六里桥西
57,1,9,2019-06-03 07:57:01,1,靛厂新村,莲花池
57,1,7,2019-06-03 07:57:01,1,靛厂新村,六里桥西
57,1,20,2019-06-03 07:57:01,1,靛厂新村,桥湾
57,1,22,2019-06-03 07:57:01,1,靛厂新村,磁器口西
57,1,5,2019-06-03 07:57:01,1,靛厂新村,白塔村
57,2,2,2019-06-03 07:57:01,1,岳各庄东路北口,岳各庄东路北口
57,4,6,2019-06-03 07:57:01,1,水衙沟路东口,小井路口东
57,2,7,2019-06-03 07:58:01,1,岳各庄东路北口,六里桥西
57,2,7,2019-06-03 07:58:01,1,岳各庄东路北口,六里桥西
57,2,7,2019-06-03 07:58:01,1,岳各庄东路北口,六里桥西
57,2,7,2019-06-03 07:58:01,1,岳各庄东路北口,六里桥西
57,2,7,2019-06-03 07:58:01,1,岳各庄东路北口,六里桥西
57,2,16,2019-06-03 07:58:01,1,岳各庄东路北口,虎坊桥路口东
57,2,2,2019-06-03 07:58:01,1,岳各庄东路北口,岳各庄东路北口
57,2,6,2019-06-03 07:58:01,1,岳各庄东路北口,小井路口东
57,3,7,2019-06-03 07:59:01,1,靛厂村南站,六里桥西
57,4,9,2019-06-03 08:02:01,1,水衙沟路东口,莲花池
57,4,9,2019-06-03 08:02:01,1,水衙沟路东口,莲花池
57,6,9,2019-06-03 08:06:01,1,小井路口东,莲花池
57,6,11,2019-06-03 08:06:01,1,小井路口东,达官营
57,6,21,2019-06-03 08:06:01,1,小井路口东,水道子
57,8,8,2019-06-03 08:21:01,1,六里桥东,六里桥东
57,8,9,2019-06-03 08:21:01,1,六里桥东,莲花池
57,8,13,2019-06-03 08:21:01,1,六里桥东,牛街路口东
57,8,12,2019-06-03 08:21:01,1,六里桥东,广安门内
57,8,8,2019-06-03 08:21:01,1,六里桥东,六里桥东
57,8,8,2019-06-03 08:21:01,1,六里桥东,六里桥东
57,8,8,2019-06-03 08:21:01,1,六里桥东,六里桥东
57,8,17,2019-06-03 08:21:01,1,六里桥东,板章路
57,8,17,2019-06-03 08:21:01,1,六里桥东,板章路
57,8,20,2019-06-03 08:21:01,1,六里桥东,桥湾
57,8,19,2019-06-03 08:21:01,1,六里桥东,东城三里河
57,8,20,2019-06-03 08:21:01,1,六里桥东,桥湾
57,9,10,2019-06-03 08:23:01,1,莲花池,湾子
57,9,10,2019-06-03 08:23:01,1,莲花池,湾子
57,9,11,2019-06-03 08:23:01,1,莲花池,达官营
57,9,14,2019-06-03 08:23:01,1,莲花池,菜市口西
57,9,13,2019-06-03 08:23:01,1,莲花池,牛街路口东
57,9,14,2019-06-03 08:23:01,1,莲花池,菜市口西
57,9,19,2019-06-03 08:23:01,1,莲花池,东城三里河
57,9,19,2019-06-03 08:23:01,1,莲花池,东城三里河
57,9,16,2019-06-03 08:23:01,1,莲花池,虎坊桥路口东
57,9,20,2019-06-03 08:23:01,1,莲花池,桥湾
57,9,20,2019-06-03 08:23:01,1,莲花池,桥湾
57,9,22,2019-06-03 08:23:01,1,莲花池,磁器口西
57,9,11,2019-06-03 08:24:01,1,莲花池,达官营
57,9,14,2019-06-03 08:24:01,1,莲花池,菜市口西
57,10,12,2019-06-03 08:25:01,1,湾子,广安门内
57,10,11,2019-06-03 08:25:01,1,湾子,达官营
57,10,10,2019-06-03 08:25:01,1,湾子,湾子
57,10,11,2019-06-03 08:25:01,1,湾子,达官营
57,10,10,2019-06-03 08:25:01,1,湾子,湾子
57,10,10,2019-06-03 08:25:01,1,湾子,湾子
57,10,14,2019-06-03 08:25:01,1,湾子,菜市口西
57,10,10,2019-06-03 08:25:01,1,湾子,湾子
57,10,15,2019-06-03 08:25:01,1,湾子,虎坊桥路口西
57,10,10,2019-06-03 08:25:01,1,湾子,湾子
57,10,16,2019-06-03 08:25:01,1,湾子,虎坊桥路口东
57,10,16,2019-06-03 08:25:01,1,湾子,虎坊桥路口东
57,10,18,2019-06-03 08:25:01,1,湾子,过街楼
57,10,21,2019-06-03 08:25:01,1,湾子,水道子
57,10,20,2019-06-03 08:25:01,1,湾子,桥湾
57,11,19,2019-06-03 08:27:01,1,达官营,东城三里河
57,12,14,2019-06-03 08:28:01,1,广安门内,菜市口西
57,12,14,2019-06-03 08:28:01,1,广安门内,菜市口西
57,12,19,2019-06-03 08:28:01,1,广安门内,东城三里河
57,12,17,2019-06-03 08:32:01,1,广安门内,板章路
57,12,17,2019-06-03 08:32:01,1,广安门内,板章路
57,12,14,2019-06-03 08:33:01,1,广安门内,菜市口西
57,12,15,2019-06-03 08:33:01,1,广安门内,虎坊桥路口西
57,12,20,2019-06-03 08:33:01,1,广安门内,桥湾
57,13,22,2019-06-03 08:35:01,1,牛街路口东,磁器口西
57,13,22,2019-06-03 08:35:01,1,牛街路口东,磁器口西
57,13,14,2019-06-03 08:36:01,1,牛街路口东,菜市口西
57,14,17,2019-06-03 08:38:01,1,菜市口西,板章路
57,15,15,2019-06-03 08:39:01,1,虎坊桥路口西,虎坊桥路口西
57,15,19,2019-06-03 08:40:01,1,虎坊桥路口西,东城三里河
57,15,21,2019-06-03 08:40:01,1,虎坊桥路口西,水道子
57,15,15,2019-06-03 08:40:01,1,虎坊桥路口西,虎坊桥路口西
57,18,21,2019-06-03 08:49:01,1,过街楼,水道子
57,19,19,2019-06-03 08:52:01,1,东城三里河,东城三里河
57,19,22,2019-06-03 08:52:01,1,东城三里河,磁器口西
57,21,22,2019-06-03 08:57:01,1,水道子,磁器口西
57,1,16,2019-06-03 08:50:01,1,靛厂新村,虎坊桥路口东
57,1,2,2019-06-03 08:50:01,1,靛厂新村,岳各庄东路北口
57,1,12,2019-06-03 08:50:01,1,靛厂新村,广安门内
57,1,9,2019-06-03 08:50:01,1,靛厂新村,莲花池
57,1,6,2019-06-03 08:50:01,1,靛厂新村,小井路口东
57,1,6,2019-06-03 08:50:01,1,靛厂新村,小井路口东
57,2,2,2019-06-03 08:51:01,1,岳各庄东路北口,岳各庄东路北口
57,3,15,2019-06-03 08:52:01,1,靛厂村南站,虎坊桥路口西
57,2,3,2019-06-03 08:52:01,1,岳各庄东路北口,靛厂村南站
57,3,8,2019-06-03 08:52:01,1,靛厂村南站,六里桥东
57,3,8,2019-06-03 08:52:01,1,靛厂村南站,六里桥东
57,3,17,2019-06-03 08:54:01,1,靛厂村南站,板章路
57,3,16,2019-06-03 08:54:01,1,靛厂村南站,虎坊桥路口东
57,3,17,2019-06-03 08:54:01,1,靛厂村南站,板章路
57,3,4,2019-06-03 08:54:01,1,靛厂村南站,水衙沟路东口
57,3,4,2019-06-03 08:54:01,1,靛厂村南站,水衙沟路东口
57,3,14,2019-06-03 08:54:01,1,靛厂村南站,菜市口西
57,3,10,2019-06-03 08:54:01,1,靛厂村南站,湾子
57,4,16,2019-06-03 08:55:01,1,水衙沟路东口,虎坊桥路口东
57,4,10,2019-06-03 08:55:01,1,水衙沟路东口,湾子
57,4,13,2019-06-03 08:55:01,1,水衙沟路东口,牛街路口东
57,4,4,2019-06-03 08:55:01,1,水衙沟路东口,水衙沟路东口
57,4,17,2019-06-03 08:56:01,1,水衙沟路东口,板章路
57,4,12,2019-06-03 08:56:01,1,水衙沟路东口,广安门内
57,5,33,2019-06-03 08:58:01,1,白塔村,郎家园
57,5,15,2019-06-03 08:58:01,1,白塔村,虎坊桥路口西
57,5,9,2019-06-03 08:58:01,1,白塔村,莲花池
57,5,29,2019-06-03 08:58:01,1,白塔村,双井桥北
57,6,33,2019-06-03 09:01:01,1,小井路口东,郎家园
57,6,18,2019-06-03 09:01:01,1,小井路口东,过街楼
57,8,22,2019-06-03 09:04:01,1,六里桥东,磁器口西
57,8,22,2019-06-03 09:04:01,1,六里桥东,磁器口西
57,8,20,2019-06-03 09:04:01,1,六里桥东,桥湾
57,8,17,2019-06-03 09:04:01,1,六里桥东,板章路
57,8,22,2019-06-03 09:04:01,1,六里桥东,磁器口西
57,8,17,2019-06-03 09:04:01,1,六里桥东,板章路
57,8,22,2019-06-03 09:04:01,1,六里桥东,磁器口西
57,8,19,2019-06-03 09:04:01,1,六里桥东,东城三里河
57,8,11,2019-06-03 09:04:01,1,六里桥东,达官营
57,8,13,2019-06-03 09:04:01,1,六里桥东,牛街路口东
57,8,13,2019-06-03 09:04:01,1,六里桥东,牛街路口东
57,8,12,2019-06-03 09:04:01,1,六里桥东,广安门内
57,8,11,2019-06-03 09:04:01,1,六里桥东,达官营
57,8,28,2019-06-03 09:04:01,1,六里桥东,垂杨柳
57,8,24,2019-06-03 09:04:01,1,六里桥东,培新街
57,8,25,2019-06-03 09:04:01,1,六里桥东,安化楼
57,9,22,2019-06-03 09:11:01,1,莲花池,磁器口西
57,8,17,2019-06-03 09:11:01,1,六里桥东,板章路
57,9,16,2019-06-03 09:11:01,1,莲花池,虎坊桥路口东
57,8,17,2019-06-03 09:11:01,1,六里桥东,板章路
57,9,13,2019-06-03 09:11:01,1,莲花池,牛街路口东
57,9,12,2019-06-03 09:11:01,1,莲花池,广安门内
57,9,13,2019-06-03 09:11:01,1,莲花池,牛街路口东
57,9,14,2019-06-03 09:11:01,1,莲花池,菜市口西
57,9,29,2019-06-03 09:11:01,1,莲花池,双井桥北
57,9,16,2019-06-03 09:13:01,1,莲花池,虎坊桥路口东
57,10,12,2019-06-03 09:13:01,1,湾子,广安门内
57,10,12,2019-06-03 09:13:01,1,湾子,广安门内
57,9,10,2019-06-03 09:13:01,1,莲花池,湾子
57,9,26,2019-06-03 09:13:01,1,莲花池,广渠门内
57,10,31,2019-06-03 09:15:01,1,湾子,大北窑南
57,10,18,2019-06-03 09:15:01,1,湾子,过街楼
57,10,11,2019-06-03 09:15:01,1,湾子,达官营
57,11,11,2019-06-03 09:15:01,1,达官营,达官营
57,10,12,2019-06-03 09:15:01,1,湾子,广安门内
57,11,11,2019-06-03 09:16:01,1,达官营,达官营
57,11,15,2019-06-03 09:18:01,1,达官营,虎坊桥路口西
57,11,22,2019-06-03 09:18:01,1,达官营,磁器口西
57,11,15,2019-06-03 09:18:01,1,达官营,虎坊桥路口西
57,12,15,2019-06-03 09:18:01,1,广安门内,虎坊桥路口西
57,11,13,2019-06-03 09:18:01,1,达官营,牛街路口东
57,11,26,2019-06-03 09:18:01,1,达官营,广渠门内
57,12,21,2019-06-03 09:19:01,1,广安门内,水道子
57,12,12,2019-06-03 09:19:01,1,广安门内,广安门内
57,12,29,2019-06-03 09:19:01,1,广安门内,双井桥北
57,12,29,2019-06-03 09:19:01,1,广安门内,双井桥北
57,13,30,2019-06-03 09:22:01,1,牛街路口东,双花园
57,13,23,2019-06-03 09:22:01,1,牛街路口东,榄杆市
57,13,15,2019-06-03 09:22:01,1,牛街路口东,虎坊桥路口西
57,13,14,2019-06-03 09:22:01,1,牛街路口东,菜市口西
57,15,16,2019-06-03 09:24:01,1,虎坊桥路口西,虎坊桥路口东
57,14,23,2019-06-03 09:24:01,1,菜市口西,榄杆市
57,15,21,2019-06-03 09:25:01,1,虎坊桥路口西,水道子
57,16,33,2019-06-03 09:28:01,1,虎坊桥路口东,郎家园
57,1,5,2019-06-03 08:24:01,1,靛厂新村,白塔村
57,1,7,2019-06-03 08:24:01,1,靛厂新村,六里桥西
57,1,7,2019-06-03 08:24:01,1,靛厂新村,六里桥西
57,1,8,2019-06-03 08:24:01,1,靛厂新村,六里桥东
57,1,8,2019-06-03 08:24:01,1,靛厂新村,六里桥东
57,1,8,2019-06-03 08:24:01,1,靛厂新村,六里桥东
57,1,8,2019-06-03 08:24:01,1,靛厂新村,六里桥东
57,1,8,2019-06-03 08:24:01,1,靛厂新村,六里桥东
57,3,3,2019-06-03 08:26:01,1,靛厂村南站,靛厂村南站
57,3,5,2019-06-03 08:27:01,1,靛厂村南站,白塔村
57,3,8,2019-06-03 08:27:01,1,靛厂村南站,六里桥东
57,3,8,2019-06-03 08:27:01,1,靛厂村南站,六里桥东
57,3,8,2019-06-03 08:27:01,1,靛厂村南站,六里桥东
57,3,8,2019-06-03 08:27:01,1,靛厂村南站,六里桥东
57,3,8,2019-06-03 08:27:01,1,靛厂村南站,六里桥东
57,3,8,2019-06-03 08:27:01,1,靛厂村南站,六里桥东
57,3,8,2019-06-03 08:28:01,1,靛厂村南站,六里桥东
57,3,8,2019-06-03 08:28:01,1,靛厂村南站,六里桥东
57,4,8,2019-06-03 08:29:01,1,水衙沟路东口,六里桥东
57,6,8,2019-06-03 08:36:01,1,小井路口东,六里桥东
57,6,8,2019-06-03 08:36:01,1,小井路口东,六里桥东
57,7,7,2019-06-03 08:39:01,1,六里桥西,六里桥西
57,9,21,2019-06-03 09:12:01,1,莲花池,水道子
57,9,13,2019-06-03 09:12:01,1,莲花池,牛街路口东
57,9,13,2019-06-03 09:12:01,1,莲花池,牛街路口东
57,11,16,2019-06-03 09:16:01,1,达官营,虎坊桥路口东
57,11,13,2019-06-03 09:16:01,1,达官营,牛街路口东
57,11,12,2019-06-03 09:16:01,1,达官营,广安门内
57,11,23,2019-06-03 09:16:01,1,达官营,榄杆市
57,12,23,2019-06-03 09:19:01,1,广安门内,榄杆市
57,13,16,2019-06-03 09:22:01,1,牛街路口东,虎坊桥路口东
57,13,13,2019-06-03 09:22:01,1,牛街路口东,牛街路口东
57,13,15,2019-06-03 09:22:01,1,牛街路口东,虎坊桥路口西
57,13,16,2019-06-03 09:22:01,1,牛街路口东,虎坊桥路口东
57,13,21,2019-06-03 09:22:01,1,牛街路口东,水道子
57,13,24,2019-06-03 09:22:01,1,牛街路口东,培新街
57,14,22,2019-06-03 09:25:01,1,菜市口西,磁器口西
57,14,15,2019-06-03 09:25:01,1,菜市口西,虎坊桥路口西
57,1,4,2019-06-03 06:52:01,1,靛厂新村,水衙沟路东口
57,1,12,2019-06-03 06:52:01,1,靛厂新村,广安门内
57,1,12,2019-06-03 06:52:01,1,靛厂新村,广安门内
57,1,12,2019-06-03 06:52:01,1,靛厂新村,广安门内
57,1,13,2019-06-03 06:52:01,1,靛厂新村,牛街路口东
57,1,12,2019-06-03 06:52:01,1,靛厂新村,广安门内
57,1,14,2019-06-03 06:52:01,1,靛厂新村,菜市口西
57,1,1,2019-06-03 06:53:01,1,靛厂新村,靛厂新村
57,1,6,2019-06-03 06:53:01,1,靛厂新村,小井路口东
57,1,12,2019-06-03 06:53:01,1,靛厂新村,广安门内
57,1,13,2019-06-03 06:53:01,1,靛厂新村,牛街路口东
57,1,12,2019-06-03 06:53:01,1,靛厂新村,广安门内
57,1,12,2019-06-03 06:53:01,1,靛厂新村,广安门内
57,1,28,2019-06-03 06:53:01,1,靛厂新村,垂杨柳
57,1,8,2019-06-03 06:53:01,1,靛厂新村,六里桥东
57,1,8,2019-06-03 06:53:01,1,靛厂新村,六里桥东
57,1,8,2019-06-03 06:53:01,1,靛厂新村,六里桥东
57,3,3,2019-06-03 06:54:01,1,靛厂村南站,靛厂村南站
57,2,3,2019-06-03 06:54:01,1,岳各庄东路北口,靛厂村南站
57,2,3,2019-06-03 06:54:01,1,岳各庄东路北口,靛厂村南站
57,2,4,2019-06-03 06:54:01,1,岳各庄东路北口,水衙沟路东口
57,2,12,2019-06-03 06:54:01,1,岳各庄东路北口,广安门内
57,2,11,2019-06-03 06:54:01,1,岳各庄东路北口,达官营
57,2,13,2019-06-03 06:54:01,1,岳各庄东路北口,牛街路口东
57,2,6,2019-06-03 06:54:01,1,岳各庄东路北口,小井路口东
57,2,6,2019-06-03 06:54:01,1,岳各庄东路北口,小井路口东
57,2,7,2019-06-03 06:54:01,1,岳各庄东路北口,六里桥西
57,2,7,2019-06-03 06:54:01,1,岳各庄东路北口,六里桥西
57,2,8,2019-06-03 06:54:01,1,岳各庄东路北口,六里桥东
57,2,15,2019-06-03 06:54:01,1,岳各庄东路北口,虎坊桥路口西
57,2,7,2019-06-03 06:54:01,1,岳各庄东路北口,六里桥西
57,3,10,2019-06-03 06:56:01,1,靛厂村南站,湾子
57,3,12,2019-06-03 06:56:01,1,靛厂村南站,广安门内
57,3,10,2019-06-03 06:56:01,1,靛厂村南站,湾子
57,3,14,2019-06-03 06:56:01,1,靛厂村南站,菜市口西
57,3,8,2019-06-03 06:56:01,1,靛厂村南站,六里桥东
57,4,12,2019-06-03 06:57:01,1,水衙沟路东口,广安门内
57,4,12,2019-06-03 06:57:01,1,水衙沟路东口,广安门内
57,4,10,2019-06-03 06:57:01,1,水衙沟路东口,湾子
57,4,11,2019-06-03 06:57:01,1,水衙沟路东口,达官营
57,4,31,2019-06-03 06:57:01,1,水衙沟路东口,大北窑南
57,4,7,2019-06-03 06:57:01,1,水衙沟路东口,六里桥西
57,4,15,2019-06-03 06:57:01,1,水衙沟路东口,虎坊桥路口西
57,4,15,2019-06-03 06:57:01,1,水衙沟路东口,虎坊桥路口西
57,4,8,2019-06-03 06:57:01,1,水衙沟路东口,六里桥东
57,4,20,2019-06-03 06:57:01,1,水衙沟路东口,桥湾
57,6,30,2019-06-03 07:05:01,1,小井路口东,双花园
57,6,7,2019-06-03 07:05:01,1,小井路口东,六里桥西
57,7,10,2019-06-03 07:07:01,1,六里桥西,湾子
57,7,11,2019-06-03 07:07:01,1,六里桥西,达官营
57,7,12,2019-06-03 07:07:01,1,六里桥西,广安门内
57,7,15,2019-06-03 07:07:01,1,六里桥西,虎坊桥路口西
57,8,12,2019-06-03 07:13:01,1,六里桥东,广安门内
57,8,10,2019-06-03 07:13:01,1,六里桥东,湾子
57,8,12,2019-06-03 07:13:01,1,六里桥东,广安门内
57,8,10,2019-06-03 07:13:01,1,六里桥东,湾子
57,8,28,2019-06-03 07:13:01,1,六里桥东,垂杨柳
57,8,27,2019-06-03 07:13:01,1,六里桥东,马圈
57,8,27,2019-06-03 07:13:01,1,六里桥东,马圈
57,8,28,2019-06-03 07:13:01,1,六里桥东,垂杨柳
57,8,33,2019-06-03 07:13:01,1,六里桥东,郎家园
57,8,8,2019-06-03 07:13:01,1,六里桥东,六里桥东
57,8,15,2019-06-03 07:13:01,1,六里桥东,虎坊桥路口西
57,8,15,2019-06-03 07:13:01,1,六里桥东,虎坊桥路口西
57,8,17,2019-06-03 07:13:01,1,六里桥东,板章路
57,8,8,2019-06-03 07:13:01,1,六里桥东,六里桥东
57,8,16,2019-06-03 07:13:01,1,六里桥东,虎坊桥路口东
57,8,16,2019-06-03 07:13:01,1,六里桥东,虎坊桥路口东
57,8,16,2019-06-03 07:13:01,1,六里桥东,虎坊桥路口东
57,8,23,2019-06-03 07:13:01,1,六里桥东,榄杆市
57,8,24,2019-06-03 07:13:01,1,六里桥东,培新街
57,8,24,2019-06-03 07:13:01,1,六里桥东,培新街
57,8,24,2019-06-03 07:13:01,1,六里桥东,培新街
57,8,10,2019-06-03 07:14:01,1,六里桥东,湾子
57,8,12,2019-06-03 07:14:01,1,六里桥东,广安门内
57,8,12,2019-06-03 07:14:01,1,六里桥东,广安门内
57,8,12,2019-06-03 07:14:01,1,六里桥东,广安门内
57,8,11,2019-06-03 07:14:01,1,六里桥东,达官营
57,8,12,2019-06-03 07:14:01,1,六里桥东,广安门内
57,8,27,2019-06-03 07:14:01,1,六里桥东,马圈
57,8,25,2019-06-03 07:14:01,1,六里桥东,安化楼
57,8,26,2019-06-03 07:14:01,1,六里桥东,广渠门内
57,8,26,2019-06-03 07:14:01,1,六里桥东,广渠门内
57,8,30,2019-06-03 07:14:01,1,六里桥东,双花园
57,8,30,2019-06-03 07:14:01,1,六里桥东,双花园
57,8,8,2019-06-03 07:14:01,1,六里桥东,六里桥东
57,8,16,2019-06-03 07:14:01,1,六里桥东,虎坊桥路口东
57,9,11,2019-06-03 07:21:01,1,莲花池,达官营
57,9,11,2019-06-03 07:22:01,1,莲花池,达官营
57,9,14,2019-06-03 07:22:01,1,莲花池,菜市口西
57,9,11,2019-06-03 07:22:01,1,莲花池,达官营
57,9,10,2019-06-03 07:22:01,1,莲花池,湾子
57,9,12,2019-06-03 07:22:01,1,莲花池,广安门内
57,9,12,2019-06-03 07:22:01,1,莲花池,广安门内
57,9,25,2019-06-03 07:22:01,1,莲花池,安化楼
57,10,26,2019-06-03 07:25:01,1,湾子,广渠门内
57,10,28,2019-06-03 07:25:01,1,湾子,垂杨柳
57,10,29,2019-06-03 07:25:01,1,湾子,双井桥北
57,10,12,2019-06-03 07:26:01,1,湾子,广安门内
57,10,12,2019-06-03 07:26:01,1,湾子,广安门内
57,10,12,2019-06-03 07:26:01,1,湾子,广安门内
57,10,32,2019-06-03 07:26:01,1,湾子,大北窑东
57,10,14,2019-06-03 07:26:01,1,湾子,菜市口西
57,10,14,2019-06-03 07:26:01,1,湾子,菜市口西
57,10,17,2019-06-03 07:26:01,1,湾子,板章路
57,10,14,2019-06-03 07:26:01,1,湾子,菜市口西
57,10,24,2019-06-03 07:26:01,1,湾子,培新街
57,10,22,2019-06-03 07:26:01,1,湾子,磁器口西
57,10,21,2019-06-03 07:26:01,1,湾子,水道子
57,10,22,2019-06-03 07:26:01,1,湾子,磁器口西
57,10,21,2019-06-03 07:26:01,1,湾子,水道子
57,11,12,2019-06-03 07:27:01,1,达官营,广安门内
57,11,12,2019-06-03 07:27:01,1,达官营,广安门内
57,11,12,2019-06-03 07:27:01,1,达官营,广安门内
57,11,12,2019-06-03 07:27:01,1,达官营,广安门内
57,11,13,2019-06-03 07:27:01,1,达官营,牛街路口东
57,11,14,2019-06-03 07:27:01,1,达官营,菜市口西
57,11,12,2019-06-03 07:27:01,1,达官营,广安门内
57,11,12,2019-06-03 07:27:01,1,达官营,广安门内
57,11,13,2019-06-03 07:27:01,1,达官营,牛街路口东
57,11,28,2019-06-03 07:27:01,1,达官营,垂杨柳
57,11,27,2019-06-03 07:27:01,1,达官营,马圈
57,11,17,2019-06-03 07:27:01,1,达官营,板章路
57,11,15,2019-06-03 07:27:01,1,达官营,虎坊桥路口西
57,11,15,2019-06-03 07:27:01,1,达官营,虎坊桥路口西
57,11,18,2019-06-03 07:27:01,1,达官营,过街楼
57,11,21,2019-06-03 07:27:01,1,达官营,水道子
57,11,21,2019-06-03 07:27:01,1,达官营,水道子
57,11,22,2019-06-03 07:27:01,1,达官营,磁器口西
57,11,13,2019-06-03 07:28:01,1,达官营,牛街路口东
57,11,12,2019-06-03 07:28:01,1,达官营,广安门内
57,11,12,2019-06-03 07:28:01,1,达官营,广安门内
57,11,32,2019-06-03 07:28:01,1,达官营,大北窑东
57,11,24,2019-06-03 07:28:01,1,达官营,培新街
57,13,13,2019-06-03 07:33:01,1,牛街路口东,牛街路口东
57,12,25,2019-06-03 07:33:01,1,广安门内,安化楼
57,12,13,2019-06-03 07:33:01,1,广安门内,牛街路口东
57,12,28,2019-06-03 07:33:01,1,广安门内,垂杨柳
57,12,31,2019-06-03 07:33:01,1,广安门内,大北窑南
57,12,16,2019-06-03 07:33:01,1,广安门内,虎坊桥路口东
57,12,16,2019-06-03 07:33:01,1,广安门内,虎坊桥路口东
57,12,18,2019-06-03 07:33:01,1,广安门内,过街楼
57,12,15,2019-06-03 07:33:01,1,广安门内,虎坊桥路口西
57,12,17,2019-06-03 07:33:01,1,广安门内,板章路
57,12,20,2019-06-03 07:33:01,1,广安门内,桥湾
57,12,21,2019-06-03 07:33:01,1,广安门内,水道子
57,12,20,2019-06-03 07:33:01,1,广安门内,桥湾
57,12,19,2019-06-03 07:33:01,1,广安门内,东城三里河
57,13,29,2019-06-03 07:36:01,1,牛街路口东,双井桥北
57,13,25,2019-06-03 07:36:01,1,牛街路口东,安化楼
57,13,26,2019-06-03 07:36:01,1,牛街路口东,广渠门内
57,13,32,2019-06-03 07:36:01,1,牛街路口东,大北窑东
57,13,18,2019-06-03 07:36:01,1,牛街路口东,过街楼
57,13,22,2019-06-03 07:36:01,1,牛街路口东,磁器口西
57,13,23,2019-06-03 07:36:01,1,牛街路口东,榄杆市
57,14,27,2019-06-03 07:39:01,1,菜市口西,马圈
57,14,28,2019-06-03 07:39:01,1,菜市口西,垂杨柳
57,14,28,2019-06-03 07:39:01,1,菜市口西,垂杨柳
57,14,29,2019-06-03 07:39:01,1,菜市口西,双井桥北
57,14,25,2019-06-03 07:39:01,1,菜市口西,安化楼
57,14,28,2019-06-03 07:39:01,1,菜市口西,垂杨柳
57,14,31,2019-06-03 07:39:01,1,菜市口西,大北窑南
57,14,32,2019-06-03 07:39:01,1,菜市口西,大北窑东
57,14,14,2019-06-03 07:39:01,1,菜市口西,菜市口西
57,14,22,2019-06-03 07:39:01,1,菜市口西,磁器口西
57,14,24,2019-06-03 07:39:01,1,菜市口西,培新街
57,14,19,2019-06-03 07:39:01,1,菜市口西,东城三里河
57,14,21,2019-06-03 07:39:01,1,菜市口西,水道子
57,15,28,2019-06-03 07:41:01,1,虎坊桥路口西,垂杨柳
57,15,31,2019-06-03 07:41:01,1,虎坊桥路口西,大北窑南
57,15,33,2019-06-03 07:41:01,1,虎坊桥路口西,郎家园
57,15,19,2019-06-03 07:41:01,1,虎坊桥路口西,东城三里河
57,15,30,2019-06-03 07:42:01,1,虎坊桥路口西,双花园
57,16,31,2019-06-03 07:43:01,1,虎坊桥路口东,大北窑南
57,16,21,2019-06-03 07:43:01,1,虎坊桥路口东,水道子
57,17,22,2019-06-03 07:43:01,1,板章路,磁器口西
57,17,30,2019-06-03 07:44:01,1,板章路,双花园
57,17,32,2019-06-03 07:44:01,1,板章路,大北窑东
57,17,32,2019-06-03 07:44:01,1,板章路,大北窑东
57,17,32,2019-06-03 07:44:01,1,板章路,大北窑东
57,17,31,2019-06-03 07:44:01,1,板章路,大北窑南
57,17,31,2019-06-03 07:44:01,1,板章路,大北窑南
57,17,30,2019-06-03 07:44:01,1,板章路,双花园
57,17,25,2019-06-03 07:44:01,1,板章路,安化楼
57,18,31,2019-06-03 07:55:01,1,过街楼,大北窑南
57,18,32,2019-06-03 07:55:01,1,过街楼,大北窑东
57,18,31,2019-06-03 07:55:01,1,过街楼,大北窑南
57,18,32,2019-06-03 07:55:01,1,过街楼,大北窑东
57,18,20,2019-06-03 07:55:01,1,过街楼,桥湾
57,19,28,2019-06-03 07:56:01,1,东城三里河,垂杨柳
57,19,24,2019-06-03 07:56:01,1,东城三里河,培新街
57,21,28,2019-06-03 07:59:01,1,水道子,垂杨柳
57,22,25,2019-06-03 07:59:01,1,磁器口西,安化楼
57,22,27,2019-06-03 07:59:01,1,磁器口西,马圈
57,21,26,2019-06-03 07:59:01,1,水道子,广渠门内
57,22,25,2019-06-03 07:59:01,1,磁器口西,安化楼
57,21,24,2019-06-03 07:59:01,1,水道子,培新街
57,21,31,2019-06-03 07:59:01,1,水道子,大北窑南
57,22,32,2019-06-03 07:59:01,1,磁器口西,大北窑东
57,21,33,2019-06-03 07:59:01,1,水道子,郎家园
57,22,33,2019-06-03 07:59:01,1,磁器口西,郎家园
57,22,30,2019-06-03 07:59:01,1,磁器口西,双花园
57,22,24,2019-06-03 07:59:01,1,磁器口西,培新街
57,22,28,2019-06-03 08:00:01,1,磁器口西,垂杨柳
57,22,33,2019-06-03 08:00:01,1,磁器口西,郎家园
57,23,28,2019-06-03 08:01:01,1,榄杆市,垂杨柳
57,23,32,2019-06-03 08:01:01,1,榄杆市,大北窑东
57,23,31,2019-06-03 08:01:01,1,榄杆市,大北窑南
57,23,32,2019-06-03 08:01:01,1,榄杆市,大北窑东
57,23,31,2019-06-03 08:01:01,1,榄杆市,大北窑南
57,23,30,2019-06-03 08:01:01,1,榄杆市,双花园
57,23,32,2019-06-03 08:01:01,1,榄杆市,大北窑东
57,23,30,2019-06-03 08:01:01,1,榄杆市,双花园
57,23,32,2019-06-03 08:01:01,1,榄杆市,大北窑东
57,23,24,2019-06-03 08:01:01,1,榄杆市,培新街
57,24,27,2019-06-03 08:04:01,1,培新街,马圈
57,24,25,2019-06-03 08:04:01,1,培新街,安化楼
57,24,28,2019-06-03 08:04:01,1,培新街,垂杨柳
57,24,30,2019-06-03 08:04:01,1,培新街,双花园
57,24,25,2019-06-03 08:04:01,1,培新街,安化楼
57,24,30,2019-06-03 08:04:01,1,培新街,双花园
57,24,29,2019-06-03 08:04:01,1,培新街,双井桥北
57,24,30,2019-06-03 08:04:01,1,培新街,双花园
57,24,33,2019-06-03 08:04:01,1,培新街,郎家园
57,24,33,2019-06-03 08:04:01,1,培新街,郎家园
57,24,30,2019-06-03 08:04:01,1,培新街,双花园
57,24,33,2019-06-03 08:04:01,1,培新街,郎家园
57,24,31,2019-06-03 08:04:01,1,培新街,大北窑南
57,24,31,2019-06-03 08:04:01,1,培新街,大北窑南
57,24,33,2019-06-03 08:04:01,1,培新街,郎家园
57,24,30,2019-06-03 08:05:01,1,培新街,双花园
57,24,27,2019-06-03 08:05:01,1,培新街,马圈
57,24,28,2019-06-03 08:05:01,1,培新街,垂杨柳
57,24,30,2019-06-03 08:05:01,1,培新街,双花园
57,24,33,2019-06-03 08:05:01,1,培新街,郎家园
57,25,28,2019-06-03 08:06:01,1,安化楼,垂杨柳
57,25,28,2019-06-03 08:06:01,1,安化楼,垂杨柳
57,25,28,2019-06-03 08:06:01,1,安化楼,垂杨柳
57,25,30,2019-06-03 08:06:01,1,安化楼,双花园
57,25,32,2019-06-03 08:06:01,1,安化楼,大北窑东
57,25,30,2019-06-03 08:06:01,1,安化楼,双花园
57,25,30,2019-06-03 08:06:01,1,安化楼,双花园
57,25,28,2019-06-03 08:07:01,1,安化楼,垂杨柳
57,25,27,2019-06-03 08:07:01,1,安化楼,马圈
57,25,30,2019-06-03 08:07:01,1,安化楼,双花园
57,25,29,2019-06-03 08:07:01,1,安化楼,双井桥北
57,25,28,2019-06-03 08:07:01,1,安化楼,垂杨柳
57,25,32,2019-06-03 08:07:01,1,安化楼,大北窑东
57,25,30,2019-06-03 08:07:01,1,安化楼,双花园
57,25,33,2019-06-03 08:07:01,1,安化楼,郎家园
57,25,30,2019-06-03 08:07:01,1,安化楼,双花园
57,25,30,2019-06-03 08:07:01,1,安化楼,双花园
57,25,32,2019-06-03 08:07:01,1,安化楼,大北窑东
57,25,31,2019-06-03 08:07:01,1,安化楼,大北窑南
57,25,30,2019-06-03 08:07:01,1,安化楼,双花园
57,26,28,2019-06-03 08:09:01,1,广渠门内,垂杨柳
57,27,33,2019-06-03 08:09:01,1,马圈,郎家园
57,27,32,2019-06-03 08:12:01,1,马圈,大北窑东
57,28,30,2019-06-03 08:24:01,1,垂杨柳,双花园
57,28,29,2019-06-03 08:24:01,1,垂杨柳,双井桥北
57,28,30,2019-06-03 08:24:01,1,垂杨柳,双花园
57,28,32,2019-06-03 08:24:01,1,垂杨柳,大北窑东
57,28,31,2019-06-03 08:24:01,1,垂杨柳,大北窑南
57,28,31,2019-06-03 08:24:01,1,垂杨柳,大北窑南
57,28,31,2019-06-03 08:24:01,1,垂杨柳,大北窑南
57,28,31,2019-06-03 08:24:01,1,垂杨柳,大北窑南
57,28,32,2019-06-03 08:24:01,1,垂杨柳,大北窑东
57,28,31,2019-06-03 08:24:01,1,垂杨柳,大北窑南
57,28,33,2019-06-03 08:24:01,1,垂杨柳,郎家园
57,28,32,2019-06-03 08:24:01,1,垂杨柳,大北窑东
57,28,32,2019-06-03 08:24:01,1,垂杨柳,大北窑东
57,28,31,2019-06-03 08:24:01,1,垂杨柳,大北窑南
57,28,33,2019-06-03 08:24:01,1,垂杨柳,郎家园
57,28,31,2019-06-03 08:24:01,1,垂杨柳,大北窑南
57,28,32,2019-06-03 08:24:01,1,垂杨柳,大北窑东
57,28,32,2019-06-03 08:24:01,1,垂杨柳,大北窑东
57,28,32,2019-06-03 08:24:01,1,垂杨柳,大北窑东
57,29,33,2019-06-03 08:25:01,1,双井桥北,郎家园
57,29,32,2019-06-03 08:26:01,1,双井桥北,大北窑东
57,29,32,2019-06-03 08:26:01,1,双井桥北,大北窑东
57,29,33,2019-06-03 08:26:01,1,双井桥北,郎家园
57,29,32,2019-06-03 08:26:01,1,双井桥北,大北窑东
57,29,32,2019-06-03 08:26:01,1,双井桥北,大北窑东
57,29,33,2019-06-03 08:26:01,1,双井桥北,郎家园
57,30,33,2019-06-03 08:26:01,1,双花园,郎家园
57,29,31,2019-06-03 08:26:01,1,双井桥北,大北窑南
57,30,32,2019-06-03 08:31:01,1,双花园,大北窑东
57,30,31,2019-06-03 08:31:01,1,双花园,大北窑南
57,30,32,2019-06-03 08:31:01,1,双花园,大北窑东
57,30,32,2019-06-03 08:31:01,1,双花园,大北窑东
57,30,33,2019-06-03 08:31:01,1,双花园,郎家园
57,30,32,2019-06-03 08:31:01,1,双花园,大北窑东
57,30,32,2019-06-03 08:31:01,1,双花园,大北窑东
57,30,32,2019-06-03 08:31:01,1,双花园,大北窑东
57,30,33,2019-06-03 08:31:01,1,双花园,郎家园
57,30,31,2019-06-03 08:31:01,1,双花园,大北窑南
57,31,33,2019-06-03 08:33:01,1,大北窑南,郎家园
57,31,33,2019-06-03 08:34:01,1,大北窑南,郎家园
57,31,33,2019-06-03 08:34:01,1,大北窑南,郎家园
57,31,32,2019-06-03 08:34:01,1,大北窑南,大北窑东
57,31,33,2019-06-03 08:34:01,1,大北窑南,郎家园
57,31,33,2019-06-03 08:34:01,1,大北窑南,郎家园
57,31,32,2019-06-03 08:34:01,1,大北窑南,大北窑东
57,31,32,2019-06-03 08:34:01,1,大北窑南,大北窑东
57,31,33,2019-06-03 08:34:01,1,大北窑南,郎家园
57,31,33,2019-06-03 08:34:01,1,大北窑南,郎家园
57,31,33,2019-06-03 08:34:01,1,大北窑南,郎家园
57,31,33,2019-06-03 08:34:01,1,大北窑南,郎家园
57,32,33,2019-06-03 08:35:01,1,大北窑东,郎家园
57,32,33,2019-06-03 08:35:01,1,大北窑东,郎家园
57,32,33,2019-06-03 08:35:01,1,大北窑东,郎家园
57,32,33,2019-06-03 08:35:01,1,大北窑东,郎家园
57,32,33,2019-06-03 08:35:01,1,大北窑东,郎家园
57,32,33,2019-06-03 08:35:01,1,大北窑东,郎家园
57,32,33,2019-06-03 08:35:01,1,大北窑东,郎家园
57,32,33,2019-06-03 08:35:01,1,大北窑东,郎家园
57,32,33,2019-06-03 08:35:01,1,大北窑东,郎家园
57,32,33,2019-06-03 08:35:01,1,大北窑东,郎家园
57,32,33,2019-06-03 08:35:01,1,大北窑东,郎家园
57,32,33,2019-06-03 08:35:01,1,大北窑东,郎家园
57,32,33,2019-06-03 08:35:01,1,大北窑东,郎家园
57,32,33,2019-06-03 08:35:01,1,大北窑东,郎家园
57,32,32,2019-06-03 08:35:01,1,大北窑东,大北窑东
57,1,34,2019-06-03 06:40:01,1,靛厂新村,四惠枢纽站
57,1,34,2019-06-03 06:54:01,1,靛厂新村,四惠枢纽站
57,34,1,2019-06-03 06:54:01,1,四惠枢纽站,靛厂新村
57,1,34,2019-06-03 06:54:01,1,靛厂新村,四惠枢纽站
57,1,1,2019-06-03 06:54:01,1,靛厂新村,靛厂新村
57,1,1,2019-06-03 06:55:01,1,靛厂新村,靛厂新村
57,34,1,2019-06-03 06:58:01,1,四惠枢纽站,靛厂新村
57,1,1,2019-06-03 06:58:01,1,靛厂新村,靛厂新村
57,34,34,2019-06-03 06:58:01,1,四惠枢纽站,四惠枢纽站
57,34,34,2019-06-03 06:58:01,1,四惠枢纽站,四惠枢纽站
57,1,1,2019-06-03 07:01:01,1,靛厂新村,靛厂新村
57,1,1,2019-06-03 07:01:01,1,靛厂新村,靛厂新村
57,1,1,2019-06-03 07:01:01,1,靛厂新村,靛厂新村
57,1,1,2019-06-03 07:01:01,1,靛厂新村,靛厂新村
57,34,34,2019-06-03 07:01:01,1,四惠枢纽站,四惠枢纽站
57,1,34,2019-06-03 07:01:01,1,靛厂新村,四惠枢纽站
57,34,34,2019-06-03 07:01:01,1,四惠枢纽站,四惠枢纽站
57,34,34,2019-06-03 07:01:01,1,四惠枢纽站,四惠枢纽站
57,34,34,2019-06-03 07:01:01,1,四惠枢纽站,四惠枢纽站
57,1,1,2019-06-03 07:03:01,1,靛厂新村,靛厂新村
57,1,1,2019-06-03 07:03:01,1,靛厂新村,靛厂新村
57,1,1,2019-06-03 07:03:01,1,靛厂新村,靛厂新村
57,34,1,2019-06-03 07:03:01,1,四惠枢纽站,靛厂新村
57,1,34,2019-06-03 07:03:01,1,靛厂新村,四惠枢纽站
57,34,34,2019-06-03 07:03:01,1,四惠枢纽站,四惠枢纽站
57,1,1,2019-06-03 07:11:01,1,靛厂新村,靛厂新村
57,34,34,2019-06-03 07:11:01,1,四惠枢纽站,四惠枢纽站
57,34,34,2019-06-03 07:16:01,1,四惠枢纽站,四惠枢纽站
57,1,1,2019-06-03 07:17:01,1,靛厂新村,靛厂新村
57,1,1,2019-06-03 07:37:01,1,靛厂新村,靛厂新村
57,1,7,2019-06-03 07:37:01,1,靛厂新村,六里桥西
57,1,10,2019-06-03 07:37:01,1,靛厂新村,湾子
57,2,9,2019-06-03 07:42:01,1,岳各庄东路北口,莲花池
57,2,7,2019-06-03 07:42:01,1,岳各庄东路北口,六里桥西
57,2,9,2019-06-03 07:42:01,1,岳各庄东路北口,莲花池
57,2,10,2019-06-03 07:42:01,1,岳各庄东路北口,湾子
57,2,2,2019-06-03 07:43:01,1,岳各庄东路北口,岳各庄东路北口
57,2,7,2019-06-03 07:45:01,1,岳各庄东路北口,六里桥西
57,3,5,2019-06-03 07:45:01,1,靛厂村南站,白塔村
57,2,9,2019-06-03 07:45:01,1,岳各庄东路北口,莲花池
57,3,10,2019-06-03 07:45:01,1,靛厂村南站,湾子
57,3,3,2019-06-03 07:45:01,1,靛厂村南站,靛厂村南站
57,3,3,2019-06-03 07:45:01,1,靛厂村南站,靛厂村南站
57,3,10,2019-06-03 07:45:01,1,靛厂村南站,湾子
57,3,10,2019-06-03 07:48:01,1,靛厂村南站,湾子
57,3,7,2019-06-03 07:50:01,1,靛厂村南站,六里桥西
57,3,7,2019-06-03 07:50:01,1,靛厂村南站,六里桥西
57,3,8,2019-06-03 07:50:01,1,靛厂村南站,六里桥东
57,3,7,2019-06-03 07:50:01,1,靛厂村南站,六里桥西
57,3,10,2019-06-03 07:50:01,1,靛厂村南站,湾子
57,4,9,2019-06-03 08:09:01,1,水衙沟路东口,莲花池
57,4,10,2019-06-03 08:09:01,1,水衙沟路东口,湾子
57,5,8,2019-06-03 08:10:01,1,白塔村,六里桥东
57,5,8,2019-06-03 08:10:01,1,白塔村,六里桥东
57,5,8,2019-06-03 08:10:01,1,白塔村,六里桥东
57,5,5,2019-06-03 08:10:01,1,白塔村,白塔村
57,5,8,2019-06-03 08:10:01,1,白塔村,六里桥东
57,5,8,2019-06-03 08:10:01,1,白塔村,六里桥东
57,5,8,2019-06-03 08:10:01,1,白塔村,六里桥东
57,5,8,2019-06-03 08:10:01,1,白塔村,六里桥东
57,5,8,2019-06-03 08:10:01,1,白塔村,六里桥东
57,7,9,2019-06-03 08:12:01,1,六里桥西,莲花池
57,6,9,2019-06-03 08:12:01,1,小井路口东,莲花池
57,7,9,2019-06-03 08:12:01,1,六里桥西,莲花池
57,7,7,2019-06-03 08:12:01,1,六里桥西,六里桥西
57,7,7,2019-06-03 08:12:01,1,六里桥西,六里桥西
57,7,9,2019-06-03 08:12:01,1,六里桥西,莲花池
57,7,9,2019-06-03 08:13:01,1,六里桥西,莲花池
57,7,8,2019-06-03 08:13:01,1,六里桥西,六里桥东
57,7,9,2019-06-03 08:13:01,1,六里桥西,莲花池
57,7,8,2019-06-03 08:16:01,1,六里桥西,六里桥东
57,7,8,2019-06-03 08:16:01,1,六里桥西,六里桥东
57,7,8,2019-06-03 08:16:01,1,六里桥西,六里桥东
57,7,9,2019-06-03 08:16:01,1,六里桥西,莲花池
57,7,7,2019-06-03 08:16:01,1,六里桥西,六里桥西
57,7,10,2019-06-03 08:16:01,1,六里桥西,湾子
57,8,8,2019-06-03 08:19:01,1,六里桥东,六里桥东
57,8,9,2019-06-03 08:19:01,1,六里桥东,莲花池
57,8,10,2019-06-03 08:19:01,1,六里桥东,湾子
57,8,9,2019-06-03 08:20:01,1,六里桥东,莲花池
57,8,9,2019-06-03 08:20:01,1,六里桥东,莲花池
57,8,8,2019-06-03 08:20:01,1,六里桥东,六里桥东
57,8,9,2019-06-03 08:20:01,1,六里桥东,莲花池
57,8,9,2019-06-03 08:20:01,1,六里桥东,莲花池
57,8,9,2019-06-03 08:20:01,1,六里桥东,莲花池
57,8,9,2019-06-03 08:20:01,1,六里桥东,莲花池
57,9,9,2019-06-03 08:21:01,1,莲花池,莲花池
57,9,9,2019-06-03 08:21:01,1,莲花池,莲花池
57,9,9,2019-06-03 08:21:01,1,莲花池,莲花池
57,9,10,2019-06-03 08:21:01,1,莲花池,湾子
57,9,10,2019-06-03 08:21:01,1,莲花池,湾子
57,9,9,2019-06-03 08:21:01,1,莲花池,莲花池
57,9,10,2019-06-03 08:21:01,1,莲花池,湾子
57,9,9,2019-06-03 08:21:01,1,莲花池,莲花池
57,9,10,2019-06-03 08:21:01,1,莲花池,湾子
57,9,10,2019-06-03 08:21:01,1,莲花池,湾子
57,9,10,2019-06-03 08:21:01,1,莲花池,湾子
57,9,10,2019-06-03 08:21:01,1,莲花池,湾子
57,9,10,2019-06-03 08:21:01,1,莲花池,湾子
57,9,10,2019-06-03 08:21:01,1,莲花池,湾子
57,9,10,2019-06-03 08:21:01,1,莲花池,湾子
57,9,10,2019-06-03 08:21:01,1,莲花池,湾子
57,9,10,2019-06-03 08:21:01,1,莲花池,湾子
57,9,9,2019-06-03 08:26:01,1,莲花池,莲花池
57,9,9,2019-06-03 08:26:01,1,莲花池,莲花池
57,9,9,2019-06-03 08:26:01,1,莲花池,莲花池
57,9,9,2019-06-03 08:26:01,1,莲花池,莲花池
57,9,9,2019-06-03 08:26:01,1,莲花池,莲花池
57,9,10,2019-06-03 08:26:01,1,莲花池,湾子
57,9,10,2019-06-03 08:26:01,1,莲花池,湾子
57,9,10,2019-06-03 08:26:01,1,莲花池,湾子
57,9,9,2019-06-03 08:26:01,1,莲花池,莲花池
57,9,10,2019-06-03 08:26:01,1,莲花池,湾子
57,9,10,2019-06-03 08:26:01,1,莲花池,湾子
57,9,10,2019-06-03 08:26:01,1,莲花池,湾子
57,9,10,2019-06-03 08:26:01,1,莲花池,湾子
57,9,10,2019-06-03 08:26:01,1,莲花池,湾子
57,9,10,2019-06-03 08:28:01,1,莲花池,湾子
57,9,9,2019-06-03 08:28:01,1,莲花池,莲花池
57,9,10,2019-06-03 08:28:01,1,莲花池,湾子
57,9,10,2019-06-03 08:28:01,1,莲花池,湾子
57,9,10,2019-06-03 08:28:01,1,莲花池,湾子
57,9,10,2019-06-03 08:28:01,1,莲花池,湾子
57,9,10,2019-06-03 08:29:01,1,莲花池,湾子
57,10,10,2019-06-03 08:49:01,1,湾子,湾子
57,10,10,2019-06-03 08:56:01,1,湾子,湾子
57,10,10,2019-06-03 08:56:01,1,湾子,湾子
57,10,10,2019-06-03 08:57:01,1,湾子,湾子
57,10,10,2019-06-03 08:57:01,1,湾子,湾子
57,10,10,2019-06-03 08:57:01,1,湾子,湾子
57,10,10,2019-06-03 08:58:01,1,湾子,湾子
57,10,10,2019-06-03 08:58:01,1,湾子,湾子
57,1,9,2019-06-03 07:41:01,1,靛厂新村,莲花池
57,1,11,2019-06-03 07:41:01,1,靛厂新村,达官营
57,1,13,2019-06-03 07:41:01,1,靛厂新村,牛街路口东
57,1,13,2019-06-03 07:41:01,1,靛厂新村,牛街路口东
57,1,11,2019-06-03 07:41:01,1,靛厂新村,达官营
57,1,13,2019-06-03 07:41:01,1,靛厂新村,牛街路口东
57,1,11,2019-06-03 07:41:01,1,靛厂新村,达官营
57,1,7,2019-06-03 07:41:01,1,靛厂新村,六里桥西
57,1,11,2019-06-03 07:41:01,1,靛厂新村,达官营
57,1,25,2019-06-03 07:41:01,1,靛厂新村,安化楼
57,1,20,2019-06-03 07:41:01,1,靛厂新村,桥湾
57,1,5,2019-06-03 07:41:01,1,靛厂新村,白塔村
57,1,16,2019-06-03 07:41:01,1,靛厂新村,虎坊桥路口东
57,1,7,2019-06-03 07:41:01,1,靛厂新村,六里桥西
57,1,7,2019-06-03 07:41:01,1,靛厂新村,六里桥西
57,1,5,2019-06-03 07:41:01,1,靛厂新村,白塔村
57,1,5,2019-06-03 07:41:01,1,靛厂新村,白塔村
57,1,7,2019-06-03 07:41:01,1,靛厂新村,六里桥西
57,1,6,2019-06-03 07:41:01,1,靛厂新村,小井路口东
57,1,6,2019-06-03 07:41:01,1,靛厂新村,小井路口东
57,1,6,2019-06-03 07:41:01,1,靛厂新村,小井路口东
57,1,6,2019-06-03 07:41:01,1,靛厂新村,小井路口东
57,1,4,2019-06-03 07:42:01,1,靛厂新村,水衙沟路东口
57,1,2,2019-06-03 07:42:01,1,靛厂新村,岳各庄东路北口
57,1,6,2019-06-03 07:42:01,1,靛厂新村,小井路口东
57,1,6,2019-06-03 07:42:01,1,靛厂新村,小井路口东
57,1,6,2019-06-03 07:42:01,1,靛厂新村,小井路口东
57,1,6,2019-06-03 07:42:01,1,靛厂新村,小井路口东
57,2,10,2019-06-03 07:43:01,1,岳各庄东路北口,湾子
57,2,4,2019-06-03 07:43:01,1,岳各庄东路北口,水衙沟路东口
57,2,4,2019-06-03 07:43:01,1,岳各庄东路北口,水衙沟路东口
57,2,5,2019-06-03 07:43:01,1,岳各庄东路北口,白塔村
57,2,6,2019-06-03 07:43:01,1,岳各庄东路北口,小井路口东
57,2,6,2019-06-03 07:43:01,1,岳各庄东路北口,小井路口东
57,2,5,2019-06-03 07:43:01,1,岳各庄东路北口,白塔村
57,2,6,2019-06-03 07:43:01,1,岳各庄东路北口,小井路口东
57,2,6,2019-06-03 07:43:01,1,岳各庄东路北口,小井路口东
57,2,6,2019-06-03 07:43:01,1,岳各庄东路北口,小井路口东
57,2,6,2019-06-03 07:43:01,1,岳各庄东路北口,小井路口东
57,2,6,2019-06-03 07:43:01,1,岳各庄东路北口,小井路口东
57,2,6,2019-06-03 07:43:01,1,岳各庄东路北口,小井路口东
57,2,6,2019-06-03 07:43:01,1,岳各庄东路北口,小井路口东
57,2,5,2019-06-03 07:43:01,1,岳各庄东路北口,白塔村
57,2,6,2019-06-03 07:43:01,1,岳各庄东路北口,小井路口东
57,2,5,2019-06-03 07:43:01,1,岳各庄东路北口,白塔村
57,2,6,2019-06-03 07:43:01,1,岳各庄东路北口,小井路口东
57,3,8,2019-06-03 07:45:01,1,靛厂村南站,六里桥东
57,3,9,2019-06-03 07:45:01,1,靛厂村南站,莲花池
57,3,7,2019-06-03 07:45:01,1,靛厂村南站,六里桥西
57,3,16,2019-06-03 07:45:01,1,靛厂村南站,虎坊桥路口东
57,3,5,2019-06-03 07:45:01,1,靛厂村南站,白塔村
57,3,6,2019-06-03 07:45:01,1,靛厂村南站,小井路口东
57,3,6,2019-06-03 07:45:01,1,靛厂村南站,小井路口东
57,4,10,2019-06-03 07:46:01,1,水衙沟路东口,湾子
57,4,7,2019-06-03 07:46:01,1,水衙沟路东口,六里桥西
57,4,11,2019-06-03 07:46:01,1,水衙沟路东口,达官营
57,4,13,2019-06-03 07:46:01,1,水衙沟路东口,牛街路口东
57,4,11,2019-06-03 07:46:01,1,水衙沟路东口,达官营
57,4,12,2019-06-03 07:46:01,1,水衙沟路东口,广安门内
57,4,9,2019-06-03 07:46:01,1,水衙沟路东口,莲花池
57,4,10,2019-06-03 07:46:01,1,水衙沟路东口,湾子
57,4,13,2019-06-03 07:46:01,1,水衙沟路东口,牛街路口东
57,4,5,2019-06-03 07:46:01,1,水衙沟路东口,白塔村
57,4,4,2019-06-03 07:46:01,1,水衙沟路东口,水衙沟路东口
57,4,16,2019-06-03 07:46:01,1,水衙沟路东口,虎坊桥路口东
57,4,6,2019-06-03 07:46:01,1,水衙沟路东口,小井路口东
57,4,6,2019-06-03 07:46:01,1,水衙沟路东口,小井路口东
57,4,6,2019-06-03 07:46:01,1,水衙沟路东口,小井路口东
57,4,6,2019-06-03 07:46:01,1,水衙沟路东口,小井路口东
57,4,7,2019-06-03 07:46:01,1,水衙沟路东口,六里桥西
57,4,6,2019-06-03 07:46:01,1,水衙沟路东口,小井路口东
57,4,6,2019-06-03 07:46:01,1,水衙沟路东口,小井路口东
57,4,7,2019-06-03 07:47:01,1,水衙沟路东口,六里桥西
57,4,6,2019-06-03 07:47:01,1,水衙沟路东口,小井路口东
57,4,9,2019-06-03 07:48:01,1,水衙沟路东口,莲花池
57,4,21,2019-06-03 07:48:01,1,水衙沟路东口,水道子
57,4,6,2019-06-03 07:48:01,1,水衙沟路东口,小井路口东
57,4,5,2019-06-03 07:48:01,1,水衙沟路东口,白塔村
57,5,9,2019-06-03 07:50:01,1,白塔村,莲花池
57,5,14,2019-06-03 07:50:01,1,白塔村,菜市口西
57,5,12,2019-06-03 07:50:01,1,白塔村,广安门内
57,5,16,2019-06-03 07:50:01,1,白塔村,虎坊桥路口东
57,5,20,2019-06-03 07:50:01,1,白塔村,桥湾
57,5,16,2019-06-03 07:50:01,1,白塔村,虎坊桥路口东
57,5,5,2019-06-03 07:50:01,1,白塔村,白塔村
57,5,6,2019-06-03 07:50:01,1,白塔村,小井路口东
57,5,25,2019-06-03 07:50:01,1,白塔村,安化楼
57,6,9,2019-06-03 07:54:01,1,小井路口东,莲花池
57,6,11,2019-06-03 07:54:01,1,小井路口东,达官营
57,6,7,2019-06-03 07:54:01,1,小井路口东,六里桥西
57,6,14,2019-06-03 07:54:01,1,小井路口东,菜市口西
57,6,7,2019-06-03 07:59:01,1,小井路口东,六里桥西
57,6,13,2019-06-03 07:59:01,1,小井路口东,牛街路口东
57,6,10,2019-06-03 07:59:01,1,小井路口东,湾子
57,6,25,2019-06-03 07:59:01,1,小井路口东,安化楼
57,6,23,2019-06-03 07:59:01,1,小井路口东,榄杆市
57,6,16,2019-06-03 07:59:01,1,小井路口东,虎坊桥路口东
57,6,27,2019-06-03 07:59:01,1,小井路口东,马圈
57,6,27,2019-06-03 07:59:01,1,小井路口东,马圈
57,6,10,2019-06-03 08:00:01,1,小井路口东,湾子
57,6,14,2019-06-03 08:00:01,1,小井路口东,菜市口西
57,6,15,2019-06-03 08:00:01,1,小井路口东,虎坊桥路口西
57,6,7,2019-06-03 08:00:01,1,小井路口东,六里桥西
57,6,14,2019-06-03 08:00:01,1,小井路口东,菜市口西
57,6,6,2019-06-03 08:00:01,1,小井路口东,小井路口东
57,6,10,2019-06-03 08:00:01,1,小井路口东,湾子
57,6,7,2019-06-03 08:00:01,1,小井路口东,六里桥西
57,6,11,2019-06-03 08:00:01,1,小井路口东,达官营
57,6,11,2019-06-03 08:00:01,1,小井路口东,达官营
57,6,9,2019-06-03 08:00:01,1,小井路口东,莲花池
57,6,10,2019-06-03 08:00:01,1,小井路口东,湾子
57,6,10,2019-06-03 08:00:01,1,小井路口东,湾子
57,6,11,2019-06-03 08:00:01,1,小井路口东,达官营
57,6,9,2019-06-03 08:00:01,1,小井路口东,莲花池
57,6,7,2019-06-03 08:00:01,1,小井路口东,六里桥西
57,6,10,2019-06-03 08:00:01,1,小井路口东,湾子
57,6,12,2019-06-03 08:00:01,1,小井路口东,广安门内
57,6,13,2019-06-03 08:00:01,1,小井路口东,牛街路口东
57,6,14,2019-06-03 08:00:01,1,小井路口东,菜市口西
57,6,25,2019-06-03 08:00:01,1,小井路口东,安化楼
57,6,15,2019-06-03 08:00:01,1,小井路口东,虎坊桥路口西
57,6,16,2019-06-03 08:00:01,1,小井路口东,虎坊桥路口东
57,6,19,2019-06-03 08:00:01,1,小井路口东,东城三里河
57,6,20,2019-06-03 08:00:01,1,小井路口东,桥湾
57,6,16,2019-06-03 08:00:01,1,小井路口东,虎坊桥路口东
57,6,18,2019-06-03 08:00:01,1,小井路口东,过街楼
57,6,17,2019-06-03 08:00:01,1,小井路口东,板章路
57,6,17,2019-06-03 08:00:01,1,小井路口东,板章路
57,6,7,2019-06-03 08:00:01,1,小井路口东,六里桥西
57,6,6,2019-06-03 08:00:01,1,小井路口东,小井路口东
57,6,6,2019-06-03 08:00:01,1,小井路口东,小井路口东
57,6,6,2019-06-03 08:00:01,1,小井路口东,小井路口东
57,6,7,2019-06-03 08:00:01,1,小井路口东,六里桥西
57,6,7,2019-06-03 08:00:01,1,小井路口东,六里桥西
57,6,7,2019-06-03 08:01:01,1,小井路口东,六里桥西
57,6,10,2019-06-03 08:04:01,1,小井路口东,湾子
57,6,10,2019-06-03 08:04:01,1,小井路口东,湾子
57,7,11,2019-06-03 08:04:01,1,六里桥西,达官营
57,6,17,2019-06-03 08:04:01,1,小井路口东,板章路
57,8,10,2019-06-03 08:08:01,1,六里桥东,湾子
57,8,10,2019-06-03 08:08:01,1,六里桥东,湾子
57,8,9,2019-06-03 08:08:01,1,六里桥东,莲花池
57,8,9,2019-06-03 08:08:01,1,六里桥东,莲花池
57,8,13,2019-06-03 08:08:01,1,六里桥东,牛街路口东
57,8,9,2019-06-03 08:08:01,1,六里桥东,莲花池
57,8,17,2019-06-03 08:08:01,1,六里桥东,板章路
57,8,17,2019-06-03 08:08:01,1,六里桥东,板章路
57,8,20,2019-06-03 08:08:01,1,六里桥东,桥湾
57,8,20,2019-06-03 08:08:01,1,六里桥东,桥湾
57,8,19,2019-06-03 08:08:01,1,六里桥东,东城三里河
57,8,19,2019-06-03 08:08:01,1,六里桥东,东城三里河
57,9,11,2019-06-03 08:10:01,1,莲花池,达官营
57,9,9,2019-06-03 08:10:01,1,莲花池,莲花池
57,9,10,2019-06-03 08:10:01,1,莲花池,湾子
57,9,10,2019-06-03 08:10:01,1,莲花池,湾子
57,9,9,2019-06-03 08:10:01,1,莲花池,莲花池
57,9,10,2019-06-03 08:10:01,1,莲花池,湾子
57,9,11,2019-06-03 08:10:01,1,莲花池,达官营
57,9,10,2019-06-03 08:10:01,1,莲花池,湾子
57,9,14,2019-06-03 08:10:01,1,莲花池,菜市口西
57,9,25,2019-06-03 08:10:01,1,莲花池,安化楼
57,9,25,2019-06-03 08:10:01,1,莲花池,安化楼
57,9,23,2019-06-03 08:10:01,1,莲花池,榄杆市
57,9,20,2019-06-03 08:10:01,1,莲花池,桥湾
57,9,23,2019-06-03 08:10:01,1,莲花池,榄杆市
57,9,26,2019-06-03 08:10:01,1,莲花池,广渠门内
57,10,10,2019-06-03 08:11:01,1,湾子,湾子
57,10,10,2019-06-03 08:14:01,1,湾子,湾子
57,10,15,2019-06-03 08:14:01,1,湾子,虎坊桥路口西
57,11,11,2019-06-03 08:19:01,1,达官营,达官营
57,11,19,2019-06-03 08:19:01,1,达官营,东城三里河
57,11,22,2019-06-03 08:19:01,1,达官营,磁器口西
57,11,19,2019-06-03 08:19:01,1,达官营,东城三里河
57,12,16,2019-06-03 08:22:01,1,广安门内,虎坊桥路口东
57,12,19,2019-06-03 08:22:01,1,广安门内,东城三里河
57,12,23,2019-06-03 08:22:01,1,广安门内,榄杆市
57,12,23,2019-06-03 08:22:01,1,广安门内,榄杆市
57,12,20,2019-06-03 08:22:01,1,广安门内,桥湾
57,12,19,2019-06-03 08:22:01,1,广安门内,东城三里河
57,12,16,2019-06-03 08:22:01,1,广安门内,虎坊桥路口东
57,12,26,2019-06-03 08:22:01,1,广安门内,广渠门内
57,12,26,2019-06-03 08:22:01,1,广安门内,广渠门内
57,12,27,2019-06-03 08:22:01,1,广安门内,马圈
57,13,27,2019-06-03 08:24:01,1,牛街路口东,马圈
57,13,17,2019-06-03 08:27:01,1,牛街路口东,板章路
57,13,18,2019-06-03 08:27:01,1,牛街路口东,过街楼
57,13,16,2019-06-03 08:27:01,1,牛街路口东,虎坊桥路口东
57,13,20,2019-06-03 08:27:01,1,牛街路口东,桥湾
57,14,26,2019-06-03 08:29:01,1,菜市口西,广渠门内
57,14,24,2019-06-03 08:29:01,1,菜市口西,培新街
57,14,26,2019-06-03 08:29:01,1,菜市口西,广渠门内
57,14,17,2019-06-03 08:29:01,1,菜市口西,板章路
57,14,16,2019-06-03 08:29:01,1,菜市口西,虎坊桥路口东
57,14,19,2019-06-03 08:29:01,1,菜市口西,东城三里河
57,14,22,2019-06-03 08:29:01,1,菜市口西,磁器口西
57,14,19,2019-06-03 08:29:01,1,菜市口西,东城三里河
57,14,21,2019-06-03 08:29:01,1,菜市口西,水道子
57,14,16,2019-06-03 08:29:01,1,菜市口西,虎坊桥路口东
57,15,21,2019-06-03 08:38:01,1,虎坊桥路口西,水道子
57,15,18,2019-06-03 08:39:01,1,虎坊桥路口西,过街楼
57,15,21,2019-06-03 08:39:01,1,虎坊桥路口西,水道子
57,15,19,2019-06-03 08:39:01,1,虎坊桥路口西,东城三里河
57,15,18,2019-06-03 08:39:01,1,虎坊桥路口西,过街楼
57,16,25,2019-06-03 08:39:01,1,虎坊桥路口东,安化楼
57,15,16,2019-06-03 08:39:01,1,虎坊桥路口西,虎坊桥路口东
57,15,16,2019-06-03 08:39:01,1,虎坊桥路口西,虎坊桥路口东
57,15,16,2019-06-03 08:39:01,1,虎坊桥路口西,虎坊桥路口东
57,15,23,2019-06-03 08:39:01,1,虎坊桥路口西,榄杆市
57,15,15,2019-06-03 08:39:01,1,虎坊桥路口西,虎坊桥路口西
57,15,16,2019-06-03 08:39:01,1,虎坊桥路口西,虎坊桥路口东
57,16,16,2019-06-03 08:39:01,1,虎坊桥路口东,虎坊桥路口东
57,16,16,2019-06-03 08:39:01,1,虎坊桥路口东,虎坊桥路口东
57,16,16,2019-06-03 08:39:01,1,虎坊桥路口东,虎坊桥路口东
57,16,16,2019-06-03 08:39:01,1,虎坊桥路口东,虎坊桥路口东
57,16,16,2019-06-03 08:39:01,1,虎坊桥路口东,虎坊桥路口东
57,15,16,2019-06-03 08:39:01,1,虎坊桥路口西,虎坊桥路口东
57,16,16,2019-06-03 08:40:01,1,虎坊桥路口东,虎坊桥路口东
57,16,16,2019-06-03 08:40:01,1,虎坊桥路口东,虎坊桥路口东
57,16,16,2019-06-03 08:40:01,1,虎坊桥路口东,虎坊桥路口东
57,16,16,2019-06-03 08:40:01,1,虎坊桥路口东,虎坊桥路口东
57,16,16,2019-06-03 08:40:01,1,虎坊桥路口东,虎坊桥路口东
57,16,16,2019-06-03 08:40:01,1,虎坊桥路口东,虎坊桥路口东
57,16,20,2019-06-03 08:41:01,1,虎坊桥路口东,桥湾
57,16,19,2019-06-03 08:41:01,1,虎坊桥路口东,东城三里河
57,16,20,2019-06-03 08:41:01,1,虎坊桥路口东,桥湾
57,16,22,2019-06-03 08:41:01,1,虎坊桥路口东,磁器口西
57,16,26,2019-06-03 08:42:01,1,虎坊桥路口东,广渠门内
57,16,19,2019-06-03 08:42:01,1,虎坊桥路口东,东城三里河
57,16,26,2019-06-03 08:42:01,1,虎坊桥路口东,广渠门内
57,16,20,2019-06-03 08:42:01,1,虎坊桥路口东,桥湾
57,16,20,2019-06-03 08:42:01,1,虎坊桥路口东,桥湾
57,16,19,2019-06-03 08:42:01,1,虎坊桥路口东,东城三里河
57,16,26,2019-06-03 08:42:01,1,虎坊桥路口东,广渠门内
57,16,18,2019-06-03 08:42:01,1,虎坊桥路口东,过街楼
57,17,17,2019-06-03 08:43:01,1,板章路,板章路
57,17,17,2019-06-03 08:43:01,1,板章路,板章路
57,17,20,2019-06-03 08:43:01,1,板章路,桥湾
57,17,21,2019-06-03 08:43:01,1,板章路,水道子
57,17,19,2019-06-03 08:43:01,1,板章路,东城三里河
57,17,18,2019-06-03 08:43:01,1,板章路,过街楼
57,17,19,2019-06-03 08:43:01,1,板章路,东城三里河
57,16,19,2019-06-03 08:43:01,1,虎坊桥路口东,东城三里河
57,17,18,2019-06-03 08:43:01,1,板章路,过街楼
57,18,19,2019-06-03 08:45:01,1,过街楼,东城三里河
57,18,23,2019-06-03 08:45:01,1,过街楼,榄杆市
57,18,18,2019-06-03 08:45:01,1,过街楼,过街楼
57,18,27,2019-06-03 08:45:01,1,过街楼,马圈
57,18,20,2019-06-03 08:45:01,1,过街楼,桥湾
57,18,20,2019-06-03 08:45:01,1,过街楼,桥湾
57,18,20,2019-06-03 08:45:01,1,过街楼,桥湾
57,18,22,2019-06-03 08:45:01,1,过街楼,磁器口西
57,18,27,2019-06-03 08:45:01,1,过街楼,马圈
57,19,25,2019-06-03 08:48:01,1,东城三里河,安化楼
57,19,24,2019-06-03 08:48:01,1,东城三里河,培新街
57,19,25,2019-06-03 08:48:01,1,东城三里河,安化楼
57,19,25,2019-06-03 08:48:01,1,东城三里河,安化楼
57,19,20,2019-06-03 08:48:01,1,东城三里河,桥湾
57,19,20,2019-06-03 08:48:01,1,东城三里河,桥湾
57,19,23,2019-06-03 08:48:01,1,东城三里河,榄杆市
57,19,20,2019-06-03 08:48:01,1,东城三里河,桥湾
57,19,27,2019-06-03 08:48:01,1,东城三里河,马圈
57,19,25,2019-06-03 08:49:01,1,东城三里河,安化楼
57,19,25,2019-06-03 08:49:01,1,东城三里河,安化楼
57,19,25,2019-06-03 08:49:01,1,东城三里河,安化楼
57,19,20,2019-06-03 08:49:01,1,东城三里河,桥湾
57,19,25,2019-06-03 08:49:01,1,东城三里河,安化楼
57,19,19,2019-06-03 08:49:01,1,东城三里河,东城三里河
57,19,23,2019-06-03 08:49:01,1,东城三里河,榄杆市
57,19,23,2019-06-03 08:49:01,1,东城三里河,榄杆市
57,19,21,2019-06-03 08:49:01,1,东城三里河,水道子
57,19,23,2019-06-03 08:49:01,1,东城三里河,榄杆市
57,19,25,2019-06-03 08:50:01,1,东城三里河,安化楼
57,19,26,2019-06-03 08:50:01,1,东城三里河,广渠门内
57,19,22,2019-06-03 08:50:01,1,东城三里河,磁器口西
57,19,22,2019-06-03 08:50:01,1,东城三里河,磁器口西
57,19,21,2019-06-03 08:50:01,1,东城三里河,水道子
57,20,26,2019-06-03 08:51:01,1,桥湾,广渠门内
57,20,21,2019-06-03 08:51:01,1,桥湾,水道子
57,20,21,2019-06-03 08:51:01,1,桥湾,水道子
57,20,24,2019-06-03 08:51:01,1,桥湾,培新街
57,20,25,2019-06-03 08:51:01,1,桥湾,安化楼
57,20,25,2019-06-03 08:51:01,1,桥湾,安化楼
57,20,23,2019-06-03 08:51:01,1,桥湾,榄杆市
57,20,27,2019-06-03 08:51:01,1,桥湾,马圈
57,20,27,2019-06-03 08:51:01,1,桥湾,马圈
57,21,24,2019-06-03 08:55:01,1,水道子,培新街
57,21,25,2019-06-03 08:55:01,1,水道子,安化楼
57,21,25,2019-06-03 08:55:01,1,水道子,安化楼
57,21,25,2019-06-03 08:55:01,1,水道子,安化楼
57,21,21,2019-06-03 08:55:01,1,水道子,水道子
57,21,24,2019-06-03 08:55:01,1,水道子,培新街
57,21,22,2019-06-03 08:55:01,1,水道子,磁器口西
57,21,22,2019-06-03 08:55:01,1,水道子,磁器口西
57,21,22,2019-06-03 08:55:01,1,水道子,磁器口西
57,21,23,2019-06-03 08:55:01,1,水道子,榄杆市
57,21,24,2019-06-03 08:55:01,1,水道子,培新街
57,21,23,2019-06-03 08:55:01,1,水道子,榄杆市
57,22,22,2019-06-03 08:56:01,1,磁器口西,磁器口西
57,22,22,2019-06-03 08:56:01,1,磁器口西,磁器口西
57,22,24,2019-06-03 08:56:01,1,磁器口西,培新街
57,22,27,2019-06-03 08:56:01,1,磁器口西,马圈
57,22,24,2019-06-03 08:56:01,1,磁器口西,培新街
57,22,27,2019-06-03 08:56:01,1,磁器口西,马圈
57,22,23,2019-06-03 08:57:01,1,磁器口西,榄杆市
57,22,27,2019-06-03 08:57:01,1,磁器口西,马圈
57,22,27,2019-06-03 08:57:01,1,磁器口西,马圈
57,22,27,2019-06-03 08:57:01,1,磁器口西,马圈
57,23,26,2019-06-03 09:02:01,1,榄杆市,广渠门内
57,23,25,2019-06-03 09:02:01,1,榄杆市,安化楼
57,23,26,2019-06-03 09:02:01,1,榄杆市,广渠门内
57,23,25,2019-06-03 09:02:01,1,榄杆市,安化楼
57,23,27,2019-06-03 09:02:01,1,榄杆市,马圈
57,23,27,2019-06-03 09:02:01,1,榄杆市,马圈
57,23,23,2019-06-03 09:03:01,1,榄杆市,榄杆市
57,24,25,2019-06-03 09:05:01,1,培新街,安化楼
57,24,27,2019-06-03 09:05:01,1,培新街,马圈
57,24,24,2019-06-03 09:05:01,1,培新街,培新街
57,24,24,2019-06-03 09:05:01,1,培新街,培新街
57,25,27,2019-06-03 09:12:01,1,安化楼,马圈
57,25,26,2019-06-03 09:12:01,1,安化楼,广渠门内
57,25,26,2019-06-03 09:12:01,1,安化楼,广渠门内
57,25,27,2019-06-03 09:12:01,1,安化楼,马圈
57,25,27,2019-06-03 09:12:01,1,安化楼,马圈
57,25,26,2019-06-03 09:12:01,1,安化楼,广渠门内
57,25,26,2019-06-03 09:12:01,1,安化楼,广渠门内
57,25,25,2019-06-03 09:12:01,1,安化楼,安化楼
57,25,27,2019-06-03 09:12:01,1,安化楼,马圈
57,25,27,2019-06-03 09:12:01,1,安化楼,马圈
57,25,27,2019-06-03 09:12:01,1,安化楼,马圈
57,25,27,2019-06-03 09:12:01,1,安化楼,马圈
57,25,26,2019-06-03 09:12:01,1,安化楼,广渠门内
57,25,27,2019-06-03 09:12:01,1,安化楼,马圈
57,25,27,2019-06-03 09:13:01,1,安化楼,马圈
57,25,27,2019-06-03 09:13:01,1,安化楼,马圈
57,25,26,2019-06-03 09:13:01,1,安化楼,广渠门内
57,27,27,2019-06-03 09:17:01,1,马圈,马圈
57,1,1,2019-06-03 08:36:01,1,靛厂新村,靛厂新村
57,1,15,2019-06-03 08:36:01,1,靛厂新村,虎坊桥路口西
57,1,17,2019-06-03 08:36:01,1,靛厂新村,板章路
57,1,7,2019-06-03 08:36:01,1,靛厂新村,六里桥西
57,1,2,2019-06-03 08:36:01,1,靛厂新村,岳各庄东路北口
57,1,5,2019-06-03 08:36:01,1,靛厂新村,白塔村
57,1,6,2019-06-03 08:36:01,1,靛厂新村,小井路口东
57,1,7,2019-06-03 08:36:01,1,靛厂新村,六里桥西
57,1,8,2019-06-03 08:36:01,1,靛厂新村,六里桥东
57,1,15,2019-06-03 08:36:01,1,靛厂新村,虎坊桥路口西
57,1,13,2019-06-03 08:36:01,1,靛厂新村,牛街路口东
57,1,32,2019-06-03 08:36:01,1,靛厂新村,大北窑东
57,1,12,2019-06-03 08:36:01,1,靛厂新村,广安门内
57,1,10,2019-06-03 08:36:01,1,靛厂新村,湾子
57,1,11,2019-06-03 08:36:01,1,靛厂新村,达官营
57,1,8,2019-06-03 08:36:01,1,靛厂新村,六里桥东
57,1,9,2019-06-03 08:36:01,1,靛厂新村,莲花池
57,1,7,2019-06-03 08:37:01,1,靛厂新村,六里桥西
57,1,7,2019-06-03 08:37:01,1,靛厂新村,六里桥西
57,1,11,2019-06-03 08:37:01,1,靛厂新村,达官营
57,2,15,2019-06-03 08:38:01,1,岳各庄东路北口,虎坊桥路口西
57,2,19,2019-06-03 08:38:01,1,岳各庄东路北口,东城三里河
57,2,7,2019-06-03 08:38:01,1,岳各庄东路北口,六里桥西
57,2,7,2019-06-03 08:38:01,1,岳各庄东路北口,六里桥西
57,2,7,2019-06-03 08:38:01,1,岳各庄东路北口,六里桥西
57,2,7,2019-06-03 08:38:01,1,岳各庄东路北口,六里桥西
57,2,11,2019-06-03 08:38:01,1,岳各庄东路北口,达官营
57,2,10,2019-06-03 08:38:01,1,岳各庄东路北口,湾子
57,4,23,2019-06-03 08:40:01,1,水衙沟路东口,榄杆市
57,3,5,2019-06-03 08:40:01,1,靛厂村南站,白塔村
57,4,4,2019-06-03 08:40:01,1,水衙沟路东口,水衙沟路东口
57,3,5,2019-06-03 08:40:01,1,靛厂村南站,白塔村
57,4,4,2019-06-03 08:40:01,1,水衙沟路东口,水衙沟路东口
57,4,7,2019-06-03 08:40:01,1,水衙沟路东口,六里桥西
57,4,8,2019-06-03 08:40:01,1,水衙沟路东口,六里桥东
57,4,7,2019-06-03 08:40:01,1,水衙沟路东口,六里桥西
57,3,7,2019-06-03 08:40:01,1,靛厂村南站,六里桥西
57,4,7,2019-06-03 08:40:01,1,水衙沟路东口,六里桥西
57,4,7,2019-06-03 08:40:01,1,水衙沟路东口,六里桥西
57,5,6,2019-06-03 08:41:01,1,白塔村,小井路口东
57,4,7,2019-06-03 08:41:01,1,水衙沟路东口,六里桥西
57,5,6,2019-06-03 08:41:01,1,白塔村,小井路口东
57,4,11,2019-06-03 08:41:01,1,水衙沟路东口,达官营
57,5,15,2019-06-03 08:43:01,1,白塔村,虎坊桥路口西
57,5,15,2019-06-03 08:43:01,1,白塔村,虎坊桥路口西
57,6,23,2019-06-03 08:46:01,1,小井路口东,榄杆市
57,6,22,2019-06-03 08:46:01,1,小井路口东,磁器口西
57,6,19,2019-06-03 08:46:01,1,小井路口东,东城三里河
57,6,17,2019-06-03 08:46:01,1,小井路口东,板章路
57,6,19,2019-06-03 08:46:01,1,小井路口东,东城三里河
57,6,17,2019-06-03 08:46:01,1,小井路口东,板章路
57,6,26,2019-06-03 08:46:01,1,小井路口东,广渠门内
57,6,26,2019-06-03 08:46:01,1,小井路口东,广渠门内
57,7,12,2019-06-03 08:48:01,1,六里桥西,广安门内
57,7,13,2019-06-03 08:48:01,1,六里桥西,牛街路口东
57,7,10,2019-06-03 08:48:01,1,六里桥西,湾子
57,7,7,2019-06-03 08:49:01,1,六里桥西,六里桥西
57,7,13,2019-06-03 08:49:01,1,六里桥西,牛街路口东
57,7,10,2019-06-03 08:49:01,1,六里桥西,湾子
57,8,21,2019-06-03 08:56:01,1,六里桥东,水道子
57,8,17,2019-06-03 08:56:01,1,六里桥东,板章路
57,8,21,2019-06-03 08:56:01,1,六里桥东,水道子
57,8,16,2019-06-03 08:56:01,1,六里桥东,虎坊桥路口东
57,8,18,2019-06-03 08:56:01,1,六里桥东,过街楼
57,8,22,2019-06-03 08:56:01,1,六里桥东,磁器口西
57,8,15,2019-06-03 08:56:01,1,六里桥东,虎坊桥路口西
57,8,13,2019-06-03 08:56:01,1,六里桥东,牛街路口东
57,8,32,2019-06-03 08:56:01,1,六里桥东,大北窑东
57,8,32,2019-06-03 08:56:01,1,六里桥东,大北窑东
57,8,23,2019-06-03 08:56:01,1,六里桥东,榄杆市
57,8,29,2019-06-03 08:56:01,1,六里桥东,双井桥北
57,8,28,2019-06-03 08:56:01,1,六里桥东,垂杨柳
57,8,11,2019-06-03 08:56:01,1,六里桥东,达官营
57,8,10,2019-06-03 08:56:01,1,六里桥东,湾子
57,8,12,2019-06-03 08:56:01,1,六里桥东,广安门内
57,8,8,2019-06-03 08:56:01,1,六里桥东,六里桥东
57,8,10,2019-06-03 08:56:01,1,六里桥东,湾子
57,8,34,2019-06-03 08:57:01,1,六里桥东,四惠枢纽站
57,8,22,2019-06-03 08:57:01,1,六里桥东,磁器口西
57,8,21,2019-06-03 08:57:01,1,六里桥东,水道子
57,8,17,2019-06-03 08:57:01,1,六里桥东,板章路
57,8,14,2019-06-03 08:57:01,1,六里桥东,菜市口西
57,8,14,2019-06-03 08:57:01,1,六里桥东,菜市口西
57,8,14,2019-06-03 08:57:01,1,六里桥东,菜市口西
57,8,12,2019-06-03 08:57:01,1,六里桥东,广安门内
57,8,31,2019-06-03 08:57:01,1,六里桥东,大北窑南
57,8,28,2019-06-03 08:57:01,1,六里桥东,垂杨柳
57,8,26,2019-06-03 08:57:01,1,六里桥东,广渠门内
57,8,29,2019-06-03 08:57:01,1,六里桥东,双井桥北
57,8,32,2019-06-03 08:57:01,1,六里桥东,大北窑东
57,8,10,2019-06-03 08:57:01,1,六里桥东,湾子
57,8,8,2019-06-03 08:57:01,1,六里桥东,六里桥东
57,8,11,2019-06-03 08:57:01,1,六里桥东,达官营
57,8,8,2019-06-03 08:57:01,1,六里桥东,六里桥东
57,8,11,2019-06-03 08:57:01,1,六里桥东,达官营
57,8,9,2019-06-03 08:57:01,1,六里桥东,莲花池
57,8,12,2019-06-03 08:57:01,1,六里桥东,广安门内
57,8,13,2019-06-03 08:57:01,1,六里桥东,牛街路口东
57,8,12,2019-06-03 08:57:01,1,六里桥东,广安门内
57,8,12,2019-06-03 08:57:01,1,六里桥东,广安门内
57,8,10,2019-06-03 08:57:01,1,六里桥东,湾子
57,8,12,2019-06-03 08:57:01,1,六里桥东,广安门内
57,8,12,2019-06-03 08:57:01,1,六里桥东,广安门内
57,8,12,2019-06-03 08:58:01,1,六里桥东,广安门内
57,8,23,2019-06-03 08:58:01,1,六里桥东,榄杆市
57,8,12,2019-06-03 08:58:01,1,六里桥东,广安门内
57,9,30,2019-06-03 09:03:01,1,莲花池,双花园
57,9,10,2019-06-03 09:03:01,1,莲花池,湾子
57,10,23,2019-06-03 09:06:01,1,湾子,榄杆市
57,10,15,2019-06-03 09:06:01,1,湾子,虎坊桥路口西
57,10,15,2019-06-03 09:06:01,1,湾子,虎坊桥路口西
57,10,15,2019-06-03 09:06:01,1,湾子,虎坊桥路口西
57,10,29,2019-06-03 09:06:01,1,湾子,双井桥北
57,10,26,2019-06-03 09:06:01,1,湾子,广渠门内
57,10,23,2019-06-03 09:06:01,1,湾子,榄杆市
57,11,11,2019-06-03 09:06:01,1,达官营,达官营
57,11,15,2019-06-03 09:07:01,1,达官营,虎坊桥路口西
57,11,15,2019-06-03 09:07:01,1,达官营,虎坊桥路口西
57,11,21,2019-06-03 09:07:01,1,达官营,水道子
57,11,15,2019-06-03 09:07:01,1,达官营,虎坊桥路口西
57,11,22,2019-06-03 09:07:01,1,达官营,磁器口西
57,11,34,2019-06-03 09:07:01,1,达官营,四惠枢纽站
57,11,12,2019-06-03 09:07:01,1,达官营,广安门内
57,11,12,2019-06-03 09:07:01,1,达官营,广安门内
57,11,14,2019-06-03 09:08:01,1,达官营,菜市口西
57,12,34,2019-06-03 09:08:01,1,广安门内,四惠枢纽站
57,12,23,2019-06-03 09:11:01,1,广安门内,榄杆市
57,12,15,2019-06-03 09:11:01,1,广安门内,虎坊桥路口西
57,12,25,2019-06-03 09:11:01,1,广安门内,安化楼
57,13,18,2019-06-03 09:15:01,1,牛街路口东,过街楼
57,13,18,2019-06-03 09:15:01,1,牛街路口东,过街楼
57,13,15,2019-06-03 09:15:01,1,牛街路口东,虎坊桥路口西
57,13,15,2019-06-03 09:15:01,1,牛街路口东,虎坊桥路口西
57,13,15,2019-06-03 09:15:01,1,牛街路口东,虎坊桥路口西
57,13,21,2019-06-03 09:15:01,1,牛街路口东,水道子
57,13,22,2019-06-03 09:15:01,1,牛街路口东,磁器口西
57,13,22,2019-06-03 09:15:01,1,牛街路口东,磁器口西
57,13,23,2019-06-03 09:15:01,1,牛街路口东,榄杆市
57,14,31,2019-06-03 09:18:01,1,菜市口西,大北窑南
57,14,22,2019-06-03 09:18:01,1,菜市口西,磁器口西
57,14,15,2019-06-03 09:18:01,1,菜市口西,虎坊桥路口西
57,14,22,2019-06-03 09:18:01,1,菜市口西,磁器口西
57,14,15,2019-06-03 09:18:01,1,菜市口西,虎坊桥路口西
57,14,15,2019-06-03 09:18:01,1,菜市口西,虎坊桥路口西
57,14,15,2019-06-03 09:18:01,1,菜市口西,虎坊桥路口西
57,14,22,2019-06-03 09:18:01,1,菜市口西,磁器口西
57,14,31,2019-06-03 09:18:01,1,菜市口西,大北窑南
57,14,32,2019-06-03 09:18:01,1,菜市口西,大北窑东
57,15,15,2019-06-03 09:20:01,1,虎坊桥路口西,虎坊桥路口西
57,15,27,2019-06-03 09:20:01,1,虎坊桥路口西,马圈
57,15,27,2019-06-03 09:20:01,1,虎坊桥路口西,马圈
57,15,32,2019-06-03 09:23:01,1,虎坊桥路口西,大北窑东
57,17,18,2019-06-03 09:24:01,1,板章路,过街楼
57,18,19,2019-06-03 09:26:01,1,过街楼,东城三里河
57,18,31,2019-06-03 09:27:01,1,过街楼,大北窑南
57,1,1,2019-06-03 06:43:01,1,靛厂新村,靛厂新村
57,1,1,2019-06-03 06:43:01,1,靛厂新村,靛厂新村
57,1,6,2019-06-03 06:43:01,1,靛厂新村,小井路口东
57,1,7,2019-06-03 06:43:01,1,靛厂新村,六里桥西
57,1,8,2019-06-03 06:43:01,1,靛厂新村,六里桥东
57,1,17,2019-06-03 06:43:01,1,靛厂新村,板章路
57,1,12,2019-06-03 06:43:01,1,靛厂新村,广安门内
57,1,13,2019-06-03 06:43:01,1,靛厂新村,牛街路口东
57,2,7,2019-06-03 06:45:01,1,岳各庄东路北口,六里桥西
57,2,7,2019-06-03 06:45:01,1,岳各庄东路北口,六里桥西
57,3,7,2019-06-03 06:45:01,1,靛厂村南站,六里桥西
57,2,6,2019-06-03 06:45:01,1,岳各庄东路北口,小井路口东
57,2,5,2019-06-03 06:45:01,1,岳各庄东路北口,白塔村
57,2,9,2019-06-03 06:45:01,1,岳各庄东路北口,莲花池
57,2,9,2019-06-03 06:45:01,1,岳各庄东路北口,莲花池
57,2,13,2019-06-03 06:45:01,1,岳各庄东路北口,牛街路口东
57,3,17,2019-06-03 06:47:01,1,靛厂村南站,板章路
57,3,17,2019-06-03 06:47:01,1,靛厂村南站,板章路
57,3,17,2019-06-03 06:47:01,1,靛厂村南站,板章路
57,3,11,2019-06-03 06:47:01,1,靛厂村南站,达官营
57,3,13,2019-06-03 06:47:01,1,靛厂村南站,牛街路口东
57,3,29,2019-06-03 06:47:01,1,靛厂村南站,双井桥北
57,4,8,2019-06-03 06:48:01,1,水衙沟路东口,六里桥东
57,5,7,2019-06-03 06:48:01,1,白塔村,六里桥西
57,4,7,2019-06-03 06:48:01,1,水衙沟路东口,六里桥西
57,4,33,2019-06-03 06:48:01,1,水衙沟路东口,郎家园
57,4,15,2019-06-03 06:48:01,1,水衙沟路东口,虎坊桥路口西
57,4,34,2019-06-03 06:48:01,1,水衙沟路东口,四惠枢纽站
57,4,13,2019-06-03 06:48:01,1,水衙沟路东口,牛街路口东
57,4,13,2019-06-03 06:48:01,1,水衙沟路东口,牛街路口东
57,5,13,2019-06-03 06:49:01,1,白塔村,牛街路口东
57,6,6,2019-06-03 06:54:01,1,小井路口东,小井路口东
57,6,14,2019-06-03 06:54:01,1,小井路口东,菜市口西
57,6,15,2019-06-03 06:54:01,1,小井路口东,虎坊桥路口西
57,6,22,2019-06-03 06:54:01,1,小井路口东,磁器口西
57,6,13,2019-06-03 06:54:01,1,小井路口东,牛街路口东
57,6,31,2019-06-03 06:54:01,1,小井路口东,大北窑南
57,6,31,2019-06-03 06:54:01,1,小井路口东,大北窑南
57,7,7,2019-06-03 06:57:01,1,六里桥西,六里桥西
57,7,7,2019-06-03 06:57:01,1,六里桥西,六里桥西
57,7,12,2019-06-03 06:57:01,1,六里桥西,广安门内
57,8,8,2019-06-03 07:01:01,1,六里桥东,六里桥东
57,8,8,2019-06-03 07:01:01,1,六里桥东,六里桥东
57,8,14,2019-06-03 07:01:01,1,六里桥东,菜市口西
57,8,19,2019-06-03 07:01:01,1,六里桥东,东城三里河
57,8,15,2019-06-03 07:01:01,1,六里桥东,虎坊桥路口西
57,8,24,2019-06-03 07:01:01,1,六里桥东,培新街
57,8,28,2019-06-03 07:01:01,1,六里桥东,垂杨柳
57,8,24,2019-06-03 07:01:01,1,六里桥东,培新街
57,8,25,2019-06-03 07:01:01,1,六里桥东,安化楼
57,8,27,2019-06-03 07:01:01,1,六里桥东,马圈
57,8,29,2019-06-03 07:01:01,1,六里桥东,双井桥北
57,8,9,2019-06-03 07:02:01,1,六里桥东,莲花池
57,8,18,2019-06-03 07:02:01,1,六里桥东,过街楼
57,8,14,2019-06-03 07:02:01,1,六里桥东,菜市口西
57,8,17,2019-06-03 07:02:01,1,六里桥东,板章路
57,8,15,2019-06-03 07:02:01,1,六里桥东,虎坊桥路口西
57,8,14,2019-06-03 07:02:01,1,六里桥东,菜市口西
57,8,13,2019-06-03 07:02:01,1,六里桥东,牛街路口东
57,8,13,2019-06-03 07:02:01,1,六里桥东,牛街路口东
57,8,14,2019-06-03 07:02:01,1,六里桥东,菜市口西
57,8,12,2019-06-03 07:02:01,1,六里桥东,广安门内
57,8,14,2019-06-03 07:02:01,1,六里桥东,菜市口西
57,8,13,2019-06-03 07:02:01,1,六里桥东,牛街路口东
57,8,24,2019-06-03 07:02:01,1,六里桥东,培新街
57,8,12,2019-06-03 07:02:01,1,六里桥东,广安门内
57,8,13,2019-06-03 07:02:01,1,六里桥东,牛街路口东
57,8,13,2019-06-03 07:02:01,1,六里桥东,牛街路口东
57,8,25,2019-06-03 07:02:01,1,六里桥东,安化楼
57,8,29,2019-06-03 07:02:01,1,六里桥东,双井桥北
57,8,14,2019-06-03 07:02:01,1,六里桥东,菜市口西
57,8,25,2019-06-03 07:02:01,1,六里桥东,安化楼
57,8,9,2019-06-03 07:02:01,1,六里桥东,莲花池
57,8,30,2019-06-03 07:02:01,1,六里桥东,双花园
57,9,16,2019-06-03 07:08:01,1,莲花池,虎坊桥路口东
57,9,17,2019-06-03 07:08:01,1,莲花池,板章路
57,9,21,2019-06-03 07:08:01,1,莲花池,水道子
57,9,11,2019-06-03 07:08:01,1,莲花池,达官营
57,9,12,2019-06-03 07:08:01,1,莲花池,广安门内
57,9,24,2019-06-03 07:09:01,1,莲花池,培新街
57,9,20,2019-06-03 07:09:01,1,莲花池,桥湾
57,9,14,2019-06-03 07:09:01,1,莲花池,菜市口西
57,9,19,2019-06-03 07:09:01,1,莲花池,东城三里河
57,9,13,2019-06-03 07:09:01,1,莲花池,牛街路口东
57,9,12,2019-06-03 07:09:01,1,莲花池,广安门内
57,9,25,2019-06-03 07:09:01,1,莲花池,安化楼
57,9,25,2019-06-03 07:09:01,1,莲花池,安化楼
57,9,24,2019-06-03 07:09:01,1,莲花池,培新街
57,9,13,2019-06-03 07:09:01,1,莲花池,牛街路口东
57,9,30,2019-06-03 07:09:01,1,莲花池,双花园
57,11,17,2019-06-03 07:11:01,1,达官营,板章路
57,11,14,2019-06-03 07:11:01,1,达官营,菜市口西
57,11,12,2019-06-03 07:11:01,1,达官营,广安门内
57,11,12,2019-06-03 07:11:01,1,达官营,广安门内
57,11,28,2019-06-03 07:11:01,1,达官营,垂杨柳
57,11,12,2019-06-03 07:12:01,1,达官营,广安门内
57,11,12,2019-06-03 07:12:01,1,达官营,广安门内
57,12,22,2019-06-03 07:16:01,1,广安门内,磁器口西
57,12,15,2019-06-03 07:16:01,1,广安门内,虎坊桥路口西
57,12,17,2019-06-03 07:16:01,1,广安门内,板章路
57,12,15,2019-06-03 07:16:01,1,广安门内,虎坊桥路口西
57,12,14,2019-06-03 07:16:01,1,广安门内,菜市口西
57,12,17,2019-06-03 07:16:01,1,广安门内,板章路
57,12,13,2019-06-03 07:16:01,1,广安门内,牛街路口东
57,12,14,2019-06-03 07:16:01,1,广安门内,菜市口西
57,12,27,2019-06-03 07:16:01,1,广安门内,马圈
57,12,31,2019-06-03 07:16:01,1,广安门内,大北窑南
57,13,21,2019-06-03 07:19:01,1,牛街路口东,水道子
57,13,34,2019-06-03 07:19:01,1,牛街路口东,四惠枢纽站
57,13,34,2019-06-03 07:19:01,1,牛街路口东,四惠枢纽站
57,13,32,2019-06-03 07:19:01,1,牛街路口东,大北窑东
57,13,31,2019-06-03 07:19:01,1,牛街路口东,大北窑南
57,13,32,2019-06-03 07:19:01,1,牛街路口东,大北窑东
57,13,32,2019-06-03 07:19:01,1,牛街路口东,大北窑东
57,14,16,2019-06-03 07:22:01,1,菜市口西,虎坊桥路口东
57,14,22,2019-06-03 07:22:01,1,菜市口西,磁器口西
57,14,17,2019-06-03 07:22:01,1,菜市口西,板章路
57,14,17,2019-06-03 07:22:01,1,菜市口西,板章路
57,14,29,2019-06-03 07:22:01,1,菜市口西,双井桥北
57,14,25,2019-06-03 07:22:01,1,菜市口西,安化楼
57,14,29,2019-06-03 07:22:01,1,菜市口西,双井桥北
57,14,29,2019-06-03 07:22:01,1,菜市口西,双井桥北
57,14,32,2019-06-03 07:22:01,1,菜市口西,大北窑东
57,15,23,2019-06-03 07:25:01,1,虎坊桥路口西,榄杆市
57,16,23,2019-06-03 07:26:01,1,虎坊桥路口东,榄杆市
57,16,24,2019-06-03 07:26:01,1,虎坊桥路口东,培新街
57,16,31,2019-06-03 07:26:01,1,虎坊桥路口东,大北窑南
57,16,31,2019-06-03 07:26:01,1,虎坊桥路口东,大北窑南
57,17,34,2019-06-03 07:27:01,1,板章路,四惠枢纽站
57,17,18,2019-06-03 07:28:01,1,板章路,过街楼
57,17,27,2019-06-03 07:28:01,1,板章路,马圈
57,19,23,2019-06-03 07:30:01,1,东城三里河,榄杆市
57,19,33,2019-06-03 07:30:01,1,东城三里河,郎家园
57,18,28,2019-06-03 07:30:01,1,过街楼,垂杨柳
57,20,23,2019-06-03 07:31:01,1,桥湾,榄杆市
57,20,23,2019-06-03 07:31:01,1,桥湾,榄杆市
57,22,25,2019-06-03 07:33:01,1,磁器口西,安化楼
57,21,28,2019-06-03 07:33:01,1,水道子,垂杨柳
57,22,28,2019-06-03 07:34:01,1,磁器口西,垂杨柳
57,22,25,2019-06-03 07:34:01,1,磁器口西,安化楼
57,22,32,2019-06-03 07:34:01,1,磁器口西,大北窑东
57,22,32,2019-06-03 07:34:01,1,磁器口西,大北窑东
57,23,31,2019-06-03 07:36:01,1,榄杆市,大北窑南
57,23,31,2019-06-03 07:36:01,1,榄杆市,大北窑南
57,23,32,2019-06-03 07:36:01,1,榄杆市,大北窑东
57,23,31,2019-06-03 07:36:01,1,榄杆市,大北窑南
57,23,28,2019-06-03 07:37:01,1,榄杆市,垂杨柳
57,23,28,2019-06-03 07:37:01,1,榄杆市,垂杨柳
57,23,24,2019-06-03 07:37:01,1,榄杆市,培新街
57,24,32,2019-06-03 07:37:01,1,培新街,大北窑东
57,24,33,2019-06-03 07:41:01,1,培新街,郎家园
57,25,32,2019-06-03 07:41:01,1,安化楼,大北窑东
57,24,25,2019-06-03 07:41:01,1,培新街,安化楼
57,24,25,2019-06-03 07:41:01,1,培新街,安化楼
57,24,27,2019-06-03 07:41:01,1,培新街,马圈
57,24,31,2019-06-03 07:41:01,1,培新街,大北窑南
57,24,30,2019-06-03 07:41:01,1,培新街,双花园
57,25,33,2019-06-03 07:42:01,1,安化楼,郎家园
57,25,34,2019-06-03 07:42:01,1,安化楼,四惠枢纽站
57,25,32,2019-06-03 07:42:01,1,安化楼,大北窑东
57,25,34,2019-06-03 07:42:01,1,安化楼,四惠枢纽站
57,25,29,2019-06-03 07:42:01,1,安化楼,双井桥北
57,25,29,2019-06-03 07:42:01,1,安化楼,双井桥北
57,25,33,2019-06-03 07:42:01,1,安化楼,郎家园
57,25,29,2019-06-03 07:42:01,1,安化楼,双井桥北
57,25,31,2019-06-03 07:42:01,1,安化楼,大北窑南
57,25,31,2019-06-03 07:42:01,1,安化楼,大北窑南
57,25,29,2019-06-03 07:42:01,1,安化楼,双井桥北
57,25,31,2019-06-03 07:42:01,1,安化楼,大北窑南
57,27,30,2019-06-03 07:45:01,1,马圈,双花园
57,27,32,2019-06-03 07:45:01,1,马圈,大北窑东
57,27,33,2019-06-03 07:46:01,1,马圈,郎家园
57,27,33,2019-06-03 07:46:01,1,马圈,郎家园
57,27,34,2019-06-03 07:46:01,1,马圈,四惠枢纽站
57,27,33,2019-06-03 07:46:01,1,马圈,郎家园
57,27,33,2019-06-03 07:46:01,1,马圈,郎家园
57,27,33,2019-06-03 07:46:01,1,马圈,郎家园
57,27,33,2019-06-03 07:46:01,1,马圈,郎家园
57,27,33,2019-06-03 07:46:01,1,马圈,郎家园
57,27,33,2019-06-03 07:46:01,1,马圈,郎家园
57,27,27,2019-06-03 07:46:01,1,马圈,马圈
57,27,28,2019-06-03 07:46:01,1,马圈,垂杨柳
57,27,30,2019-06-03 07:46:01,1,马圈,双花园
57,27,30,2019-06-03 07:46:01,1,马圈,双花园
57,27,31,2019-06-03 07:46:01,1,马圈,大北窑南
57,27,31,2019-06-03 07:46:01,1,马圈,大北窑南
57,27,32,2019-06-03 07:46:01,1,马圈,大北窑东
57,27,32,2019-06-03 07:46:01,1,马圈,大北窑东
57,28,34,2019-06-03 07:47:01,1,垂杨柳,四惠枢纽站
57,28,30,2019-06-03 07:47:01,1,垂杨柳,双花园
57,28,30,2019-06-03 07:47:01,1,垂杨柳,双花园
57,28,31,2019-06-03 07:47:01,1,垂杨柳,大北窑南
57,29,29,2019-06-03 07:51:01,1,双井桥北,双井桥北
57,29,34,2019-06-03 07:52:01,1,双井桥北,四惠枢纽站
57,30,34,2019-06-03 07:53:01,1,双花园,四惠枢纽站
57,30,32,2019-06-03 07:53:01,1,双花园,大北窑东
57,30,33,2019-06-03 07:58:01,1,双花园,郎家园
57,30,33,2019-06-03 07:58:01,1,双花园,郎家园
57,30,33,2019-06-03 07:58:01,1,双花园,郎家园
57,30,34,2019-06-03 07:58:01,1,双花园,四惠枢纽站
57,30,32,2019-06-03 07:58:01,1,双花园,大北窑东
57,30,31,2019-06-03 07:58:01,1,双花园,大北窑南
57,31,34,2019-06-03 08:05:01,1,大北窑南,四惠枢纽站
57,31,34,2019-06-03 08:05:01,1,大北窑南,四惠枢纽站
57,31,33,2019-06-03 08:05:01,1,大北窑南,郎家园
57,31,34,2019-06-03 08:05:01,1,大北窑南,四惠枢纽站
57,31,32,2019-06-03 08:05:01,1,大北窑南,大北窑东
57,6,12,2019-06-03 07:18:01,1,小井路口东,广安门内
57,6,12,2019-06-03 07:19:01,1,小井路口东,广安门内
57,6,12,2019-06-03 07:19:01,1,小井路口东,广安门内
57,6,12,2019-06-03 07:19:01,1,小井路口东,广安门内
57,6,11,2019-06-03 07:21:01,1,小井路口东,达官营
57,6,8,2019-06-03 07:22:01,1,小井路口东,六里桥东
57,1,6,2019-06-03 08:21:01,1,靛厂新村,小井路口东
57,1,5,2019-06-03 08:21:01,1,靛厂新村,白塔村
57,1,6,2019-06-03 08:21:01,1,靛厂新村,小井路口东
57,1,5,2019-06-03 08:21:01,1,靛厂新村,白塔村
57,1,6,2019-06-03 08:21:01,1,靛厂新村,小井路口东
57,1,6,2019-06-03 08:21:01,1,靛厂新村,小井路口东
57,1,6,2019-06-03 08:21:01,1,靛厂新村,小井路口东
57,1,6,2019-06-03 08:21:01,1,靛厂新村,小井路口东
57,1,6,2019-06-03 08:21:01,1,靛厂新村,小井路口东
57,1,5,2019-06-03 08:21:01,1,靛厂新村,白塔村
57,1,26,2019-06-03 08:21:01,1,靛厂新村,广渠门内
57,1,31,2019-06-03 08:21:01,1,靛厂新村,大北窑南
57,1,6,2019-06-03 08:21:01,1,靛厂新村,小井路口东
57,1,7,2019-06-03 08:21:01,1,靛厂新村,六里桥西
57,1,8,2019-06-03 08:21:01,1,靛厂新村,六里桥东
57,1,6,2019-06-03 08:21:01,1,靛厂新村,小井路口东
57,1,12,2019-06-03 08:21:01,1,靛厂新村,广安门内
57,1,15,2019-06-03 08:21:01,1,靛厂新村,虎坊桥路口西
57,1,15,2019-06-03 08:21:01,1,靛厂新村,虎坊桥路口西
57,1,15,2019-06-03 08:21:01,1,靛厂新村,虎坊桥路口西
57,1,15,2019-06-03 08:21:01,1,靛厂新村,虎坊桥路口西
57,1,10,2019-06-03 08:21:01,1,靛厂新村,湾子
57,1,10,2019-06-03 08:21:01,1,靛厂新村,湾子
57,1,12,2019-06-03 08:21:01,1,靛厂新村,广安门内
57,1,8,2019-06-03 08:23:01,1,靛厂新村,六里桥东
57,1,8,2019-06-03 08:23:01,1,靛厂新村,六里桥东
57,1,12,2019-06-03 08:23:01,1,靛厂新村,广安门内
57,1,12,2019-06-03 08:23:01,1,靛厂新村,广安门内
57,3,6,2019-06-03 08:27:01,1,靛厂村南站,小井路口东
57,3,6,2019-06-03 08:27:01,1,靛厂村南站,小井路口东
57,3,6,2019-06-03 08:27:01,1,靛厂村南站,小井路口东
57,3,6,2019-06-03 08:27:01,1,靛厂村南站,小井路口东
57,3,9,2019-06-03 08:27:01,1,靛厂村南站,莲花池
57,3,13,2019-06-03 08:27:01,1,靛厂村南站,牛街路口东
57,3,13,2019-06-03 08:27:01,1,靛厂村南站,牛街路口东
57,3,13,2019-06-03 08:27:01,1,靛厂村南站,牛街路口东
57,3,13,2019-06-03 08:27:01,1,靛厂村南站,牛街路口东
57,3,13,2019-06-03 08:27:01,1,靛厂村南站,牛街路口东
57,3,12,2019-06-03 08:27:01,1,靛厂村南站,广安门内
57,3,10,2019-06-03 08:27:01,1,靛厂村南站,湾子
57,2,6,2019-06-03 08:28:01,1,岳各庄东路北口,小井路口东
57,2,6,2019-06-03 08:28:01,1,岳各庄东路北口,小井路口东
57,2,8,2019-06-03 08:28:01,1,岳各庄东路北口,六里桥东
57,2,6,2019-06-03 08:28:01,1,岳各庄东路北口,小井路口东
57,3,15,2019-06-03 08:28:01,1,靛厂村南站,虎坊桥路口西
57,2,14,2019-06-03 08:28:01,1,岳各庄东路北口,菜市口西
57,3,10,2019-06-03 08:28:01,1,靛厂村南站,湾子
57,5,13,2019-06-03 08:30:01,1,白塔村,牛街路口东
57,6,6,2019-06-03 08:34:01,1,小井路口东,小井路口东
57,6,22,2019-06-03 08:34:01,1,小井路口东,磁器口西
57,6,8,2019-06-03 08:34:01,1,小井路口东,六里桥东
57,6,10,2019-06-03 08:34:01,1,小井路口东,湾子
57,6,10,2019-06-03 08:34:01,1,小井路口东,湾子
57,6,7,2019-06-03 08:36:01,1,小井路口东,六里桥西
57,6,7,2019-06-03 08:36:01,1,小井路口东,六里桥西
57,6,10,2019-06-03 08:36:01,1,小井路口东,湾子
57,6,9,2019-06-03 08:36:01,1,小井路口东,莲花池
57,6,9,2019-06-03 08:36:01,1,小井路口东,莲花池
57,6,13,2019-06-03 08:36:01,1,小井路口东,牛街路口东
57,6,10,2019-06-03 08:36:01,1,小井路口东,湾子
57,6,10,2019-06-03 08:36:01,1,小井路口东,湾子
57,6,10,2019-06-03 08:36:01,1,小井路口东,湾子
57,8,26,2019-06-03 08:49:01,1,六里桥东,广渠门内
57,8,31,2019-06-03 08:49:01,1,六里桥东,大北窑南
57,8,29,2019-06-03 08:49:01,1,六里桥东,双井桥北
57,8,29,2019-06-03 08:49:01,1,六里桥东,双井桥北
57,8,31,2019-06-03 08:49:01,1,六里桥东,大北窑南
57,8,26,2019-06-03 08:49:01,1,六里桥东,广渠门内
57,8,22,2019-06-03 08:49:01,1,六里桥东,磁器口西
57,8,9,2019-06-03 08:49:01,1,六里桥东,莲花池
57,8,8,2019-06-03 08:49:01,1,六里桥东,六里桥东
57,8,12,2019-06-03 08:49:01,1,六里桥东,广安门内
57,8,13,2019-06-03 08:49:01,1,六里桥东,牛街路口东
57,8,13,2019-06-03 08:49:01,1,六里桥东,牛街路口东
57,8,15,2019-06-03 08:49:01,1,六里桥东,虎坊桥路口西
57,8,12,2019-06-03 08:49:01,1,六里桥东,广安门内
57,8,29,2019-06-03 08:49:01,1,六里桥东,双井桥北
57,8,12,2019-06-03 08:49:01,1,六里桥东,广安门内
57,8,10,2019-06-03 08:49:01,1,六里桥东,湾子
57,8,31,2019-06-03 08:50:01,1,六里桥东,大北窑南
57,8,31,2019-06-03 08:50:01,1,六里桥东,大北窑南
57,8,22,2019-06-03 08:50:01,1,六里桥东,磁器口西
57,8,22,2019-06-03 08:50:01,1,六里桥东,磁器口西
57,8,19,2019-06-03 08:50:01,1,六里桥东,东城三里河
57,8,19,2019-06-03 08:50:01,1,六里桥东,东城三里河
57,8,22,2019-06-03 08:50:01,1,六里桥东,磁器口西
57,8,22,2019-06-03 08:50:01,1,六里桥东,磁器口西
57,8,10,2019-06-03 08:50:01,1,六里桥东,湾子
57,8,8,2019-06-03 08:50:01,1,六里桥东,六里桥东
57,8,8,2019-06-03 08:50:01,1,六里桥东,六里桥东
57,8,9,2019-06-03 08:50:01,1,六里桥东,莲花池
57,8,8,2019-06-03 08:50:01,1,六里桥东,六里桥东
57,8,12,2019-06-03 08:50:01,1,六里桥东,广安门内
57,8,15,2019-06-03 08:50:01,1,六里桥东,虎坊桥路口西
57,8,13,2019-06-03 08:50:01,1,六里桥东,牛街路口东
57,8,15,2019-06-03 08:50:01,1,六里桥东,虎坊桥路口西
57,8,22,2019-06-03 08:50:01,1,六里桥东,磁器口西
57,8,26,2019-06-03 08:50:01,1,六里桥东,广渠门内
57,8,10,2019-06-03 08:50:01,1,六里桥东,湾子
57,9,19,2019-06-03 08:54:01,1,莲花池,东城三里河
57,9,13,2019-06-03 08:54:01,1,莲花池,牛街路口东
57,9,15,2019-06-03 08:54:01,1,莲花池,虎坊桥路口西
57,9,12,2019-06-03 08:54:01,1,莲花池,广安门内
57,9,26,2019-06-03 08:54:01,1,莲花池,广渠门内
57,9,10,2019-06-03 08:54:01,1,莲花池,湾子
57,10,31,2019-06-03 08:57:01,1,湾子,大北窑南
57,10,14,2019-06-03 08:57:01,1,湾子,菜市口西
57,10,13,2019-06-03 08:57:01,1,湾子,牛街路口东
57,10,12,2019-06-03 08:57:01,1,湾子,广安门内
57,10,26,2019-06-03 08:57:01,1,湾子,广渠门内
57,10,26,2019-06-03 08:57:01,1,湾子,广渠门内
57,10,10,2019-06-03 08:57:01,1,湾子,湾子
57,10,15,2019-06-03 08:58:01,1,湾子,虎坊桥路口西
57,10,15,2019-06-03 08:58:01,1,湾子,虎坊桥路口西
57,10,29,2019-06-03 08:58:01,1,湾子,双井桥北
57,10,26,2019-06-03 08:59:01,1,湾子,广渠门内
57,10,31,2019-06-03 08:59:01,1,湾子,大北窑南
57,10,15,2019-06-03 08:59:01,1,湾子,虎坊桥路口西
57,10,15,2019-06-03 08:59:01,1,湾子,虎坊桥路口西
57,10,10,2019-06-03 08:59:01,1,湾子,湾子
57,10,12,2019-06-03 08:59:01,1,湾子,广安门内
57,10,10,2019-06-03 08:59:01,1,湾子,湾子
57,10,12,2019-06-03 08:59:01,1,湾子,广安门内
57,10,12,2019-06-03 08:59:01,1,湾子,广安门内
57,10,20,2019-06-03 09:00:01,1,湾子,桥湾
57,10,12,2019-06-03 09:00:01,1,湾子,广安门内
57,10,12,2019-06-03 09:00:01,1,湾子,广安门内
57,10,10,2019-06-03 09:00:01,1,湾子,湾子
57,10,12,2019-06-03 09:00:01,1,湾子,广安门内
57,10,12,2019-06-03 09:00:01,1,湾子,广安门内
57,10,12,2019-06-03 09:00:01,1,湾子,广安门内
57,10,10,2019-06-03 09:00:01,1,湾子,湾子
57,10,12,2019-06-03 09:00:01,1,湾子,广安门内
57,12,19,2019-06-03 09:01:01,1,广安门内,东城三里河
57,12,26,2019-06-03 09:02:01,1,广安门内,广渠门内
57,12,26,2019-06-03 09:02:01,1,广安门内,广渠门内
57,12,13,2019-06-03 09:02:01,1,广安门内,牛街路口东
57,12,12,2019-06-03 09:02:01,1,广安门内,广安门内
57,12,15,2019-06-03 09:02:01,1,广安门内,虎坊桥路口西
57,12,26,2019-06-03 09:02:01,1,广安门内,广渠门内
57,12,15,2019-06-03 09:03:01,1,广安门内,虎坊桥路口西
57,13,31,2019-06-03 09:05:01,1,牛街路口东,大北窑南
57,13,31,2019-06-03 09:05:01,1,牛街路口东,大北窑南
57,13,19,2019-06-03 09:05:01,1,牛街路口东,东城三里河
57,13,15,2019-06-03 09:05:01,1,牛街路口东,虎坊桥路口西
57,13,13,2019-06-03 09:05:01,1,牛街路口东,牛街路口东
57,13,26,2019-06-03 09:05:01,1,牛街路口东,广渠门内
57,13,26,2019-06-03 09:05:01,1,牛街路口东,广渠门内
57,13,19,2019-06-03 09:06:01,1,牛街路口东,东城三里河
57,14,31,2019-06-03 09:08:01,1,菜市口西,大北窑南
57,14,19,2019-06-03 09:08:01,1,菜市口西,东城三里河
57,14,14,2019-06-03 09:08:01,1,菜市口西,菜市口西
57,14,31,2019-06-03 09:08:01,1,菜市口西,大北窑南
57,15,26,2019-06-03 09:10:01,1,虎坊桥路口西,广渠门内
57,15,31,2019-06-03 09:11:01,1,虎坊桥路口西,大北窑南
57,15,29,2019-06-03 09:11:01,1,虎坊桥路口西,双井桥北
57,15,22,2019-06-03 09:11:01,1,虎坊桥路口西,磁器口西
57,15,22,2019-06-03 09:11:01,1,虎坊桥路口西,磁器口西
57,15,22,2019-06-03 09:12:01,1,虎坊桥路口西,磁器口西
57,15,31,2019-06-03 09:12:01,1,虎坊桥路口西,大北窑南
57,15,19,2019-06-03 09:12:01,1,虎坊桥路口西,东城三里河
57,15,31,2019-06-03 09:13:01,1,虎坊桥路口西,大北窑南
57,15,22,2019-06-03 09:13:01,1,虎坊桥路口西,磁器口西
57,15,22,2019-06-03 09:13:01,1,虎坊桥路口西,磁器口西
57,15,15,2019-06-03 09:13:01,1,虎坊桥路口西,虎坊桥路口西
57,15,22,2019-06-03 09:13:01,1,虎坊桥路口西,磁器口西
57,15,19,2019-06-03 09:13:01,1,虎坊桥路口西,东城三里河
57,15,19,2019-06-03 09:13:01,1,虎坊桥路口西,东城三里河
57,15,26,2019-06-03 09:13:01,1,虎坊桥路口西,广渠门内
57,15,29,2019-06-03 09:13:01,1,虎坊桥路口西,双井桥北
57,15,22,2019-06-03 09:16:01,1,虎坊桥路口西,磁器口西
57,15,19,2019-06-03 09:16:01,1,虎坊桥路口西,东城三里河
57,19,22,2019-06-03 09:20:01,1,东城三里河,磁器口西
57,19,19,2019-06-03 09:20:01,1,东城三里河,东城三里河
57,19,29,2019-06-03 09:20:01,1,东城三里河,双井桥北
57,19,19,2019-06-03 09:22:01,1,东城三里河,东城三里河
57,19,19,2019-06-03 09:25:01,1,东城三里河,东城三里河
57,19,22,2019-06-03 09:25:01,1,东城三里河,磁器口西
57,22,22,2019-06-03 09:26:01,1,磁器口西,磁器口西
57,22,31,2019-06-03 09:26:01,1,磁器口西,大北窑南
57,22,22,2019-06-03 09:26:01,1,磁器口西,磁器口西
57,22,22,2019-06-03 09:26:01,1,磁器口西,磁器口西
57,22,26,2019-06-03 09:26:01,1,磁器口西,广渠门内
57,22,22,2019-06-03 09:26:01,1,磁器口西,磁器口西
57,22,22,2019-06-03 09:29:01,1,磁器口西,磁器口西
57,22,26,2019-06-03 09:29:01,1,磁器口西,广渠门内
57,22,26,2019-06-03 09:29:01,1,磁器口西,广渠门内
57,22,26,2019-06-03 09:29:01,1,磁器口西,广渠门内
57,5,10,2019-06-03 06:31:01,1,白塔村,湾子
57,6,9,2019-06-03 06:35:01,1,小井路口东,莲花池
57,6,12,2019-06-03 06:35:01,1,小井路口东,广安门内
57,6,13,2019-06-03 06:35:01,1,小井路口东,牛街路口东
57,6,6,2019-06-03 06:35:01,1,小井路口东,小井路口东
57,6,8,2019-06-03 06:35:01,1,小井路口东,六里桥东
57,6,9,2019-06-03 06:35:01,1,小井路口东,莲花池
57,6,15,2019-06-03 06:35:01,1,小井路口东,虎坊桥路口西
57,6,25,2019-06-03 06:35:01,1,小井路口东,安化楼
57,6,31,2019-06-03 06:35:01,1,小井路口东,大北窑南
57,6,17,2019-06-03 06:35:01,1,小井路口东,板章路
57,6,9,2019-06-03 06:36:01,1,小井路口东,莲花池
57,6,8,2019-06-03 06:36:01,1,小井路口东,六里桥东
57,6,14,2019-06-03 06:36:01,1,小井路口东,菜市口西
57,6,15,2019-06-03 06:36:01,1,小井路口东,虎坊桥路口西
57,6,19,2019-06-03 06:36:01,1,小井路口东,东城三里河
57,6,12,2019-06-03 06:38:01,1,小井路口东,广安门内
57,6,10,2019-06-03 06:38:01,1,小井路口东,湾子
57,6,12,2019-06-03 06:38:01,1,小井路口东,广安门内
57,6,26,2019-06-03 06:38:01,1,小井路口东,广渠门内
57,6,15,2019-06-03 06:38:01,1,小井路口东,虎坊桥路口西
57,8,12,2019-06-03 06:41:01,1,六里桥东,广安门内
57,8,12,2019-06-03 06:41:01,1,六里桥东,广安门内
57,8,13,2019-06-03 06:41:01,1,六里桥东,牛街路口东
57,8,12,2019-06-03 06:41:01,1,六里桥东,广安门内
57,8,10,2019-06-03 06:41:01,1,六里桥东,湾子
57,8,12,2019-06-03 06:41:01,1,六里桥东,广安门内
57,8,9,2019-06-03 06:41:01,1,六里桥东,莲花池
57,8,12,2019-06-03 06:41:01,1,六里桥东,广安门内
57,8,10,2019-06-03 06:41:01,1,六里桥东,湾子
57,8,16,2019-06-03 06:41:01,1,六里桥东,虎坊桥路口东
57,8,17,2019-06-03 06:41:01,1,六里桥东,板章路
57,8,16,2019-06-03 06:41:01,1,六里桥东,虎坊桥路口东
57,8,19,2019-06-03 06:41:01,1,六里桥东,东城三里河
57,9,13,2019-06-03 06:45:01,1,莲花池,牛街路口东
57,9,29,2019-06-03 06:45:01,1,莲花池,双井桥北
57,9,21,2019-06-03 06:45:01,1,莲花池,水道子
57,9,16,2019-06-03 06:45:01,1,莲花池,虎坊桥路口东
57,10,10,2019-06-03 06:47:01,1,湾子,湾子
57,10,29,2019-06-03 06:47:01,1,湾子,双井桥北
57,10,31,2019-06-03 06:47:01,1,湾子,大北窑南
57,10,18,2019-06-03 06:47:01,1,湾子,过街楼
57,10,12,2019-06-03 06:48:01,1,湾子,广安门内
57,10,16,2019-06-03 06:48:01,1,湾子,虎坊桥路口东
57,10,18,2019-06-03 06:48:01,1,湾子,过街楼
57,10,13,2019-06-03 06:48:01,1,湾子,牛街路口东
57,10,16,2019-06-03 06:48:01,1,湾子,虎坊桥路口东
57,10,22,2019-06-03 06:48:01,1,湾子,磁器口西
57,10,13,2019-06-03 06:48:01,1,湾子,牛街路口东
57,11,12,2019-06-03 06:49:01,1,达官营,广安门内
57,11,22,2019-06-03 06:49:01,1,达官营,磁器口西
57,11,34,2019-06-03 06:49:01,1,达官营,四惠枢纽站
57,11,22,2019-06-03 06:49:01,1,达官营,磁器口西
57,12,12,2019-06-03 06:52:01,1,广安门内,广安门内
57,12,24,2019-06-03 06:52:01,1,广安门内,培新街
57,12,12,2019-06-03 06:52:01,1,广安门内,广安门内
57,13,13,2019-06-03 06:53:01,1,牛街路口东,牛街路口东
57,13,20,2019-06-03 06:54:01,1,牛街路口东,桥湾
57,13,16,2019-06-03 06:54:01,1,牛街路口东,虎坊桥路口东
57,13,32,2019-06-03 06:54:01,1,牛街路口东,大北窑东
57,13,23,2019-06-03 06:54:01,1,牛街路口东,榄杆市
57,14,28,2019-06-03 06:56:01,1,菜市口西,垂杨柳
57,14,28,2019-06-03 06:56:01,1,菜市口西,垂杨柳
57,14,28,2019-06-03 06:56:01,1,菜市口西,垂杨柳
57,14,30,2019-06-03 06:56:01,1,菜市口西,双花园
57,15,17,2019-06-03 06:57:01,1,虎坊桥路口西,板章路
57,15,15,2019-06-03 06:57:01,1,虎坊桥路口西,虎坊桥路口西
57,16,28,2019-06-03 07:01:01,1,虎坊桥路口东,垂杨柳
57,16,29,2019-06-03 07:02:01,1,虎坊桥路口东,双井桥北
57,17,27,2019-06-03 07:03:01,1,板章路,马圈
57,18,28,2019-06-03 07:07:01,1,过街楼,垂杨柳
57,22,26,2019-06-03 07:10:01,1,磁器口西,广渠门内
57,24,29,2019-06-03 07:14:01,1,培新街,双井桥北
57,24,29,2019-06-03 07:14:01,1,培新街,双井桥北
57,24,28,2019-06-03 07:14:01,1,培新街,垂杨柳
57,24,29,2019-06-03 07:14:01,1,培新街,双井桥北
57,24,29,2019-06-03 07:14:01,1,培新街,双井桥北
57,25,29,2019-06-03 07:16:01,1,安化楼,双井桥北
57,26,29,2019-06-03 07:16:01,1,广渠门内,双井桥北
57,25,26,2019-06-03 07:16:01,1,安化楼,广渠门内
57,26,29,2019-06-03 07:16:01,1,广渠门内,双井桥北
57,26,26,2019-06-03 07:16:01,1,广渠门内,广渠门内
57,26,29,2019-06-03 07:16:01,1,广渠门内,双井桥北
57,27,28,2019-06-03 07:17:01,1,马圈,垂杨柳
57,26,29,2019-06-03 07:17:01,1,广渠门内,双井桥北
57,26,27,2019-06-03 07:17:01,1,广渠门内,马圈
57,27,27,2019-06-03 07:17:01,1,马圈,马圈
57,26,32,2019-06-03 07:17:01,1,广渠门内,大北窑东
57,26,34,2019-06-03 07:17:01,1,广渠门内,四惠枢纽站
57,26,31,2019-06-03 07:17:01,1,广渠门内,大北窑南
57,27,32,2019-06-03 07:17:01,1,马圈,大北窑东
57,27,28,2019-06-03 07:17:01,1,马圈,垂杨柳
57,27,29,2019-06-03 07:19:01,1,马圈,双井桥北
57,27,32,2019-06-03 07:19:01,1,马圈,大北窑东
57,27,32,2019-06-03 07:19:01,1,马圈,大北窑东
57,28,32,2019-06-03 07:20:01,1,垂杨柳,大北窑东
57,29,34,2019-06-03 07:25:01,1,双井桥北,四惠枢纽站
57,29,32,2019-06-03 07:25:01,1,双井桥北,大北窑东
57,29,34,2019-06-03 07:25:01,1,双井桥北,四惠枢纽站
57,30,34,2019-06-03 07:26:01,1,双花园,四惠枢纽站
57,30,34,2019-06-03 07:26:01,1,双花园,四惠枢纽站
57,30,32,2019-06-03 07:26:01,1,双花园,大北窑东
57,30,34,2019-06-03 07:26:01,1,双花园,四惠枢纽站
57,32,32,2019-06-03 07:31:01,1,大北窑东,大北窑东
57,32,34,2019-06-03 07:33:01,1,大北窑东,四惠枢纽站
57,32,32,2019-06-03 07:33:01,1,大北窑东,大北窑东
57,32,32,2019-06-03 07:34:01,1,大北窑东,大北窑东
57,1,16,2019-06-03 07:34:01,1,靛厂新村,虎坊桥路口东
57,1,13,2019-06-03 07:34:01,1,靛厂新村,牛街路口东
57,1,16,2019-06-03 07:34:01,1,靛厂新村,虎坊桥路口东
57,1,2,2019-06-03 07:35:01,1,靛厂新村,岳各庄东路北口
57,1,13,2019-06-03 07:35:01,1,靛厂新村,牛街路口东
57,2,13,2019-06-03 07:36:01,1,岳各庄东路北口,牛街路口东
57,2,25,2019-06-03 07:36:01,1,岳各庄东路北口,安化楼
57,2,7,2019-06-03 07:36:01,1,岳各庄东路北口,六里桥西
57,2,6,2019-06-03 07:36:01,1,岳各庄东路北口,小井路口东
57,3,6,2019-06-03 07:38:01,1,靛厂村南站,小井路口东
57,4,12,2019-06-03 07:38:01,1,水衙沟路东口,广安门内
57,3,11,2019-06-03 07:38:01,1,靛厂村南站,达官营
57,3,11,2019-06-03 07:38:01,1,靛厂村南站,达官营
57,4,6,2019-06-03 07:39:01,1,水衙沟路东口,小井路口东
57,4,6,2019-06-03 07:39:01,1,水衙沟路东口,小井路口东
57,6,14,2019-06-03 07:43:01,1,小井路口东,菜市口西
57,6,10,2019-06-03 07:43:01,1,小井路口东,湾子
57,6,10,2019-06-03 07:43:01,1,小井路口东,湾子
57,7,21,2019-06-03 07:47:01,1,六里桥西,水道子
57,7,11,2019-06-03 07:47:01,1,六里桥西,达官营
57,7,14,2019-06-03 07:52:01,1,六里桥西,菜市口西
57,7,12,2019-06-03 07:52:01,1,六里桥西,广安门内
57,7,20,2019-06-03 07:52:01,1,六里桥西,桥湾
57,7,25,2019-06-03 07:52:01,1,六里桥西,安化楼
57,7,25,2019-06-03 07:52:01,1,六里桥西,安化楼
57,7,25,2019-06-03 07:52:01,1,六里桥西,安化楼
57,7,15,2019-06-03 07:52:01,1,六里桥西,虎坊桥路口西
57,7,16,2019-06-03 07:52:01,1,六里桥西,虎坊桥路口东
57,7,10,2019-06-03 07:52:01,1,六里桥西,湾子
57,7,10,2019-06-03 07:52:01,1,六里桥西,湾子
57,7,13,2019-06-03 07:53:01,1,六里桥西,牛街路口东
57,7,13,2019-06-03 07:53:01,1,六里桥西,牛街路口东
57,7,24,2019-06-03 07:53:01,1,六里桥西,培新街
57,7,10,2019-06-03 07:53:01,1,六里桥西,湾子
57,9,15,2019-06-03 07:56:01,1,莲花池,虎坊桥路口西
57,9,12,2019-06-03 07:56:01,1,莲花池,广安门内
57,10,21,2019-06-03 08:01:01,1,湾子,水道子
57,10,19,2019-06-03 08:01:01,1,湾子,东城三里河
57,10,12,2019-06-03 08:01:01,1,湾子,广安门内
57,10,16,2019-06-03 08:01:01,1,湾子,虎坊桥路口东
57,10,19,2019-06-03 08:01:01,1,湾子,东城三里河
57,11,12,2019-06-03 08:01:01,1,达官营,广安门内
57,10,11,2019-06-03 08:01:01,1,湾子,达官营
57,10,12,2019-06-03 08:01:01,1,湾子,广安门内
57,11,19,2019-06-03 08:03:01,1,达官营,东城三里河
57,11,13,2019-06-03 08:03:01,1,达官营,牛街路口东
57,11,17,2019-06-03 08:03:01,1,达官营,板章路
57,11,24,2019-06-03 08:03:01,1,达官营,培新街
57,12,19,2019-06-03 08:07:01,1,广安门内,东城三里河
57,12,19,2019-06-03 08:07:01,1,广安门内,东城三里河
57,13,24,2019-06-03 08:12:01,1,牛街路口东,培新街
57,14,25,2019-06-03 08:15:01,1,菜市口西,安化楼
57,14,16,2019-06-03 08:15:01,1,菜市口西,虎坊桥路口东
57,16,25,2019-06-03 08:20:01,1,虎坊桥路口东,安化楼
57,16,18,2019-06-03 08:20:01,1,虎坊桥路口东,过街楼
57,16,24,2019-06-03 08:20:01,1,虎坊桥路口东,培新街
57,17,25,2019-06-03 08:22:01,1,板章路,安化楼
57,17,19,2019-06-03 08:22:01,1,板章路,东城三里河
57,18,18,2019-06-03 08:29:01,1,过街楼,过街楼
57,1,13,2019-06-03 06:32:01,1,靛厂新村,牛街路口东
57,1,10,2019-06-03 06:32:01,1,靛厂新村,湾子
57,1,10,2019-06-03 06:32:01,1,靛厂新村,湾子
57,1,11,2019-06-03 06:32:01,1,靛厂新村,达官营
57,2,2,2019-06-03 06:32:01,1,岳各庄东路北口,岳各庄东路北口
57,2,8,2019-06-03 06:33:01,1,岳各庄东路北口,六里桥东
57,3,5,2019-06-03 06:33:01,1,靛厂村南站,白塔村
57,3,5,2019-06-03 06:34:01,1,靛厂村南站,白塔村
57,4,8,2019-06-03 06:35:01,1,水衙沟路东口,六里桥东
57,4,8,2019-06-03 06:35:01,1,水衙沟路东口,六里桥东
57,4,8,2019-06-03 06:35:01,1,水衙沟路东口,六里桥东
57,4,8,2019-06-03 06:35:01,1,水衙沟路东口,六里桥东
57,4,5,2019-06-03 06:35:01,1,水衙沟路东口,白塔村
57,4,17,2019-06-03 06:35:01,1,水衙沟路东口,板章路
57,4,16,2019-06-03 06:35:01,1,水衙沟路东口,虎坊桥路口东
57,5,24,2019-06-03 06:38:01,1,白塔村,培新街
57,5,16,2019-06-03 06:38:01,1,白塔村,虎坊桥路口东
57,5,27,2019-06-03 06:40:01,1,白塔村,马圈
57,5,13,2019-06-03 06:40:01,1,白塔村,牛街路口东
57,5,17,2019-06-03 06:41:01,1,白塔村,板章路
57,8,8,2019-06-03 06:43:01,1,六里桥东,六里桥东
57,8,8,2019-06-03 06:43:01,1,六里桥东,六里桥东
57,8,24,2019-06-03 06:43:01,1,六里桥东,培新街
57,8,24,2019-06-03 06:43:01,1,六里桥东,培新街
57,8,28,2019-06-03 06:43:01,1,六里桥东,垂杨柳
57,8,24,2019-06-03 06:43:01,1,六里桥东,培新街
57,8,27,2019-06-03 06:43:01,1,六里桥东,马圈
57,8,24,2019-06-03 06:43:01,1,六里桥东,培新街
57,8,20,2019-06-03 06:43:01,1,六里桥东,桥湾
57,8,20,2019-06-03 06:43:01,1,六里桥东,桥湾
57,8,18,2019-06-03 06:43:01,1,六里桥东,过街楼
57,8,13,2019-06-03 06:43:01,1,六里桥东,牛街路口东
57,8,16,2019-06-03 06:43:01,1,六里桥东,虎坊桥路口东
57,8,16,2019-06-03 06:43:01,1,六里桥东,虎坊桥路口东
57,8,24,2019-06-03 06:43:01,1,六里桥东,培新街
57,8,31,2019-06-03 06:43:01,1,六里桥东,大北窑南
57,8,33,2019-06-03 06:43:01,1,六里桥东,郎家园
57,8,31,2019-06-03 06:43:01,1,六里桥东,大北窑南
57,8,12,2019-06-03 06:44:01,1,六里桥东,广安门内
57,8,12,2019-06-03 06:44:01,1,六里桥东,广安门内
57,8,12,2019-06-03 06:44:01,1,六里桥东,广安门内
57,8,8,2019-06-03 06:44:01,1,六里桥东,六里桥东
57,8,9,2019-06-03 06:44:01,1,六里桥东,莲花池
57,8,12,2019-06-03 06:44:01,1,六里桥东,广安门内
57,8,8,2019-06-03 06:44:01,1,六里桥东,六里桥东
57,8,8,2019-06-03 06:44:01,1,六里桥东,六里桥东
57,8,8,2019-06-03 06:44:01,1,六里桥东,六里桥东
57,8,12,2019-06-03 06:44:01,1,六里桥东,广安门内
57,8,12,2019-06-03 06:44:01,1,六里桥东,广安门内
57,8,10,2019-06-03 06:44:01,1,六里桥东,湾子
57,8,12,2019-06-03 06:44:01,1,六里桥东,广安门内
57,8,22,2019-06-03 06:44:01,1,六里桥东,磁器口西
57,8,12,2019-06-03 06:44:01,1,六里桥东,广安门内
57,8,14,2019-06-03 06:44:01,1,六里桥东,菜市口西
57,8,15,2019-06-03 06:44:01,1,六里桥东,虎坊桥路口西
57,8,13,2019-06-03 06:44:01,1,六里桥东,牛街路口东
57,8,13,2019-06-03 06:44:01,1,六里桥东,牛街路口东
57,8,12,2019-06-03 06:44:01,1,六里桥东,广安门内
57,8,12,2019-06-03 06:44:01,1,六里桥东,广安门内
57,8,13,2019-06-03 06:44:01,1,六里桥东,牛街路口东
57,8,16,2019-06-03 06:44:01,1,六里桥东,虎坊桥路口东
57,8,29,2019-06-03 06:44:01,1,六里桥东,双井桥北
57,8,33,2019-06-03 06:44:01,1,六里桥东,郎家园
57,8,31,2019-06-03 06:44:01,1,六里桥东,大北窑南
57,8,29,2019-06-03 06:44:01,1,六里桥东,双井桥北
57,10,12,2019-06-03 06:49:01,1,湾子,广安门内
57,10,12,2019-06-03 06:49:01,1,湾子,广安门内
57,10,13,2019-06-03 06:49:01,1,湾子,牛街路口东
57,10,12,2019-06-03 06:49:01,1,湾子,广安门内
57,10,13,2019-06-03 06:51:01,1,湾子,牛街路口东
57,10,13,2019-06-03 06:51:01,1,湾子,牛街路口东
57,10,17,2019-06-03 06:52:01,1,湾子,板章路
57,11,13,2019-06-03 06:53:01,1,达官营,牛街路口东
57,11,12,2019-06-03 06:53:01,1,达官营,广安门内
57,11,11,2019-06-03 06:53:01,1,达官营,达官营
57,11,12,2019-06-03 06:53:01,1,达官营,广安门内
57,11,12,2019-06-03 06:53:01,1,达官营,广安门内
57,11,28,2019-06-03 06:53:01,1,达官营,垂杨柳
57,11,28,2019-06-03 06:53:01,1,达官营,垂杨柳
57,11,17,2019-06-03 06:53:01,1,达官营,板章路
57,11,16,2019-06-03 06:53:01,1,达官营,虎坊桥路口东
57,11,13,2019-06-03 06:53:01,1,达官营,牛街路口东
57,12,24,2019-06-03 06:56:01,1,广安门内,培新街
57,12,33,2019-06-03 06:56:01,1,广安门内,郎家园
57,12,24,2019-06-03 06:57:01,1,广安门内,培新街
57,12,13,2019-06-03 06:57:01,1,广安门内,牛街路口东
57,13,28,2019-06-03 07:00:01,1,牛街路口东,垂杨柳
57,13,28,2019-06-03 07:00:01,1,牛街路口东,垂杨柳
57,13,18,2019-06-03 07:00:01,1,牛街路口东,过街楼
57,13,24,2019-06-03 07:00:01,1,牛街路口东,培新街
57,13,16,2019-06-03 07:00:01,1,牛街路口东,虎坊桥路口东
57,13,33,2019-06-03 07:00:01,1,牛街路口东,郎家园
57,13,13,2019-06-03 07:01:01,1,牛街路口东,牛街路口东
57,13,34,2019-06-03 07:03:01,1,牛街路口东,四惠枢纽站
57,13,34,2019-06-03 07:03:01,1,牛街路口东,四惠枢纽站
57,13,31,2019-06-03 07:03:01,1,牛街路口东,大北窑南
57,13,34,2019-06-03 07:03:01,1,牛街路口东,四惠枢纽站
57,13,29,2019-06-03 07:03:01,1,牛街路口东,双井桥北
57,15,28,2019-06-03 07:05:01,1,虎坊桥路口西,垂杨柳
57,15,24,2019-06-03 07:05:01,1,虎坊桥路口西,培新街
57,15,28,2019-06-03 07:05:01,1,虎坊桥路口西,垂杨柳
57,15,17,2019-06-03 07:05:01,1,虎坊桥路口西,板章路
57,15,18,2019-06-03 07:05:01,1,虎坊桥路口西,过街楼
57,15,31,2019-06-03 07:05:01,1,虎坊桥路口西,大北窑南
57,15,31,2019-06-03 07:05:01,1,虎坊桥路口西,大北窑南
57,16,34,2019-06-03 07:08:01,1,虎坊桥路口东,四惠枢纽站
57,17,28,2019-06-03 07:10:01,1,板章路,垂杨柳
57,18,34,2019-06-03 07:13:01,1,过街楼,四惠枢纽站
57,18,33,2019-06-03 07:13:01,1,过街楼,郎家园
57,19,28,2019-06-03 07:14:01,1,东城三里河,垂杨柳
57,20,24,2019-06-03 07:14:01,1,桥湾,培新街
57,20,24,2019-06-03 07:15:01,1,桥湾,培新街
57,20,24,2019-06-03 07:15:01,1,桥湾,培新街
57,20,32,2019-06-03 07:15:01,1,桥湾,大北窑东
57,20,33,2019-06-03 07:15:01,1,桥湾,郎家园
57,22,28,2019-06-03 07:16:01,1,磁器口西,垂杨柳
57,22,22,2019-06-03 07:16:01,1,磁器口西,磁器口西
57,23,33,2019-06-03 07:18:01,1,榄杆市,郎家园
57,23,33,2019-06-03 07:18:01,1,榄杆市,郎家园
57,23,28,2019-06-03 07:18:01,1,榄杆市,垂杨柳
57,23,34,2019-06-03 07:19:01,1,榄杆市,四惠枢纽站
57,24,28,2019-06-03 07:23:01,1,培新街,垂杨柳
57,24,28,2019-06-03 07:23:01,1,培新街,垂杨柳
57,24,24,2019-06-03 07:23:01,1,培新街,培新街
57,24,34,2019-06-03 07:23:01,1,培新街,四惠枢纽站
57,24,31,2019-06-03 07:23:01,1,培新街,大北窑南
57,24,28,2019-06-03 07:23:01,1,培新街,垂杨柳
57,24,31,2019-06-03 07:23:01,1,培新街,大北窑南
57,24,27,2019-06-03 07:24:01,1,培新街,马圈
57,24,28,2019-06-03 07:24:01,1,培新街,垂杨柳
57,24,29,2019-06-03 07:24:01,1,培新街,双井桥北
57,24,29,2019-06-03 07:24:01,1,培新街,双井桥北
57,24,28,2019-06-03 07:24:01,1,培新街,垂杨柳
57,24,33,2019-06-03 07:24:01,1,培新街,郎家园
57,24,31,2019-06-03 07:24:01,1,培新街,大北窑南
57,24,28,2019-06-03 07:24:01,1,培新街,垂杨柳
57,24,34,2019-06-03 07:24:01,1,培新街,四惠枢纽站
57,24,31,2019-06-03 07:24:01,1,培新街,大北窑南
57,24,32,2019-06-03 07:24:01,1,培新街,大北窑东
57,27,28,2019-06-03 07:27:01,1,马圈,垂杨柳
57,27,27,2019-06-03 07:27:01,1,马圈,马圈
57,27,27,2019-06-03 07:27:01,1,马圈,马圈
57,27,34,2019-06-03 07:27:01,1,马圈,四惠枢纽站
57,27,34,2019-06-03 07:27:01,1,马圈,四惠枢纽站
57,27,33,2019-06-03 07:27:01,1,马圈,郎家园
57,27,33,2019-06-03 07:27:01,1,马圈,郎家园
57,27,32,2019-06-03 07:27:01,1,马圈,大北窑东
57,27,34,2019-06-03 07:27:01,1,马圈,四惠枢纽站
57,27,33,2019-06-03 07:27:01,1,马圈,郎家园
57,27,32,2019-06-03 07:27:01,1,马圈,大北窑东
57,27,34,2019-06-03 07:28:01,1,马圈,四惠枢纽站
57,27,33,2019-06-03 07:28:01,1,马圈,郎家园
57,27,33,2019-06-03 07:28:01,1,马圈,郎家园
57,27,29,2019-06-03 07:28:01,1,马圈,双井桥北
57,28,34,2019-06-03 07:35:01,1,垂杨柳,四惠枢纽站
57,28,33,2019-06-03 07:35:01,1,垂杨柳,郎家园
57,28,32,2019-06-03 07:35:01,1,垂杨柳,大北窑东
57,28,34,2019-06-03 07:35:01,1,垂杨柳,四惠枢纽站
57,28,34,2019-06-03 07:35:01,1,垂杨柳,四惠枢纽站
57,28,32,2019-06-03 07:35:01,1,垂杨柳,大北窑东
57,28,31,2019-06-03 07:35:01,1,垂杨柳,大北窑南
57,29,34,2019-06-03 07:36:01,1,双井桥北,四惠枢纽站
57,29,34,2019-06-03 07:36:01,1,双井桥北,四惠枢纽站
57,31,31,2019-06-03 07:40:01,1,大北窑南,大北窑南
57,31,33,2019-06-03 07:44:01,1,大北窑南,郎家园
57,31,31,2019-06-03 07:44:01,1,大北窑南,大北窑南
57,32,34,2019-06-03 07:47:01,1,大北窑东,四惠枢纽站
57,32,34,2019-06-03 07:48:01,1,大北窑东,四惠枢纽站
57,12,20,2019-06-03 06:31:01,1,广安门内,桥湾
57,12,30,2019-06-03 06:31:01,1,广安门内,双花园
57,12,30,2019-06-03 06:31:01,1,广安门内,双花园
57,12,20,2019-06-03 06:31:01,1,广安门内,桥湾
57,12,19,2019-06-03 06:31:01,1,广安门内,东城三里河
57,12,33,2019-06-03 06:31:01,1,广安门内,郎家园
57,13,26,2019-06-03 06:33:01,1,牛街路口东,广渠门内
57,13,23,2019-06-03 06:33:01,1,牛街路口东,榄杆市
57,13,23,2019-06-03 06:33:01,1,牛街路口东,榄杆市
57,13,30,2019-06-03 06:33:01,1,牛街路口东,双花园
57,15,22,2019-06-03 06:36:01,1,虎坊桥路口西,磁器口西
57,15,26,2019-06-03 06:36:01,1,虎坊桥路口西,广渠门内
57,15,22,2019-06-03 06:36:01,1,虎坊桥路口西,磁器口西
57,18,26,2019-06-03 06:41:01,1,过街楼,广渠门内
57,18,24,2019-06-03 06:41:01,1,过街楼,培新街
57,19,33,2019-06-03 06:41:01,1,东城三里河,郎家园
57,20,24,2019-06-03 06:44:01,1,桥湾,培新街
57,20,22,2019-06-03 06:44:01,1,桥湾,磁器口西
57,20,20,2019-06-03 06:44:01,1,桥湾,桥湾
57,21,25,2019-06-03 06:45:01,1,水道子,安化楼
57,21,26,2019-06-03 06:45:01,1,水道子,广渠门内
57,21,30,2019-06-03 06:45:01,1,水道子,双花园
57,21,33,2019-06-03 06:45:01,1,水道子,郎家园
57,22,23,2019-06-03 06:46:01,1,磁器口西,榄杆市
57,22,31,2019-06-03 06:46:01,1,磁器口西,大北窑南
57,22,30,2019-06-03 06:46:01,1,磁器口西,双花园
57,22,23,2019-06-03 06:46:01,1,磁器口西,榄杆市
57,22,33,2019-06-03 06:46:01,1,磁器口西,郎家园
57,22,33,2019-06-03 06:46:01,1,磁器口西,郎家园
57,22,33,2019-06-03 06:46:01,1,磁器口西,郎家园
57,22,33,2019-06-03 06:46:01,1,磁器口西,郎家园
57,23,28,2019-06-03 06:48:01,1,榄杆市,垂杨柳
57,23,24,2019-06-03 06:49:01,1,榄杆市,培新街
57,24,24,2019-06-03 06:49:01,1,培新街,培新街
57,23,30,2019-06-03 06:49:01,1,榄杆市,双花园
57,23,27,2019-06-03 06:49:01,1,榄杆市,马圈
57,24,31,2019-06-03 06:50:01,1,培新街,大北窑南
57,24,27,2019-06-03 06:50:01,1,培新街,马圈
57,25,31,2019-06-03 06:51:01,1,安化楼,大北窑南
57,25,25,2019-06-03 06:51:01,1,安化楼,安化楼
57,25,30,2019-06-03 06:51:01,1,安化楼,双花园
57,25,30,2019-06-03 06:51:01,1,安化楼,双花园
57,26,30,2019-06-03 06:54:01,1,广渠门内,双花园
57,27,27,2019-06-03 06:55:01,1,马圈,马圈
57,27,31,2019-06-03 06:55:01,1,马圈,大北窑南
57,27,27,2019-06-03 06:55:01,1,马圈,马圈
57,29,31,2019-06-03 06:58:01,1,双井桥北,大北窑南
57,31,31,2019-06-03 07:02:01,1,大北窑南,大北窑南
57,30,32,2019-06-03 07:02:01,1,双花园,大北窑东
57,30,33,2019-06-03 07:02:01,1,双花园,郎家园
57,30,33,2019-06-03 07:02:01,1,双花园,郎家园
57,30,32,2019-06-03 07:02:01,1,双花园,大北窑东
57,30,33,2019-06-03 07:02:01,1,双花园,郎家园
57,3,14,2019-06-03 09:27:01,1,靛厂村南站,菜市口西
57,3,9,2019-06-03 09:27:01,1,靛厂村南站,莲花池
57,3,3,2019-06-03 09:27:01,1,靛厂村南站,靛厂村南站
57,3,10,2019-06-03 09:27:01,1,靛厂村南站,湾子
57,3,10,2019-06-03 09:27:01,1,靛厂村南站,湾子
57,3,10,2019-06-03 09:27:01,1,靛厂村南站,湾子
57,3,10,2019-06-03 09:27:01,1,靛厂村南站,湾子
57,3,10,2019-06-03 09:27:01,1,靛厂村南站,湾子
57,3,10,2019-06-03 09:27:01,1,靛厂村南站,湾子
57,3,7,2019-06-03 09:28:01,1,靛厂村南站,六里桥西
57,3,8,2019-06-03 09:28:01,1,靛厂村南站,六里桥东
57,3,7,2019-06-03 09:28:01,1,靛厂村南站,六里桥西
57,3,7,2019-06-03 09:28:01,1,靛厂村南站,六里桥西
57,3,7,2019-06-03 09:28:01,1,靛厂村南站,六里桥西
57,4,14,2019-06-03 09:29:01,1,水衙沟路东口,菜市口西
57,4,15,2019-06-03 09:29:01,1,水衙沟路东口,虎坊桥路口西
57,4,9,2019-06-03 09:29:01,1,水衙沟路东口,莲花池
57,4,4,2019-06-03 09:29:01,1,水衙沟路东口,水衙沟路东口
57,4,10,2019-06-03 09:29:01,1,水衙沟路东口,湾子
57,1,9,2019-06-03 07:46:01,1,靛厂新村,莲花池
57,1,10,2019-06-03 07:46:01,1,靛厂新村,湾子
57,1,11,2019-06-03 07:46:01,1,靛厂新村,达官营
57,1,10,2019-06-03 07:46:01,1,靛厂新村,湾子
57,1,11,2019-06-03 07:46:01,1,靛厂新村,达官营
57,1,13,2019-06-03 07:46:01,1,靛厂新村,牛街路口东
57,1,10,2019-06-03 07:46:01,1,靛厂新村,湾子
57,1,29,2019-06-03 07:46:01,1,靛厂新村,双井桥北
57,1,2,2019-06-03 07:46:01,1,靛厂新村,岳各庄东路北口
57,1,3,2019-06-03 07:46:01,1,靛厂新村,靛厂村南站
57,1,5,2019-06-03 07:46:01,1,靛厂新村,白塔村
57,1,1,2019-06-03 07:46:01,1,靛厂新村,靛厂新村
57,1,23,2019-06-03 07:46:01,1,靛厂新村,榄杆市
57,1,7,2019-06-03 07:46:01,1,靛厂新村,六里桥西
57,1,7,2019-06-03 07:46:01,1,靛厂新村,六里桥西
57,1,7,2019-06-03 07:46:01,1,靛厂新村,六里桥西
57,1,7,2019-06-03 07:46:01,1,靛厂新村,六里桥西
57,1,6,2019-06-03 07:46:01,1,靛厂新村,小井路口东
57,1,7,2019-06-03 07:46:01,1,靛厂新村,六里桥西
57,2,11,2019-06-03 07:47:01,1,岳各庄东路北口,达官营
57,2,22,2019-06-03 07:47:01,1,岳各庄东路北口,磁器口西
57,2,6,2019-06-03 07:47:01,1,岳各庄东路北口,小井路口东
57,2,6,2019-06-03 07:47:01,1,岳各庄东路北口,小井路口东
57,3,3,2019-06-03 07:48:01,1,靛厂村南站,靛厂村南站
57,2,6,2019-06-03 07:48:01,1,岳各庄东路北口,小井路口东
57,3,3,2019-06-03 07:49:01,1,靛厂村南站,靛厂村南站
57,3,8,2019-06-03 07:51:01,1,靛厂村南站,六里桥东
57,3,8,2019-06-03 07:51:01,1,靛厂村南站,六里桥东
57,3,9,2019-06-03 07:51:01,1,靛厂村南站,莲花池
57,3,21,2019-06-03 07:51:01,1,靛厂村南站,水道子
57,3,21,2019-06-03 07:51:01,1,靛厂村南站,水道子
57,3,29,2019-06-03 07:51:01,1,靛厂村南站,双井桥北
57,3,4,2019-06-03 07:51:01,1,靛厂村南站,水衙沟路东口
57,3,21,2019-06-03 07:51:01,1,靛厂村南站,水道子
57,3,6,2019-06-03 07:51:01,1,靛厂村南站,小井路口东
57,3,6,2019-06-03 07:51:01,1,靛厂村南站,小井路口东
57,3,6,2019-06-03 07:51:01,1,靛厂村南站,小井路口东
57,3,6,2019-06-03 07:51:01,1,靛厂村南站,小井路口东
57,4,13,2019-06-03 07:52:01,1,水衙沟路东口,牛街路口东
57,4,11,2019-06-03 07:52:01,1,水衙沟路东口,达官营
57,4,17,2019-06-03 07:52:01,1,水衙沟路东口,板章路
57,4,18,2019-06-03 07:52:01,1,水衙沟路东口,过街楼
57,4,6,2019-06-03 07:52:01,1,水衙沟路东口,小井路口东
57,4,6,2019-06-03 07:52:01,1,水衙沟路东口,小井路口东
57,4,6,2019-06-03 07:52:01,1,水衙沟路东口,小井路口东
57,4,6,2019-06-03 07:52:01,1,水衙沟路东口,小井路口东
57,4,6,2019-06-03 07:52:01,1,水衙沟路东口,小井路口东
57,5,12,2019-06-03 07:53:01,1,白塔村,广安门内
57,5,12,2019-06-03 07:53:01,1,白塔村,广安门内
57,5,12,2019-06-03 07:53:01,1,白塔村,广安门内
57,6,9,2019-06-03 07:56:01,1,小井路口东,莲花池
57,6,13,2019-06-03 07:56:01,1,小井路口东,牛街路口东
57,6,13,2019-06-03 07:56:01,1,小井路口东,牛街路口东
57,6,31,2019-06-03 07:56:01,1,小井路口东,大北窑南
57,6,19,2019-06-03 07:56:01,1,小井路口东,东城三里河
57,6,11,2019-06-03 07:57:01,1,小井路口东,达官营
57,6,12,2019-06-03 07:57:01,1,小井路口东,广安门内
57,6,20,2019-06-03 07:57:01,1,小井路口东,桥湾
57,6,6,2019-06-03 07:57:01,1,小井路口东,小井路口东
57,6,13,2019-06-03 08:02:01,1,小井路口东,牛街路口东
57,6,9,2019-06-03 08:02:01,1,小井路口东,莲花池
57,6,12,2019-06-03 08:02:01,1,小井路口东,广安门内
57,6,13,2019-06-03 08:02:01,1,小井路口东,牛街路口东
57,6,19,2019-06-03 08:02:01,1,小井路口东,东城三里河
57,6,7,2019-06-03 08:02:01,1,小井路口东,六里桥西
57,6,7,2019-06-03 08:02:01,1,小井路口东,六里桥西
57,6,7,2019-06-03 08:02:01,1,小井路口东,六里桥西
57,6,7,2019-06-03 08:02:01,1,小井路口东,六里桥西
57,6,7,2019-06-03 08:02:01,1,小井路口东,六里桥西
57,7,11,2019-06-03 08:07:01,1,六里桥西,达官营
57,7,12,2019-06-03 08:07:01,1,六里桥西,广安门内
57,7,15,2019-06-03 08:07:01,1,六里桥西,虎坊桥路口西
57,7,13,2019-06-03 08:07:01,1,六里桥西,牛街路口东
57,7,11,2019-06-03 08:07:01,1,六里桥西,达官营
57,7,14,2019-06-03 08:07:01,1,六里桥西,菜市口西
57,7,13,2019-06-03 08:07:01,1,六里桥西,牛街路口东
57,7,11,2019-06-03 08:07:01,1,六里桥西,达官营
57,7,7,2019-06-03 08:07:01,1,六里桥西,六里桥西
57,7,13,2019-06-03 08:07:01,1,六里桥西,牛街路口东
57,7,13,2019-06-03 08:07:01,1,六里桥西,牛街路口东
57,7,13,2019-06-03 08:07:01,1,六里桥西,牛街路口东
57,7,12,2019-06-03 08:07:01,1,六里桥西,广安门内
57,7,14,2019-06-03 08:07:01,1,六里桥西,菜市口西
57,7,29,2019-06-03 08:07:01,1,六里桥西,双井桥北
57,7,31,2019-06-03 08:07:01,1,六里桥西,大北窑南
57,7,31,2019-06-03 08:07:01,1,六里桥西,大北窑南
57,7,32,2019-06-03 08:07:01,1,六里桥西,大北窑东
57,7,31,2019-06-03 08:07:01,1,六里桥西,大北窑南
57,7,30,2019-06-03 08:07:01,1,六里桥西,双花园
57,7,20,2019-06-03 08:07:01,1,六里桥西,桥湾
57,7,18,2019-06-03 08:07:01,1,六里桥西,过街楼
57,7,19,2019-06-03 08:07:01,1,六里桥西,东城三里河
57,7,17,2019-06-03 08:07:01,1,六里桥西,板章路
57,7,21,2019-06-03 08:07:01,1,六里桥西,水道子
57,7,16,2019-06-03 08:07:01,1,六里桥西,虎坊桥路口东
57,7,21,2019-06-03 08:07:01,1,六里桥西,水道子
57,7,29,2019-06-03 08:07:01,1,六里桥西,双井桥北
57,7,28,2019-06-03 08:07:01,1,六里桥西,垂杨柳
57,7,29,2019-06-03 08:07:01,1,六里桥西,双井桥北
57,7,25,2019-06-03 08:07:01,1,六里桥西,安化楼
57,7,23,2019-06-03 08:07:01,1,六里桥西,榄杆市
57,7,25,2019-06-03 08:07:01,1,六里桥西,安化楼
57,7,25,2019-06-03 08:07:01,1,六里桥西,安化楼
57,7,25,2019-06-03 08:07:01,1,六里桥西,安化楼
57,7,23,2019-06-03 08:07:01,1,六里桥西,榄杆市
57,7,8,2019-06-03 08:08:01,1,六里桥西,六里桥东
57,7,8,2019-06-03 08:08:01,1,六里桥西,六里桥东
57,7,9,2019-06-03 08:08:01,1,六里桥西,莲花池
57,7,10,2019-06-03 08:08:01,1,六里桥西,湾子
57,7,8,2019-06-03 08:08:01,1,六里桥西,六里桥东
57,7,7,2019-06-03 08:08:01,1,六里桥西,六里桥西
57,7,9,2019-06-03 08:08:01,1,六里桥西,莲花池
57,7,7,2019-06-03 08:08:01,1,六里桥西,六里桥西
57,7,13,2019-06-03 08:08:01,1,六里桥西,牛街路口东
57,7,10,2019-06-03 08:08:01,1,六里桥西,湾子
57,7,12,2019-06-03 08:08:01,1,六里桥西,广安门内
57,7,12,2019-06-03 08:08:01,1,六里桥西,广安门内
57,7,13,2019-06-03 08:08:01,1,六里桥西,牛街路口东
57,7,32,2019-06-03 08:08:01,1,六里桥西,大北窑东
57,7,30,2019-06-03 08:08:01,1,六里桥西,双花园
57,7,22,2019-06-03 08:08:01,1,六里桥西,磁器口西
57,7,19,2019-06-03 08:08:01,1,六里桥西,东城三里河
57,7,22,2019-06-03 08:08:01,1,六里桥西,磁器口西
57,8,9,2019-06-03 08:13:01,1,六里桥东,莲花池
57,8,10,2019-06-03 08:13:01,1,六里桥东,湾子
57,9,31,2019-06-03 08:13:01,1,莲花池,大北窑南
57,9,11,2019-06-03 08:17:01,1,莲花池,达官营
57,9,10,2019-06-03 08:17:01,1,莲花池,湾子
57,9,12,2019-06-03 08:17:01,1,莲花池,广安门内
57,9,9,2019-06-03 08:17:01,1,莲花池,莲花池
57,9,32,2019-06-03 08:17:01,1,莲花池,大北窑东
57,9,18,2019-06-03 08:17:01,1,莲花池,过街楼
57,9,17,2019-06-03 08:17:01,1,莲花池,板章路
57,9,17,2019-06-03 08:17:01,1,莲花池,板章路
57,9,16,2019-06-03 08:17:01,1,莲花池,虎坊桥路口东
57,9,21,2019-06-03 08:17:01,1,莲花池,水道子
57,9,22,2019-06-03 08:17:01,1,莲花池,磁器口西
57,10,11,2019-06-03 08:20:01,1,湾子,达官营
57,10,15,2019-06-03 08:20:01,1,湾子,虎坊桥路口西
57,10,13,2019-06-03 08:20:01,1,湾子,牛街路口东
57,10,11,2019-06-03 08:20:01,1,湾子,达官营
57,10,13,2019-06-03 08:20:01,1,湾子,牛街路口东
57,10,11,2019-06-03 08:20:01,1,湾子,达官营
57,10,13,2019-06-03 08:20:01,1,湾子,牛街路口东
57,10,11,2019-06-03 08:20:01,1,湾子,达官营
57,10,32,2019-06-03 08:20:01,1,湾子,大北窑东
57,10,29,2019-06-03 08:20:01,1,湾子,双井桥北
57,10,30,2019-06-03 08:20:01,1,湾子,双花园
57,10,32,2019-06-03 08:20:01,1,湾子,大北窑东
57,10,15,2019-06-03 08:20:01,1,湾子,虎坊桥路口西
57,10,18,2019-06-03 08:20:01,1,湾子,过街楼
57,11,16,2019-06-03 08:20:01,1,达官营,虎坊桥路口东
57,10,19,2019-06-03 08:20:01,1,湾子,东城三里河
57,10,21,2019-06-03 08:20:01,1,湾子,水道子
57,10,28,2019-06-03 08:20:01,1,湾子,垂杨柳
57,10,26,2019-06-03 08:20:01,1,湾子,广渠门内
57,10,26,2019-06-03 08:20:01,1,湾子,广渠门内
57,10,25,2019-06-03 08:20:01,1,湾子,安化楼
57,11,14,2019-06-03 08:26:01,1,达官营,菜市口西
57,11,14,2019-06-03 08:26:01,1,达官营,菜市口西
57,11,31,2019-06-03 08:26:01,1,达官营,大北窑南
57,11,20,2019-06-03 08:26:01,1,达官营,桥湾
57,11,21,2019-06-03 08:26:01,1,达官营,水道子
57,11,21,2019-06-03 08:26:01,1,达官营,水道子
57,11,18,2019-06-03 08:26:01,1,达官营,过街楼
57,11,28,2019-06-03 08:26:01,1,达官营,垂杨柳
57,11,22,2019-06-03 08:26:01,1,达官营,磁器口西
57,11,22,2019-06-03 08:26:01,1,达官营,磁器口西
57,11,21,2019-06-03 08:26:01,1,达官营,水道子
57,12,21,2019-06-03 08:29:01,1,广安门内,水道子
57,12,17,2019-06-03 08:29:01,1,广安门内,板章路
57,12,24,2019-06-03 08:29:01,1,广安门内,培新街
57,12,25,2019-06-03 08:29:01,1,广安门内,安化楼
57,12,13,2019-06-03 08:30:01,1,广安门内,牛街路口东
57,12,30,2019-06-03 08:30:01,1,广安门内,双花园
57,12,27,2019-06-03 08:30:01,1,广安门内,马圈
57,13,13,2019-06-03 08:32:01,1,牛街路口东,牛街路口东
57,13,13,2019-06-03 08:32:01,1,牛街路口东,牛街路口东
57,13,13,2019-06-03 08:32:01,1,牛街路口东,牛街路口东
57,13,32,2019-06-03 08:32:01,1,牛街路口东,大北窑东
57,13,31,2019-06-03 08:32:01,1,牛街路口东,大北窑南
57,13,32,2019-06-03 08:32:01,1,牛街路口东,大北窑东
57,13,27,2019-06-03 08:32:01,1,牛街路口东,马圈
57,14,24,2019-06-03 08:32:01,1,菜市口西,培新街
57,13,22,2019-06-03 08:32:01,1,牛街路口东,磁器口西
57,13,25,2019-06-03 08:32:01,1,牛街路口东,安化楼
57,14,17,2019-06-03 08:37:01,1,菜市口西,板章路
57,14,29,2019-06-03 08:37:01,1,菜市口西,双井桥北
57,15,15,2019-06-03 08:40:01,1,虎坊桥路口西,虎坊桥路口西
57,15,29,2019-06-03 08:40:01,1,虎坊桥路口西,双井桥北
57,16,30,2019-06-03 08:42:01,1,虎坊桥路口东,双花园
57,16,31,2019-06-03 08:42:01,1,虎坊桥路口东,大北窑南
57,16,30,2019-06-03 08:42:01,1,虎坊桥路口东,双花园
57,16,25,2019-06-03 08:42:01,1,虎坊桥路口东,安化楼
57,20,30,2019-06-03 08:53:01,1,桥湾,双花园
57,22,30,2019-06-03 08:56:01,1,磁器口西,双花园
57,22,31,2019-06-03 08:57:01,1,磁器口西,大北窑南
57,22,30,2019-06-03 08:57:01,1,磁器口西,双花园
57,22,29,2019-06-03 08:57:01,1,磁器口西,双井桥北
57,22,27,2019-06-03 08:57:01,1,磁器口西,马圈
57,22,27,2019-06-03 08:57:01,1,磁器口西,马圈
57,22,26,2019-06-03 08:57:01,1,磁器口西,广渠门内
57,23,30,2019-06-03 09:01:01,1,榄杆市,双花园
57,23,32,2019-06-03 09:01:01,1,榄杆市,大北窑东
57,24,29,2019-06-03 09:01:01,1,培新街,双井桥北
57,23,28,2019-06-03 09:01:01,1,榄杆市,垂杨柳
57,23,29,2019-06-03 09:01:01,1,榄杆市,双井桥北
57,23,29,2019-06-03 09:01:01,1,榄杆市,双井桥北
57,23,29,2019-06-03 09:01:01,1,榄杆市,双井桥北
57,23,28,2019-06-03 09:01:01,1,榄杆市,垂杨柳
57,23,28,2019-06-03 09:01:01,1,榄杆市,垂杨柳
57,23,26,2019-06-03 09:01:01,1,榄杆市,广渠门内
57,24,30,2019-06-03 09:02:01,1,培新街,双花园
57,24,32,2019-06-03 09:02:01,1,培新街,大北窑东
57,24,29,2019-06-03 09:02:01,1,培新街,双井桥北
57,25,32,2019-06-03 09:03:01,1,安化楼,大北窑东
57,25,32,2019-06-03 09:03:01,1,安化楼,大北窑东
57,25,29,2019-06-03 09:03:01,1,安化楼,双井桥北
57,25,29,2019-06-03 09:03:01,1,安化楼,双井桥北
57,25,27,2019-06-03 09:03:01,1,安化楼,马圈
57,25,27,2019-06-03 09:03:01,1,安化楼,马圈
57,25,29,2019-06-03 09:03:01,1,安化楼,双井桥北
57,25,28,2019-06-03 09:03:01,1,安化楼,垂杨柳
57,25,29,2019-06-03 09:03:01,1,安化楼,双井桥北
57,25,29,2019-06-03 09:03:01,1,安化楼,双井桥北
57,25,28,2019-06-03 09:03:01,1,安化楼,垂杨柳
57,25,25,2019-06-03 09:03:01,1,安化楼,安化楼
57,25,25,2019-06-03 09:03:01,1,安化楼,安化楼
57,25,28,2019-06-03 09:04:01,1,安化楼,垂杨柳
57,25,32,2019-06-03 09:06:01,1,安化楼,大北窑东
57,25,29,2019-06-03 09:06:01,1,安化楼,双井桥北
57,25,28,2019-06-03 09:06:01,1,安化楼,垂杨柳
57,25,28,2019-06-03 09:06:01,1,安化楼,垂杨柳
57,25,28,2019-06-03 09:06:01,1,安化楼,垂杨柳
57,25,28,2019-06-03 09:06:01,1,安化楼,垂杨柳
57,25,27,2019-06-03 09:06:01,1,安化楼,马圈
57,26,32,2019-06-03 09:07:01,1,广渠门内,大北窑东
57,25,28,2019-06-03 09:07:01,1,安化楼,垂杨柳
57,26,29,2019-06-03 09:08:01,1,广渠门内,双井桥北
57,26,27,2019-06-03 09:08:01,1,广渠门内,马圈
57,27,29,2019-06-03 09:13:01,1,马圈,双井桥北
57,27,30,2019-06-03 09:13:01,1,马圈,双花园
57,27,31,2019-06-03 09:13:01,1,马圈,大北窑南
57,27,31,2019-06-03 09:13:01,1,马圈,大北窑南
57,27,30,2019-06-03 09:13:01,1,马圈,双花园
57,27,27,2019-06-03 09:13:01,1,马圈,马圈
57,28,29,2019-06-03 09:14:01,1,垂杨柳,双井桥北
57,28,32,2019-06-03 09:15:01,1,垂杨柳,大北窑东
57,28,28,2019-06-03 09:15:01,1,垂杨柳,垂杨柳
57,28,30,2019-06-03 09:16:01,1,垂杨柳,双花园
57,28,31,2019-06-03 09:16:01,1,垂杨柳,大北窑南
57,28,31,2019-06-03 09:16:01,1,垂杨柳,大北窑南
57,28,32,2019-06-03 09:16:01,1,垂杨柳,大北窑东
57,28,28,2019-06-03 09:16:01,1,垂杨柳,垂杨柳
57,28,29,2019-06-03 09:16:01,1,垂杨柳,双井桥北
57,29,32,2019-06-03 09:18:01,1,双井桥北,大北窑东
57,29,32,2019-06-03 09:22:01,1,双井桥北,大北窑东
57,29,30,2019-06-03 09:22:01,1,双井桥北,双花园
57,29,32,2019-06-03 09:22:01,1,双井桥北,大北窑东
57,29,32,2019-06-03 09:22:01,1,双井桥北,大北窑东
57,29,31,2019-06-03 09:22:01,1,双井桥北,大北窑南
57,29,31,2019-06-03 09:22:01,1,双井桥北,大北窑南
57,29,32,2019-06-03 09:22:01,1,双井桥北,大北窑东
57,29,32,2019-06-03 09:22:01,1,双井桥北,大北窑东
57,29,31,2019-06-03 09:22:01,1,双井桥北,大北窑南
57,29,31,2019-06-03 09:22:01,1,双井桥北,大北窑南
57,30,30,2019-06-03 09:25:01,1,双花园,双花园
57,30,32,2019-06-03 09:25:01,1,双花园,大北窑东
57,31,32,2019-06-03 09:26:01,1,大北窑南,大北窑东
57,31,32,2019-06-03 09:26:01,1,大北窑南,大北窑东
57,11,27,2019-06-03 06:50:01,1,达官营,马圈
57,13,16,2019-06-03 06:51:01,1,牛街路口东,虎坊桥路口东
57,16,22,2019-06-03 06:58:01,1,虎坊桥路口东,磁器口西
57,17,31,2019-06-03 06:59:01,1,板章路,大北窑南
57,17,31,2019-06-03 06:59:01,1,板章路,大北窑南
57,17,28,2019-06-03 07:00:01,1,板章路,垂杨柳
57,17,28,2019-06-03 07:00:01,1,板章路,垂杨柳
57,17,28,2019-06-03 07:00:01,1,板章路,垂杨柳
57,17,34,2019-06-03 07:00:01,1,板章路,四惠枢纽站
57,17,28,2019-06-03 07:00:01,1,板章路,垂杨柳
57,17,28,2019-06-03 07:00:01,1,板章路,垂杨柳
57,19,19,2019-06-03 07:04:01,1,东城三里河,东城三里河
57,19,22,2019-06-03 07:05:01,1,东城三里河,磁器口西
57,19,22,2019-06-03 07:05:01,1,东城三里河,磁器口西
57,19,34,2019-06-03 07:05:01,1,东城三里河,四惠枢纽站
57,19,33,2019-06-03 07:05:01,1,东城三里河,郎家园
57,20,28,2019-06-03 07:06:01,1,桥湾,垂杨柳
57,20,22,2019-06-03 07:06:01,1,桥湾,磁器口西
57,20,20,2019-06-03 07:08:01,1,桥湾,桥湾
57,22,22,2019-06-03 07:09:01,1,磁器口西,磁器口西
57,22,32,2019-06-03 07:09:01,1,磁器口西,大北窑东
57,22,34,2019-06-03 07:10:01,1,磁器口西,四惠枢纽站
57,22,27,2019-06-03 07:10:01,1,磁器口西,马圈
57,22,27,2019-06-03 07:10:01,1,磁器口西,马圈
57,24,26,2019-06-03 07:11:01,1,培新街,广渠门内
57,24,28,2019-06-03 07:11:01,1,培新街,垂杨柳
57,24,32,2019-06-03 07:11:01,1,培新街,大北窑东
57,24,32,2019-06-03 07:11:01,1,培新街,大北窑东
57,24,29,2019-06-03 07:11:01,1,培新街,双井桥北
57,24,33,2019-06-03 07:11:01,1,培新街,郎家园
57,25,29,2019-06-03 07:12:01,1,安化楼,双井桥北
57,25,29,2019-06-03 07:12:01,1,安化楼,双井桥北
57,25,27,2019-06-03 07:12:01,1,安化楼,马圈
57,25,28,2019-06-03 07:12:01,1,安化楼,垂杨柳
57,26,32,2019-06-03 07:13:01,1,广渠门内,大北窑东
57,26,31,2019-06-03 07:13:01,1,广渠门内,大北窑南
57,26,32,2019-06-03 07:13:01,1,广渠门内,大北窑东
57,26,27,2019-06-03 07:13:01,1,广渠门内,马圈
57,26,32,2019-06-03 07:13:01,1,广渠门内,大北窑东
57,26,32,2019-06-03 07:13:01,1,广渠门内,大北窑东
57,26,31,2019-06-03 07:13:01,1,广渠门内,大北窑南
57,26,34,2019-06-03 07:13:01,1,广渠门内,四惠枢纽站
57,26,32,2019-06-03 07:13:01,1,广渠门内,大北窑东
57,26,33,2019-06-03 07:13:01,1,广渠门内,郎家园
57,27,34,2019-06-03 07:15:01,1,马圈,四惠枢纽站
57,27,31,2019-06-03 07:15:01,1,马圈,大北窑南
57,27,34,2019-06-03 07:15:01,1,马圈,四惠枢纽站
57,27,34,2019-06-03 07:15:01,1,马圈,四惠枢纽站
57,27,31,2019-06-03 07:15:01,1,马圈,大北窑南
57,27,31,2019-06-03 07:16:01,1,马圈,大北窑南
57,27,29,2019-06-03 07:16:01,1,马圈,双井桥北
57,27,32,2019-06-03 07:16:01,1,马圈,大北窑东
57,27,32,2019-06-03 07:16:01,1,马圈,大北窑东
57,27,32,2019-06-03 07:16:01,1,马圈,大北窑东
57,27,32,2019-06-03 07:16:01,1,马圈,大北窑东
57,28,31,2019-06-03 07:17:01,1,垂杨柳,大北窑南
57,29,34,2019-06-03 07:21:01,1,双井桥北,四惠枢纽站
57,29,34,2019-06-03 07:21:01,1,双井桥北,四惠枢纽站
57,1,1,2019-06-03 07:22:01,1,靛厂新村,靛厂新村
57,1,3,2019-06-03 07:22:01,1,靛厂新村,靛厂村南站
57,1,11,2019-06-03 07:22:01,1,靛厂新村,达官营
57,1,6,2019-06-03 07:22:01,1,靛厂新村,小井路口东
57,1,3,2019-06-03 07:22:01,1,靛厂新村,靛厂村南站
57,1,3,2019-06-03 07:22:01,1,靛厂新村,靛厂村南站
57,1,3,2019-06-03 07:22:01,1,靛厂新村,靛厂村南站
57,1,1,2019-06-03 07:22:01,1,靛厂新村,靛厂新村
57,1,1,2019-06-03 07:22:01,1,靛厂新村,靛厂新村
57,1,24,2019-06-03 07:22:01,1,靛厂新村,培新街
57,1,20,2019-06-03 07:22:01,1,靛厂新村,桥湾
57,1,6,2019-06-03 07:23:01,1,靛厂新村,小井路口东
57,1,1,2019-06-03 07:23:01,1,靛厂新村,靛厂新村
57,1,6,2019-06-03 07:23:01,1,靛厂新村,小井路口东
57,1,20,2019-06-03 07:23:01,1,靛厂新村,桥湾
57,1,12,2019-06-03 07:23:01,1,靛厂新村,广安门内
57,1,16,2019-06-03 07:25:01,1,靛厂新村,虎坊桥路口东
57,1,20,2019-06-03 07:25:01,1,靛厂新村,桥湾
57,1,11,2019-06-03 07:25:01,1,靛厂新村,达官营
57,1,6,2019-06-03 07:25:01,1,靛厂新村,小井路口东
57,2,6,2019-06-03 07:26:01,1,岳各庄东路北口,小井路口东
57,2,11,2019-06-03 07:26:01,1,岳各庄东路北口,达官营
57,2,10,2019-06-03 07:26:01,1,岳各庄东路北口,湾子
57,2,12,2019-06-03 07:26:01,1,岳各庄东路北口,广安门内
57,3,11,2019-06-03 07:30:01,1,靛厂村南站,达官营
57,3,15,2019-06-03 07:30:01,1,靛厂村南站,虎坊桥路口西
57,3,15,2019-06-03 07:30:01,1,靛厂村南站,虎坊桥路口西
57,6,12,2019-06-03 07:35:01,1,小井路口东,广安门内
57,6,12,2019-06-03 07:35:01,1,小井路口东,广安门内
57,6,12,2019-06-03 07:42:01,1,小井路口东,广安门内
57,6,6,2019-06-03 07:42:01,1,小井路口东,小井路口东
57,6,6,2019-06-03 07:42:01,1,小井路口东,小井路口东
57,6,19,2019-06-03 07:42:01,1,小井路口东,东城三里河
57,6,6,2019-06-03 07:42:01,1,小井路口东,小井路口东
57,6,12,2019-06-03 07:42:01,1,小井路口东,广安门内
57,6,11,2019-06-03 07:42:01,1,小井路口东,达官营
57,6,11,2019-06-03 07:42:01,1,小井路口东,达官营
57,6,22,2019-06-03 07:42:01,1,小井路口东,磁器口西
57,6,11,2019-06-03 07:42:01,1,小井路口东,达官营
57,6,12,2019-06-03 07:42:01,1,小井路口东,广安门内
57,6,21,2019-06-03 07:42:01,1,小井路口东,水道子
57,6,20,2019-06-03 07:42:01,1,小井路口东,桥湾
57,6,11,2019-06-03 07:42:01,1,小井路口东,达官营
57,6,9,2019-06-03 07:42:01,1,小井路口东,莲花池
57,6,12,2019-06-03 07:42:01,1,小井路口东,广安门内
57,6,10,2019-06-03 07:42:01,1,小井路口东,湾子
57,6,15,2019-06-03 07:42:01,1,小井路口东,虎坊桥路口西
57,6,23,2019-06-03 07:42:01,1,小井路口东,榄杆市
57,6,11,2019-06-03 07:42:01,1,小井路口东,达官营
57,6,12,2019-06-03 07:42:01,1,小井路口东,广安门内
57,6,12,2019-06-03 07:42:01,1,小井路口东,广安门内
57,6,20,2019-06-03 07:42:01,1,小井路口东,桥湾
57,6,15,2019-06-03 07:42:01,1,小井路口东,虎坊桥路口西
57,6,22,2019-06-03 07:42:01,1,小井路口东,磁器口西
57,6,12,2019-06-03 07:42:01,1,小井路口东,广安门内
57,6,21,2019-06-03 07:42:01,1,小井路口东,水道子
57,6,12,2019-06-03 07:42:01,1,小井路口东,广安门内
57,6,8,2019-06-03 07:42:01,1,小井路口东,六里桥东
57,6,23,2019-06-03 07:42:01,1,小井路口东,榄杆市
57,6,32,2019-06-03 07:42:01,1,小井路口东,大北窑东
57,6,28,2019-06-03 07:42:01,1,小井路口东,垂杨柳
57,6,28,2019-06-03 07:42:01,1,小井路口东,垂杨柳
57,6,32,2019-06-03 07:42:01,1,小井路口东,大北窑东
57,6,32,2019-06-03 07:42:01,1,小井路口东,大北窑东
57,8,11,2019-06-03 07:46:01,1,六里桥东,达官营
57,8,11,2019-06-03 07:46:01,1,六里桥东,达官营
57,10,28,2019-06-03 07:47:01,1,湾子,垂杨柳
57,10,11,2019-06-03 07:48:01,1,湾子,达官营
57,10,20,2019-06-03 07:48:01,1,湾子,桥湾
57,10,14,2019-06-03 07:48:01,1,湾子,菜市口西
57,10,17,2019-06-03 07:48:01,1,湾子,板章路
57,11,11,2019-06-03 07:50:01,1,达官营,达官营
57,11,20,2019-06-03 07:50:01,1,达官营,桥湾
57,11,12,2019-06-03 07:50:01,1,达官营,广安门内
57,11,15,2019-06-03 07:50:01,1,达官营,虎坊桥路口西
57,11,11,2019-06-03 07:50:01,1,达官营,达官营
57,11,11,2019-06-03 07:50:01,1,达官营,达官营
57,11,11,2019-06-03 07:50:01,1,达官营,达官营
57,11,11,2019-06-03 07:50:01,1,达官营,达官营
57,11,11,2019-06-03 07:50:01,1,达官营,达官营
57,11,24,2019-06-03 07:50:01,1,达官营,培新街
57,11,20,2019-06-03 07:54:01,1,达官营,桥湾
57,11,17,2019-06-03 07:54:01,1,达官营,板章路
57,11,13,2019-06-03 07:54:01,1,达官营,牛街路口东
57,11,26,2019-06-03 07:54:01,1,达官营,广渠门内
57,11,25,2019-06-03 07:54:01,1,达官营,安化楼
57,11,24,2019-06-03 07:54:01,1,达官营,培新街
57,12,13,2019-06-03 07:57:01,1,广安门内,牛街路口东
57,12,25,2019-06-03 07:57:01,1,广安门内,安化楼
57,12,20,2019-06-03 07:57:01,1,广安门内,桥湾
57,12,12,2019-06-03 07:57:01,1,广安门内,广安门内
57,12,19,2019-06-03 07:57:01,1,广安门内,东城三里河
57,12,12,2019-06-03 07:57:01,1,广安门内,广安门内
57,12,21,2019-06-03 07:57:01,1,广安门内,水道子
57,12,32,2019-06-03 07:57:01,1,广安门内,大北窑东
57,12,32,2019-06-03 07:57:01,1,广安门内,大北窑东
57,12,28,2019-06-03 07:57:01,1,广安门内,垂杨柳
57,14,18,2019-06-03 08:04:01,1,菜市口西,过街楼
57,14,16,2019-06-03 08:04:01,1,菜市口西,虎坊桥路口东
57,14,23,2019-06-03 08:04:01,1,菜市口西,榄杆市
57,14,28,2019-06-03 08:04:01,1,菜市口西,垂杨柳
57,15,20,2019-06-03 08:09:01,1,虎坊桥路口西,桥湾
57,15,21,2019-06-03 08:09:01,1,虎坊桥路口西,水道子
57,16,28,2019-06-03 08:20:01,1,虎坊桥路口东,垂杨柳
57,18,28,2019-06-03 08:21:01,1,过街楼,垂杨柳
57,20,23,2019-06-03 08:24:01,1,桥湾,榄杆市
57,20,25,2019-06-03 08:24:01,1,桥湾,安化楼
57,20,22,2019-06-03 08:25:01,1,桥湾,磁器口西
57,20,22,2019-06-03 08:25:01,1,桥湾,磁器口西
57,20,24,2019-06-03 08:25:01,1,桥湾,培新街
57,20,23,2019-06-03 08:25:01,1,桥湾,榄杆市
57,20,24,2019-06-03 08:25:01,1,桥湾,培新街
57,20,30,2019-06-03 08:25:01,1,桥湾,双花园
57,21,22,2019-06-03 08:26:01,1,水道子,磁器口西
57,21,22,2019-06-03 08:26:01,1,水道子,磁器口西
57,22,32,2019-06-03 08:27:01,1,磁器口西,大北窑东
57,22,25,2019-06-03 08:28:01,1,磁器口西,安化楼
57,22,25,2019-06-03 08:28:01,1,磁器口西,安化楼
57,22,28,2019-06-03 08:28:01,1,磁器口西,垂杨柳
57,22,32,2019-06-03 08:28:01,1,磁器口西,大北窑东
57,22,25,2019-06-03 08:29:01,1,磁器口西,安化楼
57,22,22,2019-06-03 08:29:01,1,磁器口西,磁器口西
57,22,25,2019-06-03 08:29:01,1,磁器口西,安化楼
57,22,28,2019-06-03 08:29:01,1,磁器口西,垂杨柳
57,22,28,2019-06-03 08:29:01,1,磁器口西,垂杨柳
57,23,23,2019-06-03 08:30:01,1,榄杆市,榄杆市
57,23,31,2019-06-03 08:30:01,1,榄杆市,大北窑南
57,16,20,2019-06-03 08:40:01,1,虎坊桥路口东,桥湾
57,16,20,2019-06-03 08:40:01,1,虎坊桥路口东,桥湾
57,28,31,2019-06-03 08:45:01,1,垂杨柳,大北窑南
57,28,32,2019-06-03 08:45:01,1,垂杨柳,大北窑东
57,28,31,2019-06-03 08:45:01,1,垂杨柳,大北窑南
57,28,32,2019-06-03 08:45:01,1,垂杨柳,大北窑东
57,28,32,2019-06-03 08:45:01,1,垂杨柳,大北窑东
57,28,32,2019-06-03 08:45:01,1,垂杨柳,大北窑东
57,28,30,2019-06-03 08:45:01,1,垂杨柳,双花园
57,28,32,2019-06-03 08:45:01,1,垂杨柳,大北窑东
57,28,32,2019-06-03 08:45:01,1,垂杨柳,大北窑东
57,28,30,2019-06-03 08:45:01,1,垂杨柳,双花园
57,28,32,2019-06-03 08:45:01,1,垂杨柳,大北窑东
57,28,32,2019-06-03 08:45:01,1,垂杨柳,大北窑东
57,28,31,2019-06-03 08:45:01,1,垂杨柳,大北窑南
57,30,30,2019-06-03 08:47:01,1,双花园,双花园
57,30,30,2019-06-03 08:47:01,1,双花园,双花园
57,30,31,2019-06-03 08:47:01,1,双花园,大北窑南
57,30,32,2019-06-03 08:48:01,1,双花园,大北窑东
57,18,20,2019-06-03 06:32:01,1,过街楼,桥湾
57,18,18,2019-06-03 06:33:01,1,过街楼,过街楼
57,18,21,2019-06-03 06:35:01,1,过街楼,水道子
57,19,21,2019-06-03 06:38:01,1,东城三里河,水道子
57,19,22,2019-06-03 06:38:01,1,东城三里河,磁器口西
57,19,21,2019-06-03 06:38:01,1,东城三里河,水道子
57,19,22,2019-06-03 06:38:01,1,东城三里河,磁器口西
57,19,24,2019-06-03 06:38:01,1,东城三里河,培新街
57,19,20,2019-06-03 06:41:01,1,东城三里河,桥湾
57,19,20,2019-06-03 06:41:01,1,东城三里河,桥湾
57,19,20,2019-06-03 06:41:01,1,东城三里河,桥湾
57,19,20,2019-06-03 06:41:01,1,东城三里河,桥湾
57,19,22,2019-06-03 06:41:01,1,东城三里河,磁器口西
57,19,20,2019-06-03 06:42:01,1,东城三里河,桥湾
57,19,24,2019-06-03 06:42:01,1,东城三里河,培新街
57,19,21,2019-06-03 06:42:01,1,东城三里河,水道子
57,20,20,2019-06-03 06:43:01,1,桥湾,桥湾
57,20,20,2019-06-03 06:43:01,1,桥湾,桥湾
57,20,20,2019-06-03 06:43:01,1,桥湾,桥湾
57,20,20,2019-06-03 06:43:01,1,桥湾,桥湾
57,20,24,2019-06-03 06:43:01,1,桥湾,培新街
57,20,21,2019-06-03 06:43:01,1,桥湾,水道子
57,20,21,2019-06-03 06:43:01,1,桥湾,水道子
57,20,21,2019-06-03 06:43:01,1,桥湾,水道子
57,20,22,2019-06-03 06:43:01,1,桥湾,磁器口西
57,20,24,2019-06-03 06:43:01,1,桥湾,培新街
57,20,24,2019-06-03 06:43:01,1,桥湾,培新街
57,20,24,2019-06-03 06:43:01,1,桥湾,培新街
57,20,22,2019-06-03 06:43:01,1,桥湾,磁器口西
57,20,21,2019-06-03 06:43:01,1,桥湾,水道子
57,20,22,2019-06-03 06:43:01,1,桥湾,磁器口西
57,20,21,2019-06-03 06:43:01,1,桥湾,水道子
57,20,20,2019-06-03 06:47:01,1,桥湾,桥湾
57,20,20,2019-06-03 06:47:01,1,桥湾,桥湾
57,20,22,2019-06-03 06:47:01,1,桥湾,磁器口西
57,20,22,2019-06-03 06:48:01,1,桥湾,磁器口西
57,20,24,2019-06-03 06:48:01,1,桥湾,培新街
57,20,22,2019-06-03 06:48:01,1,桥湾,磁器口西
57,20,24,2019-06-03 06:48:01,1,桥湾,培新街
57,20,21,2019-06-03 06:48:01,1,桥湾,水道子
57,20,22,2019-06-03 06:48:01,1,桥湾,磁器口西
57,20,21,2019-06-03 06:48:01,1,桥湾,水道子
57,20,24,2019-06-03 06:48:01,1,桥湾,培新街
57,20,24,2019-06-03 06:48:01,1,桥湾,培新街
57,20,24,2019-06-03 06:53:01,1,桥湾,培新街
57,20,24,2019-06-03 06:53:01,1,桥湾,培新街
57,21,21,2019-06-03 06:54:01,1,水道子,水道子
57,21,21,2019-06-03 06:55:01,1,水道子,水道子
57,21,21,2019-06-03 06:55:01,1,水道子,水道子
57,21,21,2019-06-03 06:55:01,1,水道子,水道子
57,21,24,2019-06-03 06:57:01,1,水道子,培新街
57,21,24,2019-06-03 06:57:01,1,水道子,培新街
57,21,22,2019-06-03 06:57:01,1,水道子,磁器口西
57,21,24,2019-06-03 06:57:01,1,水道子,培新街
57,22,22,2019-06-03 07:00:01,1,磁器口西,磁器口西
57,1,5,2019-06-03 09:28:01,1,靛厂新村,白塔村
57,2,18,2019-06-03 09:29:01,1,岳各庄东路北口,过街楼
57,1,1,2019-06-03 08:08:01,1,靛厂新村,靛厂新村
57,3,6,2019-06-03 08:11:01,1,靛厂村南站,小井路口东
57,3,6,2019-06-03 08:11:01,1,靛厂村南站,小井路口东
57,7,10,2019-06-03 08:35:01,1,六里桥西,湾子
57,7,9,2019-06-03 08:36:01,1,六里桥西,莲花池
57,7,13,2019-06-03 08:36:01,1,六里桥西,牛街路口东
57,7,13,2019-06-03 08:36:01,1,六里桥西,牛街路口东
57,14,32,2019-06-03 08:53:01,1,菜市口西,大北窑东
57,14,32,2019-06-03 08:53:01,1,菜市口西,大北窑东
57,16,26,2019-06-03 08:59:01,1,虎坊桥路口东,广渠门内
57,20,25,2019-06-03 09:13:01,1,桥湾,安化楼
57,20,25,2019-06-03 09:13:01,1,桥湾,安化楼
57,23,33,2019-06-03 09:17:01,1,榄杆市,郎家园
57,24,34,2019-06-03 09:21:01,1,培新街,四惠枢纽站
57,24,34,2019-06-03 09:21:01,1,培新街,四惠枢纽站
